agency_id,language,sector,written_tier,oral_tier,collection_tier,pathway_type,translated_page_count,quality_verdict,tier_verified,assignment_method,evidence_url,capture_date
city_auburn,Acholi,city,1.0,2.0,,machine_widget,0.0,,,derived,https://www.auburnwa.gov,2026-09-05
city_auburn,Aguacateco,city,0.0,0.0,,none,0.0,,,derived,https://www.auburnwa.gov,2026-09-05
city_auburn,Akateko,city,0.0,0.0,,none,0.0,,,derived,https://www.auburnwa.gov,2026-09-05
city_auburn,Albanian,city,1.0,2.0,,machine_widget,0.0,,,derived,https://www.auburnwa.gov,2026-09-05
city_auburn,American Sign Language,city,0.0,0.0,,none,0.0,,,derived,https://www.auburnwa.gov,2026-09-05
city_auburn,Amharic,city,1.0,2.0,,machine_widget,0.0,,,derived,https://www.auburnwa.gov,2026-09-05
city_auburn,Arabic,city,1.0,2.0,,machine_widget,0.0,,,derived,https://www.auburnwa.gov,2026-09-05
city_auburn,Armenian,city,1.0,2.0,,machine_widget,0.0,,,derived,https://www.auburnwa.gov,2026-09-05
city_auburn,Ayula-Bambara,city,0.0,0.0,,none,0.0,,,derived,https://www.auburnwa.gov,2026-09-05
city_auburn,Azerbaijani,city,1.0,2.0,,machine_widget,0.0,,,derived,https://www.auburnwa.gov,2026-09-05
city_auburn,Bambara,city,1.0,2.0,,machine_widget,0.0,,,derived,https://www.auburnwa.gov,2026-09-05
city_auburn,Bangala,city,0.0,0.0,,none,0.0,,,derived,https://www.auburnwa.gov,2026-09-05
city_auburn,Bassa,city,0.0,0.0,,none,0.0,,,derived,https://www.auburnwa.gov,2026-09-05
city_auburn,Bengali,city,1.0,2.0,,machine_widget,0.0,,,derived,https://www.auburnwa.gov,2026-09-05
city_auburn,Bosnian,city,1.0,2.0,,machine_widget,0.0,,,derived,https://www.auburnwa.gov,2026-09-05
city_auburn,Bulgarian,city,1.0,2.0,,machine_widget,0.0,,,derived,https://www.auburnwa.gov,2026-09-05
city_auburn,Burmese,city,1.0,2.0,,machine_widget,0.0,,,derived,https://www.auburnwa.gov,2026-09-05
city_auburn,Carolinian,city,0.0,0.0,,none,0.0,,,derived,https://www.auburnwa.gov,2026-09-05
city_auburn,Catalan,city,1.0,2.0,,machine_widget,0.0,,,derived,https://www.auburnwa.gov,2026-09-05
city_auburn,Cebuano,city,1.0,2.0,,machine_widget,0.0,,,derived,https://www.auburnwa.gov,2026-09-05
city_auburn,Cham,city,0.0,0.0,,none,0.0,,,derived,https://www.auburnwa.gov,2026-09-05
city_auburn,Chamorro,city,1.0,2.0,,machine_widget,0.0,,,derived,https://www.auburnwa.gov,2026-09-05
city_auburn,Chin,city,0.0,0.0,,none,0.0,,,derived,https://www.auburnwa.gov,2026-09-05
city_auburn,Chinese-Cantonese,city,1.0,2.0,,machine_widget,0.0,,,derived,https://www.auburnwa.gov,2026-09-05
city_auburn,Chinese-Fukienese,city,0.0,0.0,,none,0.0,,,derived,https://www.auburnwa.gov,2026-09-05
city_auburn,Chinese-Mandarin,city,1.0,2.0,,machine_widget,0.0,,,derived,https://www.auburnwa.gov,2026-09-05
city_auburn,Chinese-Taiwanese,city,0.0,0.0,,none,0.0,,,derived,https://www.auburnwa.gov,2026-09-05
city_auburn,Chuukese,city,1.0,2.0,,machine_widget,0.0,,,derived,https://www.auburnwa.gov,2026-09-05
city_auburn,Dari,city,1.0,2.0,,machine_widget,0.0,,,derived,https://www.auburnwa.gov,2026-09-05
city_auburn,Dinka,city,1.0,2.0,,machine_widget,0.0,,,derived,https://www.auburnwa.gov,2026-09-05
city_auburn,Dutch,city,1.0,2.0,,machine_widget,0.0,,,derived,https://www.auburnwa.gov,2026-09-05
city_auburn,Egyptian-Arabic,city,0.0,0.0,,none,0.0,,,derived,https://www.auburnwa.gov,2026-09-05
city_auburn,Eritai,city,0.0,0.0,,none,0.0,,,derived,https://www.auburnwa.gov,2026-09-05
city_auburn,Estonian,city,1.0,2.0,,machine_widget,0.0,,,derived,https://www.auburnwa.gov,2026-09-05
city_auburn,Ewe,city,1.0,2.0,,machine_widget,0.0,,,derived,https://www.auburnwa.gov,2026-09-05
city_auburn,Fallani,city,0.0,0.0,,none,0.0,,,derived,https://www.auburnwa.gov,2026-09-05
city_auburn,Farsi,city,1.0,2.0,,machine_widget,0.0,,,derived,https://www.auburnwa.gov,2026-09-05
city_auburn,French,city,1.0,2.0,,machine_widget,0.0,,,derived,https://www.auburnwa.gov,2026-09-05
city_auburn,Fula,city,0.0,0.0,,none,0.0,,,derived,https://www.auburnwa.gov,2026-09-05
city_auburn,Ga,city,1.0,2.0,,machine_widget,0.0,,,derived,https://www.auburnwa.gov,2026-09-05
city_auburn,German,city,1.0,2.0,,machine_widget,0.0,,,derived,https://www.auburnwa.gov,2026-09-05
city_auburn,"Greek, Modern",city,0.0,0.0,,none,0.0,,,derived,https://www.auburnwa.gov,2026-09-05
city_auburn,Gujarati,city,1.0,2.0,,machine_widget,0.0,,,derived,https://www.auburnwa.gov,2026-09-05
city_auburn,Haitian Creole,city,1.0,2.0,,machine_widget,0.0,,,derived,https://www.auburnwa.gov,2026-09-05
city_auburn,Hausa,city,1.0,2.0,,machine_widget,0.0,,,derived,https://www.auburnwa.gov,2026-09-05
city_auburn,Hawaiian,city,1.0,2.0,,machine_widget,0.0,,,derived,https://www.auburnwa.gov,2026-09-05
city_auburn,Herero,city,0.0,0.0,,none,0.0,,,derived,https://www.auburnwa.gov,2026-09-05
city_auburn,Hindi,city,1.0,2.0,,machine_widget,0.0,,,derived,https://www.auburnwa.gov,2026-09-05
city_auburn,Hmong,city,1.0,2.0,,machine_widget,0.0,,,derived,https://www.auburnwa.gov,2026-09-05
city_auburn,Hungarian,city,1.0,2.0,,machine_widget,0.0,,,derived,https://www.auburnwa.gov,2026-09-05
city_auburn,Igbo,city,1.0,2.0,,machine_widget,0.0,,,derived,https://www.auburnwa.gov,2026-09-05
city_auburn,Ilokano,city,1.0,2.0,,machine_widget,0.0,,,derived,https://www.auburnwa.gov,2026-09-05
city_auburn,Indonesian,city,1.0,2.0,,machine_widget,0.0,,,derived,https://www.auburnwa.gov,2026-09-05
city_auburn,Italian,city,1.0,2.0,,machine_widget,0.0,,,derived,https://www.auburnwa.gov,2026-09-05
city_auburn,Japanese,city,1.0,2.0,,machine_widget,0.0,,,derived,https://www.auburnwa.gov,2026-09-05
city_auburn,Kakwa,city,0.0,0.0,,none,0.0,,,derived,https://www.auburnwa.gov,2026-09-05
city_auburn,Kannada,city,1.0,2.0,,machine_widget,0.0,,,derived,https://www.auburnwa.gov,2026-09-05
city_auburn,Karen,city,0.0,0.0,,none,0.0,,,derived,https://www.auburnwa.gov,2026-09-05
city_auburn,Karenni,city,0.0,0.0,,none,0.0,,,derived,https://www.auburnwa.gov,2026-09-05
city_auburn,Kazakh,city,1.0,2.0,,machine_widget,0.0,,,derived,https://www.auburnwa.gov,2026-09-05
city_auburn,Khmer,city,1.0,2.0,,machine_widget,0.0,,,derived,https://www.auburnwa.gov,2026-09-05
city_auburn,Kikuyu,city,0.0,0.0,,none,0.0,,,derived,https://www.auburnwa.gov,2026-09-05
city_auburn,Kinyarwanda,city,1.0,2.0,,machine_widget,0.0,,,derived,https://www.auburnwa.gov,2026-09-05
city_auburn,Kirgiz,city,0.0,0.0,,none,0.0,,,derived,https://www.auburnwa.gov,2026-09-05
city_auburn,Kirundi,city,0.0,0.0,,none,0.0,,,derived,https://www.auburnwa.gov,2026-09-05
city_auburn,Kmhmu,city,0.0,0.0,,none,0.0,,,derived,https://www.auburnwa.gov,2026-09-05
city_auburn,Kongo,city,0.0,0.0,,none,0.0,,,derived,https://www.auburnwa.gov,2026-09-05
city_auburn,Korean,city,1.0,2.0,,machine_widget,0.0,,,derived,https://www.auburnwa.gov,2026-09-05
city_auburn,Kosraean,city,0.0,0.0,,none,0.0,,,derived,https://www.auburnwa.gov,2026-09-05
city_auburn,Krahn,city,0.0,0.0,,none,0.0,,,derived,https://www.auburnwa.gov,2026-09-05
city_auburn,Krio,city,1.0,2.0,,machine_widget,0.0,,,derived,https://www.auburnwa.gov,2026-09-05
city_auburn,Kru,city,0.0,0.0,,none,0.0,,,derived,https://www.auburnwa.gov,2026-09-05
city_auburn,Kurdish,city,1.0,2.0,,machine_widget,0.0,,,derived,https://www.auburnwa.gov,2026-09-05
city_auburn,Lao,city,1.0,2.0,,machine_widget,0.0,,,derived,https://www.auburnwa.gov,2026-09-05
city_auburn,Latvian,city,1.0,2.0,,machine_widget,0.0,,,derived,https://www.auburnwa.gov,2026-09-05
city_auburn,Lingala,city,1.0,2.0,,machine_widget,0.0,,,derived,https://www.auburnwa.gov,2026-09-05
city_auburn,Luganda,city,1.0,2.0,,machine_widget,0.0,,,derived,https://www.auburnwa.gov,2026-09-05
city_auburn,Maay Maay,city,0.0,0.0,,none,0.0,,,derived,https://www.auburnwa.gov,2026-09-05
city_auburn,Malay,city,1.0,2.0,,machine_widget,0.0,,,derived,https://www.auburnwa.gov,2026-09-05
city_auburn,Malayalam,city,1.0,2.0,,machine_widget,0.0,,,derived,https://www.auburnwa.gov,2026-09-05
city_auburn,Mam,city,1.0,2.0,,machine_widget,0.0,,,derived,https://www.auburnwa.gov,2026-09-05
city_auburn,Mandingo,city,0.0,0.0,,none,0.0,,,derived,https://www.auburnwa.gov,2026-09-05
city_auburn,Mandinka,city,0.0,0.0,,none,0.0,,,derived,https://www.auburnwa.gov,2026-09-05
city_auburn,Marathi,city,1.0,2.0,,machine_widget,0.0,,,derived,https://www.auburnwa.gov,2026-09-05
city_auburn,Marquesan,city,0.0,0.0,,none,0.0,,,derived,https://www.auburnwa.gov,2026-09-05
city_auburn,Marshallese,city,1.0,2.0,,machine_widget,0.0,,,derived,https://www.auburnwa.gov,2026-09-05
city_auburn,Maya-Quiche,city,0.0,0.0,,none,0.0,,,derived,https://www.auburnwa.gov,2026-09-05
city_auburn,Mien,city,0.0,0.0,,none,0.0,,,derived,https://www.auburnwa.gov,2026-09-05
city_auburn,Mixteco,city,0.0,0.0,,none,0.0,,,derived,https://www.auburnwa.gov,2026-09-05
city_auburn,Moldavian,city,0.0,0.0,,none,0.0,,,derived,https://www.auburnwa.gov,2026-09-05
city_auburn,Mongolian,city,1.0,2.0,,machine_widget,0.0,,,derived,https://www.auburnwa.gov,2026-09-05
city_auburn,Moore,city,0.0,0.0,,none,0.0,,,derived,https://www.auburnwa.gov,2026-09-05
city_auburn,"Nahuatl, Guerrero region",city,0.0,0.0,,none,0.0,,,derived,https://www.auburnwa.gov,2026-09-05
city_auburn,Nepali,city,1.0,2.0,,machine_widget,0.0,,,derived,https://www.auburnwa.gov,2026-09-05
city_auburn,Nuer,city,1.0,2.0,,machine_widget,0.0,,,derived,https://www.auburnwa.gov,2026-09-05
city_auburn,Oromo,city,1.0,2.0,,machine_widget,0.0,,,derived,https://www.auburnwa.gov,2026-09-05
city_auburn,Palau,city,0.0,0.0,,none,0.0,,,derived,https://www.auburnwa.gov,2026-09-05
city_auburn,Pashai,city,0.0,0.0,,none,0.0,,,derived,https://www.auburnwa.gov,2026-09-05
city_auburn,Pashto,city,1.0,2.0,,machine_widget,0.0,,,derived,https://www.auburnwa.gov,2026-09-05
city_auburn,Pere,city,0.0,0.0,,none,0.0,,,derived,https://www.auburnwa.gov,2026-09-05
city_auburn,Polish,city,1.0,2.0,,machine_widget,0.0,,,derived,https://www.auburnwa.gov,2026-09-05
city_auburn,Portuguese,city,1.0,2.0,,machine_widget,0.0,,,derived,https://www.auburnwa.gov,2026-09-05
city_auburn,Punjabi,city,1.0,2.0,,machine_widget,0.0,,,derived,https://www.auburnwa.gov,2026-09-05
city_auburn,Purepecha,city,0.0,0.0,,none,0.0,,,derived,https://www.auburnwa.gov,2026-09-05
city_auburn,Rohingya,city,0.0,0.0,,none,0.0,,,derived,https://www.auburnwa.gov,2026-09-05
city_auburn,Romanian,city,1.0,2.0,,machine_widget,0.0,,,derived,https://www.auburnwa.gov,2026-09-05
city_auburn,Russian,city,1.0,2.0,,machine_widget,0.0,,,derived,https://www.auburnwa.gov,2026-09-05
city_auburn,Samoan,city,1.0,2.0,,machine_widget,0.0,,,derived,https://www.auburnwa.gov,2026-09-05
city_auburn,Sao,city,0.0,0.0,,none,0.0,,,derived,https://www.auburnwa.gov,2026-09-05
city_auburn,Serbo-Croation,city,0.0,0.0,,none,0.0,,,derived,https://www.auburnwa.gov,2026-09-05
city_auburn,Shona,city,1.0,2.0,,machine_widget,0.0,,,derived,https://www.auburnwa.gov,2026-09-05
city_auburn,Sinhalese,city,0.0,0.0,,none,0.0,,,derived,https://www.auburnwa.gov,2026-09-05
city_auburn,Slovenian,city,1.0,2.0,,machine_widget,0.0,,,derived,https://www.auburnwa.gov,2026-09-05
city_auburn,Somali,city,1.0,2.0,,machine_widget,0.0,,,derived,https://www.auburnwa.gov,2026-09-05
city_auburn,Soninke,city,0.0,0.0,,none,0.0,,,derived,https://www.auburnwa.gov,2026-09-05
city_auburn,Sotho,city,0.0,0.0,,none,0.0,,,derived,https://www.auburnwa.gov,2026-09-05
city_auburn,Spanish,city,3.0,2.0,,in_language_document,1.0,unchecked,unverified,derived,https://www.auburnwa.gov/city_hall/public_works/transportation/neighborhood_traffic_safety_program/_neighborhood_traffic_calming_program___spanish,2026-09-05
city_auburn,Swahili,city,1.0,2.0,,machine_widget,0.0,,,derived,https://www.auburnwa.gov,2026-09-05
city_auburn,Tagalog,city,1.0,2.0,,machine_widget,0.0,,,derived,https://www.auburnwa.gov,2026-09-05
city_auburn,Taishanese,city,0.0,0.0,,none,0.0,,,derived,https://www.auburnwa.gov,2026-09-05
city_auburn,Tajiki,city,0.0,0.0,,none,0.0,,,derived,https://www.auburnwa.gov,2026-09-05
city_auburn,Tamil,city,1.0,2.0,,machine_widget,0.0,,,derived,https://www.auburnwa.gov,2026-09-05
city_auburn,Tarasco,city,0.0,0.0,,none,0.0,,,derived,https://www.auburnwa.gov,2026-09-05
city_auburn,Tedim,city,0.0,0.0,,none,0.0,,,derived,https://www.auburnwa.gov,2026-09-05
city_auburn,Telugu,city,1.0,2.0,,machine_widget,0.0,,,derived,https://www.auburnwa.gov,2026-09-05
city_auburn,Thai,city,1.0,2.0,,machine_widget,0.0,,,derived,https://www.auburnwa.gov,2026-09-05
city_auburn,Tibetan,city,1.0,2.0,,machine_widget,0.0,,,derived,https://www.auburnwa.gov,2026-09-05
city_auburn,Tigrinya,city,1.0,2.0,,machine_widget,0.0,,,derived,https://www.auburnwa.gov,2026-09-05
city_auburn,Tongan,city,1.0,2.0,,machine_widget,0.0,,,derived,https://www.auburnwa.gov,2026-09-05
city_auburn,Turkish,city,1.0,2.0,,machine_widget,0.0,,,derived,https://www.auburnwa.gov,2026-09-05
city_auburn,Twi,city,1.0,2.0,,machine_widget,0.0,,,derived,https://www.auburnwa.gov,2026-09-05
city_auburn,Ukrainian,city,3.0,2.0,,in_language_document,1.0,unchecked,unverified,derived,https://www.auburnwa.gov/city_hall/public_works/transportation/neighborhood_traffic_safety_program/traffic_calming_program_ukrainian,2026-09-05
city_auburn,Urdu,city,1.0,2.0,,machine_widget,0.0,,,derived,https://www.auburnwa.gov,2026-09-05
city_auburn,Uzbek,city,1.0,2.0,,machine_widget,0.0,,,derived,https://www.auburnwa.gov,2026-09-05
city_auburn,Vietnamese,city,1.0,2.0,,machine_widget,0.0,,,derived,https://www.auburnwa.gov,2026-09-05
city_auburn,Wolof,city,1.0,2.0,,machine_widget,0.0,,,derived,https://www.auburnwa.gov,2026-09-05
city_auburn,Yap,city,0.0,0.0,,none,0.0,,,derived,https://www.auburnwa.gov,2026-09-05
city_auburn,Yoruba,city,1.0,2.0,,machine_widget,0.0,,,derived,https://www.auburnwa.gov,2026-09-05
city_burien,Acholi,city,1.0,2.0,,machine_widget,0.0,,,derived,https://www.burienwa.gov,2026-09-05
city_burien,Aguacateco,city,0.0,0.0,,none,0.0,,,derived,https://www.burienwa.gov,2026-09-05
city_burien,Akateko,city,0.0,0.0,,none,0.0,,,derived,https://www.burienwa.gov,2026-09-05
city_burien,Albanian,city,1.0,2.0,,machine_widget,0.0,,,derived,https://www.burienwa.gov,2026-09-05
city_burien,American Sign Language,city,0.0,0.0,,none,0.0,,,derived,https://www.burienwa.gov,2026-09-05
city_burien,Amharic,city,3.0,2.0,,in_language_document,10.0,human,verified_human,derived,https://www.burienwa.gov/news_events/city_newsroom/news_announcements/community_connectors_program_launches_amharic,2026-09-05
city_burien,Arabic,city,1.0,2.0,,machine_widget,0.0,,,derived,https://www.burienwa.gov,2026-09-05
city_burien,Armenian,city,1.0,2.0,,machine_widget,0.0,,,derived,https://www.burienwa.gov,2026-09-05
city_burien,Ayula-Bambara,city,0.0,0.0,,none,0.0,,,derived,https://www.burienwa.gov,2026-09-05
city_burien,Azerbaijani,city,1.0,2.0,,machine_widget,0.0,,,derived,https://www.burienwa.gov,2026-09-05
city_burien,Bambara,city,1.0,2.0,,machine_widget,0.0,,,derived,https://www.burienwa.gov,2026-09-05
city_burien,Bangala,city,0.0,0.0,,none,0.0,,,derived,https://www.burienwa.gov,2026-09-05
city_burien,Bassa,city,0.0,0.0,,none,0.0,,,derived,https://www.burienwa.gov,2026-09-05
city_burien,Bengali,city,1.0,2.0,,machine_widget,0.0,,,derived,https://www.burienwa.gov,2026-09-05
city_burien,Bosnian,city,1.0,2.0,,machine_widget,0.0,,,derived,https://www.burienwa.gov,2026-09-05
city_burien,Bulgarian,city,1.0,2.0,,machine_widget,0.0,,,derived,https://www.burienwa.gov,2026-09-05
city_burien,Burmese,city,1.0,2.0,,machine_widget,0.0,,,derived,https://www.burienwa.gov,2026-09-05
city_burien,Carolinian,city,0.0,0.0,,none,0.0,,,derived,https://www.burienwa.gov,2026-09-05
city_burien,Catalan,city,1.0,2.0,,machine_widget,0.0,,,derived,https://www.burienwa.gov,2026-09-05
city_burien,Cebuano,city,1.0,2.0,,machine_widget,0.0,,,derived,https://www.burienwa.gov,2026-09-05
city_burien,Cham,city,0.0,0.0,,none,0.0,,,derived,https://www.burienwa.gov,2026-09-05
city_burien,Chamorro,city,1.0,2.0,,machine_widget,0.0,,,derived,https://www.burienwa.gov,2026-09-05
city_burien,Chin,city,0.0,0.0,,none,0.0,,,derived,https://www.burienwa.gov,2026-09-05
city_burien,Chinese-Cantonese,city,1.0,2.0,,machine_widget,0.0,,,derived,https://www.burienwa.gov,2026-09-05
city_burien,Chinese-Fukienese,city,0.0,0.0,,none,0.0,,,derived,https://www.burienwa.gov,2026-09-05
city_burien,Chinese-Mandarin,city,1.0,2.0,,machine_widget,0.0,,,derived,https://www.burienwa.gov,2026-09-05
city_burien,Chinese-Taiwanese,city,0.0,0.0,,none,0.0,,,derived,https://www.burienwa.gov,2026-09-05
city_burien,Chuukese,city,1.0,2.0,,machine_widget,0.0,,,derived,https://www.burienwa.gov,2026-09-05
city_burien,Dari,city,1.0,2.0,,machine_widget,0.0,,,derived,https://www.burienwa.gov,2026-09-05
city_burien,Dinka,city,1.0,2.0,,machine_widget,0.0,,,derived,https://www.burienwa.gov,2026-09-05
city_burien,Dutch,city,1.0,2.0,,machine_widget,0.0,,,derived,https://www.burienwa.gov,2026-09-05
city_burien,Egyptian-Arabic,city,0.0,0.0,,none,0.0,,,derived,https://www.burienwa.gov,2026-09-05
city_burien,Eritai,city,0.0,0.0,,none,0.0,,,derived,https://www.burienwa.gov,2026-09-05
city_burien,Estonian,city,1.0,2.0,,machine_widget,0.0,,,derived,https://www.burienwa.gov,2026-09-05
city_burien,Ewe,city,1.0,2.0,,machine_widget,0.0,,,derived,https://www.burienwa.gov,2026-09-05
city_burien,Fallani,city,0.0,0.0,,none,0.0,,,derived,https://www.burienwa.gov,2026-09-05
city_burien,Farsi,city,1.0,2.0,,machine_widget,0.0,,,derived,https://www.burienwa.gov,2026-09-05
city_burien,French,city,1.0,2.0,,machine_widget,0.0,,,derived,https://www.burienwa.gov,2026-09-05
city_burien,Fula,city,0.0,0.0,,none,0.0,,,derived,https://www.burienwa.gov,2026-09-05
city_burien,Ga,city,1.0,2.0,,machine_widget,0.0,,,derived,https://www.burienwa.gov,2026-09-05
city_burien,German,city,1.0,2.0,,machine_widget,0.0,,,derived,https://www.burienwa.gov,2026-09-05
city_burien,"Greek, Modern",city,0.0,0.0,,none,0.0,,,derived,https://www.burienwa.gov,2026-09-05
city_burien,Gujarati,city,1.0,2.0,,machine_widget,0.0,,,derived,https://www.burienwa.gov,2026-09-05
city_burien,Haitian Creole,city,1.0,2.0,,machine_widget,0.0,,,derived,https://www.burienwa.gov,2026-09-05
city_burien,Hausa,city,1.0,2.0,,machine_widget,0.0,,,derived,https://www.burienwa.gov,2026-09-05
city_burien,Hawaiian,city,1.0,2.0,,machine_widget,0.0,,,derived,https://www.burienwa.gov,2026-09-05
city_burien,Herero,city,0.0,0.0,,none,0.0,,,derived,https://www.burienwa.gov,2026-09-05
city_burien,Hindi,city,1.0,2.0,,machine_widget,0.0,,,derived,https://www.burienwa.gov,2026-09-05
city_burien,Hmong,city,1.0,2.0,,machine_widget,0.0,,,derived,https://www.burienwa.gov,2026-09-05
city_burien,Hungarian,city,1.0,2.0,,machine_widget,0.0,,,derived,https://www.burienwa.gov,2026-09-05
city_burien,Igbo,city,1.0,2.0,,machine_widget,0.0,,,derived,https://www.burienwa.gov,2026-09-05
city_burien,Ilokano,city,1.0,2.0,,machine_widget,0.0,,,derived,https://www.burienwa.gov,2026-09-05
city_burien,Indonesian,city,1.0,2.0,,machine_widget,0.0,,,derived,https://www.burienwa.gov,2026-09-05
city_burien,Italian,city,1.0,2.0,,machine_widget,0.0,,,derived,https://www.burienwa.gov,2026-09-05
city_burien,Japanese,city,1.0,2.0,,machine_widget,0.0,,,derived,https://www.burienwa.gov,2026-09-05
city_burien,Kakwa,city,0.0,0.0,,none,0.0,,,derived,https://www.burienwa.gov,2026-09-05
city_burien,Kannada,city,1.0,2.0,,machine_widget,0.0,,,derived,https://www.burienwa.gov,2026-09-05
city_burien,Karen,city,0.0,0.0,,none,0.0,,,derived,https://www.burienwa.gov,2026-09-05
city_burien,Karenni,city,0.0,0.0,,none,0.0,,,derived,https://www.burienwa.gov,2026-09-05
city_burien,Kazakh,city,1.0,2.0,,machine_widget,0.0,,,derived,https://www.burienwa.gov,2026-09-05
city_burien,Khmer,city,1.0,2.0,,machine_widget,0.0,,,derived,https://www.burienwa.gov,2026-09-05
city_burien,Kikuyu,city,0.0,0.0,,none,0.0,,,derived,https://www.burienwa.gov,2026-09-05
city_burien,Kinyarwanda,city,1.0,2.0,,machine_widget,0.0,,,derived,https://www.burienwa.gov,2026-09-05
city_burien,Kirgiz,city,0.0,0.0,,none,0.0,,,derived,https://www.burienwa.gov,2026-09-05
city_burien,Kirundi,city,0.0,0.0,,none,0.0,,,derived,https://www.burienwa.gov,2026-09-05
city_burien,Kmhmu,city,0.0,0.0,,none,0.0,,,derived,https://www.burienwa.gov,2026-09-05
city_burien,Kongo,city,0.0,0.0,,none,0.0,,,derived,https://www.burienwa.gov,2026-09-05
city_burien,Korean,city,1.0,2.0,,machine_widget,0.0,,,derived,https://www.burienwa.gov,2026-09-05
city_burien,Kosraean,city,0.0,0.0,,none,0.0,,,derived,https://www.burienwa.gov,2026-09-05
city_burien,Krahn,city,0.0,0.0,,none,0.0,,,derived,https://www.burienwa.gov,2026-09-05
city_burien,Krio,city,1.0,2.0,,machine_widget,0.0,,,derived,https://www.burienwa.gov,2026-09-05
city_burien,Kru,city,0.0,0.0,,none,0.0,,,derived,https://www.burienwa.gov,2026-09-05
city_burien,Kurdish,city,1.0,2.0,,machine_widget,0.0,,,derived,https://www.burienwa.gov,2026-09-05
city_burien,Lao,city,1.0,2.0,,machine_widget,0.0,,,derived,https://www.burienwa.gov,2026-09-05
city_burien,Latvian,city,1.0,2.0,,machine_widget,0.0,,,derived,https://www.burienwa.gov,2026-09-05
city_burien,Lingala,city,1.0,2.0,,machine_widget,0.0,,,derived,https://www.burienwa.gov,2026-09-05
city_burien,Luganda,city,1.0,2.0,,machine_widget,0.0,,,derived,https://www.burienwa.gov,2026-09-05
city_burien,Maay Maay,city,0.0,0.0,,none,0.0,,,derived,https://www.burienwa.gov,2026-09-05
city_burien,Malay,city,1.0,2.0,,machine_widget,0.0,,,derived,https://www.burienwa.gov,2026-09-05
city_burien,Malayalam,city,1.0,2.0,,machine_widget,0.0,,,derived,https://www.burienwa.gov,2026-09-05
city_burien,Mam,city,1.0,2.0,,machine_widget,0.0,,,derived,https://www.burienwa.gov,2026-09-05
city_burien,Mandingo,city,0.0,0.0,,none,0.0,,,derived,https://www.burienwa.gov,2026-09-05
city_burien,Mandinka,city,0.0,0.0,,none,0.0,,,derived,https://www.burienwa.gov,2026-09-05
city_burien,Marathi,city,1.0,2.0,,machine_widget,0.0,,,derived,https://www.burienwa.gov,2026-09-05
city_burien,Marquesan,city,0.0,0.0,,none,0.0,,,derived,https://www.burienwa.gov,2026-09-05
city_burien,Marshallese,city,1.0,2.0,,machine_widget,0.0,,,derived,https://www.burienwa.gov,2026-09-05
city_burien,Maya-Quiche,city,0.0,0.0,,none,0.0,,,derived,https://www.burienwa.gov,2026-09-05
city_burien,Mien,city,0.0,0.0,,none,0.0,,,derived,https://www.burienwa.gov,2026-09-05
city_burien,Mixteco,city,0.0,0.0,,none,0.0,,,derived,https://www.burienwa.gov,2026-09-05
city_burien,Moldavian,city,0.0,0.0,,none,0.0,,,derived,https://www.burienwa.gov,2026-09-05
city_burien,Mongolian,city,1.0,2.0,,machine_widget,0.0,,,derived,https://www.burienwa.gov,2026-09-05
city_burien,Moore,city,0.0,0.0,,none,0.0,,,derived,https://www.burienwa.gov,2026-09-05
city_burien,"Nahuatl, Guerrero region",city,0.0,0.0,,none,0.0,,,derived,https://www.burienwa.gov,2026-09-05
city_burien,Nepali,city,1.0,2.0,,machine_widget,0.0,,,derived,https://www.burienwa.gov,2026-09-05
city_burien,Nuer,city,1.0,2.0,,machine_widget,0.0,,,derived,https://www.burienwa.gov,2026-09-05
city_burien,Oromo,city,1.0,2.0,,machine_widget,0.0,,,derived,https://www.burienwa.gov,2026-09-05
city_burien,Palau,city,0.0,0.0,,none,0.0,,,derived,https://www.burienwa.gov,2026-09-05
city_burien,Pashai,city,0.0,0.0,,none,0.0,,,derived,https://www.burienwa.gov,2026-09-05
city_burien,Pashto,city,1.0,2.0,,machine_widget,0.0,,,derived,https://www.burienwa.gov,2026-09-05
city_burien,Pere,city,0.0,0.0,,none,0.0,,,derived,https://www.burienwa.gov,2026-09-05
city_burien,Polish,city,1.0,2.0,,machine_widget,0.0,,,derived,https://www.burienwa.gov,2026-09-05
city_burien,Portuguese,city,1.0,2.0,,machine_widget,0.0,,,derived,https://www.burienwa.gov,2026-09-05
city_burien,Punjabi,city,1.0,2.0,,machine_widget,0.0,,,derived,https://www.burienwa.gov,2026-09-05
city_burien,Purepecha,city,0.0,0.0,,none,0.0,,,derived,https://www.burienwa.gov,2026-09-05
city_burien,Rohingya,city,0.0,0.0,,none,0.0,,,derived,https://www.burienwa.gov,2026-09-05
city_burien,Romanian,city,1.0,2.0,,machine_widget,0.0,,,derived,https://www.burienwa.gov,2026-09-05
city_burien,Russian,city,1.0,2.0,,machine_widget,0.0,,,derived,https://www.burienwa.gov,2026-09-05
city_burien,Samoan,city,1.0,2.0,,machine_widget,0.0,,,derived,https://www.burienwa.gov,2026-09-05
city_burien,Sao,city,0.0,0.0,,none,0.0,,,derived,https://www.burienwa.gov,2026-09-05
city_burien,Serbo-Croation,city,0.0,0.0,,none,0.0,,,derived,https://www.burienwa.gov,2026-09-05
city_burien,Shona,city,1.0,2.0,,machine_widget,0.0,,,derived,https://www.burienwa.gov,2026-09-05
city_burien,Sinhalese,city,0.0,0.0,,none,0.0,,,derived,https://www.burienwa.gov,2026-09-05
city_burien,Slovenian,city,1.0,2.0,,machine_widget,0.0,,,derived,https://www.burienwa.gov,2026-09-05
city_burien,Somali,city,1.0,2.0,,machine_widget,0.0,,,derived,https://www.burienwa.gov,2026-09-05
city_burien,Soninke,city,0.0,0.0,,none,0.0,,,derived,https://www.burienwa.gov,2026-09-05
city_burien,Sotho,city,0.0,0.0,,none,0.0,,,derived,https://www.burienwa.gov,2026-09-05
city_burien,Spanish,city,3.0,2.0,,in_language_document,1.0,unchecked,unverified,derived,https://www.burienwa.gov/residents/public_safety/burien_public_safety_levy_information_spanish,2026-09-05
city_burien,Swahili,city,1.0,2.0,,machine_widget,0.0,,,derived,https://www.burienwa.gov,2026-09-05
city_burien,Tagalog,city,1.0,2.0,,machine_widget,0.0,,,derived,https://www.burienwa.gov,2026-09-05
city_burien,Taishanese,city,0.0,0.0,,none,0.0,,,derived,https://www.burienwa.gov,2026-09-05
city_burien,Tajiki,city,0.0,0.0,,none,0.0,,,derived,https://www.burienwa.gov,2026-09-05
city_burien,Tamil,city,1.0,2.0,,machine_widget,0.0,,,derived,https://www.burienwa.gov,2026-09-05
city_burien,Tarasco,city,0.0,0.0,,none,0.0,,,derived,https://www.burienwa.gov,2026-09-05
city_burien,Tedim,city,0.0,0.0,,none,0.0,,,derived,https://www.burienwa.gov,2026-09-05
city_burien,Telugu,city,1.0,2.0,,machine_widget,0.0,,,derived,https://www.burienwa.gov,2026-09-05
city_burien,Thai,city,1.0,2.0,,machine_widget,0.0,,,derived,https://www.burienwa.gov,2026-09-05
city_burien,Tibetan,city,1.0,2.0,,machine_widget,0.0,,,derived,https://www.burienwa.gov,2026-09-05
city_burien,Tigrinya,city,1.0,2.0,,machine_widget,0.0,,,derived,https://www.burienwa.gov,2026-09-05
city_burien,Tongan,city,1.0,2.0,,machine_widget,0.0,,,derived,https://www.burienwa.gov,2026-09-05
city_burien,Turkish,city,1.0,2.0,,machine_widget,0.0,,,derived,https://www.burienwa.gov,2026-09-05
city_burien,Twi,city,1.0,2.0,,machine_widget,0.0,,,derived,https://www.burienwa.gov,2026-09-05
city_burien,Ukrainian,city,1.0,2.0,,machine_widget,0.0,,,derived,https://www.burienwa.gov,2026-09-05
city_burien,Urdu,city,1.0,2.0,,machine_widget,0.0,,,derived,https://www.burienwa.gov,2026-09-05
city_burien,Uzbek,city,1.0,2.0,,machine_widget,0.0,,,derived,https://www.burienwa.gov,2026-09-05
city_burien,Vietnamese,city,3.0,2.0,,in_language_document,7.0,unchecked,unverified,derived,https://www.burienwa.gov/news_events/city_newsroom/news_announcements/news_announcements_archive/2020_news_announcements/housing_action_plan_forum_vietnamese,2026-09-05
city_burien,Wolof,city,1.0,2.0,,machine_widget,0.0,,,derived,https://www.burienwa.gov,2026-09-05
city_burien,Yap,city,0.0,0.0,,none,0.0,,,derived,https://www.burienwa.gov,2026-09-05
city_burien,Yoruba,city,1.0,2.0,,machine_widget,0.0,,,derived,https://www.burienwa.gov,2026-09-05
city_desmoines,Acholi,city,1.0,0.0,,none,0.0,,,derived,https://www.desmoineswa.gov,2026-09-05
city_desmoines,Aguacateco,city,0.0,0.0,,none,0.0,,,derived,https://www.desmoineswa.gov,2026-09-05
city_desmoines,Akateko,city,0.0,0.0,,none,0.0,,,derived,https://www.desmoineswa.gov,2026-09-05
city_desmoines,Albanian,city,1.0,0.0,,none,0.0,,,derived,https://www.desmoineswa.gov,2026-09-05
city_desmoines,American Sign Language,city,0.0,0.0,,none,0.0,,,derived,https://www.desmoineswa.gov,2026-09-05
city_desmoines,Amharic,city,1.0,0.0,,none,0.0,,,derived,https://www.desmoineswa.gov,2026-09-05
city_desmoines,Arabic,city,1.0,0.0,,none,0.0,,,derived,https://www.desmoineswa.gov,2026-09-05
city_desmoines,Armenian,city,1.0,0.0,,none,0.0,,,derived,https://www.desmoineswa.gov,2026-09-05
city_desmoines,Ayula-Bambara,city,0.0,0.0,,none,0.0,,,derived,https://www.desmoineswa.gov,2026-09-05
city_desmoines,Azerbaijani,city,1.0,0.0,,none,0.0,,,derived,https://www.desmoineswa.gov,2026-09-05
city_desmoines,Bambara,city,1.0,0.0,,none,0.0,,,derived,https://www.desmoineswa.gov,2026-09-05
city_desmoines,Bangala,city,0.0,0.0,,none,0.0,,,derived,https://www.desmoineswa.gov,2026-09-05
city_desmoines,Bassa,city,0.0,0.0,,none,0.0,,,derived,https://www.desmoineswa.gov,2026-09-05
city_desmoines,Bengali,city,1.0,0.0,,none,0.0,,,derived,https://www.desmoineswa.gov,2026-09-05
city_desmoines,Bosnian,city,1.0,0.0,,none,0.0,,,derived,https://www.desmoineswa.gov,2026-09-05
city_desmoines,Bulgarian,city,1.0,0.0,,none,0.0,,,derived,https://www.desmoineswa.gov,2026-09-05
city_desmoines,Burmese,city,1.0,0.0,,none,0.0,,,derived,https://www.desmoineswa.gov,2026-09-05
city_desmoines,Carolinian,city,0.0,0.0,,none,0.0,,,derived,https://www.desmoineswa.gov,2026-09-05
city_desmoines,Catalan,city,1.0,0.0,,none,0.0,,,derived,https://www.desmoineswa.gov,2026-09-05
city_desmoines,Cebuano,city,1.0,0.0,,none,0.0,,,derived,https://www.desmoineswa.gov,2026-09-05
city_desmoines,Cham,city,0.0,0.0,,none,0.0,,,derived,https://www.desmoineswa.gov,2026-09-05
city_desmoines,Chamorro,city,1.0,0.0,,none,0.0,,,derived,https://www.desmoineswa.gov,2026-09-05
city_desmoines,Chin,city,0.0,0.0,,none,0.0,,,derived,https://www.desmoineswa.gov,2026-09-05
city_desmoines,Chinese-Cantonese,city,1.0,0.0,,none,0.0,,,derived,https://www.desmoineswa.gov,2026-09-05
city_desmoines,Chinese-Fukienese,city,0.0,0.0,,none,0.0,,,derived,https://www.desmoineswa.gov,2026-09-05
city_desmoines,Chinese-Mandarin,city,1.0,0.0,,none,0.0,,,derived,https://www.desmoineswa.gov,2026-09-05
city_desmoines,Chinese-Taiwanese,city,0.0,0.0,,none,0.0,,,derived,https://www.desmoineswa.gov,2026-09-05
city_desmoines,Chuukese,city,1.0,0.0,,none,0.0,,,derived,https://www.desmoineswa.gov,2026-09-05
city_desmoines,Dari,city,1.0,0.0,,none,0.0,,,derived,https://www.desmoineswa.gov,2026-09-05
city_desmoines,Dinka,city,1.0,0.0,,none,0.0,,,derived,https://www.desmoineswa.gov,2026-09-05
city_desmoines,Dutch,city,1.0,0.0,,none,0.0,,,derived,https://www.desmoineswa.gov,2026-09-05
city_desmoines,Egyptian-Arabic,city,0.0,0.0,,none,0.0,,,derived,https://www.desmoineswa.gov,2026-09-05
city_desmoines,Eritai,city,0.0,0.0,,none,0.0,,,derived,https://www.desmoineswa.gov,2026-09-05
city_desmoines,Estonian,city,1.0,0.0,,none,0.0,,,derived,https://www.desmoineswa.gov,2026-09-05
city_desmoines,Ewe,city,1.0,0.0,,none,0.0,,,derived,https://www.desmoineswa.gov,2026-09-05
city_desmoines,Fallani,city,0.0,0.0,,none,0.0,,,derived,https://www.desmoineswa.gov,2026-09-05
city_desmoines,Farsi,city,1.0,0.0,,none,0.0,,,derived,https://www.desmoineswa.gov,2026-09-05
city_desmoines,French,city,1.0,0.0,,none,0.0,,,derived,https://www.desmoineswa.gov,2026-09-05
city_desmoines,Fula,city,0.0,0.0,,none,0.0,,,derived,https://www.desmoineswa.gov,2026-09-05
city_desmoines,Ga,city,1.0,0.0,,none,0.0,,,derived,https://www.desmoineswa.gov,2026-09-05
city_desmoines,German,city,1.0,0.0,,none,0.0,,,derived,https://www.desmoineswa.gov,2026-09-05
city_desmoines,"Greek, Modern",city,0.0,0.0,,none,0.0,,,derived,https://www.desmoineswa.gov,2026-09-05
city_desmoines,Gujarati,city,1.0,0.0,,none,0.0,,,derived,https://www.desmoineswa.gov,2026-09-05
city_desmoines,Haitian Creole,city,1.0,0.0,,none,0.0,,,derived,https://www.desmoineswa.gov,2026-09-05
city_desmoines,Hausa,city,1.0,0.0,,none,0.0,,,derived,https://www.desmoineswa.gov,2026-09-05
city_desmoines,Hawaiian,city,1.0,0.0,,none,0.0,,,derived,https://www.desmoineswa.gov,2026-09-05
city_desmoines,Herero,city,0.0,0.0,,none,0.0,,,derived,https://www.desmoineswa.gov,2026-09-05
city_desmoines,Hindi,city,1.0,0.0,,none,0.0,,,derived,https://www.desmoineswa.gov,2026-09-05
city_desmoines,Hmong,city,1.0,0.0,,none,0.0,,,derived,https://www.desmoineswa.gov,2026-09-05
city_desmoines,Hungarian,city,1.0,0.0,,none,0.0,,,derived,https://www.desmoineswa.gov,2026-09-05
city_desmoines,Igbo,city,1.0,0.0,,none,0.0,,,derived,https://www.desmoineswa.gov,2026-09-05
city_desmoines,Ilokano,city,1.0,0.0,,none,0.0,,,derived,https://www.desmoineswa.gov,2026-09-05
city_desmoines,Indonesian,city,1.0,0.0,,none,0.0,,,derived,https://www.desmoineswa.gov,2026-09-05
city_desmoines,Italian,city,1.0,0.0,,none,0.0,,,derived,https://www.desmoineswa.gov,2026-09-05
city_desmoines,Japanese,city,1.0,0.0,,none,0.0,,,derived,https://www.desmoineswa.gov,2026-09-05
city_desmoines,Kakwa,city,0.0,0.0,,none,0.0,,,derived,https://www.desmoineswa.gov,2026-09-05
city_desmoines,Kannada,city,1.0,0.0,,none,0.0,,,derived,https://www.desmoineswa.gov,2026-09-05
city_desmoines,Karen,city,0.0,0.0,,none,0.0,,,derived,https://www.desmoineswa.gov,2026-09-05
city_desmoines,Karenni,city,0.0,0.0,,none,0.0,,,derived,https://www.desmoineswa.gov,2026-09-05
city_desmoines,Kazakh,city,1.0,0.0,,none,0.0,,,derived,https://www.desmoineswa.gov,2026-09-05
city_desmoines,Khmer,city,1.0,0.0,,none,0.0,,,derived,https://www.desmoineswa.gov,2026-09-05
city_desmoines,Kikuyu,city,0.0,0.0,,none,0.0,,,derived,https://www.desmoineswa.gov,2026-09-05
city_desmoines,Kinyarwanda,city,1.0,0.0,,none,0.0,,,derived,https://www.desmoineswa.gov,2026-09-05
city_desmoines,Kirgiz,city,0.0,0.0,,none,0.0,,,derived,https://www.desmoineswa.gov,2026-09-05
city_desmoines,Kirundi,city,0.0,0.0,,none,0.0,,,derived,https://www.desmoineswa.gov,2026-09-05
city_desmoines,Kmhmu,city,0.0,0.0,,none,0.0,,,derived,https://www.desmoineswa.gov,2026-09-05
city_desmoines,Kongo,city,0.0,0.0,,none,0.0,,,derived,https://www.desmoineswa.gov,2026-09-05
city_desmoines,Korean,city,1.0,0.0,,none,0.0,,,derived,https://www.desmoineswa.gov,2026-09-05
city_desmoines,Kosraean,city,0.0,0.0,,none,0.0,,,derived,https://www.desmoineswa.gov,2026-09-05
city_desmoines,Krahn,city,0.0,0.0,,none,0.0,,,derived,https://www.desmoineswa.gov,2026-09-05
city_desmoines,Krio,city,1.0,0.0,,none,0.0,,,derived,https://www.desmoineswa.gov,2026-09-05
city_desmoines,Kru,city,0.0,0.0,,none,0.0,,,derived,https://www.desmoineswa.gov,2026-09-05
city_desmoines,Kurdish,city,1.0,0.0,,none,0.0,,,derived,https://www.desmoineswa.gov,2026-09-05
city_desmoines,Lao,city,1.0,0.0,,none,0.0,,,derived,https://www.desmoineswa.gov,2026-09-05
city_desmoines,Latvian,city,1.0,0.0,,none,0.0,,,derived,https://www.desmoineswa.gov,2026-09-05
city_desmoines,Lingala,city,1.0,0.0,,none,0.0,,,derived,https://www.desmoineswa.gov,2026-09-05
city_desmoines,Luganda,city,1.0,0.0,,none,0.0,,,derived,https://www.desmoineswa.gov,2026-09-05
city_desmoines,Maay Maay,city,0.0,0.0,,none,0.0,,,derived,https://www.desmoineswa.gov,2026-09-05
city_desmoines,Malay,city,1.0,0.0,,none,0.0,,,derived,https://www.desmoineswa.gov,2026-09-05
city_desmoines,Malayalam,city,1.0,0.0,,none,0.0,,,derived,https://www.desmoineswa.gov,2026-09-05
city_desmoines,Mam,city,1.0,0.0,,none,0.0,,,derived,https://www.desmoineswa.gov,2026-09-05
city_desmoines,Mandingo,city,0.0,0.0,,none,0.0,,,derived,https://www.desmoineswa.gov,2026-09-05
city_desmoines,Mandinka,city,0.0,0.0,,none,0.0,,,derived,https://www.desmoineswa.gov,2026-09-05
city_desmoines,Marathi,city,1.0,0.0,,none,0.0,,,derived,https://www.desmoineswa.gov,2026-09-05
city_desmoines,Marquesan,city,0.0,0.0,,none,0.0,,,derived,https://www.desmoineswa.gov,2026-09-05
city_desmoines,Marshallese,city,1.0,0.0,,none,0.0,,,derived,https://www.desmoineswa.gov,2026-09-05
city_desmoines,Maya-Quiche,city,0.0,0.0,,none,0.0,,,derived,https://www.desmoineswa.gov,2026-09-05
city_desmoines,Mien,city,0.0,0.0,,none,0.0,,,derived,https://www.desmoineswa.gov,2026-09-05
city_desmoines,Mixteco,city,0.0,0.0,,none,0.0,,,derived,https://www.desmoineswa.gov,2026-09-05
city_desmoines,Moldavian,city,0.0,0.0,,none,0.0,,,derived,https://www.desmoineswa.gov,2026-09-05
city_desmoines,Mongolian,city,1.0,0.0,,none,0.0,,,derived,https://www.desmoineswa.gov,2026-09-05
city_desmoines,Moore,city,0.0,0.0,,none,0.0,,,derived,https://www.desmoineswa.gov,2026-09-05
city_desmoines,"Nahuatl, Guerrero region",city,0.0,0.0,,none,0.0,,,derived,https://www.desmoineswa.gov,2026-09-05
city_desmoines,Nepali,city,1.0,0.0,,none,0.0,,,derived,https://www.desmoineswa.gov,2026-09-05
city_desmoines,Nuer,city,1.0,0.0,,none,0.0,,,derived,https://www.desmoineswa.gov,2026-09-05
city_desmoines,Oromo,city,1.0,0.0,,none,0.0,,,derived,https://www.desmoineswa.gov,2026-09-05
city_desmoines,Palau,city,0.0,0.0,,none,0.0,,,derived,https://www.desmoineswa.gov,2026-09-05
city_desmoines,Pashai,city,0.0,0.0,,none,0.0,,,derived,https://www.desmoineswa.gov,2026-09-05
city_desmoines,Pashto,city,1.0,0.0,,none,0.0,,,derived,https://www.desmoineswa.gov,2026-09-05
city_desmoines,Pere,city,0.0,0.0,,none,0.0,,,derived,https://www.desmoineswa.gov,2026-09-05
city_desmoines,Polish,city,1.0,0.0,,none,0.0,,,derived,https://www.desmoineswa.gov,2026-09-05
city_desmoines,Portuguese,city,1.0,0.0,,none,0.0,,,derived,https://www.desmoineswa.gov,2026-09-05
city_desmoines,Punjabi,city,1.0,0.0,,none,0.0,,,derived,https://www.desmoineswa.gov,2026-09-05
city_desmoines,Purepecha,city,0.0,0.0,,none,0.0,,,derived,https://www.desmoineswa.gov,2026-09-05
city_desmoines,Rohingya,city,0.0,0.0,,none,0.0,,,derived,https://www.desmoineswa.gov,2026-09-05
city_desmoines,Romanian,city,1.0,0.0,,none,0.0,,,derived,https://www.desmoineswa.gov,2026-09-05
city_desmoines,Russian,city,1.0,0.0,,none,0.0,,,derived,https://www.desmoineswa.gov,2026-09-05
city_desmoines,Samoan,city,1.0,0.0,,none,0.0,,,derived,https://www.desmoineswa.gov,2026-09-05
city_desmoines,Sao,city,0.0,0.0,,none,0.0,,,derived,https://www.desmoineswa.gov,2026-09-05
city_desmoines,Serbo-Croation,city,0.0,0.0,,none,0.0,,,derived,https://www.desmoineswa.gov,2026-09-05
city_desmoines,Shona,city,1.0,0.0,,none,0.0,,,derived,https://www.desmoineswa.gov,2026-09-05
city_desmoines,Sinhalese,city,0.0,0.0,,none,0.0,,,derived,https://www.desmoineswa.gov,2026-09-05
city_desmoines,Slovenian,city,1.0,0.0,,none,0.0,,,derived,https://www.desmoineswa.gov,2026-09-05
city_desmoines,Somali,city,1.0,0.0,,none,0.0,,,derived,https://www.desmoineswa.gov,2026-09-05
city_desmoines,Soninke,city,0.0,0.0,,none,0.0,,,derived,https://www.desmoineswa.gov,2026-09-05
city_desmoines,Sotho,city,0.0,0.0,,none,0.0,,,derived,https://www.desmoineswa.gov,2026-09-05
city_desmoines,Spanish,city,1.0,0.0,,none,0.0,,,derived,https://www.desmoineswa.gov,2026-09-05
city_desmoines,Swahili,city,1.0,0.0,,none,0.0,,,derived,https://www.desmoineswa.gov,2026-09-05
city_desmoines,Tagalog,city,1.0,0.0,,none,0.0,,,derived,https://www.desmoineswa.gov,2026-09-05
city_desmoines,Taishanese,city,0.0,0.0,,none,0.0,,,derived,https://www.desmoineswa.gov,2026-09-05
city_desmoines,Tajiki,city,0.0,0.0,,none,0.0,,,derived,https://www.desmoineswa.gov,2026-09-05
city_desmoines,Tamil,city,1.0,0.0,,none,0.0,,,derived,https://www.desmoineswa.gov,2026-09-05
city_desmoines,Tarasco,city,0.0,0.0,,none,0.0,,,derived,https://www.desmoineswa.gov,2026-09-05
city_desmoines,Tedim,city,0.0,0.0,,none,0.0,,,derived,https://www.desmoineswa.gov,2026-09-05
city_desmoines,Telugu,city,1.0,0.0,,none,0.0,,,derived,https://www.desmoineswa.gov,2026-09-05
city_desmoines,Thai,city,1.0,0.0,,none,0.0,,,derived,https://www.desmoineswa.gov,2026-09-05
city_desmoines,Tibetan,city,1.0,0.0,,none,0.0,,,derived,https://www.desmoineswa.gov,2026-09-05
city_desmoines,Tigrinya,city,1.0,0.0,,none,0.0,,,derived,https://www.desmoineswa.gov,2026-09-05
city_desmoines,Tongan,city,1.0,0.0,,none,0.0,,,derived,https://www.desmoineswa.gov,2026-09-05
city_desmoines,Turkish,city,1.0,0.0,,none,0.0,,,derived,https://www.desmoineswa.gov,2026-09-05
city_desmoines,Twi,city,1.0,0.0,,none,0.0,,,derived,https://www.desmoineswa.gov,2026-09-05
city_desmoines,Ukrainian,city,1.0,0.0,,none,0.0,,,derived,https://www.desmoineswa.gov,2026-09-05
city_desmoines,Urdu,city,1.0,0.0,,none,0.0,,,derived,https://www.desmoineswa.gov,2026-09-05
city_desmoines,Uzbek,city,1.0,0.0,,none,0.0,,,derived,https://www.desmoineswa.gov,2026-09-05
city_desmoines,Vietnamese,city,1.0,0.0,,none,0.0,,,derived,https://www.desmoineswa.gov,2026-09-05
city_desmoines,Wolof,city,1.0,0.0,,none,0.0,,,derived,https://www.desmoineswa.gov,2026-09-05
city_desmoines,Yap,city,0.0,0.0,,none,0.0,,,derived,https://www.desmoineswa.gov,2026-09-05
city_desmoines,Yoruba,city,1.0,0.0,,none,0.0,,,derived,https://www.desmoineswa.gov,2026-09-05
city_federalway,Acholi,city,0.0,0.0,,none,0.0,,,derived,https://www.federalwaywa.gov,2026-09-05
city_federalway,Aguacateco,city,0.0,0.0,,none,0.0,,,derived,https://www.federalwaywa.gov,2026-09-05
city_federalway,Akateko,city,0.0,0.0,,none,0.0,,,derived,https://www.federalwaywa.gov,2026-09-05
city_federalway,Albanian,city,0.0,0.0,,none,0.0,,,derived,https://www.federalwaywa.gov,2026-09-05
city_federalway,American Sign Language,city,0.0,0.0,,none,0.0,,,derived,https://www.federalwaywa.gov,2026-09-05
city_federalway,Amharic,city,0.0,0.0,,none,0.0,,,derived,https://www.federalwaywa.gov,2026-09-05
city_federalway,Arabic,city,0.0,0.0,,none,0.0,,,derived,https://www.federalwaywa.gov,2026-09-05
city_federalway,Armenian,city,0.0,0.0,,none,0.0,,,derived,https://www.federalwaywa.gov,2026-09-05
city_federalway,Ayula-Bambara,city,0.0,0.0,,none,0.0,,,derived,https://www.federalwaywa.gov,2026-09-05
city_federalway,Azerbaijani,city,0.0,0.0,,none,0.0,,,derived,https://www.federalwaywa.gov,2026-09-05
city_federalway,Bambara,city,0.0,0.0,,none,0.0,,,derived,https://www.federalwaywa.gov,2026-09-05
city_federalway,Bangala,city,0.0,0.0,,none,0.0,,,derived,https://www.federalwaywa.gov,2026-09-05
city_federalway,Bassa,city,0.0,0.0,,none,0.0,,,derived,https://www.federalwaywa.gov,2026-09-05
city_federalway,Bengali,city,0.0,0.0,,none,0.0,,,derived,https://www.federalwaywa.gov,2026-09-05
city_federalway,Bosnian,city,0.0,0.0,,none,0.0,,,derived,https://www.federalwaywa.gov,2026-09-05
city_federalway,Bulgarian,city,0.0,0.0,,none,0.0,,,derived,https://www.federalwaywa.gov,2026-09-05
city_federalway,Burmese,city,0.0,0.0,,none,0.0,,,derived,https://www.federalwaywa.gov,2026-09-05
city_federalway,Carolinian,city,0.0,0.0,,none,0.0,,,derived,https://www.federalwaywa.gov,2026-09-05
city_federalway,Catalan,city,0.0,0.0,,none,0.0,,,derived,https://www.federalwaywa.gov,2026-09-05
city_federalway,Cebuano,city,0.0,0.0,,none,0.0,,,derived,https://www.federalwaywa.gov,2026-09-05
city_federalway,Cham,city,0.0,0.0,,none,0.0,,,derived,https://www.federalwaywa.gov,2026-09-05
city_federalway,Chamorro,city,0.0,0.0,,none,0.0,,,derived,https://www.federalwaywa.gov,2026-09-05
city_federalway,Chin,city,0.0,0.0,,none,0.0,,,derived,https://www.federalwaywa.gov,2026-09-05
city_federalway,Chinese-Cantonese,city,0.0,0.0,,none,0.0,,,derived,https://www.federalwaywa.gov,2026-09-05
city_federalway,Chinese-Fukienese,city,0.0,0.0,,none,0.0,,,derived,https://www.federalwaywa.gov,2026-09-05
city_federalway,Chinese-Mandarin,city,0.0,0.0,,none,0.0,,,derived,https://www.federalwaywa.gov,2026-09-05
city_federalway,Chinese-Taiwanese,city,0.0,0.0,,none,0.0,,,derived,https://www.federalwaywa.gov,2026-09-05
city_federalway,Chuukese,city,0.0,0.0,,none,0.0,,,derived,https://www.federalwaywa.gov,2026-09-05
city_federalway,Dari,city,1.0,2.0,,machine_widget,0.0,,,derived,https://www.federalwaywa.gov,2026-09-05
city_federalway,Dinka,city,0.0,0.0,,none,0.0,,,derived,https://www.federalwaywa.gov,2026-09-05
city_federalway,Dutch,city,0.0,0.0,,none,0.0,,,derived,https://www.federalwaywa.gov,2026-09-05
city_federalway,Egyptian-Arabic,city,0.0,0.0,,none,0.0,,,derived,https://www.federalwaywa.gov,2026-09-05
city_federalway,Eritai,city,0.0,0.0,,none,0.0,,,derived,https://www.federalwaywa.gov,2026-09-05
city_federalway,Estonian,city,0.0,0.0,,none,0.0,,,derived,https://www.federalwaywa.gov,2026-09-05
city_federalway,Ewe,city,0.0,0.0,,none,0.0,,,derived,https://www.federalwaywa.gov,2026-09-05
city_federalway,Fallani,city,0.0,0.0,,none,0.0,,,derived,https://www.federalwaywa.gov,2026-09-05
city_federalway,Farsi,city,1.0,2.0,,machine_widget,0.0,,,derived,https://www.federalwaywa.gov,2026-09-05
city_federalway,French,city,1.0,2.0,,machine_widget,0.0,,,derived,https://www.federalwaywa.gov,2026-09-05
city_federalway,Fula,city,0.0,0.0,,none,0.0,,,derived,https://www.federalwaywa.gov,2026-09-05
city_federalway,Ga,city,0.0,0.0,,none,0.0,,,derived,https://www.federalwaywa.gov,2026-09-05
city_federalway,German,city,1.0,2.0,,machine_widget,0.0,,,derived,https://www.federalwaywa.gov,2026-09-05
city_federalway,"Greek, Modern",city,0.0,0.0,,none,0.0,,,derived,https://www.federalwaywa.gov,2026-09-05
city_federalway,Gujarati,city,0.0,0.0,,none,0.0,,,derived,https://www.federalwaywa.gov,2026-09-05
city_federalway,Haitian Creole,city,0.0,0.0,,none,0.0,,,derived,https://www.federalwaywa.gov,2026-09-05
city_federalway,Hausa,city,0.0,0.0,,none,0.0,,,derived,https://www.federalwaywa.gov,2026-09-05
city_federalway,Hawaiian,city,0.0,0.0,,none,0.0,,,derived,https://www.federalwaywa.gov,2026-09-05
city_federalway,Herero,city,0.0,0.0,,none,0.0,,,derived,https://www.federalwaywa.gov,2026-09-05
city_federalway,Hindi,city,0.0,0.0,,none,0.0,,,derived,https://www.federalwaywa.gov,2026-09-05
city_federalway,Hmong,city,0.0,0.0,,none,0.0,,,derived,https://www.federalwaywa.gov,2026-09-05
city_federalway,Hungarian,city,0.0,0.0,,none,0.0,,,derived,https://www.federalwaywa.gov,2026-09-05
city_federalway,Igbo,city,0.0,0.0,,none,0.0,,,derived,https://www.federalwaywa.gov,2026-09-05
city_federalway,Ilokano,city,0.0,0.0,,none,0.0,,,derived,https://www.federalwaywa.gov,2026-09-05
city_federalway,Indonesian,city,0.0,0.0,,none,0.0,,,derived,https://www.federalwaywa.gov,2026-09-05
city_federalway,Italian,city,1.0,2.0,,machine_widget,0.0,,,derived,https://www.federalwaywa.gov,2026-09-05
city_federalway,Japanese,city,1.0,2.0,,machine_widget,0.0,,,derived,https://www.federalwaywa.gov,2026-09-05
city_federalway,Kakwa,city,0.0,0.0,,none,0.0,,,derived,https://www.federalwaywa.gov,2026-09-05
city_federalway,Kannada,city,0.0,0.0,,none,0.0,,,derived,https://www.federalwaywa.gov,2026-09-05
city_federalway,Karen,city,0.0,0.0,,none,0.0,,,derived,https://www.federalwaywa.gov,2026-09-05
city_federalway,Karenni,city,0.0,0.0,,none,0.0,,,derived,https://www.federalwaywa.gov,2026-09-05
city_federalway,Kazakh,city,0.0,0.0,,none,0.0,,,derived,https://www.federalwaywa.gov,2026-09-05
city_federalway,Khmer,city,0.0,0.0,,none,0.0,,,derived,https://www.federalwaywa.gov,2026-09-05
city_federalway,Kikuyu,city,0.0,0.0,,none,0.0,,,derived,https://www.federalwaywa.gov,2026-09-05
city_federalway,Kinyarwanda,city,0.0,0.0,,none,0.0,,,derived,https://www.federalwaywa.gov,2026-09-05
city_federalway,Kirgiz,city,0.0,0.0,,none,0.0,,,derived,https://www.federalwaywa.gov,2026-09-05
city_federalway,Kirundi,city,0.0,0.0,,none,0.0,,,derived,https://www.federalwaywa.gov,2026-09-05
city_federalway,Kmhmu,city,0.0,0.0,,none,0.0,,,derived,https://www.federalwaywa.gov,2026-09-05
city_federalway,Kongo,city,0.0,0.0,,none,0.0,,,derived,https://www.federalwaywa.gov,2026-09-05
city_federalway,Korean,city,1.0,2.0,,machine_widget,0.0,,,derived,https://www.federalwaywa.gov,2026-09-05
city_federalway,Kosraean,city,0.0,0.0,,none,0.0,,,derived,https://www.federalwaywa.gov,2026-09-05
city_federalway,Krahn,city,0.0,0.0,,none,0.0,,,derived,https://www.federalwaywa.gov,2026-09-05
city_federalway,Krio,city,0.0,0.0,,none,0.0,,,derived,https://www.federalwaywa.gov,2026-09-05
city_federalway,Kru,city,0.0,0.0,,none,0.0,,,derived,https://www.federalwaywa.gov,2026-09-05
city_federalway,Kurdish,city,0.0,0.0,,none,0.0,,,derived,https://www.federalwaywa.gov,2026-09-05
city_federalway,Lao,city,0.0,0.0,,none,0.0,,,derived,https://www.federalwaywa.gov,2026-09-05
city_federalway,Latvian,city,0.0,0.0,,none,0.0,,,derived,https://www.federalwaywa.gov,2026-09-05
city_federalway,Lingala,city,0.0,0.0,,none,0.0,,,derived,https://www.federalwaywa.gov,2026-09-05
city_federalway,Luganda,city,0.0,0.0,,none,0.0,,,derived,https://www.federalwaywa.gov,2026-09-05
city_federalway,Maay Maay,city,0.0,0.0,,none,0.0,,,derived,https://www.federalwaywa.gov,2026-09-05
city_federalway,Malay,city,0.0,0.0,,none,0.0,,,derived,https://www.federalwaywa.gov,2026-09-05
city_federalway,Malayalam,city,0.0,0.0,,none,0.0,,,derived,https://www.federalwaywa.gov,2026-09-05
city_federalway,Mam,city,0.0,0.0,,none,0.0,,,derived,https://www.federalwaywa.gov,2026-09-05
city_federalway,Mandingo,city,0.0,0.0,,none,0.0,,,derived,https://www.federalwaywa.gov,2026-09-05
city_federalway,Mandinka,city,0.0,0.0,,none,0.0,,,derived,https://www.federalwaywa.gov,2026-09-05
city_federalway,Marathi,city,0.0,0.0,,none,0.0,,,derived,https://www.federalwaywa.gov,2026-09-05
city_federalway,Marquesan,city,0.0,0.0,,none,0.0,,,derived,https://www.federalwaywa.gov,2026-09-05
city_federalway,Marshallese,city,0.0,0.0,,none,0.0,,,derived,https://www.federalwaywa.gov,2026-09-05
city_federalway,Maya-Quiche,city,0.0,0.0,,none,0.0,,,derived,https://www.federalwaywa.gov,2026-09-05
city_federalway,Mien,city,0.0,0.0,,none,0.0,,,derived,https://www.federalwaywa.gov,2026-09-05
city_federalway,Mixteco,city,0.0,0.0,,none,0.0,,,derived,https://www.federalwaywa.gov,2026-09-05
city_federalway,Moldavian,city,0.0,0.0,,none,0.0,,,derived,https://www.federalwaywa.gov,2026-09-05
city_federalway,Mongolian,city,0.0,0.0,,none,0.0,,,derived,https://www.federalwaywa.gov,2026-09-05
city_federalway,Moore,city,0.0,0.0,,none,0.0,,,derived,https://www.federalwaywa.gov,2026-09-05
city_federalway,"Nahuatl, Guerrero region",city,0.0,0.0,,none,0.0,,,derived,https://www.federalwaywa.gov,2026-09-05
city_federalway,Nepali,city,0.0,0.0,,none,0.0,,,derived,https://www.federalwaywa.gov,2026-09-05
city_federalway,Nuer,city,0.0,0.0,,none,0.0,,,derived,https://www.federalwaywa.gov,2026-09-05
city_federalway,Oromo,city,0.0,0.0,,none,0.0,,,derived,https://www.federalwaywa.gov,2026-09-05
city_federalway,Palau,city,0.0,0.0,,none,0.0,,,derived,https://www.federalwaywa.gov,2026-09-05
city_federalway,Pashai,city,0.0,0.0,,none,0.0,,,derived,https://www.federalwaywa.gov,2026-09-05
city_federalway,Pashto,city,1.0,2.0,,machine_widget,0.0,,,derived,https://www.federalwaywa.gov,2026-09-05
city_federalway,Pere,city,0.0,0.0,,none,0.0,,,derived,https://www.federalwaywa.gov,2026-09-05
city_federalway,Polish,city,0.0,0.0,,none,0.0,,,derived,https://www.federalwaywa.gov,2026-09-05
city_federalway,Portuguese,city,1.0,2.0,,machine_widget,0.0,,,derived,https://www.federalwaywa.gov,2026-09-05
city_federalway,Punjabi,city,0.0,0.0,,none,0.0,,,derived,https://www.federalwaywa.gov,2026-09-05
city_federalway,Purepecha,city,0.0,0.0,,none,0.0,,,derived,https://www.federalwaywa.gov,2026-09-05
city_federalway,Rohingya,city,0.0,0.0,,none,0.0,,,derived,https://www.federalwaywa.gov,2026-09-05
city_federalway,Romanian,city,0.0,0.0,,none,0.0,,,derived,https://www.federalwaywa.gov,2026-09-05
city_federalway,Russian,city,1.0,2.0,,machine_widget,0.0,,,derived,https://www.federalwaywa.gov,2026-09-05
city_federalway,Samoan,city,0.0,0.0,,none,0.0,,,derived,https://www.federalwaywa.gov,2026-09-05
city_federalway,Sao,city,0.0,0.0,,none,0.0,,,derived,https://www.federalwaywa.gov,2026-09-05
city_federalway,Serbo-Croation,city,0.0,0.0,,none,0.0,,,derived,https://www.federalwaywa.gov,2026-09-05
city_federalway,Shona,city,0.0,0.0,,none,0.0,,,derived,https://www.federalwaywa.gov,2026-09-05
city_federalway,Sinhalese,city,0.0,0.0,,none,0.0,,,derived,https://www.federalwaywa.gov,2026-09-05
city_federalway,Slovenian,city,0.0,0.0,,none,0.0,,,derived,https://www.federalwaywa.gov,2026-09-05
city_federalway,Somali,city,1.0,2.0,,machine_widget,0.0,,,derived,https://www.federalwaywa.gov,2026-09-05
city_federalway,Soninke,city,0.0,0.0,,none,0.0,,,derived,https://www.federalwaywa.gov,2026-09-05
city_federalway,Sotho,city,0.0,0.0,,none,0.0,,,derived,https://www.federalwaywa.gov,2026-09-05
city_federalway,Spanish,city,1.0,2.0,,machine_widget,0.0,,,derived,https://www.federalwaywa.gov,2026-09-05
city_federalway,Swahili,city,0.0,0.0,,none,0.0,,,derived,https://www.federalwaywa.gov,2026-09-05
city_federalway,Tagalog,city,1.0,2.0,,machine_widget,0.0,,,derived,https://www.federalwaywa.gov,2026-09-05
city_federalway,Taishanese,city,0.0,0.0,,none,0.0,,,derived,https://www.federalwaywa.gov,2026-09-05
city_federalway,Tajiki,city,0.0,0.0,,none,0.0,,,derived,https://www.federalwaywa.gov,2026-09-05
city_federalway,Tamil,city,0.0,0.0,,none,0.0,,,derived,https://www.federalwaywa.gov,2026-09-05
city_federalway,Tarasco,city,0.0,0.0,,none,0.0,,,derived,https://www.federalwaywa.gov,2026-09-05
city_federalway,Tedim,city,0.0,0.0,,none,0.0,,,derived,https://www.federalwaywa.gov,2026-09-05
city_federalway,Telugu,city,0.0,0.0,,none,0.0,,,derived,https://www.federalwaywa.gov,2026-09-05
city_federalway,Thai,city,0.0,0.0,,none,0.0,,,derived,https://www.federalwaywa.gov,2026-09-05
city_federalway,Tibetan,city,0.0,0.0,,none,0.0,,,derived,https://www.federalwaywa.gov,2026-09-05
city_federalway,Tigrinya,city,0.0,0.0,,none,0.0,,,derived,https://www.federalwaywa.gov,2026-09-05
city_federalway,Tongan,city,0.0,0.0,,none,0.0,,,derived,https://www.federalwaywa.gov,2026-09-05
city_federalway,Turkish,city,0.0,0.0,,none,0.0,,,derived,https://www.federalwaywa.gov,2026-09-05
city_federalway,Twi,city,0.0,0.0,,none,0.0,,,derived,https://www.federalwaywa.gov,2026-09-05
city_federalway,Ukrainian,city,1.0,2.0,,machine_widget,0.0,,,derived,https://www.federalwaywa.gov,2026-09-05
city_federalway,Urdu,city,0.0,0.0,,none,0.0,,,derived,https://www.federalwaywa.gov,2026-09-05
city_federalway,Uzbek,city,0.0,0.0,,none,0.0,,,derived,https://www.federalwaywa.gov,2026-09-05
city_federalway,Vietnamese,city,1.0,2.0,,machine_widget,0.0,,,derived,https://www.federalwaywa.gov,2026-09-05
city_federalway,Wolof,city,0.0,0.0,,none,0.0,,,derived,https://www.federalwaywa.gov,2026-09-05
city_federalway,Yap,city,0.0,0.0,,none,0.0,,,derived,https://www.federalwaywa.gov,2026-09-05
city_federalway,Yoruba,city,0.0,0.0,,none,0.0,,,derived,https://www.federalwaywa.gov,2026-09-05
city_kent,Acholi,city,1.0,2.0,,machine_widget,0.0,,,derived,https://www.kentwa.gov,2026-09-05
city_kent,Aguacateco,city,0.0,0.0,,none,0.0,,,derived,https://www.kentwa.gov,2026-09-05
city_kent,Akateko,city,0.0,0.0,,none,0.0,,,derived,https://www.kentwa.gov,2026-09-05
city_kent,Albanian,city,1.0,2.0,,machine_widget,0.0,,,derived,https://www.kentwa.gov,2026-09-05
city_kent,American Sign Language,city,0.0,0.0,,none,0.0,,,derived,https://www.kentwa.gov,2026-09-05
city_kent,Amharic,city,1.0,2.0,,machine_widget,0.0,,,derived,https://www.kentwa.gov,2026-09-05
city_kent,Arabic,city,1.0,2.0,,machine_widget,0.0,,,derived,https://www.kentwa.gov,2026-09-05
city_kent,Armenian,city,1.0,2.0,,machine_widget,0.0,,,derived,https://www.kentwa.gov,2026-09-05
city_kent,Ayula-Bambara,city,0.0,0.0,,none,0.0,,,derived,https://www.kentwa.gov,2026-09-05
city_kent,Azerbaijani,city,1.0,2.0,,machine_widget,0.0,,,derived,https://www.kentwa.gov,2026-09-05
city_kent,Bambara,city,1.0,2.0,,machine_widget,0.0,,,derived,https://www.kentwa.gov,2026-09-05
city_kent,Bangala,city,0.0,0.0,,none,0.0,,,derived,https://www.kentwa.gov,2026-09-05
city_kent,Bassa,city,0.0,0.0,,none,0.0,,,derived,https://www.kentwa.gov,2026-09-05
city_kent,Bengali,city,1.0,2.0,,machine_widget,0.0,,,derived,https://www.kentwa.gov,2026-09-05
city_kent,Bosnian,city,1.0,2.0,,machine_widget,0.0,,,derived,https://www.kentwa.gov,2026-09-05
city_kent,Bulgarian,city,1.0,2.0,,machine_widget,0.0,,,derived,https://www.kentwa.gov,2026-09-05
city_kent,Burmese,city,1.0,2.0,,machine_widget,0.0,,,derived,https://www.kentwa.gov,2026-09-05
city_kent,Carolinian,city,0.0,0.0,,none,0.0,,,derived,https://www.kentwa.gov,2026-09-05
city_kent,Catalan,city,1.0,2.0,,machine_widget,0.0,,,derived,https://www.kentwa.gov,2026-09-05
city_kent,Cebuano,city,1.0,2.0,,machine_widget,0.0,,,derived,https://www.kentwa.gov,2026-09-05
city_kent,Cham,city,0.0,0.0,,none,0.0,,,derived,https://www.kentwa.gov,2026-09-05
city_kent,Chamorro,city,1.0,2.0,,machine_widget,0.0,,,derived,https://www.kentwa.gov,2026-09-05
city_kent,Chin,city,0.0,0.0,,none,0.0,,,derived,https://www.kentwa.gov,2026-09-05
city_kent,Chinese-Cantonese,city,1.0,2.0,,machine_widget,0.0,,,derived,https://www.kentwa.gov,2026-09-05
city_kent,Chinese-Fukienese,city,0.0,0.0,,none,0.0,,,derived,https://www.kentwa.gov,2026-09-05
city_kent,Chinese-Mandarin,city,1.0,2.0,,machine_widget,0.0,,,derived,https://www.kentwa.gov,2026-09-05
city_kent,Chinese-Taiwanese,city,0.0,0.0,,none,0.0,,,derived,https://www.kentwa.gov,2026-09-05
city_kent,Chuukese,city,1.0,2.0,,machine_widget,0.0,,,derived,https://www.kentwa.gov,2026-09-05
city_kent,Dari,city,1.0,2.0,,machine_widget,0.0,,,derived,https://www.kentwa.gov,2026-09-05
city_kent,Dinka,city,1.0,2.0,,machine_widget,0.0,,,derived,https://www.kentwa.gov,2026-09-05
city_kent,Dutch,city,1.0,2.0,,machine_widget,0.0,,,derived,https://www.kentwa.gov,2026-09-05
city_kent,Egyptian-Arabic,city,0.0,0.0,,none,0.0,,,derived,https://www.kentwa.gov,2026-09-05
city_kent,Eritai,city,0.0,0.0,,none,0.0,,,derived,https://www.kentwa.gov,2026-09-05
city_kent,Estonian,city,1.0,2.0,,machine_widget,0.0,,,derived,https://www.kentwa.gov,2026-09-05
city_kent,Ewe,city,1.0,2.0,,machine_widget,0.0,,,derived,https://www.kentwa.gov,2026-09-05
city_kent,Fallani,city,0.0,0.0,,none,0.0,,,derived,https://www.kentwa.gov,2026-09-05
city_kent,Farsi,city,1.0,2.0,,machine_widget,0.0,,,derived,https://www.kentwa.gov,2026-09-05
city_kent,French,city,1.0,2.0,,machine_widget,0.0,,,derived,https://www.kentwa.gov,2026-09-05
city_kent,Fula,city,0.0,0.0,,none,0.0,,,derived,https://www.kentwa.gov,2026-09-05
city_kent,Ga,city,1.0,2.0,,machine_widget,0.0,,,derived,https://www.kentwa.gov,2026-09-05
city_kent,German,city,1.0,2.0,,machine_widget,0.0,,,derived,https://www.kentwa.gov,2026-09-05
city_kent,"Greek, Modern",city,0.0,0.0,,none,0.0,,,derived,https://www.kentwa.gov,2026-09-05
city_kent,Gujarati,city,1.0,2.0,,machine_widget,0.0,,,derived,https://www.kentwa.gov,2026-09-05
city_kent,Haitian Creole,city,1.0,2.0,,machine_widget,0.0,,,derived,https://www.kentwa.gov,2026-09-05
city_kent,Hausa,city,1.0,2.0,,machine_widget,0.0,,,derived,https://www.kentwa.gov,2026-09-05
city_kent,Hawaiian,city,1.0,2.0,,machine_widget,0.0,,,derived,https://www.kentwa.gov,2026-09-05
city_kent,Herero,city,0.0,0.0,,none,0.0,,,derived,https://www.kentwa.gov,2026-09-05
city_kent,Hindi,city,1.0,2.0,,machine_widget,0.0,,,derived,https://www.kentwa.gov,2026-09-05
city_kent,Hmong,city,1.0,2.0,,machine_widget,0.0,,,derived,https://www.kentwa.gov,2026-09-05
city_kent,Hungarian,city,1.0,2.0,,machine_widget,0.0,,,derived,https://www.kentwa.gov,2026-09-05
city_kent,Igbo,city,1.0,2.0,,machine_widget,0.0,,,derived,https://www.kentwa.gov,2026-09-05
city_kent,Ilokano,city,1.0,2.0,,machine_widget,0.0,,,derived,https://www.kentwa.gov,2026-09-05
city_kent,Indonesian,city,1.0,2.0,,machine_widget,0.0,,,derived,https://www.kentwa.gov,2026-09-05
city_kent,Italian,city,1.0,2.0,,machine_widget,0.0,,,derived,https://www.kentwa.gov,2026-09-05
city_kent,Japanese,city,1.0,2.0,,machine_widget,0.0,,,derived,https://www.kentwa.gov,2026-09-05
city_kent,Kakwa,city,0.0,0.0,,none,0.0,,,derived,https://www.kentwa.gov,2026-09-05
city_kent,Kannada,city,1.0,2.0,,machine_widget,0.0,,,derived,https://www.kentwa.gov,2026-09-05
city_kent,Karen,city,0.0,0.0,,none,0.0,,,derived,https://www.kentwa.gov,2026-09-05
city_kent,Karenni,city,0.0,0.0,,none,0.0,,,derived,https://www.kentwa.gov,2026-09-05
city_kent,Kazakh,city,1.0,2.0,,machine_widget,0.0,,,derived,https://www.kentwa.gov,2026-09-05
city_kent,Khmer,city,1.0,2.0,,machine_widget,0.0,,,derived,https://www.kentwa.gov,2026-09-05
city_kent,Kikuyu,city,0.0,0.0,,none,0.0,,,derived,https://www.kentwa.gov,2026-09-05
city_kent,Kinyarwanda,city,1.0,2.0,,machine_widget,0.0,,,derived,https://www.kentwa.gov,2026-09-05
city_kent,Kirgiz,city,0.0,0.0,,none,0.0,,,derived,https://www.kentwa.gov,2026-09-05
city_kent,Kirundi,city,0.0,0.0,,none,0.0,,,derived,https://www.kentwa.gov,2026-09-05
city_kent,Kmhmu,city,0.0,0.0,,none,0.0,,,derived,https://www.kentwa.gov,2026-09-05
city_kent,Kongo,city,0.0,0.0,,none,0.0,,,derived,https://www.kentwa.gov,2026-09-05
city_kent,Korean,city,1.0,2.0,,machine_widget,0.0,,,derived,https://www.kentwa.gov,2026-09-05
city_kent,Kosraean,city,0.0,0.0,,none,0.0,,,derived,https://www.kentwa.gov,2026-09-05
city_kent,Krahn,city,0.0,0.0,,none,0.0,,,derived,https://www.kentwa.gov,2026-09-05
city_kent,Krio,city,1.0,2.0,,machine_widget,0.0,,,derived,https://www.kentwa.gov,2026-09-05
city_kent,Kru,city,0.0,0.0,,none,0.0,,,derived,https://www.kentwa.gov,2026-09-05
city_kent,Kurdish,city,1.0,2.0,,machine_widget,0.0,,,derived,https://www.kentwa.gov,2026-09-05
city_kent,Lao,city,1.0,2.0,,machine_widget,0.0,,,derived,https://www.kentwa.gov,2026-09-05
city_kent,Latvian,city,1.0,2.0,,machine_widget,0.0,,,derived,https://www.kentwa.gov,2026-09-05
city_kent,Lingala,city,1.0,2.0,,machine_widget,0.0,,,derived,https://www.kentwa.gov,2026-09-05
city_kent,Luganda,city,1.0,2.0,,machine_widget,0.0,,,derived,https://www.kentwa.gov,2026-09-05
city_kent,Maay Maay,city,0.0,0.0,,none,0.0,,,derived,https://www.kentwa.gov,2026-09-05
city_kent,Malay,city,1.0,2.0,,machine_widget,0.0,,,derived,https://www.kentwa.gov,2026-09-05
city_kent,Malayalam,city,1.0,2.0,,machine_widget,0.0,,,derived,https://www.kentwa.gov,2026-09-05
city_kent,Mam,city,1.0,2.0,,machine_widget,0.0,,,derived,https://www.kentwa.gov,2026-09-05
city_kent,Mandingo,city,0.0,0.0,,none,0.0,,,derived,https://www.kentwa.gov,2026-09-05
city_kent,Mandinka,city,0.0,0.0,,none,0.0,,,derived,https://www.kentwa.gov,2026-09-05
city_kent,Marathi,city,1.0,2.0,,machine_widget,0.0,,,derived,https://www.kentwa.gov,2026-09-05
city_kent,Marquesan,city,0.0,0.0,,none,0.0,,,derived,https://www.kentwa.gov,2026-09-05
city_kent,Marshallese,city,1.0,2.0,,machine_widget,0.0,,,derived,https://www.kentwa.gov,2026-09-05
city_kent,Maya-Quiche,city,0.0,0.0,,none,0.0,,,derived,https://www.kentwa.gov,2026-09-05
city_kent,Mien,city,0.0,0.0,,none,0.0,,,derived,https://www.kentwa.gov,2026-09-05
city_kent,Mixteco,city,0.0,0.0,,none,0.0,,,derived,https://www.kentwa.gov,2026-09-05
city_kent,Moldavian,city,0.0,0.0,,none,0.0,,,derived,https://www.kentwa.gov,2026-09-05
city_kent,Mongolian,city,1.0,2.0,,machine_widget,0.0,,,derived,https://www.kentwa.gov,2026-09-05
city_kent,Moore,city,0.0,0.0,,none,0.0,,,derived,https://www.kentwa.gov,2026-09-05
city_kent,"Nahuatl, Guerrero region",city,0.0,0.0,,none,0.0,,,derived,https://www.kentwa.gov,2026-09-05
city_kent,Nepali,city,1.0,2.0,,machine_widget,0.0,,,derived,https://www.kentwa.gov,2026-09-05
city_kent,Nuer,city,1.0,2.0,,machine_widget,0.0,,,derived,https://www.kentwa.gov,2026-09-05
city_kent,Oromo,city,1.0,2.0,,machine_widget,0.0,,,derived,https://www.kentwa.gov,2026-09-05
city_kent,Palau,city,0.0,0.0,,none,0.0,,,derived,https://www.kentwa.gov,2026-09-05
city_kent,Pashai,city,0.0,0.0,,none,0.0,,,derived,https://www.kentwa.gov,2026-09-05
city_kent,Pashto,city,1.0,2.0,,machine_widget,0.0,,,derived,https://www.kentwa.gov,2026-09-05
city_kent,Pere,city,0.0,0.0,,none,0.0,,,derived,https://www.kentwa.gov,2026-09-05
city_kent,Polish,city,1.0,2.0,,machine_widget,0.0,,,derived,https://www.kentwa.gov,2026-09-05
city_kent,Portuguese,city,1.0,2.0,,machine_widget,0.0,,,derived,https://www.kentwa.gov,2026-09-05
city_kent,Punjabi,city,1.0,2.0,,machine_widget,0.0,,,derived,https://www.kentwa.gov,2026-09-05
city_kent,Purepecha,city,0.0,0.0,,none,0.0,,,derived,https://www.kentwa.gov,2026-09-05
city_kent,Rohingya,city,0.0,0.0,,none,0.0,,,derived,https://www.kentwa.gov,2026-09-05
city_kent,Romanian,city,1.0,2.0,,machine_widget,0.0,,,derived,https://www.kentwa.gov,2026-09-05
city_kent,Russian,city,1.0,2.0,,machine_widget,0.0,,,derived,https://www.kentwa.gov,2026-09-05
city_kent,Samoan,city,1.0,2.0,,machine_widget,0.0,,,derived,https://www.kentwa.gov,2026-09-05
city_kent,Sao,city,0.0,0.0,,none,0.0,,,derived,https://www.kentwa.gov,2026-09-05
city_kent,Serbo-Croation,city,0.0,0.0,,none,0.0,,,derived,https://www.kentwa.gov,2026-09-05
city_kent,Shona,city,1.0,2.0,,machine_widget,0.0,,,derived,https://www.kentwa.gov,2026-09-05
city_kent,Sinhalese,city,0.0,0.0,,none,0.0,,,derived,https://www.kentwa.gov,2026-09-05
city_kent,Slovenian,city,1.0,2.0,,machine_widget,0.0,,,derived,https://www.kentwa.gov,2026-09-05
city_kent,Somali,city,1.0,2.0,,machine_widget,0.0,,,derived,https://www.kentwa.gov,2026-09-05
city_kent,Soninke,city,0.0,0.0,,none,0.0,,,derived,https://www.kentwa.gov,2026-09-05
city_kent,Sotho,city,0.0,0.0,,none,0.0,,,derived,https://www.kentwa.gov,2026-09-05
city_kent,Spanish,city,1.0,2.0,,machine_widget,0.0,,,derived,https://www.kentwa.gov,2026-09-05
city_kent,Swahili,city,1.0,2.0,,machine_widget,0.0,,,derived,https://www.kentwa.gov,2026-09-05
city_kent,Tagalog,city,1.0,2.0,,machine_widget,0.0,,,derived,https://www.kentwa.gov,2026-09-05
city_kent,Taishanese,city,0.0,0.0,,none,0.0,,,derived,https://www.kentwa.gov,2026-09-05
city_kent,Tajiki,city,0.0,0.0,,none,0.0,,,derived,https://www.kentwa.gov,2026-09-05
city_kent,Tamil,city,1.0,2.0,,machine_widget,0.0,,,derived,https://www.kentwa.gov,2026-09-05
city_kent,Tarasco,city,0.0,0.0,,none,0.0,,,derived,https://www.kentwa.gov,2026-09-05
city_kent,Tedim,city,0.0,0.0,,none,0.0,,,derived,https://www.kentwa.gov,2026-09-05
city_kent,Telugu,city,1.0,2.0,,machine_widget,0.0,,,derived,https://www.kentwa.gov,2026-09-05
city_kent,Thai,city,1.0,2.0,,machine_widget,0.0,,,derived,https://www.kentwa.gov,2026-09-05
city_kent,Tibetan,city,1.0,2.0,,machine_widget,0.0,,,derived,https://www.kentwa.gov,2026-09-05
city_kent,Tigrinya,city,1.0,2.0,,machine_widget,0.0,,,derived,https://www.kentwa.gov,2026-09-05
city_kent,Tongan,city,1.0,2.0,,machine_widget,0.0,,,derived,https://www.kentwa.gov,2026-09-05
city_kent,Turkish,city,1.0,2.0,,machine_widget,0.0,,,derived,https://www.kentwa.gov,2026-09-05
city_kent,Twi,city,1.0,2.0,,machine_widget,0.0,,,derived,https://www.kentwa.gov,2026-09-05
city_kent,Ukrainian,city,1.0,2.0,,machine_widget,0.0,,,derived,https://www.kentwa.gov,2026-09-05
city_kent,Urdu,city,1.0,2.0,,machine_widget,0.0,,,derived,https://www.kentwa.gov,2026-09-05
city_kent,Uzbek,city,1.0,2.0,,machine_widget,0.0,,,derived,https://www.kentwa.gov,2026-09-05
city_kent,Vietnamese,city,1.0,2.0,,machine_widget,0.0,,,derived,https://www.kentwa.gov,2026-09-05
city_kent,Wolof,city,1.0,2.0,,machine_widget,0.0,,,derived,https://www.kentwa.gov,2026-09-05
city_kent,Yap,city,0.0,0.0,,none,0.0,,,derived,https://www.kentwa.gov,2026-09-05
city_kent,Yoruba,city,1.0,2.0,,machine_widget,0.0,,,derived,https://www.kentwa.gov,2026-09-05
city_renton,Acholi,city,0.0,0.0,,none,0.0,,,derived,https://www.rentonwa.gov/Home,2026-09-05
city_renton,Aguacateco,city,0.0,0.0,,none,0.0,,,derived,https://www.rentonwa.gov/Home,2026-09-05
city_renton,Akateko,city,0.0,0.0,,none,0.0,,,derived,https://www.rentonwa.gov/Home,2026-09-05
city_renton,Albanian,city,0.0,0.0,,none,0.0,,,derived,https://www.rentonwa.gov/Home,2026-09-05
city_renton,American Sign Language,city,0.0,0.0,,none,0.0,,,derived,https://www.rentonwa.gov/Home,2026-09-05
city_renton,Amharic,city,0.0,0.0,,none,0.0,,,derived,https://www.rentonwa.gov/Home,2026-09-05
city_renton,Arabic,city,1.0,2.0,,machine_widget,0.0,,,derived,https://www.rentonwa.gov/Home,2026-09-05
city_renton,Armenian,city,0.0,0.0,,none,0.0,,,derived,https://www.rentonwa.gov/Home,2026-09-05
city_renton,Ayula-Bambara,city,0.0,0.0,,none,0.0,,,derived,https://www.rentonwa.gov/Home,2026-09-05
city_renton,Azerbaijani,city,0.0,0.0,,none,0.0,,,derived,https://www.rentonwa.gov/Home,2026-09-05
city_renton,Bambara,city,0.0,0.0,,none,0.0,,,derived,https://www.rentonwa.gov/Home,2026-09-05
city_renton,Bangala,city,0.0,0.0,,none,0.0,,,derived,https://www.rentonwa.gov/Home,2026-09-05
city_renton,Bassa,city,0.0,0.0,,none,0.0,,,derived,https://www.rentonwa.gov/Home,2026-09-05
city_renton,Bengali,city,0.0,0.0,,none,0.0,,,derived,https://www.rentonwa.gov/Home,2026-09-05
city_renton,Bosnian,city,0.0,0.0,,none,0.0,,,derived,https://www.rentonwa.gov/Home,2026-09-05
city_renton,Bulgarian,city,0.0,0.0,,none,0.0,,,derived,https://www.rentonwa.gov/Home,2026-09-05
city_renton,Burmese,city,0.0,0.0,,none,0.0,,,derived,https://www.rentonwa.gov/Home,2026-09-05
city_renton,Carolinian,city,0.0,0.0,,none,0.0,,,derived,https://www.rentonwa.gov/Home,2026-09-05
city_renton,Catalan,city,0.0,0.0,,none,0.0,,,derived,https://www.rentonwa.gov/Home,2026-09-05
city_renton,Cebuano,city,0.0,0.0,,none,0.0,,,derived,https://www.rentonwa.gov/Home,2026-09-05
city_renton,Cham,city,0.0,0.0,,none,0.0,,,derived,https://www.rentonwa.gov/Home,2026-09-05
city_renton,Chamorro,city,0.0,0.0,,none,0.0,,,derived,https://www.rentonwa.gov/Home,2026-09-05
city_renton,Chin,city,0.0,0.0,,none,0.0,,,derived,https://www.rentonwa.gov/Home,2026-09-05
city_renton,Chinese-Cantonese,city,0.0,0.0,,none,0.0,,,derived,https://www.rentonwa.gov/Home,2026-09-05
city_renton,Chinese-Fukienese,city,0.0,0.0,,none,0.0,,,derived,https://www.rentonwa.gov/Home,2026-09-05
city_renton,Chinese-Mandarin,city,1.0,2.0,,machine_widget,0.0,,,derived,https://www.rentonwa.gov/Home,2026-09-05
city_renton,Chinese-Taiwanese,city,0.0,0.0,,none,0.0,,,derived,https://www.rentonwa.gov/Home,2026-09-05
city_renton,Chuukese,city,0.0,0.0,,none,0.0,,,derived,https://www.rentonwa.gov/Home,2026-09-05
city_renton,Dari,city,0.0,0.0,,none,0.0,,,derived,https://www.rentonwa.gov/Home,2026-09-05
city_renton,Dinka,city,0.0,0.0,,none,0.0,,,derived,https://www.rentonwa.gov/Home,2026-09-05
city_renton,Dutch,city,0.0,0.0,,none,0.0,,,derived,https://www.rentonwa.gov/Home,2026-09-05
city_renton,Egyptian-Arabic,city,0.0,0.0,,none,0.0,,,derived,https://www.rentonwa.gov/Home,2026-09-05
city_renton,Eritai,city,0.0,0.0,,none,0.0,,,derived,https://www.rentonwa.gov/Home,2026-09-05
city_renton,Estonian,city,0.0,0.0,,none,0.0,,,derived,https://www.rentonwa.gov/Home,2026-09-05
city_renton,Ewe,city,0.0,0.0,,none,0.0,,,derived,https://www.rentonwa.gov/Home,2026-09-05
city_renton,Fallani,city,0.0,0.0,,none,0.0,,,derived,https://www.rentonwa.gov/Home,2026-09-05
city_renton,Farsi,city,0.0,0.0,,none,0.0,,,derived,https://www.rentonwa.gov/Home,2026-09-05
city_renton,French,city,1.0,2.0,,machine_widget,0.0,,,derived,https://www.rentonwa.gov/Home,2026-09-05
city_renton,Fula,city,0.0,0.0,,none,0.0,,,derived,https://www.rentonwa.gov/Home,2026-09-05
city_renton,Ga,city,0.0,0.0,,none,0.0,,,derived,https://www.rentonwa.gov/Home,2026-09-05
city_renton,German,city,0.0,0.0,,none,0.0,,,derived,https://www.rentonwa.gov/Home,2026-09-05
city_renton,"Greek, Modern",city,0.0,0.0,,none,0.0,,,derived,https://www.rentonwa.gov/Home,2026-09-05
city_renton,Gujarati,city,0.0,0.0,,none,0.0,,,derived,https://www.rentonwa.gov/Home,2026-09-05
city_renton,Haitian Creole,city,0.0,0.0,,none,0.0,,,derived,https://www.rentonwa.gov/Home,2026-09-05
city_renton,Hausa,city,0.0,0.0,,none,0.0,,,derived,https://www.rentonwa.gov/Home,2026-09-05
city_renton,Hawaiian,city,0.0,0.0,,none,0.0,,,derived,https://www.rentonwa.gov/Home,2026-09-05
city_renton,Herero,city,0.0,0.0,,none,0.0,,,derived,https://www.rentonwa.gov/Home,2026-09-05
city_renton,Hindi,city,1.0,2.0,,machine_widget,0.0,,,derived,https://www.rentonwa.gov/Home,2026-09-05
city_renton,Hmong,city,0.0,0.0,,none,0.0,,,derived,https://www.rentonwa.gov/Home,2026-09-05
city_renton,Hungarian,city,0.0,0.0,,none,0.0,,,derived,https://www.rentonwa.gov/Home,2026-09-05
city_renton,Igbo,city,0.0,0.0,,none,0.0,,,derived,https://www.rentonwa.gov/Home,2026-09-05
city_renton,Ilokano,city,0.0,0.0,,none,0.0,,,derived,https://www.rentonwa.gov/Home,2026-09-05
city_renton,Indonesian,city,1.0,2.0,,machine_widget,0.0,,,derived,https://www.rentonwa.gov/Home,2026-09-05
city_renton,Italian,city,1.0,2.0,,machine_widget,0.0,,,derived,https://www.rentonwa.gov/Home,2026-09-05
city_renton,Japanese,city,1.0,2.0,,machine_widget,0.0,,,derived,https://www.rentonwa.gov/Home,2026-09-05
city_renton,Kakwa,city,0.0,0.0,,none,0.0,,,derived,https://www.rentonwa.gov/Home,2026-09-05
city_renton,Kannada,city,0.0,0.0,,none,0.0,,,derived,https://www.rentonwa.gov/Home,2026-09-05
city_renton,Karen,city,0.0,0.0,,none,0.0,,,derived,https://www.rentonwa.gov/Home,2026-09-05
city_renton,Karenni,city,0.0,0.0,,none,0.0,,,derived,https://www.rentonwa.gov/Home,2026-09-05
city_renton,Kazakh,city,0.0,0.0,,none,0.0,,,derived,https://www.rentonwa.gov/Home,2026-09-05
city_renton,Khmer,city,0.0,0.0,,none,0.0,,,derived,https://www.rentonwa.gov/Home,2026-09-05
city_renton,Kikuyu,city,0.0,0.0,,none,0.0,,,derived,https://www.rentonwa.gov/Home,2026-09-05
city_renton,Kinyarwanda,city,0.0,0.0,,none,0.0,,,derived,https://www.rentonwa.gov/Home,2026-09-05
city_renton,Kirgiz,city,0.0,0.0,,none,0.0,,,derived,https://www.rentonwa.gov/Home,2026-09-05
city_renton,Kirundi,city,0.0,0.0,,none,0.0,,,derived,https://www.rentonwa.gov/Home,2026-09-05
city_renton,Kmhmu,city,0.0,0.0,,none,0.0,,,derived,https://www.rentonwa.gov/Home,2026-09-05
city_renton,Kongo,city,0.0,0.0,,none,0.0,,,derived,https://www.rentonwa.gov/Home,2026-09-05
city_renton,Korean,city,1.0,2.0,,machine_widget,0.0,,,derived,https://www.rentonwa.gov/Home,2026-09-05
city_renton,Kosraean,city,0.0,0.0,,none,0.0,,,derived,https://www.rentonwa.gov/Home,2026-09-05
city_renton,Krahn,city,0.0,0.0,,none,0.0,,,derived,https://www.rentonwa.gov/Home,2026-09-05
city_renton,Krio,city,0.0,0.0,,none,0.0,,,derived,https://www.rentonwa.gov/Home,2026-09-05
city_renton,Kru,city,0.0,0.0,,none,0.0,,,derived,https://www.rentonwa.gov/Home,2026-09-05
city_renton,Kurdish,city,0.0,0.0,,none,0.0,,,derived,https://www.rentonwa.gov/Home,2026-09-05
city_renton,Lao,city,0.0,0.0,,none,0.0,,,derived,https://www.rentonwa.gov/Home,2026-09-05
city_renton,Latvian,city,0.0,0.0,,none,0.0,,,derived,https://www.rentonwa.gov/Home,2026-09-05
city_renton,Lingala,city,0.0,0.0,,none,0.0,,,derived,https://www.rentonwa.gov/Home,2026-09-05
city_renton,Luganda,city,0.0,0.0,,none,0.0,,,derived,https://www.rentonwa.gov/Home,2026-09-05
city_renton,Maay Maay,city,0.0,0.0,,none,0.0,,,derived,https://www.rentonwa.gov/Home,2026-09-05
city_renton,Malay,city,0.0,0.0,,none,0.0,,,derived,https://www.rentonwa.gov/Home,2026-09-05
city_renton,Malayalam,city,0.0,0.0,,none,0.0,,,derived,https://www.rentonwa.gov/Home,2026-09-05
city_renton,Mam,city,0.0,0.0,,none,0.0,,,derived,https://www.rentonwa.gov/Home,2026-09-05
city_renton,Mandingo,city,0.0,0.0,,none,0.0,,,derived,https://www.rentonwa.gov/Home,2026-09-05
city_renton,Mandinka,city,0.0,0.0,,none,0.0,,,derived,https://www.rentonwa.gov/Home,2026-09-05
city_renton,Marathi,city,0.0,0.0,,none,0.0,,,derived,https://www.rentonwa.gov/Home,2026-09-05
city_renton,Marquesan,city,0.0,0.0,,none,0.0,,,derived,https://www.rentonwa.gov/Home,2026-09-05
city_renton,Marshallese,city,0.0,0.0,,none,0.0,,,derived,https://www.rentonwa.gov/Home,2026-09-05
city_renton,Maya-Quiche,city,0.0,0.0,,none,0.0,,,derived,https://www.rentonwa.gov/Home,2026-09-05
city_renton,Mien,city,0.0,0.0,,none,0.0,,,derived,https://www.rentonwa.gov/Home,2026-09-05
city_renton,Mixteco,city,0.0,0.0,,none,0.0,,,derived,https://www.rentonwa.gov/Home,2026-09-05
city_renton,Moldavian,city,0.0,0.0,,none,0.0,,,derived,https://www.rentonwa.gov/Home,2026-09-05
city_renton,Mongolian,city,0.0,0.0,,none,0.0,,,derived,https://www.rentonwa.gov/Home,2026-09-05
city_renton,Moore,city,0.0,0.0,,none,0.0,,,derived,https://www.rentonwa.gov/Home,2026-09-05
city_renton,"Nahuatl, Guerrero region",city,0.0,0.0,,none,0.0,,,derived,https://www.rentonwa.gov/Home,2026-09-05
city_renton,Nepali,city,1.0,2.0,,machine_widget,0.0,,,derived,https://www.rentonwa.gov/Home,2026-09-05
city_renton,Nuer,city,0.0,0.0,,none,0.0,,,derived,https://www.rentonwa.gov/Home,2026-09-05
city_renton,Oromo,city,0.0,0.0,,none,0.0,,,derived,https://www.rentonwa.gov/Home,2026-09-05
city_renton,Palau,city,0.0,0.0,,none,0.0,,,derived,https://www.rentonwa.gov/Home,2026-09-05
city_renton,Pashai,city,0.0,0.0,,none,0.0,,,derived,https://www.rentonwa.gov/Home,2026-09-05
city_renton,Pashto,city,0.0,0.0,,none,0.0,,,derived,https://www.rentonwa.gov/Home,2026-09-05
city_renton,Pere,city,0.0,0.0,,none,0.0,,,derived,https://www.rentonwa.gov/Home,2026-09-05
city_renton,Polish,city,0.0,0.0,,none,0.0,,,derived,https://www.rentonwa.gov/Home,2026-09-05
city_renton,Portuguese,city,1.0,2.0,,machine_widget,0.0,,,derived,https://www.rentonwa.gov/Home,2026-09-05
city_renton,Punjabi,city,1.0,2.0,,machine_widget,0.0,,,derived,https://www.rentonwa.gov/Home,2026-09-05
city_renton,Purepecha,city,0.0,0.0,,none,0.0,,,derived,https://www.rentonwa.gov/Home,2026-09-05
city_renton,Rohingya,city,0.0,0.0,,none,0.0,,,derived,https://www.rentonwa.gov/Home,2026-09-05
city_renton,Romanian,city,0.0,0.0,,none,0.0,,,derived,https://www.rentonwa.gov/Home,2026-09-05
city_renton,Russian,city,1.0,2.0,,machine_widget,0.0,,,derived,https://www.rentonwa.gov/Home,2026-09-05
city_renton,Samoan,city,0.0,0.0,,none,0.0,,,derived,https://www.rentonwa.gov/Home,2026-09-05
city_renton,Sao,city,0.0,0.0,,none,0.0,,,derived,https://www.rentonwa.gov/Home,2026-09-05
city_renton,Serbo-Croation,city,0.0,0.0,,none,0.0,,,derived,https://www.rentonwa.gov/Home,2026-09-05
city_renton,Shona,city,0.0,0.0,,none,0.0,,,derived,https://www.rentonwa.gov/Home,2026-09-05
city_renton,Sinhalese,city,0.0,0.0,,none,0.0,,,derived,https://www.rentonwa.gov/Home,2026-09-05
city_renton,Slovenian,city,0.0,0.0,,none,0.0,,,derived,https://www.rentonwa.gov/Home,2026-09-05
city_renton,Somali,city,1.0,2.0,,machine_widget,0.0,,,derived,https://www.rentonwa.gov/Home,2026-09-05
city_renton,Soninke,city,0.0,0.0,,none,0.0,,,derived,https://www.rentonwa.gov/Home,2026-09-05
city_renton,Sotho,city,0.0,0.0,,none,0.0,,,derived,https://www.rentonwa.gov/Home,2026-09-05
city_renton,Spanish,city,1.0,2.0,,machine_widget,0.0,,,derived,https://www.rentonwa.gov/Home,2026-09-05
city_renton,Swahili,city,0.0,0.0,,none,0.0,,,derived,https://www.rentonwa.gov/Home,2026-09-05
city_renton,Tagalog,city,1.0,2.0,,machine_widget,0.0,,,derived,https://www.rentonwa.gov/Home,2026-09-05
city_renton,Taishanese,city,0.0,0.0,,none,0.0,,,derived,https://www.rentonwa.gov/Home,2026-09-05
city_renton,Tajiki,city,0.0,0.0,,none,0.0,,,derived,https://www.rentonwa.gov/Home,2026-09-05
city_renton,Tamil,city,0.0,0.0,,none,0.0,,,derived,https://www.rentonwa.gov/Home,2026-09-05
city_renton,Tarasco,city,0.0,0.0,,none,0.0,,,derived,https://www.rentonwa.gov/Home,2026-09-05
city_renton,Tedim,city,0.0,0.0,,none,0.0,,,derived,https://www.rentonwa.gov/Home,2026-09-05
city_renton,Telugu,city,0.0,0.0,,none,0.0,,,derived,https://www.rentonwa.gov/Home,2026-09-05
city_renton,Thai,city,0.0,0.0,,none,0.0,,,derived,https://www.rentonwa.gov/Home,2026-09-05
city_renton,Tibetan,city,0.0,0.0,,none,0.0,,,derived,https://www.rentonwa.gov/Home,2026-09-05
city_renton,Tigrinya,city,0.0,0.0,,none,0.0,,,derived,https://www.rentonwa.gov/Home,2026-09-05
city_renton,Tongan,city,0.0,0.0,,none,0.0,,,derived,https://www.rentonwa.gov/Home,2026-09-05
city_renton,Turkish,city,0.0,0.0,,none,0.0,,,derived,https://www.rentonwa.gov/Home,2026-09-05
city_renton,Twi,city,0.0,0.0,,none,0.0,,,derived,https://www.rentonwa.gov/Home,2026-09-05
city_renton,Ukrainian,city,1.0,2.0,,machine_widget,0.0,,,derived,https://www.rentonwa.gov/Home,2026-09-05
city_renton,Urdu,city,0.0,0.0,,none,0.0,,,derived,https://www.rentonwa.gov/Home,2026-09-05
city_renton,Uzbek,city,0.0,0.0,,none,0.0,,,derived,https://www.rentonwa.gov/Home,2026-09-05
city_renton,Vietnamese,city,1.0,2.0,,machine_widget,0.0,,,derived,https://www.rentonwa.gov/Home,2026-09-05
city_renton,Wolof,city,0.0,0.0,,none,0.0,,,derived,https://www.rentonwa.gov/Home,2026-09-05
city_renton,Yap,city,0.0,0.0,,none,0.0,,,derived,https://www.rentonwa.gov/Home,2026-09-05
city_renton,Yoruba,city,0.0,0.0,,none,0.0,,,derived,https://www.rentonwa.gov/Home,2026-09-05
city_seatac,Acholi,city,1.0,2.0,,machine_widget,0.0,,,derived,https://www.seatacwa.gov,2026-09-05
city_seatac,Aguacateco,city,0.0,0.0,,none,0.0,,,derived,https://www.seatacwa.gov,2026-09-05
city_seatac,Akateko,city,0.0,0.0,,none,0.0,,,derived,https://www.seatacwa.gov,2026-09-05
city_seatac,Albanian,city,1.0,2.0,,machine_widget,0.0,,,derived,https://www.seatacwa.gov,2026-09-05
city_seatac,American Sign Language,city,0.0,0.0,,none,0.0,,,derived,https://www.seatacwa.gov,2026-09-05
city_seatac,Amharic,city,1.0,2.0,,machine_widget,0.0,,,derived,https://www.seatacwa.gov,2026-09-05
city_seatac,Arabic,city,1.0,2.0,,machine_widget,0.0,,,derived,https://www.seatacwa.gov,2026-09-05
city_seatac,Armenian,city,1.0,2.0,,machine_widget,0.0,,,derived,https://www.seatacwa.gov,2026-09-05
city_seatac,Ayula-Bambara,city,0.0,0.0,,none,0.0,,,derived,https://www.seatacwa.gov,2026-09-05
city_seatac,Azerbaijani,city,1.0,2.0,,machine_widget,0.0,,,derived,https://www.seatacwa.gov,2026-09-05
city_seatac,Bambara,city,1.0,2.0,,machine_widget,0.0,,,derived,https://www.seatacwa.gov,2026-09-05
city_seatac,Bangala,city,0.0,0.0,,none,0.0,,,derived,https://www.seatacwa.gov,2026-09-05
city_seatac,Bassa,city,0.0,0.0,,none,0.0,,,derived,https://www.seatacwa.gov,2026-09-05
city_seatac,Bengali,city,1.0,2.0,,machine_widget,0.0,,,derived,https://www.seatacwa.gov,2026-09-05
city_seatac,Bosnian,city,1.0,2.0,,machine_widget,0.0,,,derived,https://www.seatacwa.gov,2026-09-05
city_seatac,Bulgarian,city,1.0,2.0,,machine_widget,0.0,,,derived,https://www.seatacwa.gov,2026-09-05
city_seatac,Burmese,city,1.0,2.0,,machine_widget,0.0,,,derived,https://www.seatacwa.gov,2026-09-05
city_seatac,Carolinian,city,0.0,0.0,,none,0.0,,,derived,https://www.seatacwa.gov,2026-09-05
city_seatac,Catalan,city,1.0,2.0,,machine_widget,0.0,,,derived,https://www.seatacwa.gov,2026-09-05
city_seatac,Cebuano,city,1.0,2.0,,machine_widget,0.0,,,derived,https://www.seatacwa.gov,2026-09-05
city_seatac,Cham,city,0.0,0.0,,none,0.0,,,derived,https://www.seatacwa.gov,2026-09-05
city_seatac,Chamorro,city,1.0,2.0,,machine_widget,0.0,,,derived,https://www.seatacwa.gov,2026-09-05
city_seatac,Chin,city,0.0,0.0,,none,0.0,,,derived,https://www.seatacwa.gov,2026-09-05
city_seatac,Chinese-Cantonese,city,1.0,2.0,,machine_widget,0.0,,,derived,https://www.seatacwa.gov,2026-09-05
city_seatac,Chinese-Fukienese,city,0.0,0.0,,none,0.0,,,derived,https://www.seatacwa.gov,2026-09-05
city_seatac,Chinese-Mandarin,city,1.0,2.0,,machine_widget,0.0,,,derived,https://www.seatacwa.gov,2026-09-05
city_seatac,Chinese-Taiwanese,city,0.0,0.0,,none,0.0,,,derived,https://www.seatacwa.gov,2026-09-05
city_seatac,Chuukese,city,1.0,2.0,,machine_widget,0.0,,,derived,https://www.seatacwa.gov,2026-09-05
city_seatac,Dari,city,1.0,2.0,,machine_widget,0.0,,,derived,https://www.seatacwa.gov,2026-09-05
city_seatac,Dinka,city,1.0,2.0,,machine_widget,0.0,,,derived,https://www.seatacwa.gov,2026-09-05
city_seatac,Dutch,city,1.0,2.0,,machine_widget,0.0,,,derived,https://www.seatacwa.gov,2026-09-05
city_seatac,Egyptian-Arabic,city,0.0,0.0,,none,0.0,,,derived,https://www.seatacwa.gov,2026-09-05
city_seatac,Eritai,city,0.0,0.0,,none,0.0,,,derived,https://www.seatacwa.gov,2026-09-05
city_seatac,Estonian,city,1.0,2.0,,machine_widget,0.0,,,derived,https://www.seatacwa.gov,2026-09-05
city_seatac,Ewe,city,1.0,2.0,,machine_widget,0.0,,,derived,https://www.seatacwa.gov,2026-09-05
city_seatac,Fallani,city,0.0,0.0,,none,0.0,,,derived,https://www.seatacwa.gov,2026-09-05
city_seatac,Farsi,city,1.0,2.0,,machine_widget,0.0,,,derived,https://www.seatacwa.gov,2026-09-05
city_seatac,French,city,1.0,2.0,,machine_widget,0.0,,,derived,https://www.seatacwa.gov,2026-09-05
city_seatac,Fula,city,0.0,0.0,,none,0.0,,,derived,https://www.seatacwa.gov,2026-09-05
city_seatac,Ga,city,1.0,2.0,,machine_widget,0.0,,,derived,https://www.seatacwa.gov,2026-09-05
city_seatac,German,city,1.0,2.0,,machine_widget,0.0,,,derived,https://www.seatacwa.gov,2026-09-05
city_seatac,"Greek, Modern",city,0.0,0.0,,none,0.0,,,derived,https://www.seatacwa.gov,2026-09-05
city_seatac,Gujarati,city,1.0,2.0,,machine_widget,0.0,,,derived,https://www.seatacwa.gov,2026-09-05
city_seatac,Haitian Creole,city,1.0,2.0,,machine_widget,0.0,,,derived,https://www.seatacwa.gov,2026-09-05
city_seatac,Hausa,city,1.0,2.0,,machine_widget,0.0,,,derived,https://www.seatacwa.gov,2026-09-05
city_seatac,Hawaiian,city,1.0,2.0,,machine_widget,0.0,,,derived,https://www.seatacwa.gov,2026-09-05
city_seatac,Herero,city,0.0,0.0,,none,0.0,,,derived,https://www.seatacwa.gov,2026-09-05
city_seatac,Hindi,city,1.0,2.0,,machine_widget,0.0,,,derived,https://www.seatacwa.gov,2026-09-05
city_seatac,Hmong,city,1.0,2.0,,machine_widget,0.0,,,derived,https://www.seatacwa.gov,2026-09-05
city_seatac,Hungarian,city,1.0,2.0,,machine_widget,0.0,,,derived,https://www.seatacwa.gov,2026-09-05
city_seatac,Igbo,city,1.0,2.0,,machine_widget,0.0,,,derived,https://www.seatacwa.gov,2026-09-05
city_seatac,Ilokano,city,1.0,2.0,,machine_widget,0.0,,,derived,https://www.seatacwa.gov,2026-09-05
city_seatac,Indonesian,city,1.0,2.0,,machine_widget,0.0,,,derived,https://www.seatacwa.gov,2026-09-05
city_seatac,Italian,city,1.0,2.0,,machine_widget,0.0,,,derived,https://www.seatacwa.gov,2026-09-05
city_seatac,Japanese,city,1.0,2.0,,machine_widget,0.0,,,derived,https://www.seatacwa.gov,2026-09-05
city_seatac,Kakwa,city,0.0,0.0,,none,0.0,,,derived,https://www.seatacwa.gov,2026-09-05
city_seatac,Kannada,city,1.0,2.0,,machine_widget,0.0,,,derived,https://www.seatacwa.gov,2026-09-05
city_seatac,Karen,city,0.0,0.0,,none,0.0,,,derived,https://www.seatacwa.gov,2026-09-05
city_seatac,Karenni,city,0.0,0.0,,none,0.0,,,derived,https://www.seatacwa.gov,2026-09-05
city_seatac,Kazakh,city,1.0,2.0,,machine_widget,0.0,,,derived,https://www.seatacwa.gov,2026-09-05
city_seatac,Khmer,city,1.0,2.0,,machine_widget,0.0,,,derived,https://www.seatacwa.gov,2026-09-05
city_seatac,Kikuyu,city,0.0,0.0,,none,0.0,,,derived,https://www.seatacwa.gov,2026-09-05
city_seatac,Kinyarwanda,city,1.0,2.0,,machine_widget,0.0,,,derived,https://www.seatacwa.gov,2026-09-05
city_seatac,Kirgiz,city,0.0,0.0,,none,0.0,,,derived,https://www.seatacwa.gov,2026-09-05
city_seatac,Kirundi,city,0.0,0.0,,none,0.0,,,derived,https://www.seatacwa.gov,2026-09-05
city_seatac,Kmhmu,city,0.0,0.0,,none,0.0,,,derived,https://www.seatacwa.gov,2026-09-05
city_seatac,Kongo,city,0.0,0.0,,none,0.0,,,derived,https://www.seatacwa.gov,2026-09-05
city_seatac,Korean,city,1.0,2.0,,machine_widget,0.0,,,derived,https://www.seatacwa.gov,2026-09-05
city_seatac,Kosraean,city,0.0,0.0,,none,0.0,,,derived,https://www.seatacwa.gov,2026-09-05
city_seatac,Krahn,city,0.0,0.0,,none,0.0,,,derived,https://www.seatacwa.gov,2026-09-05
city_seatac,Krio,city,1.0,2.0,,machine_widget,0.0,,,derived,https://www.seatacwa.gov,2026-09-05
city_seatac,Kru,city,0.0,0.0,,none,0.0,,,derived,https://www.seatacwa.gov,2026-09-05
city_seatac,Kurdish,city,1.0,2.0,,machine_widget,0.0,,,derived,https://www.seatacwa.gov,2026-09-05
city_seatac,Lao,city,1.0,2.0,,machine_widget,0.0,,,derived,https://www.seatacwa.gov,2026-09-05
city_seatac,Latvian,city,1.0,2.0,,machine_widget,0.0,,,derived,https://www.seatacwa.gov,2026-09-05
city_seatac,Lingala,city,1.0,2.0,,machine_widget,0.0,,,derived,https://www.seatacwa.gov,2026-09-05
city_seatac,Luganda,city,1.0,2.0,,machine_widget,0.0,,,derived,https://www.seatacwa.gov,2026-09-05
city_seatac,Maay Maay,city,0.0,0.0,,none,0.0,,,derived,https://www.seatacwa.gov,2026-09-05
city_seatac,Malay,city,1.0,2.0,,machine_widget,0.0,,,derived,https://www.seatacwa.gov,2026-09-05
city_seatac,Malayalam,city,1.0,2.0,,machine_widget,0.0,,,derived,https://www.seatacwa.gov,2026-09-05
city_seatac,Mam,city,1.0,2.0,,machine_widget,0.0,,,derived,https://www.seatacwa.gov,2026-09-05
city_seatac,Mandingo,city,0.0,0.0,,none,0.0,,,derived,https://www.seatacwa.gov,2026-09-05
city_seatac,Mandinka,city,0.0,0.0,,none,0.0,,,derived,https://www.seatacwa.gov,2026-09-05
city_seatac,Marathi,city,1.0,2.0,,machine_widget,0.0,,,derived,https://www.seatacwa.gov,2026-09-05
city_seatac,Marquesan,city,0.0,0.0,,none,0.0,,,derived,https://www.seatacwa.gov,2026-09-05
city_seatac,Marshallese,city,1.0,2.0,,machine_widget,0.0,,,derived,https://www.seatacwa.gov,2026-09-05
city_seatac,Maya-Quiche,city,0.0,0.0,,none,0.0,,,derived,https://www.seatacwa.gov,2026-09-05
city_seatac,Mien,city,0.0,0.0,,none,0.0,,,derived,https://www.seatacwa.gov,2026-09-05
city_seatac,Mixteco,city,0.0,0.0,,none,0.0,,,derived,https://www.seatacwa.gov,2026-09-05
city_seatac,Moldavian,city,0.0,0.0,,none,0.0,,,derived,https://www.seatacwa.gov,2026-09-05
city_seatac,Mongolian,city,1.0,2.0,,machine_widget,0.0,,,derived,https://www.seatacwa.gov,2026-09-05
city_seatac,Moore,city,0.0,0.0,,none,0.0,,,derived,https://www.seatacwa.gov,2026-09-05
city_seatac,"Nahuatl, Guerrero region",city,0.0,0.0,,none,0.0,,,derived,https://www.seatacwa.gov,2026-09-05
city_seatac,Nepali,city,1.0,2.0,,machine_widget,0.0,,,derived,https://www.seatacwa.gov,2026-09-05
city_seatac,Nuer,city,1.0,2.0,,machine_widget,0.0,,,derived,https://www.seatacwa.gov,2026-09-05
city_seatac,Oromo,city,1.0,2.0,,machine_widget,0.0,,,derived,https://www.seatacwa.gov,2026-09-05
city_seatac,Palau,city,0.0,0.0,,none,0.0,,,derived,https://www.seatacwa.gov,2026-09-05
city_seatac,Pashai,city,0.0,0.0,,none,0.0,,,derived,https://www.seatacwa.gov,2026-09-05
city_seatac,Pashto,city,1.0,2.0,,machine_widget,0.0,,,derived,https://www.seatacwa.gov,2026-09-05
city_seatac,Pere,city,0.0,0.0,,none,0.0,,,derived,https://www.seatacwa.gov,2026-09-05
city_seatac,Polish,city,1.0,2.0,,machine_widget,0.0,,,derived,https://www.seatacwa.gov,2026-09-05
city_seatac,Portuguese,city,1.0,2.0,,machine_widget,0.0,,,derived,https://www.seatacwa.gov,2026-09-05
city_seatac,Punjabi,city,1.0,2.0,,machine_widget,0.0,,,derived,https://www.seatacwa.gov,2026-09-05
city_seatac,Purepecha,city,0.0,0.0,,none,0.0,,,derived,https://www.seatacwa.gov,2026-09-05
city_seatac,Rohingya,city,0.0,0.0,,none,0.0,,,derived,https://www.seatacwa.gov,2026-09-05
city_seatac,Romanian,city,1.0,2.0,,machine_widget,0.0,,,derived,https://www.seatacwa.gov,2026-09-05
city_seatac,Russian,city,1.0,2.0,,machine_widget,0.0,,,derived,https://www.seatacwa.gov,2026-09-05
city_seatac,Samoan,city,1.0,2.0,,machine_widget,0.0,,,derived,https://www.seatacwa.gov,2026-09-05
city_seatac,Sao,city,0.0,0.0,,none,0.0,,,derived,https://www.seatacwa.gov,2026-09-05
city_seatac,Serbo-Croation,city,0.0,0.0,,none,0.0,,,derived,https://www.seatacwa.gov,2026-09-05
city_seatac,Shona,city,1.0,2.0,,machine_widget,0.0,,,derived,https://www.seatacwa.gov,2026-09-05
city_seatac,Sinhalese,city,0.0,0.0,,none,0.0,,,derived,https://www.seatacwa.gov,2026-09-05
city_seatac,Slovenian,city,1.0,2.0,,machine_widget,0.0,,,derived,https://www.seatacwa.gov,2026-09-05
city_seatac,Somali,city,1.0,2.0,,machine_widget,0.0,,,derived,https://www.seatacwa.gov,2026-09-05
city_seatac,Soninke,city,0.0,0.0,,none,0.0,,,derived,https://www.seatacwa.gov,2026-09-05
city_seatac,Sotho,city,0.0,0.0,,none,0.0,,,derived,https://www.seatacwa.gov,2026-09-05
city_seatac,Spanish,city,1.0,2.0,,machine_widget,0.0,,,derived,https://www.seatacwa.gov,2026-09-05
city_seatac,Swahili,city,1.0,2.0,,machine_widget,0.0,,,derived,https://www.seatacwa.gov,2026-09-05
city_seatac,Tagalog,city,1.0,2.0,,machine_widget,0.0,,,derived,https://www.seatacwa.gov,2026-09-05
city_seatac,Taishanese,city,0.0,0.0,,none,0.0,,,derived,https://www.seatacwa.gov,2026-09-05
city_seatac,Tajiki,city,0.0,0.0,,none,0.0,,,derived,https://www.seatacwa.gov,2026-09-05
city_seatac,Tamil,city,1.0,2.0,,machine_widget,0.0,,,derived,https://www.seatacwa.gov,2026-09-05
city_seatac,Tarasco,city,0.0,0.0,,none,0.0,,,derived,https://www.seatacwa.gov,2026-09-05
city_seatac,Tedim,city,0.0,0.0,,none,0.0,,,derived,https://www.seatacwa.gov,2026-09-05
city_seatac,Telugu,city,1.0,2.0,,machine_widget,0.0,,,derived,https://www.seatacwa.gov,2026-09-05
city_seatac,Thai,city,1.0,2.0,,machine_widget,0.0,,,derived,https://www.seatacwa.gov,2026-09-05
city_seatac,Tibetan,city,1.0,2.0,,machine_widget,0.0,,,derived,https://www.seatacwa.gov,2026-09-05
city_seatac,Tigrinya,city,1.0,2.0,,machine_widget,0.0,,,derived,https://www.seatacwa.gov,2026-09-05
city_seatac,Tongan,city,1.0,2.0,,machine_widget,0.0,,,derived,https://www.seatacwa.gov,2026-09-05
city_seatac,Turkish,city,1.0,2.0,,machine_widget,0.0,,,derived,https://www.seatacwa.gov,2026-09-05
city_seatac,Twi,city,1.0,2.0,,machine_widget,0.0,,,derived,https://www.seatacwa.gov,2026-09-05
city_seatac,Ukrainian,city,1.0,2.0,,machine_widget,0.0,,,derived,https://www.seatacwa.gov,2026-09-05
city_seatac,Urdu,city,1.0,2.0,,machine_widget,0.0,,,derived,https://www.seatacwa.gov,2026-09-05
city_seatac,Uzbek,city,1.0,2.0,,machine_widget,0.0,,,derived,https://www.seatacwa.gov,2026-09-05
city_seatac,Vietnamese,city,1.0,2.0,,machine_widget,0.0,,,derived,https://www.seatacwa.gov,2026-09-05
city_seatac,Wolof,city,1.0,2.0,,machine_widget,0.0,,,derived,https://www.seatacwa.gov,2026-09-05
city_seatac,Yap,city,0.0,0.0,,none,0.0,,,derived,https://www.seatacwa.gov,2026-09-05
city_seatac,Yoruba,city,1.0,2.0,,machine_widget,0.0,,,derived,https://www.seatacwa.gov,2026-09-05
city_tukwila,Acholi,city,0.0,0.0,,none,0.0,,,derived,https://www.tukwilawa.gov,2026-09-05
city_tukwila,Aguacateco,city,0.0,0.0,,none,0.0,,,derived,https://www.tukwilawa.gov,2026-09-05
city_tukwila,Akateko,city,0.0,0.0,,none,0.0,,,derived,https://www.tukwilawa.gov,2026-09-05
city_tukwila,Albanian,city,0.0,0.0,,none,0.0,,,derived,https://www.tukwilawa.gov,2026-09-05
city_tukwila,American Sign Language,city,0.0,0.0,,none,0.0,,,derived,https://www.tukwilawa.gov,2026-09-05
city_tukwila,Amharic,city,1.0,2.0,,machine_widget,0.0,,,derived,https://www.tukwilawa.gov,2026-09-05
city_tukwila,Arabic,city,1.0,2.0,,machine_widget,0.0,,,derived,https://www.tukwilawa.gov,2026-09-05
city_tukwila,Armenian,city,0.0,0.0,,none,0.0,,,derived,https://www.tukwilawa.gov,2026-09-05
city_tukwila,Ayula-Bambara,city,0.0,0.0,,none,0.0,,,derived,https://www.tukwilawa.gov,2026-09-05
city_tukwila,Azerbaijani,city,0.0,0.0,,none,0.0,,,derived,https://www.tukwilawa.gov,2026-09-05
city_tukwila,Bambara,city,0.0,0.0,,none,0.0,,,derived,https://www.tukwilawa.gov,2026-09-05
city_tukwila,Bangala,city,0.0,0.0,,none,0.0,,,derived,https://www.tukwilawa.gov,2026-09-05
city_tukwila,Bassa,city,0.0,0.0,,none,0.0,,,derived,https://www.tukwilawa.gov,2026-09-05
city_tukwila,Bengali,city,0.0,0.0,,none,0.0,,,derived,https://www.tukwilawa.gov,2026-09-05
city_tukwila,Bosnian,city,0.0,0.0,,none,0.0,,,derived,https://www.tukwilawa.gov,2026-09-05
city_tukwila,Bulgarian,city,0.0,0.0,,none,0.0,,,derived,https://www.tukwilawa.gov,2026-09-05
city_tukwila,Burmese,city,3.0,2.0,,in_language_document,1.0,unchecked,unverified,derived,https://www.tukwilawa.gov/departments/parks-and-recreation/events/2023-fall-rec-guide_burmese/,2026-09-05
city_tukwila,Carolinian,city,0.0,0.0,,none,0.0,,,derived,https://www.tukwilawa.gov,2026-09-05
city_tukwila,Catalan,city,0.0,0.0,,none,0.0,,,derived,https://www.tukwilawa.gov,2026-09-05
city_tukwila,Cebuano,city,0.0,0.0,,none,0.0,,,derived,https://www.tukwilawa.gov,2026-09-05
city_tukwila,Cham,city,0.0,0.0,,none,0.0,,,derived,https://www.tukwilawa.gov,2026-09-05
city_tukwila,Chamorro,city,0.0,0.0,,none,0.0,,,derived,https://www.tukwilawa.gov,2026-09-05
city_tukwila,Chin,city,0.0,0.0,,none,0.0,,,derived,https://www.tukwilawa.gov,2026-09-05
city_tukwila,Chinese-Cantonese,city,0.0,0.0,,none,0.0,,,derived,https://www.tukwilawa.gov,2026-09-05
city_tukwila,Chinese-Fukienese,city,0.0,0.0,,none,0.0,,,derived,https://www.tukwilawa.gov,2026-09-05
city_tukwila,Chinese-Mandarin,city,0.0,0.0,,none,0.0,,,derived,https://www.tukwilawa.gov,2026-09-05
city_tukwila,Chinese-Taiwanese,city,0.0,0.0,,none,0.0,,,derived,https://www.tukwilawa.gov,2026-09-05
city_tukwila,Chuukese,city,0.0,0.0,,none,0.0,,,derived,https://www.tukwilawa.gov,2026-09-05
city_tukwila,Dari,city,3.0,2.0,,in_language_document,1.0,unchecked,unverified,derived,https://www.tukwilawa.gov/departments/parks-and-recreation/events/2023-fall-rec-guide_dari/,2026-09-05
city_tukwila,Dinka,city,0.0,0.0,,none,0.0,,,derived,https://www.tukwilawa.gov,2026-09-05
city_tukwila,Dutch,city,0.0,0.0,,none,0.0,,,derived,https://www.tukwilawa.gov,2026-09-05
city_tukwila,Egyptian-Arabic,city,0.0,0.0,,none,0.0,,,derived,https://www.tukwilawa.gov,2026-09-05
city_tukwila,Eritai,city,0.0,0.0,,none,0.0,,,derived,https://www.tukwilawa.gov,2026-09-05
city_tukwila,Estonian,city,0.0,0.0,,none,0.0,,,derived,https://www.tukwilawa.gov,2026-09-05
city_tukwila,Ewe,city,0.0,0.0,,none,0.0,,,derived,https://www.tukwilawa.gov,2026-09-05
city_tukwila,Fallani,city,0.0,0.0,,none,0.0,,,derived,https://www.tukwilawa.gov,2026-09-05
city_tukwila,Farsi,city,1.0,2.0,,machine_widget,0.0,,,derived,https://www.tukwilawa.gov,2026-09-05
city_tukwila,French,city,1.0,2.0,,machine_widget,0.0,,,derived,https://www.tukwilawa.gov,2026-09-05
city_tukwila,Fula,city,0.0,0.0,,none,0.0,,,derived,https://www.tukwilawa.gov,2026-09-05
city_tukwila,Ga,city,0.0,0.0,,none,0.0,,,derived,https://www.tukwilawa.gov,2026-09-05
city_tukwila,German,city,1.0,2.0,,machine_widget,0.0,,,derived,https://www.tukwilawa.gov,2026-09-05
city_tukwila,"Greek, Modern",city,0.0,0.0,,none,0.0,,,derived,https://www.tukwilawa.gov,2026-09-05
city_tukwila,Gujarati,city,0.0,0.0,,none,0.0,,,derived,https://www.tukwilawa.gov,2026-09-05
city_tukwila,Haitian Creole,city,0.0,0.0,,none,0.0,,,derived,https://www.tukwilawa.gov,2026-09-05
city_tukwila,Hausa,city,0.0,0.0,,none,0.0,,,derived,https://www.tukwilawa.gov,2026-09-05
city_tukwila,Hawaiian,city,0.0,0.0,,none,0.0,,,derived,https://www.tukwilawa.gov,2026-09-05
city_tukwila,Herero,city,0.0,0.0,,none,0.0,,,derived,https://www.tukwilawa.gov,2026-09-05
city_tukwila,Hindi,city,1.0,2.0,,machine_widget,0.0,,,derived,https://www.tukwilawa.gov,2026-09-05
city_tukwila,Hmong,city,0.0,0.0,,none,0.0,,,derived,https://www.tukwilawa.gov,2026-09-05
city_tukwila,Hungarian,city,0.0,0.0,,none,0.0,,,derived,https://www.tukwilawa.gov,2026-09-05
city_tukwila,Igbo,city,0.0,0.0,,none,0.0,,,derived,https://www.tukwilawa.gov,2026-09-05
city_tukwila,Ilokano,city,0.0,0.0,,none,0.0,,,derived,https://www.tukwilawa.gov,2026-09-05
city_tukwila,Indonesian,city,0.0,0.0,,none,0.0,,,derived,https://www.tukwilawa.gov,2026-09-05
city_tukwila,Italian,city,1.0,2.0,,machine_widget,0.0,,,derived,https://www.tukwilawa.gov,2026-09-05
city_tukwila,Japanese,city,0.0,0.0,,none,0.0,,,derived,https://www.tukwilawa.gov,2026-09-05
city_tukwila,Kakwa,city,0.0,0.0,,none,0.0,,,derived,https://www.tukwilawa.gov,2026-09-05
city_tukwila,Kannada,city,0.0,0.0,,none,0.0,,,derived,https://www.tukwilawa.gov,2026-09-05
city_tukwila,Karen,city,0.0,0.0,,none,0.0,,,derived,https://www.tukwilawa.gov,2026-09-05
city_tukwila,Karenni,city,0.0,0.0,,none,0.0,,,derived,https://www.tukwilawa.gov,2026-09-05
city_tukwila,Kazakh,city,0.0,0.0,,none,0.0,,,derived,https://www.tukwilawa.gov,2026-09-05
city_tukwila,Khmer,city,0.0,0.0,,none,0.0,,,derived,https://www.tukwilawa.gov,2026-09-05
city_tukwila,Kikuyu,city,0.0,0.0,,none,0.0,,,derived,https://www.tukwilawa.gov,2026-09-05
city_tukwila,Kinyarwanda,city,0.0,0.0,,none,0.0,,,derived,https://www.tukwilawa.gov,2026-09-05
city_tukwila,Kirgiz,city,0.0,0.0,,none,0.0,,,derived,https://www.tukwilawa.gov,2026-09-05
city_tukwila,Kirundi,city,0.0,0.0,,none,0.0,,,derived,https://www.tukwilawa.gov,2026-09-05
city_tukwila,Kmhmu,city,0.0,0.0,,none,0.0,,,derived,https://www.tukwilawa.gov,2026-09-05
city_tukwila,Kongo,city,0.0,0.0,,none,0.0,,,derived,https://www.tukwilawa.gov,2026-09-05
city_tukwila,Korean,city,1.0,2.0,,machine_widget,0.0,,,derived,https://www.tukwilawa.gov,2026-09-05
city_tukwila,Kosraean,city,0.0,0.0,,none,0.0,,,derived,https://www.tukwilawa.gov,2026-09-05
city_tukwila,Krahn,city,0.0,0.0,,none,0.0,,,derived,https://www.tukwilawa.gov,2026-09-05
city_tukwila,Krio,city,0.0,0.0,,none,0.0,,,derived,https://www.tukwilawa.gov,2026-09-05
city_tukwila,Kru,city,0.0,0.0,,none,0.0,,,derived,https://www.tukwilawa.gov,2026-09-05
city_tukwila,Kurdish,city,0.0,0.0,,none,0.0,,,derived,https://www.tukwilawa.gov,2026-09-05
city_tukwila,Lao,city,0.0,0.0,,none,0.0,,,derived,https://www.tukwilawa.gov,2026-09-05
city_tukwila,Latvian,city,0.0,0.0,,none,0.0,,,derived,https://www.tukwilawa.gov,2026-09-05
city_tukwila,Lingala,city,0.0,0.0,,none,0.0,,,derived,https://www.tukwilawa.gov,2026-09-05
city_tukwila,Luganda,city,0.0,0.0,,none,0.0,,,derived,https://www.tukwilawa.gov,2026-09-05
city_tukwila,Maay Maay,city,0.0,0.0,,none,0.0,,,derived,https://www.tukwilawa.gov,2026-09-05
city_tukwila,Malay,city,0.0,0.0,,none,0.0,,,derived,https://www.tukwilawa.gov,2026-09-05
city_tukwila,Malayalam,city,0.0,0.0,,none,0.0,,,derived,https://www.tukwilawa.gov,2026-09-05
city_tukwila,Mam,city,0.0,0.0,,none,0.0,,,derived,https://www.tukwilawa.gov,2026-09-05
city_tukwila,Mandingo,city,0.0,0.0,,none,0.0,,,derived,https://www.tukwilawa.gov,2026-09-05
city_tukwila,Mandinka,city,0.0,0.0,,none,0.0,,,derived,https://www.tukwilawa.gov,2026-09-05
city_tukwila,Marathi,city,0.0,0.0,,none,0.0,,,derived,https://www.tukwilawa.gov,2026-09-05
city_tukwila,Marquesan,city,0.0,0.0,,none,0.0,,,derived,https://www.tukwilawa.gov,2026-09-05
city_tukwila,Marshallese,city,0.0,0.0,,none,0.0,,,derived,https://www.tukwilawa.gov,2026-09-05
city_tukwila,Maya-Quiche,city,0.0,0.0,,none,0.0,,,derived,https://www.tukwilawa.gov,2026-09-05
city_tukwila,Mien,city,0.0,0.0,,none,0.0,,,derived,https://www.tukwilawa.gov,2026-09-05
city_tukwila,Mixteco,city,0.0,0.0,,none,0.0,,,derived,https://www.tukwilawa.gov,2026-09-05
city_tukwila,Moldavian,city,0.0,0.0,,none,0.0,,,derived,https://www.tukwilawa.gov,2026-09-05
city_tukwila,Mongolian,city,0.0,0.0,,none,0.0,,,derived,https://www.tukwilawa.gov,2026-09-05
city_tukwila,Moore,city,0.0,0.0,,none,0.0,,,derived,https://www.tukwilawa.gov,2026-09-05
city_tukwila,"Nahuatl, Guerrero region",city,0.0,0.0,,none,0.0,,,derived,https://www.tukwilawa.gov,2026-09-05
city_tukwila,Nepali,city,3.0,2.0,,in_language_document,1.0,unchecked,unverified,derived,https://www.tukwilawa.gov/departments/parks-and-recreation/events/2023-fall-rec-guide_nepali/,2026-09-05
city_tukwila,Nuer,city,0.0,0.0,,none,0.0,,,derived,https://www.tukwilawa.gov,2026-09-05
city_tukwila,Oromo,city,0.0,0.0,,none,0.0,,,derived,https://www.tukwilawa.gov,2026-09-05
city_tukwila,Palau,city,0.0,0.0,,none,0.0,,,derived,https://www.tukwilawa.gov,2026-09-05
city_tukwila,Pashai,city,0.0,0.0,,none,0.0,,,derived,https://www.tukwilawa.gov,2026-09-05
city_tukwila,Pashto,city,0.0,0.0,,none,0.0,,,derived,https://www.tukwilawa.gov,2026-09-05
city_tukwila,Pere,city,0.0,0.0,,none,0.0,,,derived,https://www.tukwilawa.gov,2026-09-05
city_tukwila,Polish,city,0.0,0.0,,none,0.0,,,derived,https://www.tukwilawa.gov,2026-09-05
city_tukwila,Portuguese,city,0.0,0.0,,none,0.0,,,derived,https://www.tukwilawa.gov,2026-09-05
city_tukwila,Punjabi,city,0.0,0.0,,none,0.0,,,derived,https://www.tukwilawa.gov,2026-09-05
city_tukwila,Purepecha,city,0.0,0.0,,none,0.0,,,derived,https://www.tukwilawa.gov,2026-09-05
city_tukwila,Rohingya,city,0.0,0.0,,none,0.0,,,derived,https://www.tukwilawa.gov,2026-09-05
city_tukwila,Romanian,city,0.0,0.0,,none,0.0,,,derived,https://www.tukwilawa.gov,2026-09-05
city_tukwila,Russian,city,0.0,0.0,,none,0.0,,,derived,https://www.tukwilawa.gov,2026-09-05
city_tukwila,Samoan,city,0.0,0.0,,none,0.0,,,derived,https://www.tukwilawa.gov,2026-09-05
city_tukwila,Sao,city,0.0,0.0,,none,0.0,,,derived,https://www.tukwilawa.gov,2026-09-05
city_tukwila,Serbo-Croation,city,0.0,0.0,,none,0.0,,,derived,https://www.tukwilawa.gov,2026-09-05
city_tukwila,Shona,city,0.0,0.0,,none,0.0,,,derived,https://www.tukwilawa.gov,2026-09-05
city_tukwila,Sinhalese,city,0.0,0.0,,none,0.0,,,derived,https://www.tukwilawa.gov,2026-09-05
city_tukwila,Slovenian,city,0.0,0.0,,none,0.0,,,derived,https://www.tukwilawa.gov,2026-09-05
city_tukwila,Somali,city,3.0,2.0,,in_language_document,5.0,unchecked,unverified,derived,https://www.tukwilawa.gov/departments/finance/2024-tls-notice-to-employees-somali/,2026-09-05
city_tukwila,Soninke,city,0.0,0.0,,none,0.0,,,derived,https://www.tukwilawa.gov,2026-09-05
city_tukwila,Sotho,city,0.0,0.0,,none,0.0,,,derived,https://www.tukwilawa.gov,2026-09-05
city_tukwila,Spanish,city,3.0,2.0,,in_language_document,8.0,unchecked,unverified,derived,https://www.tukwilawa.gov/become-tukwila-community-connector/tukwila-connectors-flyer-spanish/,2026-09-05
city_tukwila,Swahili,city,0.0,0.0,,none,0.0,,,derived,https://www.tukwilawa.gov,2026-09-05
city_tukwila,Tagalog,city,1.0,2.0,,machine_widget,0.0,,,derived,https://www.tukwilawa.gov,2026-09-05
city_tukwila,Taishanese,city,0.0,0.0,,none,0.0,,,derived,https://www.tukwilawa.gov,2026-09-05
city_tukwila,Tajiki,city,0.0,0.0,,none,0.0,,,derived,https://www.tukwilawa.gov,2026-09-05
city_tukwila,Tamil,city,0.0,0.0,,none,0.0,,,derived,https://www.tukwilawa.gov,2026-09-05
city_tukwila,Tarasco,city,0.0,0.0,,none,0.0,,,derived,https://www.tukwilawa.gov,2026-09-05
city_tukwila,Tedim,city,0.0,0.0,,none,0.0,,,derived,https://www.tukwilawa.gov,2026-09-05
city_tukwila,Telugu,city,0.0,0.0,,none,0.0,,,derived,https://www.tukwilawa.gov,2026-09-05
city_tukwila,Thai,city,0.0,0.0,,none,0.0,,,derived,https://www.tukwilawa.gov,2026-09-05
city_tukwila,Tibetan,city,0.0,0.0,,none,0.0,,,derived,https://www.tukwilawa.gov,2026-09-05
city_tukwila,Tigrinya,city,0.0,0.0,,none,0.0,,,derived,https://www.tukwilawa.gov,2026-09-05
city_tukwila,Tongan,city,0.0,0.0,,none,0.0,,,derived,https://www.tukwilawa.gov,2026-09-05
city_tukwila,Turkish,city,0.0,0.0,,none,0.0,,,derived,https://www.tukwilawa.gov,2026-09-05
city_tukwila,Twi,city,0.0,0.0,,none,0.0,,,derived,https://www.tukwilawa.gov,2026-09-05
city_tukwila,Ukrainian,city,0.0,0.0,,none,0.0,,,derived,https://www.tukwilawa.gov,2026-09-05
city_tukwila,Urdu,city,0.0,0.0,,none,0.0,,,derived,https://www.tukwilawa.gov,2026-09-05
city_tukwila,Uzbek,city,0.0,0.0,,none,0.0,,,derived,https://www.tukwilawa.gov,2026-09-05
city_tukwila,Vietnamese,city,3.0,2.0,,in_language_document,6.0,unchecked,unverified,derived,https://www.tukwilawa.gov/departments/finance/2024-tls-notice-to-employees-vietnamese/,2026-09-05
city_tukwila,Wolof,city,0.0,0.0,,none,0.0,,,derived,https://www.tukwilawa.gov,2026-09-05
city_tukwila,Yap,city,0.0,0.0,,none,0.0,,,derived,https://www.tukwilawa.gov,2026-09-05
city_tukwila,Yoruba,city,0.0,0.0,,none,0.0,,,derived,https://www.tukwilawa.gov,2026-09-05
food_auburn,Acholi,food,0.0,0.0,,none,0.0,,,derived,https://www.theauburnfoodbank.org,2026-09-06
food_auburn,Aguacateco,food,0.0,0.0,,none,0.0,,,derived,https://www.theauburnfoodbank.org,2026-09-06
food_auburn,Akateko,food,0.0,0.0,,none,0.0,,,derived,https://www.theauburnfoodbank.org,2026-09-06
food_auburn,Albanian,food,0.0,0.0,,none,0.0,,,derived,https://www.theauburnfoodbank.org,2026-09-06
food_auburn,American Sign Language,food,0.0,0.0,,none,0.0,,,derived,https://www.theauburnfoodbank.org,2026-09-06
food_auburn,Amharic,food,0.0,0.0,,none,0.0,,,derived,https://www.theauburnfoodbank.org,2026-09-06
food_auburn,Arabic,food,0.0,0.0,,none,0.0,,,derived,https://www.theauburnfoodbank.org,2026-09-06
food_auburn,Armenian,food,0.0,0.0,,none,0.0,,,derived,https://www.theauburnfoodbank.org,2026-09-06
food_auburn,Ayula-Bambara,food,0.0,0.0,,none,0.0,,,derived,https://www.theauburnfoodbank.org,2026-09-06
food_auburn,Azerbaijani,food,0.0,0.0,,none,0.0,,,derived,https://www.theauburnfoodbank.org,2026-09-06
food_auburn,Bambara,food,0.0,0.0,,none,0.0,,,derived,https://www.theauburnfoodbank.org,2026-09-06
food_auburn,Bangala,food,0.0,0.0,,none,0.0,,,derived,https://www.theauburnfoodbank.org,2026-09-06
food_auburn,Bassa,food,0.0,0.0,,none,0.0,,,derived,https://www.theauburnfoodbank.org,2026-09-06
food_auburn,Bengali,food,0.0,0.0,,none,0.0,,,derived,https://www.theauburnfoodbank.org,2026-09-06
food_auburn,Bosnian,food,0.0,0.0,,none,0.0,,,derived,https://www.theauburnfoodbank.org,2026-09-06
food_auburn,Bulgarian,food,0.0,0.0,,none,0.0,,,derived,https://www.theauburnfoodbank.org,2026-09-06
food_auburn,Burmese,food,0.0,0.0,,none,0.0,,,derived,https://www.theauburnfoodbank.org,2026-09-06
food_auburn,Carolinian,food,0.0,0.0,,none,0.0,,,derived,https://www.theauburnfoodbank.org,2026-09-06
food_auburn,Catalan,food,0.0,0.0,,none,0.0,,,derived,https://www.theauburnfoodbank.org,2026-09-06
food_auburn,Cebuano,food,0.0,0.0,,none,0.0,,,derived,https://www.theauburnfoodbank.org,2026-09-06
food_auburn,Cham,food,0.0,0.0,,none,0.0,,,derived,https://www.theauburnfoodbank.org,2026-09-06
food_auburn,Chamorro,food,0.0,0.0,,none,0.0,,,derived,https://www.theauburnfoodbank.org,2026-09-06
food_auburn,Chin,food,0.0,0.0,,none,0.0,,,derived,https://www.theauburnfoodbank.org,2026-09-06
food_auburn,Chinese-Cantonese,food,0.0,0.0,,none,0.0,,,derived,https://www.theauburnfoodbank.org,2026-09-06
food_auburn,Chinese-Fukienese,food,0.0,0.0,,none,0.0,,,derived,https://www.theauburnfoodbank.org,2026-09-06
food_auburn,Chinese-Mandarin,food,0.0,0.0,,none,0.0,,,derived,https://www.theauburnfoodbank.org,2026-09-06
food_auburn,Chinese-Taiwanese,food,0.0,0.0,,none,0.0,,,derived,https://www.theauburnfoodbank.org,2026-09-06
food_auburn,Chuukese,food,0.0,0.0,,none,0.0,,,derived,https://www.theauburnfoodbank.org,2026-09-06
food_auburn,Dari,food,0.0,0.0,,none,0.0,,,derived,https://www.theauburnfoodbank.org,2026-09-06
food_auburn,Dinka,food,0.0,0.0,,none,0.0,,,derived,https://www.theauburnfoodbank.org,2026-09-06
food_auburn,Dutch,food,0.0,0.0,,none,0.0,,,derived,https://www.theauburnfoodbank.org,2026-09-06
food_auburn,Egyptian-Arabic,food,0.0,0.0,,none,0.0,,,derived,https://www.theauburnfoodbank.org,2026-09-06
food_auburn,Eritai,food,0.0,0.0,,none,0.0,,,derived,https://www.theauburnfoodbank.org,2026-09-06
food_auburn,Estonian,food,0.0,0.0,,none,0.0,,,derived,https://www.theauburnfoodbank.org,2026-09-06
food_auburn,Ewe,food,0.0,0.0,,none,0.0,,,derived,https://www.theauburnfoodbank.org,2026-09-06
food_auburn,Fallani,food,0.0,0.0,,none,0.0,,,derived,https://www.theauburnfoodbank.org,2026-09-06
food_auburn,Farsi,food,0.0,0.0,,none,0.0,,,derived,https://www.theauburnfoodbank.org,2026-09-06
food_auburn,French,food,0.0,0.0,,none,0.0,,,derived,https://www.theauburnfoodbank.org,2026-09-06
food_auburn,Fula,food,0.0,0.0,,none,0.0,,,derived,https://www.theauburnfoodbank.org,2026-09-06
food_auburn,Ga,food,0.0,0.0,,none,0.0,,,derived,https://www.theauburnfoodbank.org,2026-09-06
food_auburn,German,food,0.0,0.0,,none,0.0,,,derived,https://www.theauburnfoodbank.org,2026-09-06
food_auburn,"Greek, Modern",food,0.0,0.0,,none,0.0,,,derived,https://www.theauburnfoodbank.org,2026-09-06
food_auburn,Gujarati,food,0.0,0.0,,none,0.0,,,derived,https://www.theauburnfoodbank.org,2026-09-06
food_auburn,Haitian Creole,food,0.0,0.0,,none,0.0,,,derived,https://www.theauburnfoodbank.org,2026-09-06
food_auburn,Hausa,food,0.0,0.0,,none,0.0,,,derived,https://www.theauburnfoodbank.org,2026-09-06
food_auburn,Hawaiian,food,0.0,0.0,,none,0.0,,,derived,https://www.theauburnfoodbank.org,2026-09-06
food_auburn,Herero,food,0.0,0.0,,none,0.0,,,derived,https://www.theauburnfoodbank.org,2026-09-06
food_auburn,Hindi,food,0.0,0.0,,none,0.0,,,derived,https://www.theauburnfoodbank.org,2026-09-06
food_auburn,Hmong,food,0.0,0.0,,none,0.0,,,derived,https://www.theauburnfoodbank.org,2026-09-06
food_auburn,Hungarian,food,0.0,0.0,,none,0.0,,,derived,https://www.theauburnfoodbank.org,2026-09-06
food_auburn,Igbo,food,0.0,0.0,,none,0.0,,,derived,https://www.theauburnfoodbank.org,2026-09-06
food_auburn,Ilokano,food,0.0,0.0,,none,0.0,,,derived,https://www.theauburnfoodbank.org,2026-09-06
food_auburn,Indonesian,food,0.0,0.0,,none,0.0,,,derived,https://www.theauburnfoodbank.org,2026-09-06
food_auburn,Italian,food,0.0,0.0,,none,0.0,,,derived,https://www.theauburnfoodbank.org,2026-09-06
food_auburn,Japanese,food,0.0,0.0,,none,0.0,,,derived,https://www.theauburnfoodbank.org,2026-09-06
food_auburn,Kakwa,food,0.0,0.0,,none,0.0,,,derived,https://www.theauburnfoodbank.org,2026-09-06
food_auburn,Kannada,food,0.0,0.0,,none,0.0,,,derived,https://www.theauburnfoodbank.org,2026-09-06
food_auburn,Karen,food,0.0,0.0,,none,0.0,,,derived,https://www.theauburnfoodbank.org,2026-09-06
food_auburn,Karenni,food,0.0,0.0,,none,0.0,,,derived,https://www.theauburnfoodbank.org,2026-09-06
food_auburn,Kazakh,food,0.0,0.0,,none,0.0,,,derived,https://www.theauburnfoodbank.org,2026-09-06
food_auburn,Khmer,food,0.0,0.0,,none,0.0,,,derived,https://www.theauburnfoodbank.org,2026-09-06
food_auburn,Kikuyu,food,0.0,0.0,,none,0.0,,,derived,https://www.theauburnfoodbank.org,2026-09-06
food_auburn,Kinyarwanda,food,0.0,0.0,,none,0.0,,,derived,https://www.theauburnfoodbank.org,2026-09-06
food_auburn,Kirgiz,food,0.0,0.0,,none,0.0,,,derived,https://www.theauburnfoodbank.org,2026-09-06
food_auburn,Kirundi,food,0.0,0.0,,none,0.0,,,derived,https://www.theauburnfoodbank.org,2026-09-06
food_auburn,Kmhmu,food,0.0,0.0,,none,0.0,,,derived,https://www.theauburnfoodbank.org,2026-09-06
food_auburn,Kongo,food,0.0,0.0,,none,0.0,,,derived,https://www.theauburnfoodbank.org,2026-09-06
food_auburn,Korean,food,0.0,0.0,,none,0.0,,,derived,https://www.theauburnfoodbank.org,2026-09-06
food_auburn,Kosraean,food,0.0,0.0,,none,0.0,,,derived,https://www.theauburnfoodbank.org,2026-09-06
food_auburn,Krahn,food,0.0,0.0,,none,0.0,,,derived,https://www.theauburnfoodbank.org,2026-09-06
food_auburn,Krio,food,0.0,0.0,,none,0.0,,,derived,https://www.theauburnfoodbank.org,2026-09-06
food_auburn,Kru,food,0.0,0.0,,none,0.0,,,derived,https://www.theauburnfoodbank.org,2026-09-06
food_auburn,Kurdish,food,0.0,0.0,,none,0.0,,,derived,https://www.theauburnfoodbank.org,2026-09-06
food_auburn,Lao,food,0.0,0.0,,none,0.0,,,derived,https://www.theauburnfoodbank.org,2026-09-06
food_auburn,Latvian,food,0.0,0.0,,none,0.0,,,derived,https://www.theauburnfoodbank.org,2026-09-06
food_auburn,Lingala,food,0.0,0.0,,none,0.0,,,derived,https://www.theauburnfoodbank.org,2026-09-06
food_auburn,Luganda,food,0.0,0.0,,none,0.0,,,derived,https://www.theauburnfoodbank.org,2026-09-06
food_auburn,Maay Maay,food,0.0,0.0,,none,0.0,,,derived,https://www.theauburnfoodbank.org,2026-09-06
food_auburn,Malay,food,0.0,0.0,,none,0.0,,,derived,https://www.theauburnfoodbank.org,2026-09-06
food_auburn,Malayalam,food,0.0,0.0,,none,0.0,,,derived,https://www.theauburnfoodbank.org,2026-09-06
food_auburn,Mam,food,0.0,0.0,,none,0.0,,,derived,https://www.theauburnfoodbank.org,2026-09-06
food_auburn,Mandingo,food,0.0,0.0,,none,0.0,,,derived,https://www.theauburnfoodbank.org,2026-09-06
food_auburn,Mandinka,food,0.0,0.0,,none,0.0,,,derived,https://www.theauburnfoodbank.org,2026-09-06
food_auburn,Marathi,food,0.0,0.0,,none,0.0,,,derived,https://www.theauburnfoodbank.org,2026-09-06
food_auburn,Marquesan,food,0.0,0.0,,none,0.0,,,derived,https://www.theauburnfoodbank.org,2026-09-06
food_auburn,Marshallese,food,0.0,0.0,,none,0.0,,,derived,https://www.theauburnfoodbank.org,2026-09-06
food_auburn,Maya-Quiche,food,0.0,0.0,,none,0.0,,,derived,https://www.theauburnfoodbank.org,2026-09-06
food_auburn,Mien,food,0.0,0.0,,none,0.0,,,derived,https://www.theauburnfoodbank.org,2026-09-06
food_auburn,Mixteco,food,0.0,0.0,,none,0.0,,,derived,https://www.theauburnfoodbank.org,2026-09-06
food_auburn,Moldavian,food,0.0,0.0,,none,0.0,,,derived,https://www.theauburnfoodbank.org,2026-09-06
food_auburn,Mongolian,food,0.0,0.0,,none,0.0,,,derived,https://www.theauburnfoodbank.org,2026-09-06
food_auburn,Moore,food,0.0,0.0,,none,0.0,,,derived,https://www.theauburnfoodbank.org,2026-09-06
food_auburn,"Nahuatl, Guerrero region",food,0.0,0.0,,none,0.0,,,derived,https://www.theauburnfoodbank.org,2026-09-06
food_auburn,Nepali,food,0.0,0.0,,none,0.0,,,derived,https://www.theauburnfoodbank.org,2026-09-06
food_auburn,Nuer,food,0.0,0.0,,none,0.0,,,derived,https://www.theauburnfoodbank.org,2026-09-06
food_auburn,Oromo,food,0.0,0.0,,none,0.0,,,derived,https://www.theauburnfoodbank.org,2026-09-06
food_auburn,Palau,food,0.0,0.0,,none,0.0,,,derived,https://www.theauburnfoodbank.org,2026-09-06
food_auburn,Pashai,food,0.0,0.0,,none,0.0,,,derived,https://www.theauburnfoodbank.org,2026-09-06
food_auburn,Pashto,food,0.0,0.0,,none,0.0,,,derived,https://www.theauburnfoodbank.org,2026-09-06
food_auburn,Pere,food,0.0,0.0,,none,0.0,,,derived,https://www.theauburnfoodbank.org,2026-09-06
food_auburn,Polish,food,0.0,0.0,,none,0.0,,,derived,https://www.theauburnfoodbank.org,2026-09-06
food_auburn,Portuguese,food,0.0,0.0,,none,0.0,,,derived,https://www.theauburnfoodbank.org,2026-09-06
food_auburn,Punjabi,food,0.0,0.0,,none,0.0,,,derived,https://www.theauburnfoodbank.org,2026-09-06
food_auburn,Purepecha,food,0.0,0.0,,none,0.0,,,derived,https://www.theauburnfoodbank.org,2026-09-06
food_auburn,Rohingya,food,0.0,0.0,,none,0.0,,,derived,https://www.theauburnfoodbank.org,2026-09-06
food_auburn,Romanian,food,0.0,0.0,,none,0.0,,,derived,https://www.theauburnfoodbank.org,2026-09-06
food_auburn,Russian,food,0.0,0.0,,none,0.0,,,derived,https://www.theauburnfoodbank.org,2026-09-06
food_auburn,Samoan,food,0.0,0.0,,none,0.0,,,derived,https://www.theauburnfoodbank.org,2026-09-06
food_auburn,Sao,food,0.0,0.0,,none,0.0,,,derived,https://www.theauburnfoodbank.org,2026-09-06
food_auburn,Serbo-Croation,food,0.0,0.0,,none,0.0,,,derived,https://www.theauburnfoodbank.org,2026-09-06
food_auburn,Shona,food,0.0,0.0,,none,0.0,,,derived,https://www.theauburnfoodbank.org,2026-09-06
food_auburn,Sinhalese,food,0.0,0.0,,none,0.0,,,derived,https://www.theauburnfoodbank.org,2026-09-06
food_auburn,Slovenian,food,0.0,0.0,,none,0.0,,,derived,https://www.theauburnfoodbank.org,2026-09-06
food_auburn,Somali,food,0.0,0.0,,none,0.0,,,derived,https://www.theauburnfoodbank.org,2026-09-06
food_auburn,Soninke,food,0.0,0.0,,none,0.0,,,derived,https://www.theauburnfoodbank.org,2026-09-06
food_auburn,Sotho,food,0.0,0.0,,none,0.0,,,derived,https://www.theauburnfoodbank.org,2026-09-06
food_auburn,Spanish,food,0.0,0.0,,none,0.0,,,derived,https://www.theauburnfoodbank.org,2026-09-06
food_auburn,Swahili,food,0.0,0.0,,none,0.0,,,derived,https://www.theauburnfoodbank.org,2026-09-06
food_auburn,Tagalog,food,0.0,0.0,,none,0.0,,,derived,https://www.theauburnfoodbank.org,2026-09-06
food_auburn,Taishanese,food,0.0,0.0,,none,0.0,,,derived,https://www.theauburnfoodbank.org,2026-09-06
food_auburn,Tajiki,food,0.0,0.0,,none,0.0,,,derived,https://www.theauburnfoodbank.org,2026-09-06
food_auburn,Tamil,food,0.0,0.0,,none,0.0,,,derived,https://www.theauburnfoodbank.org,2026-09-06
food_auburn,Tarasco,food,0.0,0.0,,none,0.0,,,derived,https://www.theauburnfoodbank.org,2026-09-06
food_auburn,Tedim,food,0.0,0.0,,none,0.0,,,derived,https://www.theauburnfoodbank.org,2026-09-06
food_auburn,Telugu,food,0.0,0.0,,none,0.0,,,derived,https://www.theauburnfoodbank.org,2026-09-06
food_auburn,Thai,food,0.0,0.0,,none,0.0,,,derived,https://www.theauburnfoodbank.org,2026-09-06
food_auburn,Tibetan,food,0.0,0.0,,none,0.0,,,derived,https://www.theauburnfoodbank.org,2026-09-06
food_auburn,Tigrinya,food,0.0,0.0,,none,0.0,,,derived,https://www.theauburnfoodbank.org,2026-09-06
food_auburn,Tongan,food,0.0,0.0,,none,0.0,,,derived,https://www.theauburnfoodbank.org,2026-09-06
food_auburn,Turkish,food,0.0,0.0,,none,0.0,,,derived,https://www.theauburnfoodbank.org,2026-09-06
food_auburn,Twi,food,0.0,0.0,,none,0.0,,,derived,https://www.theauburnfoodbank.org,2026-09-06
food_auburn,Ukrainian,food,0.0,0.0,,none,0.0,,,derived,https://www.theauburnfoodbank.org,2026-09-06
food_auburn,Urdu,food,0.0,0.0,,none,0.0,,,derived,https://www.theauburnfoodbank.org,2026-09-06
food_auburn,Uzbek,food,0.0,0.0,,none,0.0,,,derived,https://www.theauburnfoodbank.org,2026-09-06
food_auburn,Vietnamese,food,0.0,0.0,,none,0.0,,,derived,https://www.theauburnfoodbank.org,2026-09-06
food_auburn,Wolof,food,0.0,0.0,,none,0.0,,,derived,https://www.theauburnfoodbank.org,2026-09-06
food_auburn,Yap,food,0.0,0.0,,none,0.0,,,derived,https://www.theauburnfoodbank.org,2026-09-06
food_auburn,Yoruba,food,0.0,0.0,,none,0.0,,,derived,https://www.theauburnfoodbank.org,2026-09-06
food_kent,Acholi,food,,,,not_assessed,,,,unreachable,https://kentfoodbank.org,2026-09-06
food_kent,Aguacateco,food,,,,not_assessed,,,,unreachable,https://kentfoodbank.org,2026-09-06
food_kent,Akateko,food,,,,not_assessed,,,,unreachable,https://kentfoodbank.org,2026-09-06
food_kent,Albanian,food,,,,not_assessed,,,,unreachable,https://kentfoodbank.org,2026-09-06
food_kent,American Sign Language,food,,,,not_assessed,,,,unreachable,https://kentfoodbank.org,2026-09-06
food_kent,Amharic,food,,,,not_assessed,,,,unreachable,https://kentfoodbank.org,2026-09-06
food_kent,Arabic,food,,,,not_assessed,,,,unreachable,https://kentfoodbank.org,2026-09-06
food_kent,Armenian,food,,,,not_assessed,,,,unreachable,https://kentfoodbank.org,2026-09-06
food_kent,Ayula-Bambara,food,,,,not_assessed,,,,unreachable,https://kentfoodbank.org,2026-09-06
food_kent,Azerbaijani,food,,,,not_assessed,,,,unreachable,https://kentfoodbank.org,2026-09-06
food_kent,Bambara,food,,,,not_assessed,,,,unreachable,https://kentfoodbank.org,2026-09-06
food_kent,Bangala,food,,,,not_assessed,,,,unreachable,https://kentfoodbank.org,2026-09-06
food_kent,Bassa,food,,,,not_assessed,,,,unreachable,https://kentfoodbank.org,2026-09-06
food_kent,Bengali,food,,,,not_assessed,,,,unreachable,https://kentfoodbank.org,2026-09-06
food_kent,Bosnian,food,,,,not_assessed,,,,unreachable,https://kentfoodbank.org,2026-09-06
food_kent,Bulgarian,food,,,,not_assessed,,,,unreachable,https://kentfoodbank.org,2026-09-06
food_kent,Burmese,food,,,,not_assessed,,,,unreachable,https://kentfoodbank.org,2026-09-06
food_kent,Carolinian,food,,,,not_assessed,,,,unreachable,https://kentfoodbank.org,2026-09-06
food_kent,Catalan,food,,,,not_assessed,,,,unreachable,https://kentfoodbank.org,2026-09-06
food_kent,Cebuano,food,,,,not_assessed,,,,unreachable,https://kentfoodbank.org,2026-09-06
food_kent,Cham,food,,,,not_assessed,,,,unreachable,https://kentfoodbank.org,2026-09-06
food_kent,Chamorro,food,,,,not_assessed,,,,unreachable,https://kentfoodbank.org,2026-09-06
food_kent,Chin,food,,,,not_assessed,,,,unreachable,https://kentfoodbank.org,2026-09-06
food_kent,Chinese-Cantonese,food,,,,not_assessed,,,,unreachable,https://kentfoodbank.org,2026-09-06
food_kent,Chinese-Fukienese,food,,,,not_assessed,,,,unreachable,https://kentfoodbank.org,2026-09-06
food_kent,Chinese-Mandarin,food,,,,not_assessed,,,,unreachable,https://kentfoodbank.org,2026-09-06
food_kent,Chinese-Taiwanese,food,,,,not_assessed,,,,unreachable,https://kentfoodbank.org,2026-09-06
food_kent,Chuukese,food,,,,not_assessed,,,,unreachable,https://kentfoodbank.org,2026-09-06
food_kent,Dari,food,,,,not_assessed,,,,unreachable,https://kentfoodbank.org,2026-09-06
food_kent,Dinka,food,,,,not_assessed,,,,unreachable,https://kentfoodbank.org,2026-09-06
food_kent,Dutch,food,,,,not_assessed,,,,unreachable,https://kentfoodbank.org,2026-09-06
food_kent,Egyptian-Arabic,food,,,,not_assessed,,,,unreachable,https://kentfoodbank.org,2026-09-06
food_kent,Eritai,food,,,,not_assessed,,,,unreachable,https://kentfoodbank.org,2026-09-06
food_kent,Estonian,food,,,,not_assessed,,,,unreachable,https://kentfoodbank.org,2026-09-06
food_kent,Ewe,food,,,,not_assessed,,,,unreachable,https://kentfoodbank.org,2026-09-06
food_kent,Fallani,food,,,,not_assessed,,,,unreachable,https://kentfoodbank.org,2026-09-06
food_kent,Farsi,food,,,,not_assessed,,,,unreachable,https://kentfoodbank.org,2026-09-06
food_kent,French,food,,,,not_assessed,,,,unreachable,https://kentfoodbank.org,2026-09-06
food_kent,Fula,food,,,,not_assessed,,,,unreachable,https://kentfoodbank.org,2026-09-06
food_kent,Ga,food,,,,not_assessed,,,,unreachable,https://kentfoodbank.org,2026-09-06
food_kent,German,food,,,,not_assessed,,,,unreachable,https://kentfoodbank.org,2026-09-06
food_kent,"Greek, Modern",food,,,,not_assessed,,,,unreachable,https://kentfoodbank.org,2026-09-06
food_kent,Gujarati,food,,,,not_assessed,,,,unreachable,https://kentfoodbank.org,2026-09-06
food_kent,Haitian Creole,food,,,,not_assessed,,,,unreachable,https://kentfoodbank.org,2026-09-06
food_kent,Hausa,food,,,,not_assessed,,,,unreachable,https://kentfoodbank.org,2026-09-06
food_kent,Hawaiian,food,,,,not_assessed,,,,unreachable,https://kentfoodbank.org,2026-09-06
food_kent,Herero,food,,,,not_assessed,,,,unreachable,https://kentfoodbank.org,2026-09-06
food_kent,Hindi,food,,,,not_assessed,,,,unreachable,https://kentfoodbank.org,2026-09-06
food_kent,Hmong,food,,,,not_assessed,,,,unreachable,https://kentfoodbank.org,2026-09-06
food_kent,Hungarian,food,,,,not_assessed,,,,unreachable,https://kentfoodbank.org,2026-09-06
food_kent,Igbo,food,,,,not_assessed,,,,unreachable,https://kentfoodbank.org,2026-09-06
food_kent,Ilokano,food,,,,not_assessed,,,,unreachable,https://kentfoodbank.org,2026-09-06
food_kent,Indonesian,food,,,,not_assessed,,,,unreachable,https://kentfoodbank.org,2026-09-06
food_kent,Italian,food,,,,not_assessed,,,,unreachable,https://kentfoodbank.org,2026-09-06
food_kent,Japanese,food,,,,not_assessed,,,,unreachable,https://kentfoodbank.org,2026-09-06
food_kent,Kakwa,food,,,,not_assessed,,,,unreachable,https://kentfoodbank.org,2026-09-06
food_kent,Kannada,food,,,,not_assessed,,,,unreachable,https://kentfoodbank.org,2026-09-06
food_kent,Karen,food,,,,not_assessed,,,,unreachable,https://kentfoodbank.org,2026-09-06
food_kent,Karenni,food,,,,not_assessed,,,,unreachable,https://kentfoodbank.org,2026-09-06
food_kent,Kazakh,food,,,,not_assessed,,,,unreachable,https://kentfoodbank.org,2026-09-06
food_kent,Khmer,food,,,,not_assessed,,,,unreachable,https://kentfoodbank.org,2026-09-06
food_kent,Kikuyu,food,,,,not_assessed,,,,unreachable,https://kentfoodbank.org,2026-09-06
food_kent,Kinyarwanda,food,,,,not_assessed,,,,unreachable,https://kentfoodbank.org,2026-09-06
food_kent,Kirgiz,food,,,,not_assessed,,,,unreachable,https://kentfoodbank.org,2026-09-06
food_kent,Kirundi,food,,,,not_assessed,,,,unreachable,https://kentfoodbank.org,2026-09-06
food_kent,Kmhmu,food,,,,not_assessed,,,,unreachable,https://kentfoodbank.org,2026-09-06
food_kent,Kongo,food,,,,not_assessed,,,,unreachable,https://kentfoodbank.org,2026-09-06
food_kent,Korean,food,,,,not_assessed,,,,unreachable,https://kentfoodbank.org,2026-09-06
food_kent,Kosraean,food,,,,not_assessed,,,,unreachable,https://kentfoodbank.org,2026-09-06
food_kent,Krahn,food,,,,not_assessed,,,,unreachable,https://kentfoodbank.org,2026-09-06
food_kent,Krio,food,,,,not_assessed,,,,unreachable,https://kentfoodbank.org,2026-09-06
food_kent,Kru,food,,,,not_assessed,,,,unreachable,https://kentfoodbank.org,2026-09-06
food_kent,Kurdish,food,,,,not_assessed,,,,unreachable,https://kentfoodbank.org,2026-09-06
food_kent,Lao,food,,,,not_assessed,,,,unreachable,https://kentfoodbank.org,2026-09-06
food_kent,Latvian,food,,,,not_assessed,,,,unreachable,https://kentfoodbank.org,2026-09-06
food_kent,Lingala,food,,,,not_assessed,,,,unreachable,https://kentfoodbank.org,2026-09-06
food_kent,Luganda,food,,,,not_assessed,,,,unreachable,https://kentfoodbank.org,2026-09-06
food_kent,Maay Maay,food,,,,not_assessed,,,,unreachable,https://kentfoodbank.org,2026-09-06
food_kent,Malay,food,,,,not_assessed,,,,unreachable,https://kentfoodbank.org,2026-09-06
food_kent,Malayalam,food,,,,not_assessed,,,,unreachable,https://kentfoodbank.org,2026-09-06
food_kent,Mam,food,,,,not_assessed,,,,unreachable,https://kentfoodbank.org,2026-09-06
food_kent,Mandingo,food,,,,not_assessed,,,,unreachable,https://kentfoodbank.org,2026-09-06
food_kent,Mandinka,food,,,,not_assessed,,,,unreachable,https://kentfoodbank.org,2026-09-06
food_kent,Marathi,food,,,,not_assessed,,,,unreachable,https://kentfoodbank.org,2026-09-06
food_kent,Marquesan,food,,,,not_assessed,,,,unreachable,https://kentfoodbank.org,2026-09-06
food_kent,Marshallese,food,,,,not_assessed,,,,unreachable,https://kentfoodbank.org,2026-09-06
food_kent,Maya-Quiche,food,,,,not_assessed,,,,unreachable,https://kentfoodbank.org,2026-09-06
food_kent,Mien,food,,,,not_assessed,,,,unreachable,https://kentfoodbank.org,2026-09-06
food_kent,Mixteco,food,,,,not_assessed,,,,unreachable,https://kentfoodbank.org,2026-09-06
food_kent,Moldavian,food,,,,not_assessed,,,,unreachable,https://kentfoodbank.org,2026-09-06
food_kent,Mongolian,food,,,,not_assessed,,,,unreachable,https://kentfoodbank.org,2026-09-06
food_kent,Moore,food,,,,not_assessed,,,,unreachable,https://kentfoodbank.org,2026-09-06
food_kent,"Nahuatl, Guerrero region",food,,,,not_assessed,,,,unreachable,https://kentfoodbank.org,2026-09-06
food_kent,Nepali,food,,,,not_assessed,,,,unreachable,https://kentfoodbank.org,2026-09-06
food_kent,Nuer,food,,,,not_assessed,,,,unreachable,https://kentfoodbank.org,2026-09-06
food_kent,Oromo,food,,,,not_assessed,,,,unreachable,https://kentfoodbank.org,2026-09-06
food_kent,Palau,food,,,,not_assessed,,,,unreachable,https://kentfoodbank.org,2026-09-06
food_kent,Pashai,food,,,,not_assessed,,,,unreachable,https://kentfoodbank.org,2026-09-06
food_kent,Pashto,food,,,,not_assessed,,,,unreachable,https://kentfoodbank.org,2026-09-06
food_kent,Pere,food,,,,not_assessed,,,,unreachable,https://kentfoodbank.org,2026-09-06
food_kent,Polish,food,,,,not_assessed,,,,unreachable,https://kentfoodbank.org,2026-09-06
food_kent,Portuguese,food,,,,not_assessed,,,,unreachable,https://kentfoodbank.org,2026-09-06
food_kent,Punjabi,food,,,,not_assessed,,,,unreachable,https://kentfoodbank.org,2026-09-06
food_kent,Purepecha,food,,,,not_assessed,,,,unreachable,https://kentfoodbank.org,2026-09-06
food_kent,Rohingya,food,,,,not_assessed,,,,unreachable,https://kentfoodbank.org,2026-09-06
food_kent,Romanian,food,,,,not_assessed,,,,unreachable,https://kentfoodbank.org,2026-09-06
food_kent,Russian,food,,,,not_assessed,,,,unreachable,https://kentfoodbank.org,2026-09-06
food_kent,Samoan,food,,,,not_assessed,,,,unreachable,https://kentfoodbank.org,2026-09-06
food_kent,Sao,food,,,,not_assessed,,,,unreachable,https://kentfoodbank.org,2026-09-06
food_kent,Serbo-Croation,food,,,,not_assessed,,,,unreachable,https://kentfoodbank.org,2026-09-06
food_kent,Shona,food,,,,not_assessed,,,,unreachable,https://kentfoodbank.org,2026-09-06
food_kent,Sinhalese,food,,,,not_assessed,,,,unreachable,https://kentfoodbank.org,2026-09-06
food_kent,Slovenian,food,,,,not_assessed,,,,unreachable,https://kentfoodbank.org,2026-09-06
food_kent,Somali,food,,,,not_assessed,,,,unreachable,https://kentfoodbank.org,2026-09-06
food_kent,Soninke,food,,,,not_assessed,,,,unreachable,https://kentfoodbank.org,2026-09-06
food_kent,Sotho,food,,,,not_assessed,,,,unreachable,https://kentfoodbank.org,2026-09-06
food_kent,Spanish,food,,,,not_assessed,,,,unreachable,https://kentfoodbank.org,2026-09-06
food_kent,Swahili,food,,,,not_assessed,,,,unreachable,https://kentfoodbank.org,2026-09-06
food_kent,Tagalog,food,,,,not_assessed,,,,unreachable,https://kentfoodbank.org,2026-09-06
food_kent,Taishanese,food,,,,not_assessed,,,,unreachable,https://kentfoodbank.org,2026-09-06
food_kent,Tajiki,food,,,,not_assessed,,,,unreachable,https://kentfoodbank.org,2026-09-06
food_kent,Tamil,food,,,,not_assessed,,,,unreachable,https://kentfoodbank.org,2026-09-06
food_kent,Tarasco,food,,,,not_assessed,,,,unreachable,https://kentfoodbank.org,2026-09-06
food_kent,Tedim,food,,,,not_assessed,,,,unreachable,https://kentfoodbank.org,2026-09-06
food_kent,Telugu,food,,,,not_assessed,,,,unreachable,https://kentfoodbank.org,2026-09-06
food_kent,Thai,food,,,,not_assessed,,,,unreachable,https://kentfoodbank.org,2026-09-06
food_kent,Tibetan,food,,,,not_assessed,,,,unreachable,https://kentfoodbank.org,2026-09-06
food_kent,Tigrinya,food,,,,not_assessed,,,,unreachable,https://kentfoodbank.org,2026-09-06
food_kent,Tongan,food,,,,not_assessed,,,,unreachable,https://kentfoodbank.org,2026-09-06
food_kent,Turkish,food,,,,not_assessed,,,,unreachable,https://kentfoodbank.org,2026-09-06
food_kent,Twi,food,,,,not_assessed,,,,unreachable,https://kentfoodbank.org,2026-09-06
food_kent,Ukrainian,food,,,,not_assessed,,,,unreachable,https://kentfoodbank.org,2026-09-06
food_kent,Urdu,food,,,,not_assessed,,,,unreachable,https://kentfoodbank.org,2026-09-06
food_kent,Uzbek,food,,,,not_assessed,,,,unreachable,https://kentfoodbank.org,2026-09-06
food_kent,Vietnamese,food,,,,not_assessed,,,,unreachable,https://kentfoodbank.org,2026-09-06
food_kent,Wolof,food,,,,not_assessed,,,,unreachable,https://kentfoodbank.org,2026-09-06
food_kent,Yap,food,,,,not_assessed,,,,unreachable,https://kentfoodbank.org,2026-09-06
food_kent,Yoruba,food,,,,not_assessed,,,,unreachable,https://kentfoodbank.org,2026-09-06
food_desmoines,Acholi,food,0.0,0.0,,none,0.0,,,derived,https://myfoodbank.org,2026-09-06
food_desmoines,Aguacateco,food,0.0,0.0,,none,0.0,,,derived,https://myfoodbank.org,2026-09-06
food_desmoines,Akateko,food,0.0,0.0,,none,0.0,,,derived,https://myfoodbank.org,2026-09-06
food_desmoines,Albanian,food,0.0,0.0,,none,0.0,,,derived,https://myfoodbank.org,2026-09-06
food_desmoines,American Sign Language,food,0.0,0.0,,none,0.0,,,derived,https://myfoodbank.org,2026-09-06
food_desmoines,Amharic,food,0.0,0.0,,none,0.0,,,derived,https://myfoodbank.org,2026-09-06
food_desmoines,Arabic,food,0.0,0.0,,none,0.0,,,derived,https://myfoodbank.org,2026-09-06
food_desmoines,Armenian,food,0.0,0.0,,none,0.0,,,derived,https://myfoodbank.org,2026-09-06
food_desmoines,Ayula-Bambara,food,0.0,0.0,,none,0.0,,,derived,https://myfoodbank.org,2026-09-06
food_desmoines,Azerbaijani,food,0.0,0.0,,none,0.0,,,derived,https://myfoodbank.org,2026-09-06
food_desmoines,Bambara,food,0.0,0.0,,none,0.0,,,derived,https://myfoodbank.org,2026-09-06
food_desmoines,Bangala,food,0.0,0.0,,none,0.0,,,derived,https://myfoodbank.org,2026-09-06
food_desmoines,Bassa,food,0.0,0.0,,none,0.0,,,derived,https://myfoodbank.org,2026-09-06
food_desmoines,Bengali,food,0.0,0.0,,none,0.0,,,derived,https://myfoodbank.org,2026-09-06
food_desmoines,Bosnian,food,0.0,0.0,,none,0.0,,,derived,https://myfoodbank.org,2026-09-06
food_desmoines,Bulgarian,food,0.0,0.0,,none,0.0,,,derived,https://myfoodbank.org,2026-09-06
food_desmoines,Burmese,food,0.0,0.0,,none,0.0,,,derived,https://myfoodbank.org,2026-09-06
food_desmoines,Carolinian,food,0.0,0.0,,none,0.0,,,derived,https://myfoodbank.org,2026-09-06
food_desmoines,Catalan,food,0.0,0.0,,none,0.0,,,derived,https://myfoodbank.org,2026-09-06
food_desmoines,Cebuano,food,0.0,0.0,,none,0.0,,,derived,https://myfoodbank.org,2026-09-06
food_desmoines,Cham,food,0.0,0.0,,none,0.0,,,derived,https://myfoodbank.org,2026-09-06
food_desmoines,Chamorro,food,0.0,0.0,,none,0.0,,,derived,https://myfoodbank.org,2026-09-06
food_desmoines,Chin,food,0.0,0.0,,none,0.0,,,derived,https://myfoodbank.org,2026-09-06
food_desmoines,Chinese-Cantonese,food,0.0,0.0,,none,0.0,,,derived,https://myfoodbank.org,2026-09-06
food_desmoines,Chinese-Fukienese,food,0.0,0.0,,none,0.0,,,derived,https://myfoodbank.org,2026-09-06
food_desmoines,Chinese-Mandarin,food,0.0,0.0,,none,0.0,,,derived,https://myfoodbank.org,2026-09-06
food_desmoines,Chinese-Taiwanese,food,0.0,0.0,,none,0.0,,,derived,https://myfoodbank.org,2026-09-06
food_desmoines,Chuukese,food,0.0,0.0,,none,0.0,,,derived,https://myfoodbank.org,2026-09-06
food_desmoines,Dari,food,0.0,0.0,,none,0.0,,,derived,https://myfoodbank.org,2026-09-06
food_desmoines,Dinka,food,0.0,0.0,,none,0.0,,,derived,https://myfoodbank.org,2026-09-06
food_desmoines,Dutch,food,0.0,0.0,,none,0.0,,,derived,https://myfoodbank.org,2026-09-06
food_desmoines,Egyptian-Arabic,food,0.0,0.0,,none,0.0,,,derived,https://myfoodbank.org,2026-09-06
food_desmoines,Eritai,food,0.0,0.0,,none,0.0,,,derived,https://myfoodbank.org,2026-09-06
food_desmoines,Estonian,food,0.0,0.0,,none,0.0,,,derived,https://myfoodbank.org,2026-09-06
food_desmoines,Ewe,food,0.0,0.0,,none,0.0,,,derived,https://myfoodbank.org,2026-09-06
food_desmoines,Fallani,food,0.0,0.0,,none,0.0,,,derived,https://myfoodbank.org,2026-09-06
food_desmoines,Farsi,food,0.0,0.0,,none,0.0,,,derived,https://myfoodbank.org,2026-09-06
food_desmoines,French,food,0.0,0.0,,none,0.0,,,derived,https://myfoodbank.org,2026-09-06
food_desmoines,Fula,food,0.0,0.0,,none,0.0,,,derived,https://myfoodbank.org,2026-09-06
food_desmoines,Ga,food,0.0,0.0,,none,0.0,,,derived,https://myfoodbank.org,2026-09-06
food_desmoines,German,food,0.0,0.0,,none,0.0,,,derived,https://myfoodbank.org,2026-09-06
food_desmoines,"Greek, Modern",food,0.0,0.0,,none,0.0,,,derived,https://myfoodbank.org,2026-09-06
food_desmoines,Gujarati,food,0.0,0.0,,none,0.0,,,derived,https://myfoodbank.org,2026-09-06
food_desmoines,Haitian Creole,food,0.0,0.0,,none,0.0,,,derived,https://myfoodbank.org,2026-09-06
food_desmoines,Hausa,food,0.0,0.0,,none,0.0,,,derived,https://myfoodbank.org,2026-09-06
food_desmoines,Hawaiian,food,0.0,0.0,,none,0.0,,,derived,https://myfoodbank.org,2026-09-06
food_desmoines,Herero,food,0.0,0.0,,none,0.0,,,derived,https://myfoodbank.org,2026-09-06
food_desmoines,Hindi,food,0.0,0.0,,none,0.0,,,derived,https://myfoodbank.org,2026-09-06
food_desmoines,Hmong,food,0.0,0.0,,none,0.0,,,derived,https://myfoodbank.org,2026-09-06
food_desmoines,Hungarian,food,0.0,0.0,,none,0.0,,,derived,https://myfoodbank.org,2026-09-06
food_desmoines,Igbo,food,0.0,0.0,,none,0.0,,,derived,https://myfoodbank.org,2026-09-06
food_desmoines,Ilokano,food,0.0,0.0,,none,0.0,,,derived,https://myfoodbank.org,2026-09-06
food_desmoines,Indonesian,food,0.0,0.0,,none,0.0,,,derived,https://myfoodbank.org,2026-09-06
food_desmoines,Italian,food,0.0,0.0,,none,0.0,,,derived,https://myfoodbank.org,2026-09-06
food_desmoines,Japanese,food,0.0,0.0,,none,0.0,,,derived,https://myfoodbank.org,2026-09-06
food_desmoines,Kakwa,food,0.0,0.0,,none,0.0,,,derived,https://myfoodbank.org,2026-09-06
food_desmoines,Kannada,food,0.0,0.0,,none,0.0,,,derived,https://myfoodbank.org,2026-09-06
food_desmoines,Karen,food,0.0,0.0,,none,0.0,,,derived,https://myfoodbank.org,2026-09-06
food_desmoines,Karenni,food,0.0,0.0,,none,0.0,,,derived,https://myfoodbank.org,2026-09-06
food_desmoines,Kazakh,food,0.0,0.0,,none,0.0,,,derived,https://myfoodbank.org,2026-09-06
food_desmoines,Khmer,food,0.0,0.0,,none,0.0,,,derived,https://myfoodbank.org,2026-09-06
food_desmoines,Kikuyu,food,0.0,0.0,,none,0.0,,,derived,https://myfoodbank.org,2026-09-06
food_desmoines,Kinyarwanda,food,0.0,0.0,,none,0.0,,,derived,https://myfoodbank.org,2026-09-06
food_desmoines,Kirgiz,food,0.0,0.0,,none,0.0,,,derived,https://myfoodbank.org,2026-09-06
food_desmoines,Kirundi,food,0.0,0.0,,none,0.0,,,derived,https://myfoodbank.org,2026-09-06
food_desmoines,Kmhmu,food,0.0,0.0,,none,0.0,,,derived,https://myfoodbank.org,2026-09-06
food_desmoines,Kongo,food,0.0,0.0,,none,0.0,,,derived,https://myfoodbank.org,2026-09-06
food_desmoines,Korean,food,0.0,0.0,,none,0.0,,,derived,https://myfoodbank.org,2026-09-06
food_desmoines,Kosraean,food,0.0,0.0,,none,0.0,,,derived,https://myfoodbank.org,2026-09-06
food_desmoines,Krahn,food,0.0,0.0,,none,0.0,,,derived,https://myfoodbank.org,2026-09-06
food_desmoines,Krio,food,0.0,0.0,,none,0.0,,,derived,https://myfoodbank.org,2026-09-06
food_desmoines,Kru,food,0.0,0.0,,none,0.0,,,derived,https://myfoodbank.org,2026-09-06
food_desmoines,Kurdish,food,0.0,0.0,,none,0.0,,,derived,https://myfoodbank.org,2026-09-06
food_desmoines,Lao,food,0.0,0.0,,none,0.0,,,derived,https://myfoodbank.org,2026-09-06
food_desmoines,Latvian,food,0.0,0.0,,none,0.0,,,derived,https://myfoodbank.org,2026-09-06
food_desmoines,Lingala,food,0.0,0.0,,none,0.0,,,derived,https://myfoodbank.org,2026-09-06
food_desmoines,Luganda,food,0.0,0.0,,none,0.0,,,derived,https://myfoodbank.org,2026-09-06
food_desmoines,Maay Maay,food,0.0,0.0,,none,0.0,,,derived,https://myfoodbank.org,2026-09-06
food_desmoines,Malay,food,0.0,0.0,,none,0.0,,,derived,https://myfoodbank.org,2026-09-06
food_desmoines,Malayalam,food,0.0,0.0,,none,0.0,,,derived,https://myfoodbank.org,2026-09-06
food_desmoines,Mam,food,0.0,0.0,,none,0.0,,,derived,https://myfoodbank.org,2026-09-06
food_desmoines,Mandingo,food,0.0,0.0,,none,0.0,,,derived,https://myfoodbank.org,2026-09-06
food_desmoines,Mandinka,food,0.0,0.0,,none,0.0,,,derived,https://myfoodbank.org,2026-09-06
food_desmoines,Marathi,food,0.0,0.0,,none,0.0,,,derived,https://myfoodbank.org,2026-09-06
food_desmoines,Marquesan,food,0.0,0.0,,none,0.0,,,derived,https://myfoodbank.org,2026-09-06
food_desmoines,Marshallese,food,0.0,0.0,,none,0.0,,,derived,https://myfoodbank.org,2026-09-06
food_desmoines,Maya-Quiche,food,0.0,0.0,,none,0.0,,,derived,https://myfoodbank.org,2026-09-06
food_desmoines,Mien,food,0.0,0.0,,none,0.0,,,derived,https://myfoodbank.org,2026-09-06
food_desmoines,Mixteco,food,0.0,0.0,,none,0.0,,,derived,https://myfoodbank.org,2026-09-06
food_desmoines,Moldavian,food,0.0,0.0,,none,0.0,,,derived,https://myfoodbank.org,2026-09-06
food_desmoines,Mongolian,food,0.0,0.0,,none,0.0,,,derived,https://myfoodbank.org,2026-09-06
food_desmoines,Moore,food,0.0,0.0,,none,0.0,,,derived,https://myfoodbank.org,2026-09-06
food_desmoines,"Nahuatl, Guerrero region",food,0.0,0.0,,none,0.0,,,derived,https://myfoodbank.org,2026-09-06
food_desmoines,Nepali,food,0.0,0.0,,none,0.0,,,derived,https://myfoodbank.org,2026-09-06
food_desmoines,Nuer,food,0.0,0.0,,none,0.0,,,derived,https://myfoodbank.org,2026-09-06
food_desmoines,Oromo,food,0.0,0.0,,none,0.0,,,derived,https://myfoodbank.org,2026-09-06
food_desmoines,Palau,food,0.0,0.0,,none,0.0,,,derived,https://myfoodbank.org,2026-09-06
food_desmoines,Pashai,food,0.0,0.0,,none,0.0,,,derived,https://myfoodbank.org,2026-09-06
food_desmoines,Pashto,food,0.0,0.0,,none,0.0,,,derived,https://myfoodbank.org,2026-09-06
food_desmoines,Pere,food,0.0,0.0,,none,0.0,,,derived,https://myfoodbank.org,2026-09-06
food_desmoines,Polish,food,0.0,0.0,,none,0.0,,,derived,https://myfoodbank.org,2026-09-06
food_desmoines,Portuguese,food,0.0,0.0,,none,0.0,,,derived,https://myfoodbank.org,2026-09-06
food_desmoines,Punjabi,food,0.0,0.0,,none,0.0,,,derived,https://myfoodbank.org,2026-09-06
food_desmoines,Purepecha,food,0.0,0.0,,none,0.0,,,derived,https://myfoodbank.org,2026-09-06
food_desmoines,Rohingya,food,0.0,0.0,,none,0.0,,,derived,https://myfoodbank.org,2026-09-06
food_desmoines,Romanian,food,0.0,0.0,,none,0.0,,,derived,https://myfoodbank.org,2026-09-06
food_desmoines,Russian,food,0.0,0.0,,none,0.0,,,derived,https://myfoodbank.org,2026-09-06
food_desmoines,Samoan,food,0.0,0.0,,none,0.0,,,derived,https://myfoodbank.org,2026-09-06
food_desmoines,Sao,food,0.0,0.0,,none,0.0,,,derived,https://myfoodbank.org,2026-09-06
food_desmoines,Serbo-Croation,food,0.0,0.0,,none,0.0,,,derived,https://myfoodbank.org,2026-09-06
food_desmoines,Shona,food,0.0,0.0,,none,0.0,,,derived,https://myfoodbank.org,2026-09-06
food_desmoines,Sinhalese,food,0.0,0.0,,none,0.0,,,derived,https://myfoodbank.org,2026-09-06
food_desmoines,Slovenian,food,0.0,0.0,,none,0.0,,,derived,https://myfoodbank.org,2026-09-06
food_desmoines,Somali,food,0.0,0.0,,none,0.0,,,derived,https://myfoodbank.org,2026-09-06
food_desmoines,Soninke,food,0.0,0.0,,none,0.0,,,derived,https://myfoodbank.org,2026-09-06
food_desmoines,Sotho,food,0.0,0.0,,none,0.0,,,derived,https://myfoodbank.org,2026-09-06
food_desmoines,Spanish,food,0.0,0.0,,none,0.0,,,derived,https://myfoodbank.org,2026-09-06
food_desmoines,Swahili,food,0.0,0.0,,none,0.0,,,derived,https://myfoodbank.org,2026-09-06
food_desmoines,Tagalog,food,0.0,0.0,,none,0.0,,,derived,https://myfoodbank.org,2026-09-06
food_desmoines,Taishanese,food,0.0,0.0,,none,0.0,,,derived,https://myfoodbank.org,2026-09-06
food_desmoines,Tajiki,food,0.0,0.0,,none,0.0,,,derived,https://myfoodbank.org,2026-09-06
food_desmoines,Tamil,food,0.0,0.0,,none,0.0,,,derived,https://myfoodbank.org,2026-09-06
food_desmoines,Tarasco,food,0.0,0.0,,none,0.0,,,derived,https://myfoodbank.org,2026-09-06
food_desmoines,Tedim,food,0.0,0.0,,none,0.0,,,derived,https://myfoodbank.org,2026-09-06
food_desmoines,Telugu,food,0.0,0.0,,none,0.0,,,derived,https://myfoodbank.org,2026-09-06
food_desmoines,Thai,food,0.0,0.0,,none,0.0,,,derived,https://myfoodbank.org,2026-09-06
food_desmoines,Tibetan,food,0.0,0.0,,none,0.0,,,derived,https://myfoodbank.org,2026-09-06
food_desmoines,Tigrinya,food,0.0,0.0,,none,0.0,,,derived,https://myfoodbank.org,2026-09-06
food_desmoines,Tongan,food,0.0,0.0,,none,0.0,,,derived,https://myfoodbank.org,2026-09-06
food_desmoines,Turkish,food,0.0,0.0,,none,0.0,,,derived,https://myfoodbank.org,2026-09-06
food_desmoines,Twi,food,0.0,0.0,,none,0.0,,,derived,https://myfoodbank.org,2026-09-06
food_desmoines,Ukrainian,food,0.0,0.0,,none,0.0,,,derived,https://myfoodbank.org,2026-09-06
food_desmoines,Urdu,food,0.0,0.0,,none,0.0,,,derived,https://myfoodbank.org,2026-09-06
food_desmoines,Uzbek,food,0.0,0.0,,none,0.0,,,derived,https://myfoodbank.org,2026-09-06
food_desmoines,Vietnamese,food,0.0,0.0,,none,0.0,,,derived,https://myfoodbank.org,2026-09-06
food_desmoines,Wolof,food,0.0,0.0,,none,0.0,,,derived,https://myfoodbank.org,2026-09-06
food_desmoines,Yap,food,0.0,0.0,,none,0.0,,,derived,https://myfoodbank.org,2026-09-06
food_desmoines,Yoruba,food,0.0,0.0,,none,0.0,,,derived,https://myfoodbank.org,2026-09-06
food_msc,Acholi,food,0.0,0.0,,none,0.0,,,derived,https://mschelps.org,2026-09-06
food_msc,Aguacateco,food,0.0,0.0,,none,0.0,,,derived,https://mschelps.org,2026-09-06
food_msc,Akateko,food,0.0,0.0,,none,0.0,,,derived,https://mschelps.org,2026-09-06
food_msc,Albanian,food,0.0,0.0,,none,0.0,,,derived,https://mschelps.org,2026-09-06
food_msc,American Sign Language,food,0.0,0.0,,none,0.0,,,derived,https://mschelps.org,2026-09-06
food_msc,Amharic,food,0.0,0.0,,none,0.0,,,derived,https://mschelps.org,2026-09-06
food_msc,Arabic,food,0.0,0.0,,none,0.0,,,derived,https://mschelps.org,2026-09-06
food_msc,Armenian,food,0.0,0.0,,none,0.0,,,derived,https://mschelps.org,2026-09-06
food_msc,Ayula-Bambara,food,0.0,0.0,,none,0.0,,,derived,https://mschelps.org,2026-09-06
food_msc,Azerbaijani,food,0.0,0.0,,none,0.0,,,derived,https://mschelps.org,2026-09-06
food_msc,Bambara,food,0.0,0.0,,none,0.0,,,derived,https://mschelps.org,2026-09-06
food_msc,Bangala,food,0.0,0.0,,none,0.0,,,derived,https://mschelps.org,2026-09-06
food_msc,Bassa,food,0.0,0.0,,none,0.0,,,derived,https://mschelps.org,2026-09-06
food_msc,Bengali,food,0.0,0.0,,none,0.0,,,derived,https://mschelps.org,2026-09-06
food_msc,Bosnian,food,0.0,0.0,,none,0.0,,,derived,https://mschelps.org,2026-09-06
food_msc,Bulgarian,food,0.0,0.0,,none,0.0,,,derived,https://mschelps.org,2026-09-06
food_msc,Burmese,food,0.0,0.0,,none,0.0,,,derived,https://mschelps.org,2026-09-06
food_msc,Carolinian,food,0.0,0.0,,none,0.0,,,derived,https://mschelps.org,2026-09-06
food_msc,Catalan,food,0.0,0.0,,none,0.0,,,derived,https://mschelps.org,2026-09-06
food_msc,Cebuano,food,0.0,0.0,,none,0.0,,,derived,https://mschelps.org,2026-09-06
food_msc,Cham,food,0.0,0.0,,none,0.0,,,derived,https://mschelps.org,2026-09-06
food_msc,Chamorro,food,0.0,0.0,,none,0.0,,,derived,https://mschelps.org,2026-09-06
food_msc,Chin,food,0.0,0.0,,none,0.0,,,derived,https://mschelps.org,2026-09-06
food_msc,Chinese-Cantonese,food,0.0,0.0,,none,0.0,,,derived,https://mschelps.org,2026-09-06
food_msc,Chinese-Fukienese,food,0.0,0.0,,none,0.0,,,derived,https://mschelps.org,2026-09-06
food_msc,Chinese-Mandarin,food,0.0,0.0,,none,0.0,,,derived,https://mschelps.org,2026-09-06
food_msc,Chinese-Taiwanese,food,0.0,0.0,,none,0.0,,,derived,https://mschelps.org,2026-09-06
food_msc,Chuukese,food,0.0,0.0,,none,0.0,,,derived,https://mschelps.org,2026-09-06
food_msc,Dari,food,0.0,0.0,,none,0.0,,,derived,https://mschelps.org,2026-09-06
food_msc,Dinka,food,0.0,0.0,,none,0.0,,,derived,https://mschelps.org,2026-09-06
food_msc,Dutch,food,0.0,0.0,,none,0.0,,,derived,https://mschelps.org,2026-09-06
food_msc,Egyptian-Arabic,food,0.0,0.0,,none,0.0,,,derived,https://mschelps.org,2026-09-06
food_msc,Eritai,food,0.0,0.0,,none,0.0,,,derived,https://mschelps.org,2026-09-06
food_msc,Estonian,food,0.0,0.0,,none,0.0,,,derived,https://mschelps.org,2026-09-06
food_msc,Ewe,food,0.0,0.0,,none,0.0,,,derived,https://mschelps.org,2026-09-06
food_msc,Fallani,food,0.0,0.0,,none,0.0,,,derived,https://mschelps.org,2026-09-06
food_msc,Farsi,food,0.0,0.0,,none,0.0,,,derived,https://mschelps.org,2026-09-06
food_msc,French,food,0.0,0.0,,none,0.0,,,derived,https://mschelps.org,2026-09-06
food_msc,Fula,food,0.0,0.0,,none,0.0,,,derived,https://mschelps.org,2026-09-06
food_msc,Ga,food,0.0,0.0,,none,0.0,,,derived,https://mschelps.org,2026-09-06
food_msc,German,food,0.0,0.0,,none,0.0,,,derived,https://mschelps.org,2026-09-06
food_msc,"Greek, Modern",food,0.0,0.0,,none,0.0,,,derived,https://mschelps.org,2026-09-06
food_msc,Gujarati,food,0.0,0.0,,none,0.0,,,derived,https://mschelps.org,2026-09-06
food_msc,Haitian Creole,food,0.0,0.0,,none,0.0,,,derived,https://mschelps.org,2026-09-06
food_msc,Hausa,food,0.0,0.0,,none,0.0,,,derived,https://mschelps.org,2026-09-06
food_msc,Hawaiian,food,0.0,0.0,,none,0.0,,,derived,https://mschelps.org,2026-09-06
food_msc,Herero,food,0.0,0.0,,none,0.0,,,derived,https://mschelps.org,2026-09-06
food_msc,Hindi,food,0.0,0.0,,none,0.0,,,derived,https://mschelps.org,2026-09-06
food_msc,Hmong,food,0.0,0.0,,none,0.0,,,derived,https://mschelps.org,2026-09-06
food_msc,Hungarian,food,0.0,0.0,,none,0.0,,,derived,https://mschelps.org,2026-09-06
food_msc,Igbo,food,0.0,0.0,,none,0.0,,,derived,https://mschelps.org,2026-09-06
food_msc,Ilokano,food,0.0,0.0,,none,0.0,,,derived,https://mschelps.org,2026-09-06
food_msc,Indonesian,food,0.0,0.0,,none,0.0,,,derived,https://mschelps.org,2026-09-06
food_msc,Italian,food,0.0,0.0,,none,0.0,,,derived,https://mschelps.org,2026-09-06
food_msc,Japanese,food,0.0,0.0,,none,0.0,,,derived,https://mschelps.org,2026-09-06
food_msc,Kakwa,food,0.0,0.0,,none,0.0,,,derived,https://mschelps.org,2026-09-06
food_msc,Kannada,food,0.0,0.0,,none,0.0,,,derived,https://mschelps.org,2026-09-06
food_msc,Karen,food,0.0,0.0,,none,0.0,,,derived,https://mschelps.org,2026-09-06
food_msc,Karenni,food,0.0,0.0,,none,0.0,,,derived,https://mschelps.org,2026-09-06
food_msc,Kazakh,food,0.0,0.0,,none,0.0,,,derived,https://mschelps.org,2026-09-06
food_msc,Khmer,food,0.0,0.0,,none,0.0,,,derived,https://mschelps.org,2026-09-06
food_msc,Kikuyu,food,0.0,0.0,,none,0.0,,,derived,https://mschelps.org,2026-09-06
food_msc,Kinyarwanda,food,0.0,0.0,,none,0.0,,,derived,https://mschelps.org,2026-09-06
food_msc,Kirgiz,food,0.0,0.0,,none,0.0,,,derived,https://mschelps.org,2026-09-06
food_msc,Kirundi,food,0.0,0.0,,none,0.0,,,derived,https://mschelps.org,2026-09-06
food_msc,Kmhmu,food,0.0,0.0,,none,0.0,,,derived,https://mschelps.org,2026-09-06
food_msc,Kongo,food,0.0,0.0,,none,0.0,,,derived,https://mschelps.org,2026-09-06
food_msc,Korean,food,0.0,0.0,,none,0.0,,,derived,https://mschelps.org,2026-09-06
food_msc,Kosraean,food,0.0,0.0,,none,0.0,,,derived,https://mschelps.org,2026-09-06
food_msc,Krahn,food,0.0,0.0,,none,0.0,,,derived,https://mschelps.org,2026-09-06
food_msc,Krio,food,0.0,0.0,,none,0.0,,,derived,https://mschelps.org,2026-09-06
food_msc,Kru,food,0.0,0.0,,none,0.0,,,derived,https://mschelps.org,2026-09-06
food_msc,Kurdish,food,0.0,0.0,,none,0.0,,,derived,https://mschelps.org,2026-09-06
food_msc,Lao,food,0.0,0.0,,none,0.0,,,derived,https://mschelps.org,2026-09-06
food_msc,Latvian,food,0.0,0.0,,none,0.0,,,derived,https://mschelps.org,2026-09-06
food_msc,Lingala,food,0.0,0.0,,none,0.0,,,derived,https://mschelps.org,2026-09-06
food_msc,Luganda,food,0.0,0.0,,none,0.0,,,derived,https://mschelps.org,2026-09-06
food_msc,Maay Maay,food,0.0,0.0,,none,0.0,,,derived,https://mschelps.org,2026-09-06
food_msc,Malay,food,0.0,0.0,,none,0.0,,,derived,https://mschelps.org,2026-09-06
food_msc,Malayalam,food,0.0,0.0,,none,0.0,,,derived,https://mschelps.org,2026-09-06
food_msc,Mam,food,0.0,0.0,,none,0.0,,,derived,https://mschelps.org,2026-09-06
food_msc,Mandingo,food,0.0,0.0,,none,0.0,,,derived,https://mschelps.org,2026-09-06
food_msc,Mandinka,food,0.0,0.0,,none,0.0,,,derived,https://mschelps.org,2026-09-06
food_msc,Marathi,food,0.0,0.0,,none,0.0,,,derived,https://mschelps.org,2026-09-06
food_msc,Marquesan,food,0.0,0.0,,none,0.0,,,derived,https://mschelps.org,2026-09-06
food_msc,Marshallese,food,0.0,0.0,,none,0.0,,,derived,https://mschelps.org,2026-09-06
food_msc,Maya-Quiche,food,0.0,0.0,,none,0.0,,,derived,https://mschelps.org,2026-09-06
food_msc,Mien,food,0.0,0.0,,none,0.0,,,derived,https://mschelps.org,2026-09-06
food_msc,Mixteco,food,0.0,0.0,,none,0.0,,,derived,https://mschelps.org,2026-09-06
food_msc,Moldavian,food,0.0,0.0,,none,0.0,,,derived,https://mschelps.org,2026-09-06
food_msc,Mongolian,food,0.0,0.0,,none,0.0,,,derived,https://mschelps.org,2026-09-06
food_msc,Moore,food,0.0,0.0,,none,0.0,,,derived,https://mschelps.org,2026-09-06
food_msc,"Nahuatl, Guerrero region",food,0.0,0.0,,none,0.0,,,derived,https://mschelps.org,2026-09-06
food_msc,Nepali,food,0.0,0.0,,none,0.0,,,derived,https://mschelps.org,2026-09-06
food_msc,Nuer,food,0.0,0.0,,none,0.0,,,derived,https://mschelps.org,2026-09-06
food_msc,Oromo,food,0.0,0.0,,none,0.0,,,derived,https://mschelps.org,2026-09-06
food_msc,Palau,food,0.0,0.0,,none,0.0,,,derived,https://mschelps.org,2026-09-06
food_msc,Pashai,food,0.0,0.0,,none,0.0,,,derived,https://mschelps.org,2026-09-06
food_msc,Pashto,food,0.0,0.0,,none,0.0,,,derived,https://mschelps.org,2026-09-06
food_msc,Pere,food,0.0,0.0,,none,0.0,,,derived,https://mschelps.org,2026-09-06
food_msc,Polish,food,0.0,0.0,,none,0.0,,,derived,https://mschelps.org,2026-09-06
food_msc,Portuguese,food,0.0,0.0,,none,0.0,,,derived,https://mschelps.org,2026-09-06
food_msc,Punjabi,food,0.0,0.0,,none,0.0,,,derived,https://mschelps.org,2026-09-06
food_msc,Purepecha,food,0.0,0.0,,none,0.0,,,derived,https://mschelps.org,2026-09-06
food_msc,Rohingya,food,0.0,0.0,,none,0.0,,,derived,https://mschelps.org,2026-09-06
food_msc,Romanian,food,0.0,0.0,,none,0.0,,,derived,https://mschelps.org,2026-09-06
food_msc,Russian,food,0.0,0.0,,none,0.0,,,derived,https://mschelps.org,2026-09-06
food_msc,Samoan,food,0.0,0.0,,none,0.0,,,derived,https://mschelps.org,2026-09-06
food_msc,Sao,food,0.0,0.0,,none,0.0,,,derived,https://mschelps.org,2026-09-06
food_msc,Serbo-Croation,food,0.0,0.0,,none,0.0,,,derived,https://mschelps.org,2026-09-06
food_msc,Shona,food,0.0,0.0,,none,0.0,,,derived,https://mschelps.org,2026-09-06
food_msc,Sinhalese,food,0.0,0.0,,none,0.0,,,derived,https://mschelps.org,2026-09-06
food_msc,Slovenian,food,0.0,0.0,,none,0.0,,,derived,https://mschelps.org,2026-09-06
food_msc,Somali,food,0.0,0.0,,none,0.0,,,derived,https://mschelps.org,2026-09-06
food_msc,Soninke,food,0.0,0.0,,none,0.0,,,derived,https://mschelps.org,2026-09-06
food_msc,Sotho,food,0.0,0.0,,none,0.0,,,derived,https://mschelps.org,2026-09-06
food_msc,Spanish,food,0.0,0.0,,none,0.0,,,derived,https://mschelps.org,2026-09-06
food_msc,Swahili,food,0.0,0.0,,none,0.0,,,derived,https://mschelps.org,2026-09-06
food_msc,Tagalog,food,0.0,0.0,,none,0.0,,,derived,https://mschelps.org,2026-09-06
food_msc,Taishanese,food,0.0,0.0,,none,0.0,,,derived,https://mschelps.org,2026-09-06
food_msc,Tajiki,food,0.0,0.0,,none,0.0,,,derived,https://mschelps.org,2026-09-06
food_msc,Tamil,food,0.0,0.0,,none,0.0,,,derived,https://mschelps.org,2026-09-06
food_msc,Tarasco,food,0.0,0.0,,none,0.0,,,derived,https://mschelps.org,2026-09-06
food_msc,Tedim,food,0.0,0.0,,none,0.0,,,derived,https://mschelps.org,2026-09-06
food_msc,Telugu,food,0.0,0.0,,none,0.0,,,derived,https://mschelps.org,2026-09-06
food_msc,Thai,food,0.0,0.0,,none,0.0,,,derived,https://mschelps.org,2026-09-06
food_msc,Tibetan,food,0.0,0.0,,none,0.0,,,derived,https://mschelps.org,2026-09-06
food_msc,Tigrinya,food,0.0,0.0,,none,0.0,,,derived,https://mschelps.org,2026-09-06
food_msc,Tongan,food,0.0,0.0,,none,0.0,,,derived,https://mschelps.org,2026-09-06
food_msc,Turkish,food,0.0,0.0,,none,0.0,,,derived,https://mschelps.org,2026-09-06
food_msc,Twi,food,0.0,0.0,,none,0.0,,,derived,https://mschelps.org,2026-09-06
food_msc,Ukrainian,food,0.0,0.0,,none,0.0,,,derived,https://mschelps.org,2026-09-06
food_msc,Urdu,food,0.0,0.0,,none,0.0,,,derived,https://mschelps.org,2026-09-06
food_msc,Uzbek,food,0.0,0.0,,none,0.0,,,derived,https://mschelps.org,2026-09-06
food_msc,Vietnamese,food,0.0,0.0,,none,0.0,,,derived,https://mschelps.org,2026-09-06
food_msc,Wolof,food,0.0,0.0,,none,0.0,,,derived,https://mschelps.org,2026-09-06
food_msc,Yap,food,0.0,0.0,,none,0.0,,,derived,https://mschelps.org,2026-09-06
food_msc,Yoruba,food,0.0,0.0,,none,0.0,,,derived,https://mschelps.org,2026-09-06
food_highline,Acholi,food,0.0,0.0,,none,0.0,,,derived,https://highlineareafoodbank.org,2026-09-06
food_highline,Aguacateco,food,0.0,0.0,,none,0.0,,,derived,https://highlineareafoodbank.org,2026-09-06
food_highline,Akateko,food,0.0,0.0,,none,0.0,,,derived,https://highlineareafoodbank.org,2026-09-06
food_highline,Albanian,food,0.0,0.0,,none,0.0,,,derived,https://highlineareafoodbank.org,2026-09-06
food_highline,American Sign Language,food,0.0,0.0,,none,0.0,,,derived,https://highlineareafoodbank.org,2026-09-06
food_highline,Amharic,food,0.0,0.0,,none,0.0,,,derived,https://highlineareafoodbank.org,2026-09-06
food_highline,Arabic,food,0.0,0.0,,none,0.0,,,derived,https://highlineareafoodbank.org,2026-09-06
food_highline,Armenian,food,0.0,0.0,,none,0.0,,,derived,https://highlineareafoodbank.org,2026-09-06
food_highline,Ayula-Bambara,food,0.0,0.0,,none,0.0,,,derived,https://highlineareafoodbank.org,2026-09-06
food_highline,Azerbaijani,food,0.0,0.0,,none,0.0,,,derived,https://highlineareafoodbank.org,2026-09-06
food_highline,Bambara,food,0.0,0.0,,none,0.0,,,derived,https://highlineareafoodbank.org,2026-09-06
food_highline,Bangala,food,0.0,0.0,,none,0.0,,,derived,https://highlineareafoodbank.org,2026-09-06
food_highline,Bassa,food,0.0,0.0,,none,0.0,,,derived,https://highlineareafoodbank.org,2026-09-06
food_highline,Bengali,food,0.0,0.0,,none,0.0,,,derived,https://highlineareafoodbank.org,2026-09-06
food_highline,Bosnian,food,0.0,0.0,,none,0.0,,,derived,https://highlineareafoodbank.org,2026-09-06
food_highline,Bulgarian,food,0.0,0.0,,none,0.0,,,derived,https://highlineareafoodbank.org,2026-09-06
food_highline,Burmese,food,0.0,0.0,,none,0.0,,,derived,https://highlineareafoodbank.org,2026-09-06
food_highline,Carolinian,food,0.0,0.0,,none,0.0,,,derived,https://highlineareafoodbank.org,2026-09-06
food_highline,Catalan,food,0.0,0.0,,none,0.0,,,derived,https://highlineareafoodbank.org,2026-09-06
food_highline,Cebuano,food,0.0,0.0,,none,0.0,,,derived,https://highlineareafoodbank.org,2026-09-06
food_highline,Cham,food,0.0,0.0,,none,0.0,,,derived,https://highlineareafoodbank.org,2026-09-06
food_highline,Chamorro,food,0.0,0.0,,none,0.0,,,derived,https://highlineareafoodbank.org,2026-09-06
food_highline,Chin,food,0.0,0.0,,none,0.0,,,derived,https://highlineareafoodbank.org,2026-09-06
food_highline,Chinese-Cantonese,food,0.0,0.0,,none,0.0,,,derived,https://highlineareafoodbank.org,2026-09-06
food_highline,Chinese-Fukienese,food,0.0,0.0,,none,0.0,,,derived,https://highlineareafoodbank.org,2026-09-06
food_highline,Chinese-Mandarin,food,0.0,0.0,,none,0.0,,,derived,https://highlineareafoodbank.org,2026-09-06
food_highline,Chinese-Taiwanese,food,0.0,0.0,,none,0.0,,,derived,https://highlineareafoodbank.org,2026-09-06
food_highline,Chuukese,food,0.0,0.0,,none,0.0,,,derived,https://highlineareafoodbank.org,2026-09-06
food_highline,Dari,food,0.0,0.0,,none,0.0,,,derived,https://highlineareafoodbank.org,2026-09-06
food_highline,Dinka,food,0.0,0.0,,none,0.0,,,derived,https://highlineareafoodbank.org,2026-09-06
food_highline,Dutch,food,0.0,0.0,,none,0.0,,,derived,https://highlineareafoodbank.org,2026-09-06
food_highline,Egyptian-Arabic,food,0.0,0.0,,none,0.0,,,derived,https://highlineareafoodbank.org,2026-09-06
food_highline,Eritai,food,0.0,0.0,,none,0.0,,,derived,https://highlineareafoodbank.org,2026-09-06
food_highline,Estonian,food,0.0,0.0,,none,0.0,,,derived,https://highlineareafoodbank.org,2026-09-06
food_highline,Ewe,food,0.0,0.0,,none,0.0,,,derived,https://highlineareafoodbank.org,2026-09-06
food_highline,Fallani,food,0.0,0.0,,none,0.0,,,derived,https://highlineareafoodbank.org,2026-09-06
food_highline,Farsi,food,0.0,0.0,,none,0.0,,,derived,https://highlineareafoodbank.org,2026-09-06
food_highline,French,food,0.0,0.0,,none,0.0,,,derived,https://highlineareafoodbank.org,2026-09-06
food_highline,Fula,food,0.0,0.0,,none,0.0,,,derived,https://highlineareafoodbank.org,2026-09-06
food_highline,Ga,food,0.0,0.0,,none,0.0,,,derived,https://highlineareafoodbank.org,2026-09-06
food_highline,German,food,0.0,0.0,,none,0.0,,,derived,https://highlineareafoodbank.org,2026-09-06
food_highline,"Greek, Modern",food,0.0,0.0,,none,0.0,,,derived,https://highlineareafoodbank.org,2026-09-06
food_highline,Gujarati,food,0.0,0.0,,none,0.0,,,derived,https://highlineareafoodbank.org,2026-09-06
food_highline,Haitian Creole,food,0.0,0.0,,none,0.0,,,derived,https://highlineareafoodbank.org,2026-09-06
food_highline,Hausa,food,0.0,0.0,,none,0.0,,,derived,https://highlineareafoodbank.org,2026-09-06
food_highline,Hawaiian,food,0.0,0.0,,none,0.0,,,derived,https://highlineareafoodbank.org,2026-09-06
food_highline,Herero,food,0.0,0.0,,none,0.0,,,derived,https://highlineareafoodbank.org,2026-09-06
food_highline,Hindi,food,0.0,0.0,,none,0.0,,,derived,https://highlineareafoodbank.org,2026-09-06
food_highline,Hmong,food,0.0,0.0,,none,0.0,,,derived,https://highlineareafoodbank.org,2026-09-06
food_highline,Hungarian,food,0.0,0.0,,none,0.0,,,derived,https://highlineareafoodbank.org,2026-09-06
food_highline,Igbo,food,0.0,0.0,,none,0.0,,,derived,https://highlineareafoodbank.org,2026-09-06
food_highline,Ilokano,food,0.0,0.0,,none,0.0,,,derived,https://highlineareafoodbank.org,2026-09-06
food_highline,Indonesian,food,0.0,0.0,,none,0.0,,,derived,https://highlineareafoodbank.org,2026-09-06
food_highline,Italian,food,0.0,0.0,,none,0.0,,,derived,https://highlineareafoodbank.org,2026-09-06
food_highline,Japanese,food,0.0,0.0,,none,0.0,,,derived,https://highlineareafoodbank.org,2026-09-06
food_highline,Kakwa,food,0.0,0.0,,none,0.0,,,derived,https://highlineareafoodbank.org,2026-09-06
food_highline,Kannada,food,0.0,0.0,,none,0.0,,,derived,https://highlineareafoodbank.org,2026-09-06
food_highline,Karen,food,0.0,0.0,,none,0.0,,,derived,https://highlineareafoodbank.org,2026-09-06
food_highline,Karenni,food,0.0,0.0,,none,0.0,,,derived,https://highlineareafoodbank.org,2026-09-06
food_highline,Kazakh,food,0.0,0.0,,none,0.0,,,derived,https://highlineareafoodbank.org,2026-09-06
food_highline,Khmer,food,0.0,0.0,,none,0.0,,,derived,https://highlineareafoodbank.org,2026-09-06
food_highline,Kikuyu,food,0.0,0.0,,none,0.0,,,derived,https://highlineareafoodbank.org,2026-09-06
food_highline,Kinyarwanda,food,0.0,0.0,,none,0.0,,,derived,https://highlineareafoodbank.org,2026-09-06
food_highline,Kirgiz,food,0.0,0.0,,none,0.0,,,derived,https://highlineareafoodbank.org,2026-09-06
food_highline,Kirundi,food,0.0,0.0,,none,0.0,,,derived,https://highlineareafoodbank.org,2026-09-06
food_highline,Kmhmu,food,0.0,0.0,,none,0.0,,,derived,https://highlineareafoodbank.org,2026-09-06
food_highline,Kongo,food,0.0,0.0,,none,0.0,,,derived,https://highlineareafoodbank.org,2026-09-06
food_highline,Korean,food,0.0,0.0,,none,0.0,,,derived,https://highlineareafoodbank.org,2026-09-06
food_highline,Kosraean,food,0.0,0.0,,none,0.0,,,derived,https://highlineareafoodbank.org,2026-09-06
food_highline,Krahn,food,0.0,0.0,,none,0.0,,,derived,https://highlineareafoodbank.org,2026-09-06
food_highline,Krio,food,0.0,0.0,,none,0.0,,,derived,https://highlineareafoodbank.org,2026-09-06
food_highline,Kru,food,0.0,0.0,,none,0.0,,,derived,https://highlineareafoodbank.org,2026-09-06
food_highline,Kurdish,food,0.0,0.0,,none,0.0,,,derived,https://highlineareafoodbank.org,2026-09-06
food_highline,Lao,food,0.0,0.0,,none,0.0,,,derived,https://highlineareafoodbank.org,2026-09-06
food_highline,Latvian,food,0.0,0.0,,none,0.0,,,derived,https://highlineareafoodbank.org,2026-09-06
food_highline,Lingala,food,0.0,0.0,,none,0.0,,,derived,https://highlineareafoodbank.org,2026-09-06
food_highline,Luganda,food,0.0,0.0,,none,0.0,,,derived,https://highlineareafoodbank.org,2026-09-06
food_highline,Maay Maay,food,0.0,0.0,,none,0.0,,,derived,https://highlineareafoodbank.org,2026-09-06
food_highline,Malay,food,0.0,0.0,,none,0.0,,,derived,https://highlineareafoodbank.org,2026-09-06
food_highline,Malayalam,food,0.0,0.0,,none,0.0,,,derived,https://highlineareafoodbank.org,2026-09-06
food_highline,Mam,food,0.0,0.0,,none,0.0,,,derived,https://highlineareafoodbank.org,2026-09-06
food_highline,Mandingo,food,0.0,0.0,,none,0.0,,,derived,https://highlineareafoodbank.org,2026-09-06
food_highline,Mandinka,food,0.0,0.0,,none,0.0,,,derived,https://highlineareafoodbank.org,2026-09-06
food_highline,Marathi,food,0.0,0.0,,none,0.0,,,derived,https://highlineareafoodbank.org,2026-09-06
food_highline,Marquesan,food,0.0,0.0,,none,0.0,,,derived,https://highlineareafoodbank.org,2026-09-06
food_highline,Marshallese,food,0.0,0.0,,none,0.0,,,derived,https://highlineareafoodbank.org,2026-09-06
food_highline,Maya-Quiche,food,0.0,0.0,,none,0.0,,,derived,https://highlineareafoodbank.org,2026-09-06
food_highline,Mien,food,0.0,0.0,,none,0.0,,,derived,https://highlineareafoodbank.org,2026-09-06
food_highline,Mixteco,food,0.0,0.0,,none,0.0,,,derived,https://highlineareafoodbank.org,2026-09-06
food_highline,Moldavian,food,0.0,0.0,,none,0.0,,,derived,https://highlineareafoodbank.org,2026-09-06
food_highline,Mongolian,food,0.0,0.0,,none,0.0,,,derived,https://highlineareafoodbank.org,2026-09-06
food_highline,Moore,food,0.0,0.0,,none,0.0,,,derived,https://highlineareafoodbank.org,2026-09-06
food_highline,"Nahuatl, Guerrero region",food,0.0,0.0,,none,0.0,,,derived,https://highlineareafoodbank.org,2026-09-06
food_highline,Nepali,food,0.0,0.0,,none,0.0,,,derived,https://highlineareafoodbank.org,2026-09-06
food_highline,Nuer,food,0.0,0.0,,none,0.0,,,derived,https://highlineareafoodbank.org,2026-09-06
food_highline,Oromo,food,0.0,0.0,,none,0.0,,,derived,https://highlineareafoodbank.org,2026-09-06
food_highline,Palau,food,0.0,0.0,,none,0.0,,,derived,https://highlineareafoodbank.org,2026-09-06
food_highline,Pashai,food,0.0,0.0,,none,0.0,,,derived,https://highlineareafoodbank.org,2026-09-06
food_highline,Pashto,food,0.0,0.0,,none,0.0,,,derived,https://highlineareafoodbank.org,2026-09-06
food_highline,Pere,food,0.0,0.0,,none,0.0,,,derived,https://highlineareafoodbank.org,2026-09-06
food_highline,Polish,food,0.0,0.0,,none,0.0,,,derived,https://highlineareafoodbank.org,2026-09-06
food_highline,Portuguese,food,0.0,0.0,,none,0.0,,,derived,https://highlineareafoodbank.org,2026-09-06
food_highline,Punjabi,food,0.0,0.0,,none,0.0,,,derived,https://highlineareafoodbank.org,2026-09-06
food_highline,Purepecha,food,0.0,0.0,,none,0.0,,,derived,https://highlineareafoodbank.org,2026-09-06
food_highline,Rohingya,food,0.0,0.0,,none,0.0,,,derived,https://highlineareafoodbank.org,2026-09-06
food_highline,Romanian,food,0.0,0.0,,none,0.0,,,derived,https://highlineareafoodbank.org,2026-09-06
food_highline,Russian,food,0.0,0.0,,none,0.0,,,derived,https://highlineareafoodbank.org,2026-09-06
food_highline,Samoan,food,0.0,0.0,,none,0.0,,,derived,https://highlineareafoodbank.org,2026-09-06
food_highline,Sao,food,0.0,0.0,,none,0.0,,,derived,https://highlineareafoodbank.org,2026-09-06
food_highline,Serbo-Croation,food,0.0,0.0,,none,0.0,,,derived,https://highlineareafoodbank.org,2026-09-06
food_highline,Shona,food,0.0,0.0,,none,0.0,,,derived,https://highlineareafoodbank.org,2026-09-06
food_highline,Sinhalese,food,0.0,0.0,,none,0.0,,,derived,https://highlineareafoodbank.org,2026-09-06
food_highline,Slovenian,food,0.0,0.0,,none,0.0,,,derived,https://highlineareafoodbank.org,2026-09-06
food_highline,Somali,food,0.0,0.0,,none,0.0,,,derived,https://highlineareafoodbank.org,2026-09-06
food_highline,Soninke,food,0.0,0.0,,none,0.0,,,derived,https://highlineareafoodbank.org,2026-09-06
food_highline,Sotho,food,0.0,0.0,,none,0.0,,,derived,https://highlineareafoodbank.org,2026-09-06
food_highline,Spanish,food,0.0,0.0,,none,0.0,,,derived,https://highlineareafoodbank.org,2026-09-06
food_highline,Swahili,food,0.0,0.0,,none,0.0,,,derived,https://highlineareafoodbank.org,2026-09-06
food_highline,Tagalog,food,0.0,0.0,,none,0.0,,,derived,https://highlineareafoodbank.org,2026-09-06
food_highline,Taishanese,food,0.0,0.0,,none,0.0,,,derived,https://highlineareafoodbank.org,2026-09-06
food_highline,Tajiki,food,0.0,0.0,,none,0.0,,,derived,https://highlineareafoodbank.org,2026-09-06
food_highline,Tamil,food,0.0,0.0,,none,0.0,,,derived,https://highlineareafoodbank.org,2026-09-06
food_highline,Tarasco,food,0.0,0.0,,none,0.0,,,derived,https://highlineareafoodbank.org,2026-09-06
food_highline,Tedim,food,0.0,0.0,,none,0.0,,,derived,https://highlineareafoodbank.org,2026-09-06
food_highline,Telugu,food,0.0,0.0,,none,0.0,,,derived,https://highlineareafoodbank.org,2026-09-06
food_highline,Thai,food,0.0,0.0,,none,0.0,,,derived,https://highlineareafoodbank.org,2026-09-06
food_highline,Tibetan,food,0.0,0.0,,none,0.0,,,derived,https://highlineareafoodbank.org,2026-09-06
food_highline,Tigrinya,food,0.0,0.0,,none,0.0,,,derived,https://highlineareafoodbank.org,2026-09-06
food_highline,Tongan,food,0.0,0.0,,none,0.0,,,derived,https://highlineareafoodbank.org,2026-09-06
food_highline,Turkish,food,0.0,0.0,,none,0.0,,,derived,https://highlineareafoodbank.org,2026-09-06
food_highline,Twi,food,0.0,0.0,,none,0.0,,,derived,https://highlineareafoodbank.org,2026-09-06
food_highline,Ukrainian,food,0.0,0.0,,none,0.0,,,derived,https://highlineareafoodbank.org,2026-09-06
food_highline,Urdu,food,0.0,0.0,,none,0.0,,,derived,https://highlineareafoodbank.org,2026-09-06
food_highline,Uzbek,food,0.0,0.0,,none,0.0,,,derived,https://highlineareafoodbank.org,2026-09-06
food_highline,Vietnamese,food,0.0,0.0,,none,0.0,,,derived,https://highlineareafoodbank.org,2026-09-06
food_highline,Wolof,food,0.0,0.0,,none,0.0,,,derived,https://highlineareafoodbank.org,2026-09-06
food_highline,Yap,food,0.0,0.0,,none,0.0,,,derived,https://highlineareafoodbank.org,2026-09-06
food_highline,Yoruba,food,0.0,0.0,,none,0.0,,,derived,https://highlineareafoodbank.org,2026-09-06
food_whitecenter,Acholi,food,0.0,0.0,,none,0.0,,,derived,https://www.whitecenterfoodbank.org,2026-09-06
food_whitecenter,Aguacateco,food,0.0,0.0,,none,0.0,,,derived,https://www.whitecenterfoodbank.org,2026-09-06
food_whitecenter,Akateko,food,0.0,0.0,,none,0.0,,,derived,https://www.whitecenterfoodbank.org,2026-09-06
food_whitecenter,Albanian,food,0.0,0.0,,none,0.0,,,derived,https://www.whitecenterfoodbank.org,2026-09-06
food_whitecenter,American Sign Language,food,0.0,0.0,,none,0.0,,,derived,https://www.whitecenterfoodbank.org,2026-09-06
food_whitecenter,Amharic,food,0.0,0.0,,none,0.0,,,derived,https://www.whitecenterfoodbank.org,2026-09-06
food_whitecenter,Arabic,food,0.0,0.0,,none,0.0,,,derived,https://www.whitecenterfoodbank.org,2026-09-06
food_whitecenter,Armenian,food,0.0,0.0,,none,0.0,,,derived,https://www.whitecenterfoodbank.org,2026-09-06
food_whitecenter,Ayula-Bambara,food,0.0,0.0,,none,0.0,,,derived,https://www.whitecenterfoodbank.org,2026-09-06
food_whitecenter,Azerbaijani,food,0.0,0.0,,none,0.0,,,derived,https://www.whitecenterfoodbank.org,2026-09-06
food_whitecenter,Bambara,food,0.0,0.0,,none,0.0,,,derived,https://www.whitecenterfoodbank.org,2026-09-06
food_whitecenter,Bangala,food,0.0,0.0,,none,0.0,,,derived,https://www.whitecenterfoodbank.org,2026-09-06
food_whitecenter,Bassa,food,0.0,0.0,,none,0.0,,,derived,https://www.whitecenterfoodbank.org,2026-09-06
food_whitecenter,Bengali,food,0.0,0.0,,none,0.0,,,derived,https://www.whitecenterfoodbank.org,2026-09-06
food_whitecenter,Bosnian,food,0.0,0.0,,none,0.0,,,derived,https://www.whitecenterfoodbank.org,2026-09-06
food_whitecenter,Bulgarian,food,0.0,0.0,,none,0.0,,,derived,https://www.whitecenterfoodbank.org,2026-09-06
food_whitecenter,Burmese,food,0.0,0.0,,none,0.0,,,derived,https://www.whitecenterfoodbank.org,2026-09-06
food_whitecenter,Carolinian,food,0.0,0.0,,none,0.0,,,derived,https://www.whitecenterfoodbank.org,2026-09-06
food_whitecenter,Catalan,food,0.0,0.0,,none,0.0,,,derived,https://www.whitecenterfoodbank.org,2026-09-06
food_whitecenter,Cebuano,food,0.0,0.0,,none,0.0,,,derived,https://www.whitecenterfoodbank.org,2026-09-06
food_whitecenter,Cham,food,0.0,0.0,,none,0.0,,,derived,https://www.whitecenterfoodbank.org,2026-09-06
food_whitecenter,Chamorro,food,0.0,0.0,,none,0.0,,,derived,https://www.whitecenterfoodbank.org,2026-09-06
food_whitecenter,Chin,food,0.0,0.0,,none,0.0,,,derived,https://www.whitecenterfoodbank.org,2026-09-06
food_whitecenter,Chinese-Cantonese,food,0.0,0.0,,none,0.0,,,derived,https://www.whitecenterfoodbank.org,2026-09-06
food_whitecenter,Chinese-Fukienese,food,0.0,0.0,,none,0.0,,,derived,https://www.whitecenterfoodbank.org,2026-09-06
food_whitecenter,Chinese-Mandarin,food,0.0,0.0,,none,0.0,,,derived,https://www.whitecenterfoodbank.org,2026-09-06
food_whitecenter,Chinese-Taiwanese,food,0.0,0.0,,none,0.0,,,derived,https://www.whitecenterfoodbank.org,2026-09-06
food_whitecenter,Chuukese,food,0.0,0.0,,none,0.0,,,derived,https://www.whitecenterfoodbank.org,2026-09-06
food_whitecenter,Dari,food,0.0,0.0,,none,0.0,,,derived,https://www.whitecenterfoodbank.org,2026-09-06
food_whitecenter,Dinka,food,0.0,0.0,,none,0.0,,,derived,https://www.whitecenterfoodbank.org,2026-09-06
food_whitecenter,Dutch,food,0.0,0.0,,none,0.0,,,derived,https://www.whitecenterfoodbank.org,2026-09-06
food_whitecenter,Egyptian-Arabic,food,0.0,0.0,,none,0.0,,,derived,https://www.whitecenterfoodbank.org,2026-09-06
food_whitecenter,Eritai,food,0.0,0.0,,none,0.0,,,derived,https://www.whitecenterfoodbank.org,2026-09-06
food_whitecenter,Estonian,food,0.0,0.0,,none,0.0,,,derived,https://www.whitecenterfoodbank.org,2026-09-06
food_whitecenter,Ewe,food,0.0,0.0,,none,0.0,,,derived,https://www.whitecenterfoodbank.org,2026-09-06
food_whitecenter,Fallani,food,0.0,0.0,,none,0.0,,,derived,https://www.whitecenterfoodbank.org,2026-09-06
food_whitecenter,Farsi,food,0.0,0.0,,none,0.0,,,derived,https://www.whitecenterfoodbank.org,2026-09-06
food_whitecenter,French,food,0.0,0.0,,none,0.0,,,derived,https://www.whitecenterfoodbank.org,2026-09-06
food_whitecenter,Fula,food,0.0,0.0,,none,0.0,,,derived,https://www.whitecenterfoodbank.org,2026-09-06
food_whitecenter,Ga,food,0.0,0.0,,none,0.0,,,derived,https://www.whitecenterfoodbank.org,2026-09-06
food_whitecenter,German,food,0.0,0.0,,none,0.0,,,derived,https://www.whitecenterfoodbank.org,2026-09-06
food_whitecenter,"Greek, Modern",food,0.0,0.0,,none,0.0,,,derived,https://www.whitecenterfoodbank.org,2026-09-06
food_whitecenter,Gujarati,food,0.0,0.0,,none,0.0,,,derived,https://www.whitecenterfoodbank.org,2026-09-06
food_whitecenter,Haitian Creole,food,0.0,0.0,,none,0.0,,,derived,https://www.whitecenterfoodbank.org,2026-09-06
food_whitecenter,Hausa,food,0.0,0.0,,none,0.0,,,derived,https://www.whitecenterfoodbank.org,2026-09-06
food_whitecenter,Hawaiian,food,0.0,0.0,,none,0.0,,,derived,https://www.whitecenterfoodbank.org,2026-09-06
food_whitecenter,Herero,food,0.0,0.0,,none,0.0,,,derived,https://www.whitecenterfoodbank.org,2026-09-06
food_whitecenter,Hindi,food,0.0,0.0,,none,0.0,,,derived,https://www.whitecenterfoodbank.org,2026-09-06
food_whitecenter,Hmong,food,0.0,0.0,,none,0.0,,,derived,https://www.whitecenterfoodbank.org,2026-09-06
food_whitecenter,Hungarian,food,0.0,0.0,,none,0.0,,,derived,https://www.whitecenterfoodbank.org,2026-09-06
food_whitecenter,Igbo,food,0.0,0.0,,none,0.0,,,derived,https://www.whitecenterfoodbank.org,2026-09-06
food_whitecenter,Ilokano,food,0.0,0.0,,none,0.0,,,derived,https://www.whitecenterfoodbank.org,2026-09-06
food_whitecenter,Indonesian,food,0.0,0.0,,none,0.0,,,derived,https://www.whitecenterfoodbank.org,2026-09-06
food_whitecenter,Italian,food,0.0,0.0,,none,0.0,,,derived,https://www.whitecenterfoodbank.org,2026-09-06
food_whitecenter,Japanese,food,0.0,0.0,,none,0.0,,,derived,https://www.whitecenterfoodbank.org,2026-09-06
food_whitecenter,Kakwa,food,0.0,0.0,,none,0.0,,,derived,https://www.whitecenterfoodbank.org,2026-09-06
food_whitecenter,Kannada,food,0.0,0.0,,none,0.0,,,derived,https://www.whitecenterfoodbank.org,2026-09-06
food_whitecenter,Karen,food,0.0,0.0,,none,0.0,,,derived,https://www.whitecenterfoodbank.org,2026-09-06
food_whitecenter,Karenni,food,0.0,0.0,,none,0.0,,,derived,https://www.whitecenterfoodbank.org,2026-09-06
food_whitecenter,Kazakh,food,0.0,0.0,,none,0.0,,,derived,https://www.whitecenterfoodbank.org,2026-09-06
food_whitecenter,Khmer,food,0.0,0.0,,none,0.0,,,derived,https://www.whitecenterfoodbank.org,2026-09-06
food_whitecenter,Kikuyu,food,0.0,0.0,,none,0.0,,,derived,https://www.whitecenterfoodbank.org,2026-09-06
food_whitecenter,Kinyarwanda,food,0.0,0.0,,none,0.0,,,derived,https://www.whitecenterfoodbank.org,2026-09-06
food_whitecenter,Kirgiz,food,0.0,0.0,,none,0.0,,,derived,https://www.whitecenterfoodbank.org,2026-09-06
food_whitecenter,Kirundi,food,0.0,0.0,,none,0.0,,,derived,https://www.whitecenterfoodbank.org,2026-09-06
food_whitecenter,Kmhmu,food,0.0,0.0,,none,0.0,,,derived,https://www.whitecenterfoodbank.org,2026-09-06
food_whitecenter,Kongo,food,0.0,0.0,,none,0.0,,,derived,https://www.whitecenterfoodbank.org,2026-09-06
food_whitecenter,Korean,food,0.0,0.0,,none,0.0,,,derived,https://www.whitecenterfoodbank.org,2026-09-06
food_whitecenter,Kosraean,food,0.0,0.0,,none,0.0,,,derived,https://www.whitecenterfoodbank.org,2026-09-06
food_whitecenter,Krahn,food,0.0,0.0,,none,0.0,,,derived,https://www.whitecenterfoodbank.org,2026-09-06
food_whitecenter,Krio,food,0.0,0.0,,none,0.0,,,derived,https://www.whitecenterfoodbank.org,2026-09-06
food_whitecenter,Kru,food,0.0,0.0,,none,0.0,,,derived,https://www.whitecenterfoodbank.org,2026-09-06
food_whitecenter,Kurdish,food,0.0,0.0,,none,0.0,,,derived,https://www.whitecenterfoodbank.org,2026-09-06
food_whitecenter,Lao,food,0.0,0.0,,none,0.0,,,derived,https://www.whitecenterfoodbank.org,2026-09-06
food_whitecenter,Latvian,food,0.0,0.0,,none,0.0,,,derived,https://www.whitecenterfoodbank.org,2026-09-06
food_whitecenter,Lingala,food,0.0,0.0,,none,0.0,,,derived,https://www.whitecenterfoodbank.org,2026-09-06
food_whitecenter,Luganda,food,0.0,0.0,,none,0.0,,,derived,https://www.whitecenterfoodbank.org,2026-09-06
food_whitecenter,Maay Maay,food,0.0,0.0,,none,0.0,,,derived,https://www.whitecenterfoodbank.org,2026-09-06
food_whitecenter,Malay,food,0.0,0.0,,none,0.0,,,derived,https://www.whitecenterfoodbank.org,2026-09-06
food_whitecenter,Malayalam,food,0.0,0.0,,none,0.0,,,derived,https://www.whitecenterfoodbank.org,2026-09-06
food_whitecenter,Mam,food,0.0,0.0,,none,0.0,,,derived,https://www.whitecenterfoodbank.org,2026-09-06
food_whitecenter,Mandingo,food,0.0,0.0,,none,0.0,,,derived,https://www.whitecenterfoodbank.org,2026-09-06
food_whitecenter,Mandinka,food,0.0,0.0,,none,0.0,,,derived,https://www.whitecenterfoodbank.org,2026-09-06
food_whitecenter,Marathi,food,0.0,0.0,,none,0.0,,,derived,https://www.whitecenterfoodbank.org,2026-09-06
food_whitecenter,Marquesan,food,0.0,0.0,,none,0.0,,,derived,https://www.whitecenterfoodbank.org,2026-09-06
food_whitecenter,Marshallese,food,0.0,0.0,,none,0.0,,,derived,https://www.whitecenterfoodbank.org,2026-09-06
food_whitecenter,Maya-Quiche,food,0.0,0.0,,none,0.0,,,derived,https://www.whitecenterfoodbank.org,2026-09-06
food_whitecenter,Mien,food,0.0,0.0,,none,0.0,,,derived,https://www.whitecenterfoodbank.org,2026-09-06
food_whitecenter,Mixteco,food,0.0,0.0,,none,0.0,,,derived,https://www.whitecenterfoodbank.org,2026-09-06
food_whitecenter,Moldavian,food,0.0,0.0,,none,0.0,,,derived,https://www.whitecenterfoodbank.org,2026-09-06
food_whitecenter,Mongolian,food,0.0,0.0,,none,0.0,,,derived,https://www.whitecenterfoodbank.org,2026-09-06
food_whitecenter,Moore,food,0.0,0.0,,none,0.0,,,derived,https://www.whitecenterfoodbank.org,2026-09-06
food_whitecenter,"Nahuatl, Guerrero region",food,0.0,0.0,,none,0.0,,,derived,https://www.whitecenterfoodbank.org,2026-09-06
food_whitecenter,Nepali,food,0.0,0.0,,none,0.0,,,derived,https://www.whitecenterfoodbank.org,2026-09-06
food_whitecenter,Nuer,food,0.0,0.0,,none,0.0,,,derived,https://www.whitecenterfoodbank.org,2026-09-06
food_whitecenter,Oromo,food,0.0,0.0,,none,0.0,,,derived,https://www.whitecenterfoodbank.org,2026-09-06
food_whitecenter,Palau,food,0.0,0.0,,none,0.0,,,derived,https://www.whitecenterfoodbank.org,2026-09-06
food_whitecenter,Pashai,food,0.0,0.0,,none,0.0,,,derived,https://www.whitecenterfoodbank.org,2026-09-06
food_whitecenter,Pashto,food,0.0,0.0,,none,0.0,,,derived,https://www.whitecenterfoodbank.org,2026-09-06
food_whitecenter,Pere,food,0.0,0.0,,none,0.0,,,derived,https://www.whitecenterfoodbank.org,2026-09-06
food_whitecenter,Polish,food,0.0,0.0,,none,0.0,,,derived,https://www.whitecenterfoodbank.org,2026-09-06
food_whitecenter,Portuguese,food,0.0,0.0,,none,0.0,,,derived,https://www.whitecenterfoodbank.org,2026-09-06
food_whitecenter,Punjabi,food,0.0,0.0,,none,0.0,,,derived,https://www.whitecenterfoodbank.org,2026-09-06
food_whitecenter,Purepecha,food,0.0,0.0,,none,0.0,,,derived,https://www.whitecenterfoodbank.org,2026-09-06
food_whitecenter,Rohingya,food,0.0,0.0,,none,0.0,,,derived,https://www.whitecenterfoodbank.org,2026-09-06
food_whitecenter,Romanian,food,0.0,0.0,,none,0.0,,,derived,https://www.whitecenterfoodbank.org,2026-09-06
food_whitecenter,Russian,food,0.0,0.0,,none,0.0,,,derived,https://www.whitecenterfoodbank.org,2026-09-06
food_whitecenter,Samoan,food,0.0,0.0,,none,0.0,,,derived,https://www.whitecenterfoodbank.org,2026-09-06
food_whitecenter,Sao,food,0.0,0.0,,none,0.0,,,derived,https://www.whitecenterfoodbank.org,2026-09-06
food_whitecenter,Serbo-Croation,food,0.0,0.0,,none,0.0,,,derived,https://www.whitecenterfoodbank.org,2026-09-06
food_whitecenter,Shona,food,0.0,0.0,,none,0.0,,,derived,https://www.whitecenterfoodbank.org,2026-09-06
food_whitecenter,Sinhalese,food,0.0,0.0,,none,0.0,,,derived,https://www.whitecenterfoodbank.org,2026-09-06
food_whitecenter,Slovenian,food,0.0,0.0,,none,0.0,,,derived,https://www.whitecenterfoodbank.org,2026-09-06
food_whitecenter,Somali,food,0.0,0.0,,none,0.0,,,derived,https://www.whitecenterfoodbank.org,2026-09-06
food_whitecenter,Soninke,food,0.0,0.0,,none,0.0,,,derived,https://www.whitecenterfoodbank.org,2026-09-06
food_whitecenter,Sotho,food,0.0,0.0,,none,0.0,,,derived,https://www.whitecenterfoodbank.org,2026-09-06
food_whitecenter,Spanish,food,0.0,0.0,,none,0.0,,,derived,https://www.whitecenterfoodbank.org,2026-09-06
food_whitecenter,Swahili,food,0.0,0.0,,none,0.0,,,derived,https://www.whitecenterfoodbank.org,2026-09-06
food_whitecenter,Tagalog,food,0.0,0.0,,none,0.0,,,derived,https://www.whitecenterfoodbank.org,2026-09-06
food_whitecenter,Taishanese,food,0.0,0.0,,none,0.0,,,derived,https://www.whitecenterfoodbank.org,2026-09-06
food_whitecenter,Tajiki,food,0.0,0.0,,none,0.0,,,derived,https://www.whitecenterfoodbank.org,2026-09-06
food_whitecenter,Tamil,food,0.0,0.0,,none,0.0,,,derived,https://www.whitecenterfoodbank.org,2026-09-06
food_whitecenter,Tarasco,food,0.0,0.0,,none,0.0,,,derived,https://www.whitecenterfoodbank.org,2026-09-06
food_whitecenter,Tedim,food,0.0,0.0,,none,0.0,,,derived,https://www.whitecenterfoodbank.org,2026-09-06
food_whitecenter,Telugu,food,0.0,0.0,,none,0.0,,,derived,https://www.whitecenterfoodbank.org,2026-09-06
food_whitecenter,Thai,food,0.0,0.0,,none,0.0,,,derived,https://www.whitecenterfoodbank.org,2026-09-06
food_whitecenter,Tibetan,food,0.0,0.0,,none,0.0,,,derived,https://www.whitecenterfoodbank.org,2026-09-06
food_whitecenter,Tigrinya,food,0.0,0.0,,none,0.0,,,derived,https://www.whitecenterfoodbank.org,2026-09-06
food_whitecenter,Tongan,food,0.0,0.0,,none,0.0,,,derived,https://www.whitecenterfoodbank.org,2026-09-06
food_whitecenter,Turkish,food,0.0,0.0,,none,0.0,,,derived,https://www.whitecenterfoodbank.org,2026-09-06
food_whitecenter,Twi,food,0.0,0.0,,none,0.0,,,derived,https://www.whitecenterfoodbank.org,2026-09-06
food_whitecenter,Ukrainian,food,0.0,0.0,,none,0.0,,,derived,https://www.whitecenterfoodbank.org,2026-09-06
food_whitecenter,Urdu,food,0.0,0.0,,none,0.0,,,derived,https://www.whitecenterfoodbank.org,2026-09-06
food_whitecenter,Uzbek,food,0.0,0.0,,none,0.0,,,derived,https://www.whitecenterfoodbank.org,2026-09-06
food_whitecenter,Vietnamese,food,0.0,0.0,,none,0.0,,,derived,https://www.whitecenterfoodbank.org,2026-09-06
food_whitecenter,Wolof,food,0.0,0.0,,none,0.0,,,derived,https://www.whitecenterfoodbank.org,2026-09-06
food_whitecenter,Yap,food,0.0,0.0,,none,0.0,,,derived,https://www.whitecenterfoodbank.org,2026-09-06
food_whitecenter,Yoruba,food,0.0,0.0,,none,0.0,,,derived,https://www.whitecenterfoodbank.org,2026-09-06
food_tukwila,Acholi,food,0.0,0.0,,none,0.0,,,derived,https://www.tukwilapantry.org,2026-09-06
food_tukwila,Aguacateco,food,0.0,0.0,,none,0.0,,,derived,https://www.tukwilapantry.org,2026-09-06
food_tukwila,Akateko,food,0.0,0.0,,none,0.0,,,derived,https://www.tukwilapantry.org,2026-09-06
food_tukwila,Albanian,food,0.0,0.0,,none,0.0,,,derived,https://www.tukwilapantry.org,2026-09-06
food_tukwila,American Sign Language,food,0.0,0.0,,none,0.0,,,derived,https://www.tukwilapantry.org,2026-09-06
food_tukwila,Amharic,food,0.0,0.0,,none,0.0,,,derived,https://www.tukwilapantry.org,2026-09-06
food_tukwila,Arabic,food,0.0,0.0,,none,0.0,,,derived,https://www.tukwilapantry.org,2026-09-06
food_tukwila,Armenian,food,0.0,0.0,,none,0.0,,,derived,https://www.tukwilapantry.org,2026-09-06
food_tukwila,Ayula-Bambara,food,0.0,0.0,,none,0.0,,,derived,https://www.tukwilapantry.org,2026-09-06
food_tukwila,Azerbaijani,food,0.0,0.0,,none,0.0,,,derived,https://www.tukwilapantry.org,2026-09-06
food_tukwila,Bambara,food,0.0,0.0,,none,0.0,,,derived,https://www.tukwilapantry.org,2026-09-06
food_tukwila,Bangala,food,0.0,0.0,,none,0.0,,,derived,https://www.tukwilapantry.org,2026-09-06
food_tukwila,Bassa,food,0.0,0.0,,none,0.0,,,derived,https://www.tukwilapantry.org,2026-09-06
food_tukwila,Bengali,food,0.0,0.0,,none,0.0,,,derived,https://www.tukwilapantry.org,2026-09-06
food_tukwila,Bosnian,food,0.0,0.0,,none,0.0,,,derived,https://www.tukwilapantry.org,2026-09-06
food_tukwila,Bulgarian,food,0.0,0.0,,none,0.0,,,derived,https://www.tukwilapantry.org,2026-09-06
food_tukwila,Burmese,food,0.0,0.0,,none,0.0,,,derived,https://www.tukwilapantry.org,2026-09-06
food_tukwila,Carolinian,food,0.0,0.0,,none,0.0,,,derived,https://www.tukwilapantry.org,2026-09-06
food_tukwila,Catalan,food,0.0,0.0,,none,0.0,,,derived,https://www.tukwilapantry.org,2026-09-06
food_tukwila,Cebuano,food,0.0,0.0,,none,0.0,,,derived,https://www.tukwilapantry.org,2026-09-06
food_tukwila,Cham,food,0.0,0.0,,none,0.0,,,derived,https://www.tukwilapantry.org,2026-09-06
food_tukwila,Chamorro,food,0.0,0.0,,none,0.0,,,derived,https://www.tukwilapantry.org,2026-09-06
food_tukwila,Chin,food,0.0,0.0,,none,0.0,,,derived,https://www.tukwilapantry.org,2026-09-06
food_tukwila,Chinese-Cantonese,food,0.0,0.0,,none,0.0,,,derived,https://www.tukwilapantry.org,2026-09-06
food_tukwila,Chinese-Fukienese,food,0.0,0.0,,none,0.0,,,derived,https://www.tukwilapantry.org,2026-09-06
food_tukwila,Chinese-Mandarin,food,0.0,0.0,,none,0.0,,,derived,https://www.tukwilapantry.org,2026-09-06
food_tukwila,Chinese-Taiwanese,food,0.0,0.0,,none,0.0,,,derived,https://www.tukwilapantry.org,2026-09-06
food_tukwila,Chuukese,food,0.0,0.0,,none,0.0,,,derived,https://www.tukwilapantry.org,2026-09-06
food_tukwila,Dari,food,0.0,0.0,,none,0.0,,,derived,https://www.tukwilapantry.org,2026-09-06
food_tukwila,Dinka,food,0.0,0.0,,none,0.0,,,derived,https://www.tukwilapantry.org,2026-09-06
food_tukwila,Dutch,food,0.0,0.0,,none,0.0,,,derived,https://www.tukwilapantry.org,2026-09-06
food_tukwila,Egyptian-Arabic,food,0.0,0.0,,none,0.0,,,derived,https://www.tukwilapantry.org,2026-09-06
food_tukwila,Eritai,food,0.0,0.0,,none,0.0,,,derived,https://www.tukwilapantry.org,2026-09-06
food_tukwila,Estonian,food,0.0,0.0,,none,0.0,,,derived,https://www.tukwilapantry.org,2026-09-06
food_tukwila,Ewe,food,0.0,0.0,,none,0.0,,,derived,https://www.tukwilapantry.org,2026-09-06
food_tukwila,Fallani,food,0.0,0.0,,none,0.0,,,derived,https://www.tukwilapantry.org,2026-09-06
food_tukwila,Farsi,food,0.0,0.0,,none,0.0,,,derived,https://www.tukwilapantry.org,2026-09-06
food_tukwila,French,food,0.0,0.0,,none,0.0,,,derived,https://www.tukwilapantry.org,2026-09-06
food_tukwila,Fula,food,0.0,0.0,,none,0.0,,,derived,https://www.tukwilapantry.org,2026-09-06
food_tukwila,Ga,food,0.0,0.0,,none,0.0,,,derived,https://www.tukwilapantry.org,2026-09-06
food_tukwila,German,food,0.0,0.0,,none,0.0,,,derived,https://www.tukwilapantry.org,2026-09-06
food_tukwila,"Greek, Modern",food,0.0,0.0,,none,0.0,,,derived,https://www.tukwilapantry.org,2026-09-06
food_tukwila,Gujarati,food,0.0,0.0,,none,0.0,,,derived,https://www.tukwilapantry.org,2026-09-06
food_tukwila,Haitian Creole,food,0.0,0.0,,none,0.0,,,derived,https://www.tukwilapantry.org,2026-09-06
food_tukwila,Hausa,food,0.0,0.0,,none,0.0,,,derived,https://www.tukwilapantry.org,2026-09-06
food_tukwila,Hawaiian,food,0.0,0.0,,none,0.0,,,derived,https://www.tukwilapantry.org,2026-09-06
food_tukwila,Herero,food,0.0,0.0,,none,0.0,,,derived,https://www.tukwilapantry.org,2026-09-06
food_tukwila,Hindi,food,0.0,0.0,,none,0.0,,,derived,https://www.tukwilapantry.org,2026-09-06
food_tukwila,Hmong,food,0.0,0.0,,none,0.0,,,derived,https://www.tukwilapantry.org,2026-09-06
food_tukwila,Hungarian,food,0.0,0.0,,none,0.0,,,derived,https://www.tukwilapantry.org,2026-09-06
food_tukwila,Igbo,food,0.0,0.0,,none,0.0,,,derived,https://www.tukwilapantry.org,2026-09-06
food_tukwila,Ilokano,food,0.0,0.0,,none,0.0,,,derived,https://www.tukwilapantry.org,2026-09-06
food_tukwila,Indonesian,food,0.0,0.0,,none,0.0,,,derived,https://www.tukwilapantry.org,2026-09-06
food_tukwila,Italian,food,0.0,0.0,,none,0.0,,,derived,https://www.tukwilapantry.org,2026-09-06
food_tukwila,Japanese,food,0.0,0.0,,none,0.0,,,derived,https://www.tukwilapantry.org,2026-09-06
food_tukwila,Kakwa,food,0.0,0.0,,none,0.0,,,derived,https://www.tukwilapantry.org,2026-09-06
food_tukwila,Kannada,food,0.0,0.0,,none,0.0,,,derived,https://www.tukwilapantry.org,2026-09-06
food_tukwila,Karen,food,0.0,0.0,,none,0.0,,,derived,https://www.tukwilapantry.org,2026-09-06
food_tukwila,Karenni,food,0.0,0.0,,none,0.0,,,derived,https://www.tukwilapantry.org,2026-09-06
food_tukwila,Kazakh,food,0.0,0.0,,none,0.0,,,derived,https://www.tukwilapantry.org,2026-09-06
food_tukwila,Khmer,food,0.0,0.0,,none,0.0,,,derived,https://www.tukwilapantry.org,2026-09-06
food_tukwila,Kikuyu,food,0.0,0.0,,none,0.0,,,derived,https://www.tukwilapantry.org,2026-09-06
food_tukwila,Kinyarwanda,food,0.0,0.0,,none,0.0,,,derived,https://www.tukwilapantry.org,2026-09-06
food_tukwila,Kirgiz,food,0.0,0.0,,none,0.0,,,derived,https://www.tukwilapantry.org,2026-09-06
food_tukwila,Kirundi,food,0.0,0.0,,none,0.0,,,derived,https://www.tukwilapantry.org,2026-09-06
food_tukwila,Kmhmu,food,0.0,0.0,,none,0.0,,,derived,https://www.tukwilapantry.org,2026-09-06
food_tukwila,Kongo,food,0.0,0.0,,none,0.0,,,derived,https://www.tukwilapantry.org,2026-09-06
food_tukwila,Korean,food,0.0,0.0,,none,0.0,,,derived,https://www.tukwilapantry.org,2026-09-06
food_tukwila,Kosraean,food,0.0,0.0,,none,0.0,,,derived,https://www.tukwilapantry.org,2026-09-06
food_tukwila,Krahn,food,0.0,0.0,,none,0.0,,,derived,https://www.tukwilapantry.org,2026-09-06
food_tukwila,Krio,food,0.0,0.0,,none,0.0,,,derived,https://www.tukwilapantry.org,2026-09-06
food_tukwila,Kru,food,0.0,0.0,,none,0.0,,,derived,https://www.tukwilapantry.org,2026-09-06
food_tukwila,Kurdish,food,0.0,0.0,,none,0.0,,,derived,https://www.tukwilapantry.org,2026-09-06
food_tukwila,Lao,food,0.0,0.0,,none,0.0,,,derived,https://www.tukwilapantry.org,2026-09-06
food_tukwila,Latvian,food,0.0,0.0,,none,0.0,,,derived,https://www.tukwilapantry.org,2026-09-06
food_tukwila,Lingala,food,0.0,0.0,,none,0.0,,,derived,https://www.tukwilapantry.org,2026-09-06
food_tukwila,Luganda,food,0.0,0.0,,none,0.0,,,derived,https://www.tukwilapantry.org,2026-09-06
food_tukwila,Maay Maay,food,0.0,0.0,,none,0.0,,,derived,https://www.tukwilapantry.org,2026-09-06
food_tukwila,Malay,food,0.0,0.0,,none,0.0,,,derived,https://www.tukwilapantry.org,2026-09-06
food_tukwila,Malayalam,food,0.0,0.0,,none,0.0,,,derived,https://www.tukwilapantry.org,2026-09-06
food_tukwila,Mam,food,0.0,0.0,,none,0.0,,,derived,https://www.tukwilapantry.org,2026-09-06
food_tukwila,Mandingo,food,0.0,0.0,,none,0.0,,,derived,https://www.tukwilapantry.org,2026-09-06
food_tukwila,Mandinka,food,0.0,0.0,,none,0.0,,,derived,https://www.tukwilapantry.org,2026-09-06
food_tukwila,Marathi,food,0.0,0.0,,none,0.0,,,derived,https://www.tukwilapantry.org,2026-09-06
food_tukwila,Marquesan,food,0.0,0.0,,none,0.0,,,derived,https://www.tukwilapantry.org,2026-09-06
food_tukwila,Marshallese,food,0.0,0.0,,none,0.0,,,derived,https://www.tukwilapantry.org,2026-09-06
food_tukwila,Maya-Quiche,food,0.0,0.0,,none,0.0,,,derived,https://www.tukwilapantry.org,2026-09-06
food_tukwila,Mien,food,0.0,0.0,,none,0.0,,,derived,https://www.tukwilapantry.org,2026-09-06
food_tukwila,Mixteco,food,0.0,0.0,,none,0.0,,,derived,https://www.tukwilapantry.org,2026-09-06
food_tukwila,Moldavian,food,0.0,0.0,,none,0.0,,,derived,https://www.tukwilapantry.org,2026-09-06
food_tukwila,Mongolian,food,0.0,0.0,,none,0.0,,,derived,https://www.tukwilapantry.org,2026-09-06
food_tukwila,Moore,food,0.0,0.0,,none,0.0,,,derived,https://www.tukwilapantry.org,2026-09-06
food_tukwila,"Nahuatl, Guerrero region",food,0.0,0.0,,none,0.0,,,derived,https://www.tukwilapantry.org,2026-09-06
food_tukwila,Nepali,food,0.0,0.0,,none,0.0,,,derived,https://www.tukwilapantry.org,2026-09-06
food_tukwila,Nuer,food,0.0,0.0,,none,0.0,,,derived,https://www.tukwilapantry.org,2026-09-06
food_tukwila,Oromo,food,0.0,0.0,,none,0.0,,,derived,https://www.tukwilapantry.org,2026-09-06
food_tukwila,Palau,food,0.0,0.0,,none,0.0,,,derived,https://www.tukwilapantry.org,2026-09-06
food_tukwila,Pashai,food,0.0,0.0,,none,0.0,,,derived,https://www.tukwilapantry.org,2026-09-06
food_tukwila,Pashto,food,0.0,0.0,,none,0.0,,,derived,https://www.tukwilapantry.org,2026-09-06
food_tukwila,Pere,food,0.0,0.0,,none,0.0,,,derived,https://www.tukwilapantry.org,2026-09-06
food_tukwila,Polish,food,0.0,0.0,,none,0.0,,,derived,https://www.tukwilapantry.org,2026-09-06
food_tukwila,Portuguese,food,0.0,0.0,,none,0.0,,,derived,https://www.tukwilapantry.org,2026-09-06
food_tukwila,Punjabi,food,0.0,0.0,,none,0.0,,,derived,https://www.tukwilapantry.org,2026-09-06
food_tukwila,Purepecha,food,0.0,0.0,,none,0.0,,,derived,https://www.tukwilapantry.org,2026-09-06
food_tukwila,Rohingya,food,0.0,0.0,,none,0.0,,,derived,https://www.tukwilapantry.org,2026-09-06
food_tukwila,Romanian,food,0.0,0.0,,none,0.0,,,derived,https://www.tukwilapantry.org,2026-09-06
food_tukwila,Russian,food,0.0,0.0,,none,0.0,,,derived,https://www.tukwilapantry.org,2026-09-06
food_tukwila,Samoan,food,0.0,0.0,,none,0.0,,,derived,https://www.tukwilapantry.org,2026-09-06
food_tukwila,Sao,food,0.0,0.0,,none,0.0,,,derived,https://www.tukwilapantry.org,2026-09-06
food_tukwila,Serbo-Croation,food,0.0,0.0,,none,0.0,,,derived,https://www.tukwilapantry.org,2026-09-06
food_tukwila,Shona,food,0.0,0.0,,none,0.0,,,derived,https://www.tukwilapantry.org,2026-09-06
food_tukwila,Sinhalese,food,0.0,0.0,,none,0.0,,,derived,https://www.tukwilapantry.org,2026-09-06
food_tukwila,Slovenian,food,0.0,0.0,,none,0.0,,,derived,https://www.tukwilapantry.org,2026-09-06
food_tukwila,Somali,food,0.0,0.0,,none,0.0,,,derived,https://www.tukwilapantry.org,2026-09-06
food_tukwila,Soninke,food,0.0,0.0,,none,0.0,,,derived,https://www.tukwilapantry.org,2026-09-06
food_tukwila,Sotho,food,0.0,0.0,,none,0.0,,,derived,https://www.tukwilapantry.org,2026-09-06
food_tukwila,Spanish,food,0.0,0.0,,none,0.0,,,derived,https://www.tukwilapantry.org,2026-09-06
food_tukwila,Swahili,food,0.0,0.0,,none,0.0,,,derived,https://www.tukwilapantry.org,2026-09-06
food_tukwila,Tagalog,food,0.0,0.0,,none,0.0,,,derived,https://www.tukwilapantry.org,2026-09-06
food_tukwila,Taishanese,food,0.0,0.0,,none,0.0,,,derived,https://www.tukwilapantry.org,2026-09-06
food_tukwila,Tajiki,food,0.0,0.0,,none,0.0,,,derived,https://www.tukwilapantry.org,2026-09-06
food_tukwila,Tamil,food,0.0,0.0,,none,0.0,,,derived,https://www.tukwilapantry.org,2026-09-06
food_tukwila,Tarasco,food,0.0,0.0,,none,0.0,,,derived,https://www.tukwilapantry.org,2026-09-06
food_tukwila,Tedim,food,0.0,0.0,,none,0.0,,,derived,https://www.tukwilapantry.org,2026-09-06
food_tukwila,Telugu,food,0.0,0.0,,none,0.0,,,derived,https://www.tukwilapantry.org,2026-09-06
food_tukwila,Thai,food,0.0,0.0,,none,0.0,,,derived,https://www.tukwilapantry.org,2026-09-06
food_tukwila,Tibetan,food,0.0,0.0,,none,0.0,,,derived,https://www.tukwilapantry.org,2026-09-06
food_tukwila,Tigrinya,food,0.0,0.0,,none,0.0,,,derived,https://www.tukwilapantry.org,2026-09-06
food_tukwila,Tongan,food,0.0,0.0,,none,0.0,,,derived,https://www.tukwilapantry.org,2026-09-06
food_tukwila,Turkish,food,0.0,0.0,,none,0.0,,,derived,https://www.tukwilapantry.org,2026-09-06
food_tukwila,Twi,food,0.0,0.0,,none,0.0,,,derived,https://www.tukwilapantry.org,2026-09-06
food_tukwila,Ukrainian,food,0.0,0.0,,none,0.0,,,derived,https://www.tukwilapantry.org,2026-09-06
food_tukwila,Urdu,food,0.0,0.0,,none,0.0,,,derived,https://www.tukwilapantry.org,2026-09-06
food_tukwila,Uzbek,food,0.0,0.0,,none,0.0,,,derived,https://www.tukwilapantry.org,2026-09-06
food_tukwila,Vietnamese,food,0.0,0.0,,none,0.0,,,derived,https://www.tukwilapantry.org,2026-09-06
food_tukwila,Wolof,food,0.0,0.0,,none,0.0,,,derived,https://www.tukwilapantry.org,2026-09-06
food_tukwila,Yap,food,0.0,0.0,,none,0.0,,,derived,https://www.tukwilapantry.org,2026-09-06
food_tukwila,Yoruba,food,0.0,0.0,,none,0.0,,,derived,https://www.tukwilapantry.org,2026-09-06
food_renton_sa,Acholi,food,0.0,0.0,,none,0.0,,,derived,https://renton.salvationarmy.org,2026-09-06
food_renton_sa,Aguacateco,food,0.0,0.0,,none,0.0,,,derived,https://renton.salvationarmy.org,2026-09-06
food_renton_sa,Akateko,food,0.0,0.0,,none,0.0,,,derived,https://renton.salvationarmy.org,2026-09-06
food_renton_sa,Albanian,food,0.0,0.0,,none,0.0,,,derived,https://renton.salvationarmy.org,2026-09-06
food_renton_sa,American Sign Language,food,0.0,0.0,,none,0.0,,,derived,https://renton.salvationarmy.org,2026-09-06
food_renton_sa,Amharic,food,0.0,0.0,,none,0.0,,,derived,https://renton.salvationarmy.org,2026-09-06
food_renton_sa,Arabic,food,0.0,0.0,,none,0.0,,,derived,https://renton.salvationarmy.org,2026-09-06
food_renton_sa,Armenian,food,0.0,0.0,,none,0.0,,,derived,https://renton.salvationarmy.org,2026-09-06
food_renton_sa,Ayula-Bambara,food,0.0,0.0,,none,0.0,,,derived,https://renton.salvationarmy.org,2026-09-06
food_renton_sa,Azerbaijani,food,0.0,0.0,,none,0.0,,,derived,https://renton.salvationarmy.org,2026-09-06
food_renton_sa,Bambara,food,0.0,0.0,,none,0.0,,,derived,https://renton.salvationarmy.org,2026-09-06
food_renton_sa,Bangala,food,0.0,0.0,,none,0.0,,,derived,https://renton.salvationarmy.org,2026-09-06
food_renton_sa,Bassa,food,0.0,0.0,,none,0.0,,,derived,https://renton.salvationarmy.org,2026-09-06
food_renton_sa,Bengali,food,0.0,0.0,,none,0.0,,,derived,https://renton.salvationarmy.org,2026-09-06
food_renton_sa,Bosnian,food,0.0,0.0,,none,0.0,,,derived,https://renton.salvationarmy.org,2026-09-06
food_renton_sa,Bulgarian,food,0.0,0.0,,none,0.0,,,derived,https://renton.salvationarmy.org,2026-09-06
food_renton_sa,Burmese,food,0.0,0.0,,none,0.0,,,derived,https://renton.salvationarmy.org,2026-09-06
food_renton_sa,Carolinian,food,0.0,0.0,,none,0.0,,,derived,https://renton.salvationarmy.org,2026-09-06
food_renton_sa,Catalan,food,0.0,0.0,,none,0.0,,,derived,https://renton.salvationarmy.org,2026-09-06
food_renton_sa,Cebuano,food,0.0,0.0,,none,0.0,,,derived,https://renton.salvationarmy.org,2026-09-06
food_renton_sa,Cham,food,0.0,0.0,,none,0.0,,,derived,https://renton.salvationarmy.org,2026-09-06
food_renton_sa,Chamorro,food,0.0,0.0,,none,0.0,,,derived,https://renton.salvationarmy.org,2026-09-06
food_renton_sa,Chin,food,0.0,0.0,,none,0.0,,,derived,https://renton.salvationarmy.org,2026-09-06
food_renton_sa,Chinese-Cantonese,food,0.0,0.0,,none,0.0,,,derived,https://renton.salvationarmy.org,2026-09-06
food_renton_sa,Chinese-Fukienese,food,0.0,0.0,,none,0.0,,,derived,https://renton.salvationarmy.org,2026-09-06
food_renton_sa,Chinese-Mandarin,food,0.0,0.0,,none,0.0,,,derived,https://renton.salvationarmy.org,2026-09-06
food_renton_sa,Chinese-Taiwanese,food,0.0,0.0,,none,0.0,,,derived,https://renton.salvationarmy.org,2026-09-06
food_renton_sa,Chuukese,food,0.0,0.0,,none,0.0,,,derived,https://renton.salvationarmy.org,2026-09-06
food_renton_sa,Dari,food,0.0,0.0,,none,0.0,,,derived,https://renton.salvationarmy.org,2026-09-06
food_renton_sa,Dinka,food,0.0,0.0,,none,0.0,,,derived,https://renton.salvationarmy.org,2026-09-06
food_renton_sa,Dutch,food,0.0,0.0,,none,0.0,,,derived,https://renton.salvationarmy.org,2026-09-06
food_renton_sa,Egyptian-Arabic,food,0.0,0.0,,none,0.0,,,derived,https://renton.salvationarmy.org,2026-09-06
food_renton_sa,Eritai,food,0.0,0.0,,none,0.0,,,derived,https://renton.salvationarmy.org,2026-09-06
food_renton_sa,Estonian,food,0.0,0.0,,none,0.0,,,derived,https://renton.salvationarmy.org,2026-09-06
food_renton_sa,Ewe,food,0.0,0.0,,none,0.0,,,derived,https://renton.salvationarmy.org,2026-09-06
food_renton_sa,Fallani,food,0.0,0.0,,none,0.0,,,derived,https://renton.salvationarmy.org,2026-09-06
food_renton_sa,Farsi,food,0.0,0.0,,none,0.0,,,derived,https://renton.salvationarmy.org,2026-09-06
food_renton_sa,French,food,0.0,0.0,,none,0.0,,,derived,https://renton.salvationarmy.org,2026-09-06
food_renton_sa,Fula,food,0.0,0.0,,none,0.0,,,derived,https://renton.salvationarmy.org,2026-09-06
food_renton_sa,Ga,food,0.0,0.0,,none,0.0,,,derived,https://renton.salvationarmy.org,2026-09-06
food_renton_sa,German,food,0.0,0.0,,none,0.0,,,derived,https://renton.salvationarmy.org,2026-09-06
food_renton_sa,"Greek, Modern",food,0.0,0.0,,none,0.0,,,derived,https://renton.salvationarmy.org,2026-09-06
food_renton_sa,Gujarati,food,0.0,0.0,,none,0.0,,,derived,https://renton.salvationarmy.org,2026-09-06
food_renton_sa,Haitian Creole,food,0.0,0.0,,none,0.0,,,derived,https://renton.salvationarmy.org,2026-09-06
food_renton_sa,Hausa,food,0.0,0.0,,none,0.0,,,derived,https://renton.salvationarmy.org,2026-09-06
food_renton_sa,Hawaiian,food,0.0,0.0,,none,0.0,,,derived,https://renton.salvationarmy.org,2026-09-06
food_renton_sa,Herero,food,0.0,0.0,,none,0.0,,,derived,https://renton.salvationarmy.org,2026-09-06
food_renton_sa,Hindi,food,0.0,0.0,,none,0.0,,,derived,https://renton.salvationarmy.org,2026-09-06
food_renton_sa,Hmong,food,0.0,0.0,,none,0.0,,,derived,https://renton.salvationarmy.org,2026-09-06
food_renton_sa,Hungarian,food,0.0,0.0,,none,0.0,,,derived,https://renton.salvationarmy.org,2026-09-06
food_renton_sa,Igbo,food,0.0,0.0,,none,0.0,,,derived,https://renton.salvationarmy.org,2026-09-06
food_renton_sa,Ilokano,food,0.0,0.0,,none,0.0,,,derived,https://renton.salvationarmy.org,2026-09-06
food_renton_sa,Indonesian,food,0.0,0.0,,none,0.0,,,derived,https://renton.salvationarmy.org,2026-09-06
food_renton_sa,Italian,food,0.0,0.0,,none,0.0,,,derived,https://renton.salvationarmy.org,2026-09-06
food_renton_sa,Japanese,food,0.0,0.0,,none,0.0,,,derived,https://renton.salvationarmy.org,2026-09-06
food_renton_sa,Kakwa,food,0.0,0.0,,none,0.0,,,derived,https://renton.salvationarmy.org,2026-09-06
food_renton_sa,Kannada,food,0.0,0.0,,none,0.0,,,derived,https://renton.salvationarmy.org,2026-09-06
food_renton_sa,Karen,food,0.0,0.0,,none,0.0,,,derived,https://renton.salvationarmy.org,2026-09-06
food_renton_sa,Karenni,food,0.0,0.0,,none,0.0,,,derived,https://renton.salvationarmy.org,2026-09-06
food_renton_sa,Kazakh,food,0.0,0.0,,none,0.0,,,derived,https://renton.salvationarmy.org,2026-09-06
food_renton_sa,Khmer,food,0.0,0.0,,none,0.0,,,derived,https://renton.salvationarmy.org,2026-09-06
food_renton_sa,Kikuyu,food,0.0,0.0,,none,0.0,,,derived,https://renton.salvationarmy.org,2026-09-06
food_renton_sa,Kinyarwanda,food,0.0,0.0,,none,0.0,,,derived,https://renton.salvationarmy.org,2026-09-06
food_renton_sa,Kirgiz,food,0.0,0.0,,none,0.0,,,derived,https://renton.salvationarmy.org,2026-09-06
food_renton_sa,Kirundi,food,0.0,0.0,,none,0.0,,,derived,https://renton.salvationarmy.org,2026-09-06
food_renton_sa,Kmhmu,food,0.0,0.0,,none,0.0,,,derived,https://renton.salvationarmy.org,2026-09-06
food_renton_sa,Kongo,food,0.0,0.0,,none,0.0,,,derived,https://renton.salvationarmy.org,2026-09-06
food_renton_sa,Korean,food,0.0,0.0,,none,0.0,,,derived,https://renton.salvationarmy.org,2026-09-06
food_renton_sa,Kosraean,food,0.0,0.0,,none,0.0,,,derived,https://renton.salvationarmy.org,2026-09-06
food_renton_sa,Krahn,food,0.0,0.0,,none,0.0,,,derived,https://renton.salvationarmy.org,2026-09-06
food_renton_sa,Krio,food,0.0,0.0,,none,0.0,,,derived,https://renton.salvationarmy.org,2026-09-06
food_renton_sa,Kru,food,0.0,0.0,,none,0.0,,,derived,https://renton.salvationarmy.org,2026-09-06
food_renton_sa,Kurdish,food,0.0,0.0,,none,0.0,,,derived,https://renton.salvationarmy.org,2026-09-06
food_renton_sa,Lao,food,0.0,0.0,,none,0.0,,,derived,https://renton.salvationarmy.org,2026-09-06
food_renton_sa,Latvian,food,0.0,0.0,,none,0.0,,,derived,https://renton.salvationarmy.org,2026-09-06
food_renton_sa,Lingala,food,0.0,0.0,,none,0.0,,,derived,https://renton.salvationarmy.org,2026-09-06
food_renton_sa,Luganda,food,0.0,0.0,,none,0.0,,,derived,https://renton.salvationarmy.org,2026-09-06
food_renton_sa,Maay Maay,food,0.0,0.0,,none,0.0,,,derived,https://renton.salvationarmy.org,2026-09-06
food_renton_sa,Malay,food,0.0,0.0,,none,0.0,,,derived,https://renton.salvationarmy.org,2026-09-06
food_renton_sa,Malayalam,food,0.0,0.0,,none,0.0,,,derived,https://renton.salvationarmy.org,2026-09-06
food_renton_sa,Mam,food,0.0,0.0,,none,0.0,,,derived,https://renton.salvationarmy.org,2026-09-06
food_renton_sa,Mandingo,food,0.0,0.0,,none,0.0,,,derived,https://renton.salvationarmy.org,2026-09-06
food_renton_sa,Mandinka,food,0.0,0.0,,none,0.0,,,derived,https://renton.salvationarmy.org,2026-09-06
food_renton_sa,Marathi,food,0.0,0.0,,none,0.0,,,derived,https://renton.salvationarmy.org,2026-09-06
food_renton_sa,Marquesan,food,0.0,0.0,,none,0.0,,,derived,https://renton.salvationarmy.org,2026-09-06
food_renton_sa,Marshallese,food,0.0,0.0,,none,0.0,,,derived,https://renton.salvationarmy.org,2026-09-06
food_renton_sa,Maya-Quiche,food,0.0,0.0,,none,0.0,,,derived,https://renton.salvationarmy.org,2026-09-06
food_renton_sa,Mien,food,0.0,0.0,,none,0.0,,,derived,https://renton.salvationarmy.org,2026-09-06
food_renton_sa,Mixteco,food,0.0,0.0,,none,0.0,,,derived,https://renton.salvationarmy.org,2026-09-06
food_renton_sa,Moldavian,food,0.0,0.0,,none,0.0,,,derived,https://renton.salvationarmy.org,2026-09-06
food_renton_sa,Mongolian,food,0.0,0.0,,none,0.0,,,derived,https://renton.salvationarmy.org,2026-09-06
food_renton_sa,Moore,food,0.0,0.0,,none,0.0,,,derived,https://renton.salvationarmy.org,2026-09-06
food_renton_sa,"Nahuatl, Guerrero region",food,0.0,0.0,,none,0.0,,,derived,https://renton.salvationarmy.org,2026-09-06
food_renton_sa,Nepali,food,0.0,0.0,,none,0.0,,,derived,https://renton.salvationarmy.org,2026-09-06
food_renton_sa,Nuer,food,0.0,0.0,,none,0.0,,,derived,https://renton.salvationarmy.org,2026-09-06
food_renton_sa,Oromo,food,0.0,0.0,,none,0.0,,,derived,https://renton.salvationarmy.org,2026-09-06
food_renton_sa,Palau,food,0.0,0.0,,none,0.0,,,derived,https://renton.salvationarmy.org,2026-09-06
food_renton_sa,Pashai,food,0.0,0.0,,none,0.0,,,derived,https://renton.salvationarmy.org,2026-09-06
food_renton_sa,Pashto,food,0.0,0.0,,none,0.0,,,derived,https://renton.salvationarmy.org,2026-09-06
food_renton_sa,Pere,food,0.0,0.0,,none,0.0,,,derived,https://renton.salvationarmy.org,2026-09-06
food_renton_sa,Polish,food,0.0,0.0,,none,0.0,,,derived,https://renton.salvationarmy.org,2026-09-06
food_renton_sa,Portuguese,food,0.0,0.0,,none,0.0,,,derived,https://renton.salvationarmy.org,2026-09-06
food_renton_sa,Punjabi,food,0.0,0.0,,none,0.0,,,derived,https://renton.salvationarmy.org,2026-09-06
food_renton_sa,Purepecha,food,0.0,0.0,,none,0.0,,,derived,https://renton.salvationarmy.org,2026-09-06
food_renton_sa,Rohingya,food,0.0,0.0,,none,0.0,,,derived,https://renton.salvationarmy.org,2026-09-06
food_renton_sa,Romanian,food,0.0,0.0,,none,0.0,,,derived,https://renton.salvationarmy.org,2026-09-06
food_renton_sa,Russian,food,0.0,0.0,,none,0.0,,,derived,https://renton.salvationarmy.org,2026-09-06
food_renton_sa,Samoan,food,0.0,0.0,,none,0.0,,,derived,https://renton.salvationarmy.org,2026-09-06
food_renton_sa,Sao,food,0.0,0.0,,none,0.0,,,derived,https://renton.salvationarmy.org,2026-09-06
food_renton_sa,Serbo-Croation,food,0.0,0.0,,none,0.0,,,derived,https://renton.salvationarmy.org,2026-09-06
food_renton_sa,Shona,food,0.0,0.0,,none,0.0,,,derived,https://renton.salvationarmy.org,2026-09-06
food_renton_sa,Sinhalese,food,0.0,0.0,,none,0.0,,,derived,https://renton.salvationarmy.org,2026-09-06
food_renton_sa,Slovenian,food,0.0,0.0,,none,0.0,,,derived,https://renton.salvationarmy.org,2026-09-06
food_renton_sa,Somali,food,0.0,0.0,,none,0.0,,,derived,https://renton.salvationarmy.org,2026-09-06
food_renton_sa,Soninke,food,0.0,0.0,,none,0.0,,,derived,https://renton.salvationarmy.org,2026-09-06
food_renton_sa,Sotho,food,0.0,0.0,,none,0.0,,,derived,https://renton.salvationarmy.org,2026-09-06
food_renton_sa,Spanish,food,0.0,0.0,,none,0.0,,,derived,https://renton.salvationarmy.org,2026-09-06
food_renton_sa,Swahili,food,0.0,0.0,,none,0.0,,,derived,https://renton.salvationarmy.org,2026-09-06
food_renton_sa,Tagalog,food,0.0,0.0,,none,0.0,,,derived,https://renton.salvationarmy.org,2026-09-06
food_renton_sa,Taishanese,food,0.0,0.0,,none,0.0,,,derived,https://renton.salvationarmy.org,2026-09-06
food_renton_sa,Tajiki,food,0.0,0.0,,none,0.0,,,derived,https://renton.salvationarmy.org,2026-09-06
food_renton_sa,Tamil,food,0.0,0.0,,none,0.0,,,derived,https://renton.salvationarmy.org,2026-09-06
food_renton_sa,Tarasco,food,0.0,0.0,,none,0.0,,,derived,https://renton.salvationarmy.org,2026-09-06
food_renton_sa,Tedim,food,0.0,0.0,,none,0.0,,,derived,https://renton.salvationarmy.org,2026-09-06
food_renton_sa,Telugu,food,0.0,0.0,,none,0.0,,,derived,https://renton.salvationarmy.org,2026-09-06
food_renton_sa,Thai,food,0.0,0.0,,none,0.0,,,derived,https://renton.salvationarmy.org,2026-09-06
food_renton_sa,Tibetan,food,0.0,0.0,,none,0.0,,,derived,https://renton.salvationarmy.org,2026-09-06
food_renton_sa,Tigrinya,food,0.0,0.0,,none,0.0,,,derived,https://renton.salvationarmy.org,2026-09-06
food_renton_sa,Tongan,food,0.0,0.0,,none,0.0,,,derived,https://renton.salvationarmy.org,2026-09-06
food_renton_sa,Turkish,food,0.0,0.0,,none,0.0,,,derived,https://renton.salvationarmy.org,2026-09-06
food_renton_sa,Twi,food,0.0,0.0,,none,0.0,,,derived,https://renton.salvationarmy.org,2026-09-06
food_renton_sa,Ukrainian,food,0.0,0.0,,none,0.0,,,derived,https://renton.salvationarmy.org,2026-09-06
food_renton_sa,Urdu,food,0.0,0.0,,none,0.0,,,derived,https://renton.salvationarmy.org,2026-09-06
food_renton_sa,Uzbek,food,0.0,0.0,,none,0.0,,,derived,https://renton.salvationarmy.org,2026-09-06
food_renton_sa,Vietnamese,food,0.0,0.0,,none,0.0,,,derived,https://renton.salvationarmy.org,2026-09-06
food_renton_sa,Wolof,food,0.0,0.0,,none,0.0,,,derived,https://renton.salvationarmy.org,2026-09-06
food_renton_sa,Yap,food,0.0,0.0,,none,0.0,,,derived,https://renton.salvationarmy.org,2026-09-06
food_renton_sa,Yoruba,food,0.0,0.0,,none,0.0,,,derived,https://renton.salvationarmy.org,2026-09-06
food_nwharvest,Acholi,food,0.0,0.0,,none,0.0,,,derived,https://www.northwestharvest.org,2026-09-06
food_nwharvest,Aguacateco,food,0.0,0.0,,none,0.0,,,derived,https://www.northwestharvest.org,2026-09-06
food_nwharvest,Akateko,food,0.0,0.0,,none,0.0,,,derived,https://www.northwestharvest.org,2026-09-06
food_nwharvest,Albanian,food,0.0,0.0,,none,0.0,,,derived,https://www.northwestharvest.org,2026-09-06
food_nwharvest,American Sign Language,food,0.0,0.0,,none,0.0,,,derived,https://www.northwestharvest.org,2026-09-06
food_nwharvest,Amharic,food,0.0,0.0,,none,0.0,,,derived,https://www.northwestharvest.org,2026-09-06
food_nwharvest,Arabic,food,0.0,0.0,,none,0.0,,,derived,https://www.northwestharvest.org,2026-09-06
food_nwharvest,Armenian,food,0.0,0.0,,none,0.0,,,derived,https://www.northwestharvest.org,2026-09-06
food_nwharvest,Ayula-Bambara,food,0.0,0.0,,none,0.0,,,derived,https://www.northwestharvest.org,2026-09-06
food_nwharvest,Azerbaijani,food,0.0,0.0,,none,0.0,,,derived,https://www.northwestharvest.org,2026-09-06
food_nwharvest,Bambara,food,0.0,0.0,,none,0.0,,,derived,https://www.northwestharvest.org,2026-09-06
food_nwharvest,Bangala,food,0.0,0.0,,none,0.0,,,derived,https://www.northwestharvest.org,2026-09-06
food_nwharvest,Bassa,food,0.0,0.0,,none,0.0,,,derived,https://www.northwestharvest.org,2026-09-06
food_nwharvest,Bengali,food,0.0,0.0,,none,0.0,,,derived,https://www.northwestharvest.org,2026-09-06
food_nwharvest,Bosnian,food,0.0,0.0,,none,0.0,,,derived,https://www.northwestharvest.org,2026-09-06
food_nwharvest,Bulgarian,food,0.0,0.0,,none,0.0,,,derived,https://www.northwestharvest.org,2026-09-06
food_nwharvest,Burmese,food,0.0,0.0,,none,0.0,,,derived,https://www.northwestharvest.org,2026-09-06
food_nwharvest,Carolinian,food,0.0,0.0,,none,0.0,,,derived,https://www.northwestharvest.org,2026-09-06
food_nwharvest,Catalan,food,0.0,0.0,,none,0.0,,,derived,https://www.northwestharvest.org,2026-09-06
food_nwharvest,Cebuano,food,0.0,0.0,,none,0.0,,,derived,https://www.northwestharvest.org,2026-09-06
food_nwharvest,Cham,food,0.0,0.0,,none,0.0,,,derived,https://www.northwestharvest.org,2026-09-06
food_nwharvest,Chamorro,food,0.0,0.0,,none,0.0,,,derived,https://www.northwestharvest.org,2026-09-06
food_nwharvest,Chin,food,0.0,0.0,,none,0.0,,,derived,https://www.northwestharvest.org,2026-09-06
food_nwharvest,Chinese-Cantonese,food,0.0,0.0,,none,0.0,,,derived,https://www.northwestharvest.org,2026-09-06
food_nwharvest,Chinese-Fukienese,food,0.0,0.0,,none,0.0,,,derived,https://www.northwestharvest.org,2026-09-06
food_nwharvest,Chinese-Mandarin,food,3.0,2.0,,in_language_document,1.0,unchecked,unverified,derived,https://www.northwestharvest.org,2026-09-06
food_nwharvest,Chinese-Taiwanese,food,0.0,0.0,,none,0.0,,,derived,https://www.northwestharvest.org,2026-09-06
food_nwharvest,Chuukese,food,0.0,0.0,,none,0.0,,,derived,https://www.northwestharvest.org,2026-09-06
food_nwharvest,Dari,food,0.0,0.0,,none,0.0,,,derived,https://www.northwestharvest.org,2026-09-06
food_nwharvest,Dinka,food,0.0,0.0,,none,0.0,,,derived,https://www.northwestharvest.org,2026-09-06
food_nwharvest,Dutch,food,0.0,0.0,,none,0.0,,,derived,https://www.northwestharvest.org,2026-09-06
food_nwharvest,Egyptian-Arabic,food,0.0,0.0,,none,0.0,,,derived,https://www.northwestharvest.org,2026-09-06
food_nwharvest,Eritai,food,0.0,0.0,,none,0.0,,,derived,https://www.northwestharvest.org,2026-09-06
food_nwharvest,Estonian,food,0.0,0.0,,none,0.0,,,derived,https://www.northwestharvest.org,2026-09-06
food_nwharvest,Ewe,food,0.0,0.0,,none,0.0,,,derived,https://www.northwestharvest.org,2026-09-06
food_nwharvest,Fallani,food,0.0,0.0,,none,0.0,,,derived,https://www.northwestharvest.org,2026-09-06
food_nwharvest,Farsi,food,0.0,0.0,,none,0.0,,,derived,https://www.northwestharvest.org,2026-09-06
food_nwharvest,French,food,0.0,0.0,,none,0.0,,,derived,https://www.northwestharvest.org,2026-09-06
food_nwharvest,Fula,food,0.0,0.0,,none,0.0,,,derived,https://www.northwestharvest.org,2026-09-06
food_nwharvest,Ga,food,0.0,0.0,,none,0.0,,,derived,https://www.northwestharvest.org,2026-09-06
food_nwharvest,German,food,0.0,0.0,,none,0.0,,,derived,https://www.northwestharvest.org,2026-09-06
food_nwharvest,"Greek, Modern",food,0.0,0.0,,none,0.0,,,derived,https://www.northwestharvest.org,2026-09-06
food_nwharvest,Gujarati,food,0.0,0.0,,none,0.0,,,derived,https://www.northwestharvest.org,2026-09-06
food_nwharvest,Haitian Creole,food,0.0,0.0,,none,0.0,,,derived,https://www.northwestharvest.org,2026-09-06
food_nwharvest,Hausa,food,0.0,0.0,,none,0.0,,,derived,https://www.northwestharvest.org,2026-09-06
food_nwharvest,Hawaiian,food,0.0,0.0,,none,0.0,,,derived,https://www.northwestharvest.org,2026-09-06
food_nwharvest,Herero,food,0.0,0.0,,none,0.0,,,derived,https://www.northwestharvest.org,2026-09-06
food_nwharvest,Hindi,food,0.0,0.0,,none,0.0,,,derived,https://www.northwestharvest.org,2026-09-06
food_nwharvest,Hmong,food,0.0,0.0,,none,0.0,,,derived,https://www.northwestharvest.org,2026-09-06
food_nwharvest,Hungarian,food,0.0,0.0,,none,0.0,,,derived,https://www.northwestharvest.org,2026-09-06
food_nwharvest,Igbo,food,0.0,0.0,,none,0.0,,,derived,https://www.northwestharvest.org,2026-09-06
food_nwharvest,Ilokano,food,0.0,0.0,,none,0.0,,,derived,https://www.northwestharvest.org,2026-09-06
food_nwharvest,Indonesian,food,0.0,0.0,,none,0.0,,,derived,https://www.northwestharvest.org,2026-09-06
food_nwharvest,Italian,food,0.0,0.0,,none,0.0,,,derived,https://www.northwestharvest.org,2026-09-06
food_nwharvest,Japanese,food,0.0,0.0,,none,0.0,,,derived,https://www.northwestharvest.org,2026-09-06
food_nwharvest,Kakwa,food,0.0,0.0,,none,0.0,,,derived,https://www.northwestharvest.org,2026-09-06
food_nwharvest,Kannada,food,0.0,0.0,,none,0.0,,,derived,https://www.northwestharvest.org,2026-09-06
food_nwharvest,Karen,food,0.0,0.0,,none,0.0,,,derived,https://www.northwestharvest.org,2026-09-06
food_nwharvest,Karenni,food,0.0,0.0,,none,0.0,,,derived,https://www.northwestharvest.org,2026-09-06
food_nwharvest,Kazakh,food,0.0,0.0,,none,0.0,,,derived,https://www.northwestharvest.org,2026-09-06
food_nwharvest,Khmer,food,0.0,0.0,,none,0.0,,,derived,https://www.northwestharvest.org,2026-09-06
food_nwharvest,Kikuyu,food,0.0,0.0,,none,0.0,,,derived,https://www.northwestharvest.org,2026-09-06
food_nwharvest,Kinyarwanda,food,0.0,0.0,,none,0.0,,,derived,https://www.northwestharvest.org,2026-09-06
food_nwharvest,Kirgiz,food,0.0,0.0,,none,0.0,,,derived,https://www.northwestharvest.org,2026-09-06
food_nwharvest,Kirundi,food,0.0,0.0,,none,0.0,,,derived,https://www.northwestharvest.org,2026-09-06
food_nwharvest,Kmhmu,food,0.0,0.0,,none,0.0,,,derived,https://www.northwestharvest.org,2026-09-06
food_nwharvest,Kongo,food,0.0,0.0,,none,0.0,,,derived,https://www.northwestharvest.org,2026-09-06
food_nwharvest,Korean,food,0.0,0.0,,none,0.0,,,derived,https://www.northwestharvest.org,2026-09-06
food_nwharvest,Kosraean,food,0.0,0.0,,none,0.0,,,derived,https://www.northwestharvest.org,2026-09-06
food_nwharvest,Krahn,food,0.0,0.0,,none,0.0,,,derived,https://www.northwestharvest.org,2026-09-06
food_nwharvest,Krio,food,0.0,0.0,,none,0.0,,,derived,https://www.northwestharvest.org,2026-09-06
food_nwharvest,Kru,food,0.0,0.0,,none,0.0,,,derived,https://www.northwestharvest.org,2026-09-06
food_nwharvest,Kurdish,food,0.0,0.0,,none,0.0,,,derived,https://www.northwestharvest.org,2026-09-06
food_nwharvest,Lao,food,0.0,0.0,,none,0.0,,,derived,https://www.northwestharvest.org,2026-09-06
food_nwharvest,Latvian,food,0.0,0.0,,none,0.0,,,derived,https://www.northwestharvest.org,2026-09-06
food_nwharvest,Lingala,food,0.0,0.0,,none,0.0,,,derived,https://www.northwestharvest.org,2026-09-06
food_nwharvest,Luganda,food,0.0,0.0,,none,0.0,,,derived,https://www.northwestharvest.org,2026-09-06
food_nwharvest,Maay Maay,food,0.0,0.0,,none,0.0,,,derived,https://www.northwestharvest.org,2026-09-06
food_nwharvest,Malay,food,0.0,0.0,,none,0.0,,,derived,https://www.northwestharvest.org,2026-09-06
food_nwharvest,Malayalam,food,0.0,0.0,,none,0.0,,,derived,https://www.northwestharvest.org,2026-09-06
food_nwharvest,Mam,food,0.0,0.0,,none,0.0,,,derived,https://www.northwestharvest.org,2026-09-06
food_nwharvest,Mandingo,food,0.0,0.0,,none,0.0,,,derived,https://www.northwestharvest.org,2026-09-06
food_nwharvest,Mandinka,food,0.0,0.0,,none,0.0,,,derived,https://www.northwestharvest.org,2026-09-06
food_nwharvest,Marathi,food,0.0,0.0,,none,0.0,,,derived,https://www.northwestharvest.org,2026-09-06
food_nwharvest,Marquesan,food,0.0,0.0,,none,0.0,,,derived,https://www.northwestharvest.org,2026-09-06
food_nwharvest,Marshallese,food,0.0,0.0,,none,0.0,,,derived,https://www.northwestharvest.org,2026-09-06
food_nwharvest,Maya-Quiche,food,0.0,0.0,,none,0.0,,,derived,https://www.northwestharvest.org,2026-09-06
food_nwharvest,Mien,food,0.0,0.0,,none,0.0,,,derived,https://www.northwestharvest.org,2026-09-06
food_nwharvest,Mixteco,food,0.0,0.0,,none,0.0,,,derived,https://www.northwestharvest.org,2026-09-06
food_nwharvest,Moldavian,food,0.0,0.0,,none,0.0,,,derived,https://www.northwestharvest.org,2026-09-06
food_nwharvest,Mongolian,food,0.0,0.0,,none,0.0,,,derived,https://www.northwestharvest.org,2026-09-06
food_nwharvest,Moore,food,0.0,0.0,,none,0.0,,,derived,https://www.northwestharvest.org,2026-09-06
food_nwharvest,"Nahuatl, Guerrero region",food,0.0,0.0,,none,0.0,,,derived,https://www.northwestharvest.org,2026-09-06
food_nwharvest,Nepali,food,0.0,0.0,,none,0.0,,,derived,https://www.northwestharvest.org,2026-09-06
food_nwharvest,Nuer,food,0.0,0.0,,none,0.0,,,derived,https://www.northwestharvest.org,2026-09-06
food_nwharvest,Oromo,food,0.0,0.0,,none,0.0,,,derived,https://www.northwestharvest.org,2026-09-06
food_nwharvest,Palau,food,0.0,0.0,,none,0.0,,,derived,https://www.northwestharvest.org,2026-09-06
food_nwharvest,Pashai,food,0.0,0.0,,none,0.0,,,derived,https://www.northwestharvest.org,2026-09-06
food_nwharvest,Pashto,food,0.0,0.0,,none,0.0,,,derived,https://www.northwestharvest.org,2026-09-06
food_nwharvest,Pere,food,0.0,0.0,,none,0.0,,,derived,https://www.northwestharvest.org,2026-09-06
food_nwharvest,Polish,food,0.0,0.0,,none,0.0,,,derived,https://www.northwestharvest.org,2026-09-06
food_nwharvest,Portuguese,food,0.0,0.0,,none,0.0,,,derived,https://www.northwestharvest.org,2026-09-06
food_nwharvest,Punjabi,food,0.0,0.0,,none,0.0,,,derived,https://www.northwestharvest.org,2026-09-06
food_nwharvest,Purepecha,food,0.0,0.0,,none,0.0,,,derived,https://www.northwestharvest.org,2026-09-06
food_nwharvest,Rohingya,food,0.0,0.0,,none,0.0,,,derived,https://www.northwestharvest.org,2026-09-06
food_nwharvest,Romanian,food,0.0,0.0,,none,0.0,,,derived,https://www.northwestharvest.org,2026-09-06
food_nwharvest,Russian,food,3.0,2.0,,in_language_document,1.0,unchecked,unverified,derived,https://www.northwestharvest.org,2026-09-06
food_nwharvest,Samoan,food,0.0,0.0,,none,0.0,,,derived,https://www.northwestharvest.org,2026-09-06
food_nwharvest,Sao,food,0.0,0.0,,none,0.0,,,derived,https://www.northwestharvest.org,2026-09-06
food_nwharvest,Serbo-Croation,food,0.0,0.0,,none,0.0,,,derived,https://www.northwestharvest.org,2026-09-06
food_nwharvest,Shona,food,0.0,0.0,,none,0.0,,,derived,https://www.northwestharvest.org,2026-09-06
food_nwharvest,Sinhalese,food,0.0,0.0,,none,0.0,,,derived,https://www.northwestharvest.org,2026-09-06
food_nwharvest,Slovenian,food,0.0,0.0,,none,0.0,,,derived,https://www.northwestharvest.org,2026-09-06
food_nwharvest,Somali,food,0.0,0.0,,none,0.0,,,derived,https://www.northwestharvest.org,2026-09-06
food_nwharvest,Soninke,food,0.0,0.0,,none,0.0,,,derived,https://www.northwestharvest.org,2026-09-06
food_nwharvest,Sotho,food,0.0,0.0,,none,0.0,,,derived,https://www.northwestharvest.org,2026-09-06
food_nwharvest,Spanish,food,0.0,0.0,,none,0.0,,,derived,https://www.northwestharvest.org,2026-09-06
food_nwharvest,Swahili,food,0.0,0.0,,none,0.0,,,derived,https://www.northwestharvest.org,2026-09-06
food_nwharvest,Tagalog,food,0.0,0.0,,none,0.0,,,derived,https://www.northwestharvest.org,2026-09-06
food_nwharvest,Taishanese,food,0.0,0.0,,none,0.0,,,derived,https://www.northwestharvest.org,2026-09-06
food_nwharvest,Tajiki,food,0.0,0.0,,none,0.0,,,derived,https://www.northwestharvest.org,2026-09-06
food_nwharvest,Tamil,food,0.0,0.0,,none,0.0,,,derived,https://www.northwestharvest.org,2026-09-06
food_nwharvest,Tarasco,food,0.0,0.0,,none,0.0,,,derived,https://www.northwestharvest.org,2026-09-06
food_nwharvest,Tedim,food,0.0,0.0,,none,0.0,,,derived,https://www.northwestharvest.org,2026-09-06
food_nwharvest,Telugu,food,0.0,0.0,,none,0.0,,,derived,https://www.northwestharvest.org,2026-09-06
food_nwharvest,Thai,food,0.0,0.0,,none,0.0,,,derived,https://www.northwestharvest.org,2026-09-06
food_nwharvest,Tibetan,food,0.0,0.0,,none,0.0,,,derived,https://www.northwestharvest.org,2026-09-06
food_nwharvest,Tigrinya,food,0.0,0.0,,none,0.0,,,derived,https://www.northwestharvest.org,2026-09-06
food_nwharvest,Tongan,food,0.0,0.0,,none,0.0,,,derived,https://www.northwestharvest.org,2026-09-06
food_nwharvest,Turkish,food,0.0,0.0,,none,0.0,,,derived,https://www.northwestharvest.org,2026-09-06
food_nwharvest,Twi,food,0.0,0.0,,none,0.0,,,derived,https://www.northwestharvest.org,2026-09-06
food_nwharvest,Ukrainian,food,0.0,0.0,,none,0.0,,,derived,https://www.northwestharvest.org,2026-09-06
food_nwharvest,Urdu,food,0.0,0.0,,none,0.0,,,derived,https://www.northwestharvest.org,2026-09-06
food_nwharvest,Uzbek,food,0.0,0.0,,none,0.0,,,derived,https://www.northwestharvest.org,2026-09-06
food_nwharvest,Vietnamese,food,3.0,2.0,,in_language_document,1.0,unchecked,unverified,derived,https://www.northwestharvest.org,2026-09-06
food_nwharvest,Wolof,food,0.0,0.0,,none,0.0,,,derived,https://www.northwestharvest.org,2026-09-06
food_nwharvest,Yap,food,0.0,0.0,,none,0.0,,,derived,https://www.northwestharvest.org,2026-09-06
food_nwharvest,Yoruba,food,0.0,0.0,,none,0.0,,,derived,https://www.northwestharvest.org,2026-09-06
food_foodlifeline,Acholi,food,0.0,0.0,,none,0.0,,,derived,https://foodlifeline.org,2026-09-06
food_foodlifeline,Aguacateco,food,0.0,0.0,,none,0.0,,,derived,https://foodlifeline.org,2026-09-06
food_foodlifeline,Akateko,food,0.0,0.0,,none,0.0,,,derived,https://foodlifeline.org,2026-09-06
food_foodlifeline,Albanian,food,0.0,0.0,,none,0.0,,,derived,https://foodlifeline.org,2026-09-06
food_foodlifeline,American Sign Language,food,0.0,0.0,,none,0.0,,,derived,https://foodlifeline.org,2026-09-06
food_foodlifeline,Amharic,food,0.0,0.0,,none,0.0,,,derived,https://foodlifeline.org,2026-09-06
food_foodlifeline,Arabic,food,0.0,0.0,,none,0.0,,,derived,https://foodlifeline.org,2026-09-06
food_foodlifeline,Armenian,food,0.0,0.0,,none,0.0,,,derived,https://foodlifeline.org,2026-09-06
food_foodlifeline,Ayula-Bambara,food,0.0,0.0,,none,0.0,,,derived,https://foodlifeline.org,2026-09-06
food_foodlifeline,Azerbaijani,food,0.0,0.0,,none,0.0,,,derived,https://foodlifeline.org,2026-09-06
food_foodlifeline,Bambara,food,0.0,0.0,,none,0.0,,,derived,https://foodlifeline.org,2026-09-06
food_foodlifeline,Bangala,food,0.0,0.0,,none,0.0,,,derived,https://foodlifeline.org,2026-09-06
food_foodlifeline,Bassa,food,0.0,0.0,,none,0.0,,,derived,https://foodlifeline.org,2026-09-06
food_foodlifeline,Bengali,food,0.0,0.0,,none,0.0,,,derived,https://foodlifeline.org,2026-09-06
food_foodlifeline,Bosnian,food,0.0,0.0,,none,0.0,,,derived,https://foodlifeline.org,2026-09-06
food_foodlifeline,Bulgarian,food,0.0,0.0,,none,0.0,,,derived,https://foodlifeline.org,2026-09-06
food_foodlifeline,Burmese,food,0.0,0.0,,none,0.0,,,derived,https://foodlifeline.org,2026-09-06
food_foodlifeline,Carolinian,food,0.0,0.0,,none,0.0,,,derived,https://foodlifeline.org,2026-09-06
food_foodlifeline,Catalan,food,0.0,0.0,,none,0.0,,,derived,https://foodlifeline.org,2026-09-06
food_foodlifeline,Cebuano,food,0.0,0.0,,none,0.0,,,derived,https://foodlifeline.org,2026-09-06
food_foodlifeline,Cham,food,0.0,0.0,,none,0.0,,,derived,https://foodlifeline.org,2026-09-06
food_foodlifeline,Chamorro,food,0.0,0.0,,none,0.0,,,derived,https://foodlifeline.org,2026-09-06
food_foodlifeline,Chin,food,0.0,0.0,,none,0.0,,,derived,https://foodlifeline.org,2026-09-06
food_foodlifeline,Chinese-Cantonese,food,0.0,0.0,,none,0.0,,,derived,https://foodlifeline.org,2026-09-06
food_foodlifeline,Chinese-Fukienese,food,0.0,0.0,,none,0.0,,,derived,https://foodlifeline.org,2026-09-06
food_foodlifeline,Chinese-Mandarin,food,0.0,0.0,,none,0.0,,,derived,https://foodlifeline.org,2026-09-06
food_foodlifeline,Chinese-Taiwanese,food,0.0,0.0,,none,0.0,,,derived,https://foodlifeline.org,2026-09-06
food_foodlifeline,Chuukese,food,0.0,0.0,,none,0.0,,,derived,https://foodlifeline.org,2026-09-06
food_foodlifeline,Dari,food,0.0,0.0,,none,0.0,,,derived,https://foodlifeline.org,2026-09-06
food_foodlifeline,Dinka,food,0.0,0.0,,none,0.0,,,derived,https://foodlifeline.org,2026-09-06
food_foodlifeline,Dutch,food,0.0,0.0,,none,0.0,,,derived,https://foodlifeline.org,2026-09-06
food_foodlifeline,Egyptian-Arabic,food,0.0,0.0,,none,0.0,,,derived,https://foodlifeline.org,2026-09-06
food_foodlifeline,Eritai,food,0.0,0.0,,none,0.0,,,derived,https://foodlifeline.org,2026-09-06
food_foodlifeline,Estonian,food,0.0,0.0,,none,0.0,,,derived,https://foodlifeline.org,2026-09-06
food_foodlifeline,Ewe,food,0.0,0.0,,none,0.0,,,derived,https://foodlifeline.org,2026-09-06
food_foodlifeline,Fallani,food,0.0,0.0,,none,0.0,,,derived,https://foodlifeline.org,2026-09-06
food_foodlifeline,Farsi,food,0.0,0.0,,none,0.0,,,derived,https://foodlifeline.org,2026-09-06
food_foodlifeline,French,food,0.0,0.0,,none,0.0,,,derived,https://foodlifeline.org,2026-09-06
food_foodlifeline,Fula,food,0.0,0.0,,none,0.0,,,derived,https://foodlifeline.org,2026-09-06
food_foodlifeline,Ga,food,0.0,0.0,,none,0.0,,,derived,https://foodlifeline.org,2026-09-06
food_foodlifeline,German,food,0.0,0.0,,none,0.0,,,derived,https://foodlifeline.org,2026-09-06
food_foodlifeline,"Greek, Modern",food,0.0,0.0,,none,0.0,,,derived,https://foodlifeline.org,2026-09-06
food_foodlifeline,Gujarati,food,0.0,0.0,,none,0.0,,,derived,https://foodlifeline.org,2026-09-06
food_foodlifeline,Haitian Creole,food,0.0,0.0,,none,0.0,,,derived,https://foodlifeline.org,2026-09-06
food_foodlifeline,Hausa,food,0.0,0.0,,none,0.0,,,derived,https://foodlifeline.org,2026-09-06
food_foodlifeline,Hawaiian,food,0.0,0.0,,none,0.0,,,derived,https://foodlifeline.org,2026-09-06
food_foodlifeline,Herero,food,0.0,0.0,,none,0.0,,,derived,https://foodlifeline.org,2026-09-06
food_foodlifeline,Hindi,food,0.0,0.0,,none,0.0,,,derived,https://foodlifeline.org,2026-09-06
food_foodlifeline,Hmong,food,0.0,0.0,,none,0.0,,,derived,https://foodlifeline.org,2026-09-06
food_foodlifeline,Hungarian,food,0.0,0.0,,none,0.0,,,derived,https://foodlifeline.org,2026-09-06
food_foodlifeline,Igbo,food,0.0,0.0,,none,0.0,,,derived,https://foodlifeline.org,2026-09-06
food_foodlifeline,Ilokano,food,0.0,0.0,,none,0.0,,,derived,https://foodlifeline.org,2026-09-06
food_foodlifeline,Indonesian,food,0.0,0.0,,none,0.0,,,derived,https://foodlifeline.org,2026-09-06
food_foodlifeline,Italian,food,0.0,0.0,,none,0.0,,,derived,https://foodlifeline.org,2026-09-06
food_foodlifeline,Japanese,food,0.0,0.0,,none,0.0,,,derived,https://foodlifeline.org,2026-09-06
food_foodlifeline,Kakwa,food,0.0,0.0,,none,0.0,,,derived,https://foodlifeline.org,2026-09-06
food_foodlifeline,Kannada,food,0.0,0.0,,none,0.0,,,derived,https://foodlifeline.org,2026-09-06
food_foodlifeline,Karen,food,0.0,0.0,,none,0.0,,,derived,https://foodlifeline.org,2026-09-06
food_foodlifeline,Karenni,food,0.0,0.0,,none,0.0,,,derived,https://foodlifeline.org,2026-09-06
food_foodlifeline,Kazakh,food,0.0,0.0,,none,0.0,,,derived,https://foodlifeline.org,2026-09-06
food_foodlifeline,Khmer,food,0.0,0.0,,none,0.0,,,derived,https://foodlifeline.org,2026-09-06
food_foodlifeline,Kikuyu,food,0.0,0.0,,none,0.0,,,derived,https://foodlifeline.org,2026-09-06
food_foodlifeline,Kinyarwanda,food,0.0,0.0,,none,0.0,,,derived,https://foodlifeline.org,2026-09-06
food_foodlifeline,Kirgiz,food,0.0,0.0,,none,0.0,,,derived,https://foodlifeline.org,2026-09-06
food_foodlifeline,Kirundi,food,0.0,0.0,,none,0.0,,,derived,https://foodlifeline.org,2026-09-06
food_foodlifeline,Kmhmu,food,0.0,0.0,,none,0.0,,,derived,https://foodlifeline.org,2026-09-06
food_foodlifeline,Kongo,food,0.0,0.0,,none,0.0,,,derived,https://foodlifeline.org,2026-09-06
food_foodlifeline,Korean,food,0.0,0.0,,none,0.0,,,derived,https://foodlifeline.org,2026-09-06
food_foodlifeline,Kosraean,food,0.0,0.0,,none,0.0,,,derived,https://foodlifeline.org,2026-09-06
food_foodlifeline,Krahn,food,0.0,0.0,,none,0.0,,,derived,https://foodlifeline.org,2026-09-06
food_foodlifeline,Krio,food,0.0,0.0,,none,0.0,,,derived,https://foodlifeline.org,2026-09-06
food_foodlifeline,Kru,food,0.0,0.0,,none,0.0,,,derived,https://foodlifeline.org,2026-09-06
food_foodlifeline,Kurdish,food,0.0,0.0,,none,0.0,,,derived,https://foodlifeline.org,2026-09-06
food_foodlifeline,Lao,food,0.0,0.0,,none,0.0,,,derived,https://foodlifeline.org,2026-09-06
food_foodlifeline,Latvian,food,0.0,0.0,,none,0.0,,,derived,https://foodlifeline.org,2026-09-06
food_foodlifeline,Lingala,food,0.0,0.0,,none,0.0,,,derived,https://foodlifeline.org,2026-09-06
food_foodlifeline,Luganda,food,0.0,0.0,,none,0.0,,,derived,https://foodlifeline.org,2026-09-06
food_foodlifeline,Maay Maay,food,0.0,0.0,,none,0.0,,,derived,https://foodlifeline.org,2026-09-06
food_foodlifeline,Malay,food,0.0,0.0,,none,0.0,,,derived,https://foodlifeline.org,2026-09-06
food_foodlifeline,Malayalam,food,0.0,0.0,,none,0.0,,,derived,https://foodlifeline.org,2026-09-06
food_foodlifeline,Mam,food,0.0,0.0,,none,0.0,,,derived,https://foodlifeline.org,2026-09-06
food_foodlifeline,Mandingo,food,0.0,0.0,,none,0.0,,,derived,https://foodlifeline.org,2026-09-06
food_foodlifeline,Mandinka,food,0.0,0.0,,none,0.0,,,derived,https://foodlifeline.org,2026-09-06
food_foodlifeline,Marathi,food,0.0,0.0,,none,0.0,,,derived,https://foodlifeline.org,2026-09-06
food_foodlifeline,Marquesan,food,0.0,0.0,,none,0.0,,,derived,https://foodlifeline.org,2026-09-06
food_foodlifeline,Marshallese,food,0.0,0.0,,none,0.0,,,derived,https://foodlifeline.org,2026-09-06
food_foodlifeline,Maya-Quiche,food,0.0,0.0,,none,0.0,,,derived,https://foodlifeline.org,2026-09-06
food_foodlifeline,Mien,food,0.0,0.0,,none,0.0,,,derived,https://foodlifeline.org,2026-09-06
food_foodlifeline,Mixteco,food,0.0,0.0,,none,0.0,,,derived,https://foodlifeline.org,2026-09-06
food_foodlifeline,Moldavian,food,0.0,0.0,,none,0.0,,,derived,https://foodlifeline.org,2026-09-06
food_foodlifeline,Mongolian,food,0.0,0.0,,none,0.0,,,derived,https://foodlifeline.org,2026-09-06
food_foodlifeline,Moore,food,0.0,0.0,,none,0.0,,,derived,https://foodlifeline.org,2026-09-06
food_foodlifeline,"Nahuatl, Guerrero region",food,0.0,0.0,,none,0.0,,,derived,https://foodlifeline.org,2026-09-06
food_foodlifeline,Nepali,food,0.0,0.0,,none,0.0,,,derived,https://foodlifeline.org,2026-09-06
food_foodlifeline,Nuer,food,0.0,0.0,,none,0.0,,,derived,https://foodlifeline.org,2026-09-06
food_foodlifeline,Oromo,food,0.0,0.0,,none,0.0,,,derived,https://foodlifeline.org,2026-09-06
food_foodlifeline,Palau,food,0.0,0.0,,none,0.0,,,derived,https://foodlifeline.org,2026-09-06
food_foodlifeline,Pashai,food,0.0,0.0,,none,0.0,,,derived,https://foodlifeline.org,2026-09-06
food_foodlifeline,Pashto,food,0.0,0.0,,none,0.0,,,derived,https://foodlifeline.org,2026-09-06
food_foodlifeline,Pere,food,0.0,0.0,,none,0.0,,,derived,https://foodlifeline.org,2026-09-06
food_foodlifeline,Polish,food,0.0,0.0,,none,0.0,,,derived,https://foodlifeline.org,2026-09-06
food_foodlifeline,Portuguese,food,0.0,0.0,,none,0.0,,,derived,https://foodlifeline.org,2026-09-06
food_foodlifeline,Punjabi,food,0.0,0.0,,none,0.0,,,derived,https://foodlifeline.org,2026-09-06
food_foodlifeline,Purepecha,food,0.0,0.0,,none,0.0,,,derived,https://foodlifeline.org,2026-09-06
food_foodlifeline,Rohingya,food,0.0,0.0,,none,0.0,,,derived,https://foodlifeline.org,2026-09-06
food_foodlifeline,Romanian,food,0.0,0.0,,none,0.0,,,derived,https://foodlifeline.org,2026-09-06
food_foodlifeline,Russian,food,0.0,0.0,,none,0.0,,,derived,https://foodlifeline.org,2026-09-06
food_foodlifeline,Samoan,food,0.0,0.0,,none,0.0,,,derived,https://foodlifeline.org,2026-09-06
food_foodlifeline,Sao,food,0.0,0.0,,none,0.0,,,derived,https://foodlifeline.org,2026-09-06
food_foodlifeline,Serbo-Croation,food,0.0,0.0,,none,0.0,,,derived,https://foodlifeline.org,2026-09-06
food_foodlifeline,Shona,food,0.0,0.0,,none,0.0,,,derived,https://foodlifeline.org,2026-09-06
food_foodlifeline,Sinhalese,food,0.0,0.0,,none,0.0,,,derived,https://foodlifeline.org,2026-09-06
food_foodlifeline,Slovenian,food,0.0,0.0,,none,0.0,,,derived,https://foodlifeline.org,2026-09-06
food_foodlifeline,Somali,food,0.0,0.0,,none,0.0,,,derived,https://foodlifeline.org,2026-09-06
food_foodlifeline,Soninke,food,0.0,0.0,,none,0.0,,,derived,https://foodlifeline.org,2026-09-06
food_foodlifeline,Sotho,food,0.0,0.0,,none,0.0,,,derived,https://foodlifeline.org,2026-09-06
food_foodlifeline,Spanish,food,0.0,0.0,,none,0.0,,,derived,https://foodlifeline.org,2026-09-06
food_foodlifeline,Swahili,food,0.0,0.0,,none,0.0,,,derived,https://foodlifeline.org,2026-09-06
food_foodlifeline,Tagalog,food,0.0,0.0,,none,0.0,,,derived,https://foodlifeline.org,2026-09-06
food_foodlifeline,Taishanese,food,0.0,0.0,,none,0.0,,,derived,https://foodlifeline.org,2026-09-06
food_foodlifeline,Tajiki,food,0.0,0.0,,none,0.0,,,derived,https://foodlifeline.org,2026-09-06
food_foodlifeline,Tamil,food,0.0,0.0,,none,0.0,,,derived,https://foodlifeline.org,2026-09-06
food_foodlifeline,Tarasco,food,0.0,0.0,,none,0.0,,,derived,https://foodlifeline.org,2026-09-06
food_foodlifeline,Tedim,food,0.0,0.0,,none,0.0,,,derived,https://foodlifeline.org,2026-09-06
food_foodlifeline,Telugu,food,0.0,0.0,,none,0.0,,,derived,https://foodlifeline.org,2026-09-06
food_foodlifeline,Thai,food,0.0,0.0,,none,0.0,,,derived,https://foodlifeline.org,2026-09-06
food_foodlifeline,Tibetan,food,0.0,0.0,,none,0.0,,,derived,https://foodlifeline.org,2026-09-06
food_foodlifeline,Tigrinya,food,0.0,0.0,,none,0.0,,,derived,https://foodlifeline.org,2026-09-06
food_foodlifeline,Tongan,food,0.0,0.0,,none,0.0,,,derived,https://foodlifeline.org,2026-09-06
food_foodlifeline,Turkish,food,0.0,0.0,,none,0.0,,,derived,https://foodlifeline.org,2026-09-06
food_foodlifeline,Twi,food,0.0,0.0,,none,0.0,,,derived,https://foodlifeline.org,2026-09-06
food_foodlifeline,Ukrainian,food,0.0,0.0,,none,0.0,,,derived,https://foodlifeline.org,2026-09-06
food_foodlifeline,Urdu,food,0.0,0.0,,none,0.0,,,derived,https://foodlifeline.org,2026-09-06
food_foodlifeline,Uzbek,food,0.0,0.0,,none,0.0,,,derived,https://foodlifeline.org,2026-09-06
food_foodlifeline,Vietnamese,food,0.0,0.0,,none,0.0,,,derived,https://foodlifeline.org,2026-09-06
food_foodlifeline,Wolof,food,0.0,0.0,,none,0.0,,,derived,https://foodlifeline.org,2026-09-06
food_foodlifeline,Yap,food,0.0,0.0,,none,0.0,,,derived,https://foodlifeline.org,2026-09-06
food_foodlifeline,Yoruba,food,0.0,0.0,,none,0.0,,,derived,https://foodlifeline.org,2026-09-06
food_dshs,Acholi,food,0.0,0.0,,none,0.0,,,derived,https://www.dshs.wa.gov/office-of-the-secretary/forms?field_number_value=14-001,2026-09-06
food_dshs,Aguacateco,food,0.0,0.0,,none,0.0,,,derived,https://www.dshs.wa.gov/office-of-the-secretary/forms?field_number_value=14-001,2026-09-06
food_dshs,Akateko,food,0.0,0.0,,none,0.0,,,derived,https://www.dshs.wa.gov/office-of-the-secretary/forms?field_number_value=14-001,2026-09-06
food_dshs,Albanian,food,0.0,0.0,,none,0.0,,,derived,https://www.dshs.wa.gov/office-of-the-secretary/forms?field_number_value=14-001,2026-09-06
food_dshs,American Sign Language,food,0.0,0.0,,none,0.0,,,derived,https://www.dshs.wa.gov/office-of-the-secretary/forms?field_number_value=14-001,2026-09-06
food_dshs,Amharic,food,0.0,0.0,,none,0.0,,,derived,https://www.dshs.wa.gov/office-of-the-secretary/forms?field_number_value=14-001,2026-09-06
food_dshs,Arabic,food,0.0,0.0,,none,0.0,,,derived,https://www.dshs.wa.gov/office-of-the-secretary/forms?field_number_value=14-001,2026-09-06
food_dshs,Armenian,food,0.0,0.0,,none,0.0,,,derived,https://www.dshs.wa.gov/office-of-the-secretary/forms?field_number_value=14-001,2026-09-06
food_dshs,Ayula-Bambara,food,0.0,0.0,,none,0.0,,,derived,https://www.dshs.wa.gov/office-of-the-secretary/forms?field_number_value=14-001,2026-09-06
food_dshs,Azerbaijani,food,0.0,0.0,,none,0.0,,,derived,https://www.dshs.wa.gov/office-of-the-secretary/forms?field_number_value=14-001,2026-09-06
food_dshs,Bambara,food,0.0,0.0,,none,0.0,,,derived,https://www.dshs.wa.gov/office-of-the-secretary/forms?field_number_value=14-001,2026-09-06
food_dshs,Bangala,food,0.0,0.0,,none,0.0,,,derived,https://www.dshs.wa.gov/office-of-the-secretary/forms?field_number_value=14-001,2026-09-06
food_dshs,Bassa,food,0.0,0.0,,none,0.0,,,derived,https://www.dshs.wa.gov/office-of-the-secretary/forms?field_number_value=14-001,2026-09-06
food_dshs,Bengali,food,0.0,0.0,,none,0.0,,,derived,https://www.dshs.wa.gov/office-of-the-secretary/forms?field_number_value=14-001,2026-09-06
food_dshs,Bosnian,food,0.0,0.0,,none,0.0,,,derived,https://www.dshs.wa.gov/office-of-the-secretary/forms?field_number_value=14-001,2026-09-06
food_dshs,Bulgarian,food,0.0,0.0,,none,0.0,,,derived,https://www.dshs.wa.gov/office-of-the-secretary/forms?field_number_value=14-001,2026-09-06
food_dshs,Burmese,food,0.0,0.0,,none,0.0,,,derived,https://www.dshs.wa.gov/office-of-the-secretary/forms?field_number_value=14-001,2026-09-06
food_dshs,Carolinian,food,0.0,0.0,,none,0.0,,,derived,https://www.dshs.wa.gov/office-of-the-secretary/forms?field_number_value=14-001,2026-09-06
food_dshs,Catalan,food,0.0,0.0,,none,0.0,,,derived,https://www.dshs.wa.gov/office-of-the-secretary/forms?field_number_value=14-001,2026-09-06
food_dshs,Cebuano,food,0.0,0.0,,none,0.0,,,derived,https://www.dshs.wa.gov/office-of-the-secretary/forms?field_number_value=14-001,2026-09-06
food_dshs,Cham,food,0.0,0.0,,none,0.0,,,derived,https://www.dshs.wa.gov/office-of-the-secretary/forms?field_number_value=14-001,2026-09-06
food_dshs,Chamorro,food,0.0,0.0,,none,0.0,,,derived,https://www.dshs.wa.gov/office-of-the-secretary/forms?field_number_value=14-001,2026-09-06
food_dshs,Chin,food,0.0,0.0,,none,0.0,,,derived,https://www.dshs.wa.gov/office-of-the-secretary/forms?field_number_value=14-001,2026-09-06
food_dshs,Chinese-Cantonese,food,3.0,2.0,,in_language_document,1.0,unchecked,unverified,derived,https://www.dshs.wa.gov/office-of-the-secretary/forms?field_number_value=14-001,2026-09-06
food_dshs,Chinese-Fukienese,food,0.0,0.0,,none,0.0,,,derived,https://www.dshs.wa.gov/office-of-the-secretary/forms?field_number_value=14-001,2026-09-06
food_dshs,Chinese-Mandarin,food,3.0,2.0,,in_language_document,1.0,unchecked,unverified,derived,https://www.dshs.wa.gov/office-of-the-secretary/forms?field_number_value=14-001,2026-09-06
food_dshs,Chinese-Taiwanese,food,0.0,0.0,,none,0.0,,,derived,https://www.dshs.wa.gov/office-of-the-secretary/forms?field_number_value=14-001,2026-09-06
food_dshs,Chuukese,food,3.0,2.0,,in_language_document,1.0,unchecked,unverified,derived,https://www.dshs.wa.gov/office-of-the-secretary/forms?field_number_value=14-001,2026-09-06
food_dshs,Dari,food,3.0,2.0,,in_language_document,1.0,unchecked,unverified,derived,https://www.dshs.wa.gov/office-of-the-secretary/forms?field_number_value=14-001,2026-09-06
food_dshs,Dinka,food,0.0,0.0,,none,0.0,,,derived,https://www.dshs.wa.gov/office-of-the-secretary/forms?field_number_value=14-001,2026-09-06
food_dshs,Dutch,food,0.0,0.0,,none,0.0,,,derived,https://www.dshs.wa.gov/office-of-the-secretary/forms?field_number_value=14-001,2026-09-06
food_dshs,Egyptian-Arabic,food,0.0,0.0,,none,0.0,,,derived,https://www.dshs.wa.gov/office-of-the-secretary/forms?field_number_value=14-001,2026-09-06
food_dshs,Eritai,food,0.0,0.0,,none,0.0,,,derived,https://www.dshs.wa.gov/office-of-the-secretary/forms?field_number_value=14-001,2026-09-06
food_dshs,Estonian,food,0.0,0.0,,none,0.0,,,derived,https://www.dshs.wa.gov/office-of-the-secretary/forms?field_number_value=14-001,2026-09-06
food_dshs,Ewe,food,0.0,0.0,,none,0.0,,,derived,https://www.dshs.wa.gov/office-of-the-secretary/forms?field_number_value=14-001,2026-09-06
food_dshs,Fallani,food,0.0,0.0,,none,0.0,,,derived,https://www.dshs.wa.gov/office-of-the-secretary/forms?field_number_value=14-001,2026-09-06
food_dshs,Farsi,food,3.0,2.0,,in_language_document,1.0,unchecked,unverified,derived,https://www.dshs.wa.gov/office-of-the-secretary/forms?field_number_value=14-001,2026-09-06
food_dshs,French,food,0.0,0.0,,none,0.0,,,derived,https://www.dshs.wa.gov/office-of-the-secretary/forms?field_number_value=14-001,2026-09-06
food_dshs,Fula,food,0.0,0.0,,none,0.0,,,derived,https://www.dshs.wa.gov/office-of-the-secretary/forms?field_number_value=14-001,2026-09-06
food_dshs,Ga,food,0.0,0.0,,none,0.0,,,derived,https://www.dshs.wa.gov/office-of-the-secretary/forms?field_number_value=14-001,2026-09-06
food_dshs,German,food,0.0,0.0,,none,0.0,,,derived,https://www.dshs.wa.gov/office-of-the-secretary/forms?field_number_value=14-001,2026-09-06
food_dshs,"Greek, Modern",food,0.0,0.0,,none,0.0,,,derived,https://www.dshs.wa.gov/office-of-the-secretary/forms?field_number_value=14-001,2026-09-06
food_dshs,Gujarati,food,0.0,0.0,,none,0.0,,,derived,https://www.dshs.wa.gov/office-of-the-secretary/forms?field_number_value=14-001,2026-09-06
food_dshs,Haitian Creole,food,0.0,0.0,,none,0.0,,,derived,https://www.dshs.wa.gov/office-of-the-secretary/forms?field_number_value=14-001,2026-09-06
food_dshs,Hausa,food,0.0,0.0,,none,0.0,,,derived,https://www.dshs.wa.gov/office-of-the-secretary/forms?field_number_value=14-001,2026-09-06
food_dshs,Hawaiian,food,0.0,0.0,,none,0.0,,,derived,https://www.dshs.wa.gov/office-of-the-secretary/forms?field_number_value=14-001,2026-09-06
food_dshs,Herero,food,0.0,0.0,,none,0.0,,,derived,https://www.dshs.wa.gov/office-of-the-secretary/forms?field_number_value=14-001,2026-09-06
food_dshs,Hindi,food,0.0,0.0,,none,0.0,,,derived,https://www.dshs.wa.gov/office-of-the-secretary/forms?field_number_value=14-001,2026-09-06
food_dshs,Hmong,food,0.0,0.0,,none,0.0,,,derived,https://www.dshs.wa.gov/office-of-the-secretary/forms?field_number_value=14-001,2026-09-06
food_dshs,Hungarian,food,0.0,0.0,,none,0.0,,,derived,https://www.dshs.wa.gov/office-of-the-secretary/forms?field_number_value=14-001,2026-09-06
food_dshs,Igbo,food,0.0,0.0,,none,0.0,,,derived,https://www.dshs.wa.gov/office-of-the-secretary/forms?field_number_value=14-001,2026-09-06
food_dshs,Ilokano,food,0.0,0.0,,none,0.0,,,derived,https://www.dshs.wa.gov/office-of-the-secretary/forms?field_number_value=14-001,2026-09-06
food_dshs,Indonesian,food,0.0,0.0,,none,0.0,,,derived,https://www.dshs.wa.gov/office-of-the-secretary/forms?field_number_value=14-001,2026-09-06
food_dshs,Italian,food,0.0,0.0,,none,0.0,,,derived,https://www.dshs.wa.gov/office-of-the-secretary/forms?field_number_value=14-001,2026-09-06
food_dshs,Japanese,food,0.0,0.0,,none,0.0,,,derived,https://www.dshs.wa.gov/office-of-the-secretary/forms?field_number_value=14-001,2026-09-06
food_dshs,Kakwa,food,0.0,0.0,,none,0.0,,,derived,https://www.dshs.wa.gov/office-of-the-secretary/forms?field_number_value=14-001,2026-09-06
food_dshs,Kannada,food,0.0,0.0,,none,0.0,,,derived,https://www.dshs.wa.gov/office-of-the-secretary/forms?field_number_value=14-001,2026-09-06
food_dshs,Karen,food,0.0,0.0,,none,0.0,,,derived,https://www.dshs.wa.gov/office-of-the-secretary/forms?field_number_value=14-001,2026-09-06
food_dshs,Karenni,food,0.0,0.0,,none,0.0,,,derived,https://www.dshs.wa.gov/office-of-the-secretary/forms?field_number_value=14-001,2026-09-06
food_dshs,Kazakh,food,0.0,0.0,,none,0.0,,,derived,https://www.dshs.wa.gov/office-of-the-secretary/forms?field_number_value=14-001,2026-09-06
food_dshs,Khmer,food,3.0,2.0,,in_language_document,1.0,unchecked,unverified,derived,https://www.dshs.wa.gov/office-of-the-secretary/forms?field_number_value=14-001,2026-09-06
food_dshs,Kikuyu,food,0.0,0.0,,none,0.0,,,derived,https://www.dshs.wa.gov/office-of-the-secretary/forms?field_number_value=14-001,2026-09-06
food_dshs,Kinyarwanda,food,0.0,0.0,,none,0.0,,,derived,https://www.dshs.wa.gov/office-of-the-secretary/forms?field_number_value=14-001,2026-09-06
food_dshs,Kirgiz,food,0.0,0.0,,none,0.0,,,derived,https://www.dshs.wa.gov/office-of-the-secretary/forms?field_number_value=14-001,2026-09-06
food_dshs,Kirundi,food,0.0,0.0,,none,0.0,,,derived,https://www.dshs.wa.gov/office-of-the-secretary/forms?field_number_value=14-001,2026-09-06
food_dshs,Kmhmu,food,0.0,0.0,,none,0.0,,,derived,https://www.dshs.wa.gov/office-of-the-secretary/forms?field_number_value=14-001,2026-09-06
food_dshs,Kongo,food,0.0,0.0,,none,0.0,,,derived,https://www.dshs.wa.gov/office-of-the-secretary/forms?field_number_value=14-001,2026-09-06
food_dshs,Korean,food,3.0,2.0,,in_language_document,1.0,unchecked,unverified,derived,https://www.dshs.wa.gov/office-of-the-secretary/forms?field_number_value=14-001,2026-09-06
food_dshs,Kosraean,food,0.0,0.0,,none,0.0,,,derived,https://www.dshs.wa.gov/office-of-the-secretary/forms?field_number_value=14-001,2026-09-06
food_dshs,Krahn,food,0.0,0.0,,none,0.0,,,derived,https://www.dshs.wa.gov/office-of-the-secretary/forms?field_number_value=14-001,2026-09-06
food_dshs,Krio,food,0.0,0.0,,none,0.0,,,derived,https://www.dshs.wa.gov/office-of-the-secretary/forms?field_number_value=14-001,2026-09-06
food_dshs,Kru,food,0.0,0.0,,none,0.0,,,derived,https://www.dshs.wa.gov/office-of-the-secretary/forms?field_number_value=14-001,2026-09-06
food_dshs,Kurdish,food,0.0,0.0,,none,0.0,,,derived,https://www.dshs.wa.gov/office-of-the-secretary/forms?field_number_value=14-001,2026-09-06
food_dshs,Lao,food,3.0,2.0,,in_language_document,1.0,unchecked,unverified,derived,https://www.dshs.wa.gov/office-of-the-secretary/forms?field_number_value=14-001,2026-09-06
food_dshs,Latvian,food,0.0,0.0,,none,0.0,,,derived,https://www.dshs.wa.gov/office-of-the-secretary/forms?field_number_value=14-001,2026-09-06
food_dshs,Lingala,food,0.0,0.0,,none,0.0,,,derived,https://www.dshs.wa.gov/office-of-the-secretary/forms?field_number_value=14-001,2026-09-06
food_dshs,Luganda,food,0.0,0.0,,none,0.0,,,derived,https://www.dshs.wa.gov/office-of-the-secretary/forms?field_number_value=14-001,2026-09-06
food_dshs,Maay Maay,food,0.0,0.0,,none,0.0,,,derived,https://www.dshs.wa.gov/office-of-the-secretary/forms?field_number_value=14-001,2026-09-06
food_dshs,Malay,food,0.0,0.0,,none,0.0,,,derived,https://www.dshs.wa.gov/office-of-the-secretary/forms?field_number_value=14-001,2026-09-06
food_dshs,Malayalam,food,0.0,0.0,,none,0.0,,,derived,https://www.dshs.wa.gov/office-of-the-secretary/forms?field_number_value=14-001,2026-09-06
food_dshs,Mam,food,0.0,0.0,,none,0.0,,,derived,https://www.dshs.wa.gov/office-of-the-secretary/forms?field_number_value=14-001,2026-09-06
food_dshs,Mandingo,food,0.0,0.0,,none,0.0,,,derived,https://www.dshs.wa.gov/office-of-the-secretary/forms?field_number_value=14-001,2026-09-06
food_dshs,Mandinka,food,0.0,0.0,,none,0.0,,,derived,https://www.dshs.wa.gov/office-of-the-secretary/forms?field_number_value=14-001,2026-09-06
food_dshs,Marathi,food,0.0,0.0,,none,0.0,,,derived,https://www.dshs.wa.gov/office-of-the-secretary/forms?field_number_value=14-001,2026-09-06
food_dshs,Marquesan,food,0.0,0.0,,none,0.0,,,derived,https://www.dshs.wa.gov/office-of-the-secretary/forms?field_number_value=14-001,2026-09-06
food_dshs,Marshallese,food,0.0,0.0,,none,0.0,,,derived,https://www.dshs.wa.gov/office-of-the-secretary/forms?field_number_value=14-001,2026-09-06
food_dshs,Maya-Quiche,food,0.0,0.0,,none,0.0,,,derived,https://www.dshs.wa.gov/office-of-the-secretary/forms?field_number_value=14-001,2026-09-06
food_dshs,Mien,food,0.0,0.0,,none,0.0,,,derived,https://www.dshs.wa.gov/office-of-the-secretary/forms?field_number_value=14-001,2026-09-06
food_dshs,Mixteco,food,0.0,0.0,,none,0.0,,,derived,https://www.dshs.wa.gov/office-of-the-secretary/forms?field_number_value=14-001,2026-09-06
food_dshs,Moldavian,food,0.0,0.0,,none,0.0,,,derived,https://www.dshs.wa.gov/office-of-the-secretary/forms?field_number_value=14-001,2026-09-06
food_dshs,Mongolian,food,0.0,0.0,,none,0.0,,,derived,https://www.dshs.wa.gov/office-of-the-secretary/forms?field_number_value=14-001,2026-09-06
food_dshs,Moore,food,0.0,0.0,,none,0.0,,,derived,https://www.dshs.wa.gov/office-of-the-secretary/forms?field_number_value=14-001,2026-09-06
food_dshs,"Nahuatl, Guerrero region",food,0.0,0.0,,none,0.0,,,derived,https://www.dshs.wa.gov/office-of-the-secretary/forms?field_number_value=14-001,2026-09-06
food_dshs,Nepali,food,0.0,0.0,,none,0.0,,,derived,https://www.dshs.wa.gov/office-of-the-secretary/forms?field_number_value=14-001,2026-09-06
food_dshs,Nuer,food,0.0,0.0,,none,0.0,,,derived,https://www.dshs.wa.gov/office-of-the-secretary/forms?field_number_value=14-001,2026-09-06
food_dshs,Oromo,food,0.0,0.0,,none,0.0,,,derived,https://www.dshs.wa.gov/office-of-the-secretary/forms?field_number_value=14-001,2026-09-06
food_dshs,Palau,food,0.0,0.0,,none,0.0,,,derived,https://www.dshs.wa.gov/office-of-the-secretary/forms?field_number_value=14-001,2026-09-06
food_dshs,Pashai,food,0.0,0.0,,none,0.0,,,derived,https://www.dshs.wa.gov/office-of-the-secretary/forms?field_number_value=14-001,2026-09-06
food_dshs,Pashto,food,3.0,2.0,,in_language_document,1.0,unchecked,unverified,derived,https://www.dshs.wa.gov/office-of-the-secretary/forms?field_number_value=14-001,2026-09-06
food_dshs,Pere,food,0.0,0.0,,none,0.0,,,derived,https://www.dshs.wa.gov/office-of-the-secretary/forms?field_number_value=14-001,2026-09-06
food_dshs,Polish,food,0.0,0.0,,none,0.0,,,derived,https://www.dshs.wa.gov/office-of-the-secretary/forms?field_number_value=14-001,2026-09-06
food_dshs,Portuguese,food,0.0,0.0,,none,0.0,,,derived,https://www.dshs.wa.gov/office-of-the-secretary/forms?field_number_value=14-001,2026-09-06
food_dshs,Punjabi,food,0.0,0.0,,none,0.0,,,derived,https://www.dshs.wa.gov/office-of-the-secretary/forms?field_number_value=14-001,2026-09-06
food_dshs,Purepecha,food,0.0,0.0,,none,0.0,,,derived,https://www.dshs.wa.gov/office-of-the-secretary/forms?field_number_value=14-001,2026-09-06
food_dshs,Rohingya,food,0.0,0.0,,none,0.0,,,derived,https://www.dshs.wa.gov/office-of-the-secretary/forms?field_number_value=14-001,2026-09-06
food_dshs,Romanian,food,0.0,0.0,,none,0.0,,,derived,https://www.dshs.wa.gov/office-of-the-secretary/forms?field_number_value=14-001,2026-09-06
food_dshs,Russian,food,3.0,2.0,,in_language_document,1.0,unchecked,unverified,derived,https://www.dshs.wa.gov/office-of-the-secretary/forms?field_number_value=14-001,2026-09-06
food_dshs,Samoan,food,0.0,0.0,,none,0.0,,,derived,https://www.dshs.wa.gov/office-of-the-secretary/forms?field_number_value=14-001,2026-09-06
food_dshs,Sao,food,0.0,0.0,,none,0.0,,,derived,https://www.dshs.wa.gov/office-of-the-secretary/forms?field_number_value=14-001,2026-09-06
food_dshs,Serbo-Croation,food,0.0,0.0,,none,0.0,,,derived,https://www.dshs.wa.gov/office-of-the-secretary/forms?field_number_value=14-001,2026-09-06
food_dshs,Shona,food,0.0,0.0,,none,0.0,,,derived,https://www.dshs.wa.gov/office-of-the-secretary/forms?field_number_value=14-001,2026-09-06
food_dshs,Sinhalese,food,0.0,0.0,,none,0.0,,,derived,https://www.dshs.wa.gov/office-of-the-secretary/forms?field_number_value=14-001,2026-09-06
food_dshs,Slovenian,food,0.0,0.0,,none,0.0,,,derived,https://www.dshs.wa.gov/office-of-the-secretary/forms?field_number_value=14-001,2026-09-06
food_dshs,Somali,food,3.0,2.0,,in_language_document,1.0,unchecked,unverified,derived,https://www.dshs.wa.gov/office-of-the-secretary/forms?field_number_value=14-001,2026-09-06
food_dshs,Soninke,food,0.0,0.0,,none,0.0,,,derived,https://www.dshs.wa.gov/office-of-the-secretary/forms?field_number_value=14-001,2026-09-06
food_dshs,Sotho,food,0.0,0.0,,none,0.0,,,derived,https://www.dshs.wa.gov/office-of-the-secretary/forms?field_number_value=14-001,2026-09-06
food_dshs,Spanish,food,3.0,2.0,,in_language_document,1.0,unchecked,unverified,derived,https://www.dshs.wa.gov/office-of-the-secretary/forms?field_number_value=14-001,2026-09-06
food_dshs,Swahili,food,0.0,0.0,,none,0.0,,,derived,https://www.dshs.wa.gov/office-of-the-secretary/forms?field_number_value=14-001,2026-09-06
food_dshs,Tagalog,food,0.0,0.0,,none,0.0,,,derived,https://www.dshs.wa.gov/office-of-the-secretary/forms?field_number_value=14-001,2026-09-06
food_dshs,Taishanese,food,0.0,0.0,,none,0.0,,,derived,https://www.dshs.wa.gov/office-of-the-secretary/forms?field_number_value=14-001,2026-09-06
food_dshs,Tajiki,food,0.0,0.0,,none,0.0,,,derived,https://www.dshs.wa.gov/office-of-the-secretary/forms?field_number_value=14-001,2026-09-06
food_dshs,Tamil,food,3.0,2.0,,in_language_document,1.0,unchecked,unverified,derived,https://www.dshs.wa.gov/office-of-the-secretary/forms?field_number_value=14-001,2026-09-06
food_dshs,Tarasco,food,0.0,0.0,,none,0.0,,,derived,https://www.dshs.wa.gov/office-of-the-secretary/forms?field_number_value=14-001,2026-09-06
food_dshs,Tedim,food,0.0,0.0,,none,0.0,,,derived,https://www.dshs.wa.gov/office-of-the-secretary/forms?field_number_value=14-001,2026-09-06
food_dshs,Telugu,food,0.0,0.0,,none,0.0,,,derived,https://www.dshs.wa.gov/office-of-the-secretary/forms?field_number_value=14-001,2026-09-06
food_dshs,Thai,food,0.0,0.0,,none,0.0,,,derived,https://www.dshs.wa.gov/office-of-the-secretary/forms?field_number_value=14-001,2026-09-06
food_dshs,Tibetan,food,0.0,0.0,,none,0.0,,,derived,https://www.dshs.wa.gov/office-of-the-secretary/forms?field_number_value=14-001,2026-09-06
food_dshs,Tigrinya,food,0.0,0.0,,none,0.0,,,derived,https://www.dshs.wa.gov/office-of-the-secretary/forms?field_number_value=14-001,2026-09-06
food_dshs,Tongan,food,0.0,0.0,,none,0.0,,,derived,https://www.dshs.wa.gov/office-of-the-secretary/forms?field_number_value=14-001,2026-09-06
food_dshs,Turkish,food,0.0,0.0,,none,0.0,,,derived,https://www.dshs.wa.gov/office-of-the-secretary/forms?field_number_value=14-001,2026-09-06
food_dshs,Twi,food,0.0,0.0,,none,0.0,,,derived,https://www.dshs.wa.gov/office-of-the-secretary/forms?field_number_value=14-001,2026-09-06
food_dshs,Ukrainian,food,0.0,0.0,,none,0.0,,,derived,https://www.dshs.wa.gov/office-of-the-secretary/forms?field_number_value=14-001,2026-09-06
food_dshs,Urdu,food,0.0,0.0,,none,0.0,,,derived,https://www.dshs.wa.gov/office-of-the-secretary/forms?field_number_value=14-001,2026-09-06
food_dshs,Uzbek,food,0.0,0.0,,none,0.0,,,derived,https://www.dshs.wa.gov/office-of-the-secretary/forms?field_number_value=14-001,2026-09-06
food_dshs,Vietnamese,food,3.0,2.0,,in_language_document,1.0,unchecked,unverified,derived,https://www.dshs.wa.gov/office-of-the-secretary/forms?field_number_value=14-001,2026-09-06
food_dshs,Wolof,food,0.0,0.0,,none,0.0,,,derived,https://www.dshs.wa.gov/office-of-the-secretary/forms?field_number_value=14-001,2026-09-06
food_dshs,Yap,food,0.0,0.0,,none,0.0,,,derived,https://www.dshs.wa.gov/office-of-the-secretary/forms?field_number_value=14-001,2026-09-06
food_dshs,Yoruba,food,0.0,0.0,,none,0.0,,,derived,https://www.dshs.wa.gov/office-of-the-secretary/forms?field_number_value=14-001,2026-09-06
food_waconnection,Acholi,food,0.0,0.0,,none,0.0,,,derived,https://www.washingtonconnection.org,2026-09-06
food_waconnection,Aguacateco,food,0.0,0.0,,none,0.0,,,derived,https://www.washingtonconnection.org,2026-09-06
food_waconnection,Akateko,food,0.0,0.0,,none,0.0,,,derived,https://www.washingtonconnection.org,2026-09-06
food_waconnection,Albanian,food,0.0,0.0,,none,0.0,,,derived,https://www.washingtonconnection.org,2026-09-06
food_waconnection,American Sign Language,food,0.0,0.0,,none,0.0,,,derived,https://www.washingtonconnection.org,2026-09-06
food_waconnection,Amharic,food,0.0,0.0,,none,0.0,,,derived,https://www.washingtonconnection.org,2026-09-06
food_waconnection,Arabic,food,0.0,0.0,,none,0.0,,,derived,https://www.washingtonconnection.org,2026-09-06
food_waconnection,Armenian,food,0.0,0.0,,none,0.0,,,derived,https://www.washingtonconnection.org,2026-09-06
food_waconnection,Ayula-Bambara,food,0.0,0.0,,none,0.0,,,derived,https://www.washingtonconnection.org,2026-09-06
food_waconnection,Azerbaijani,food,0.0,0.0,,none,0.0,,,derived,https://www.washingtonconnection.org,2026-09-06
food_waconnection,Bambara,food,0.0,0.0,,none,0.0,,,derived,https://www.washingtonconnection.org,2026-09-06
food_waconnection,Bangala,food,0.0,0.0,,none,0.0,,,derived,https://www.washingtonconnection.org,2026-09-06
food_waconnection,Bassa,food,0.0,0.0,,none,0.0,,,derived,https://www.washingtonconnection.org,2026-09-06
food_waconnection,Bengali,food,0.0,0.0,,none,0.0,,,derived,https://www.washingtonconnection.org,2026-09-06
food_waconnection,Bosnian,food,0.0,0.0,,none,0.0,,,derived,https://www.washingtonconnection.org,2026-09-06
food_waconnection,Bulgarian,food,0.0,0.0,,none,0.0,,,derived,https://www.washingtonconnection.org,2026-09-06
food_waconnection,Burmese,food,0.0,0.0,,none,0.0,,,derived,https://www.washingtonconnection.org,2026-09-06
food_waconnection,Carolinian,food,0.0,0.0,,none,0.0,,,derived,https://www.washingtonconnection.org,2026-09-06
food_waconnection,Catalan,food,0.0,0.0,,none,0.0,,,derived,https://www.washingtonconnection.org,2026-09-06
food_waconnection,Cebuano,food,0.0,0.0,,none,0.0,,,derived,https://www.washingtonconnection.org,2026-09-06
food_waconnection,Cham,food,0.0,0.0,,none,0.0,,,derived,https://www.washingtonconnection.org,2026-09-06
food_waconnection,Chamorro,food,0.0,0.0,,none,0.0,,,derived,https://www.washingtonconnection.org,2026-09-06
food_waconnection,Chin,food,0.0,0.0,,none,0.0,,,derived,https://www.washingtonconnection.org,2026-09-06
food_waconnection,Chinese-Cantonese,food,0.0,0.0,,none,0.0,,,derived,https://www.washingtonconnection.org,2026-09-06
food_waconnection,Chinese-Fukienese,food,0.0,0.0,,none,0.0,,,derived,https://www.washingtonconnection.org,2026-09-06
food_waconnection,Chinese-Mandarin,food,0.0,0.0,,none,0.0,,,derived,https://www.washingtonconnection.org,2026-09-06
food_waconnection,Chinese-Taiwanese,food,0.0,0.0,,none,0.0,,,derived,https://www.washingtonconnection.org,2026-09-06
food_waconnection,Chuukese,food,0.0,0.0,,none,0.0,,,derived,https://www.washingtonconnection.org,2026-09-06
food_waconnection,Dari,food,0.0,0.0,,none,0.0,,,derived,https://www.washingtonconnection.org,2026-09-06
food_waconnection,Dinka,food,0.0,0.0,,none,0.0,,,derived,https://www.washingtonconnection.org,2026-09-06
food_waconnection,Dutch,food,0.0,0.0,,none,0.0,,,derived,https://www.washingtonconnection.org,2026-09-06
food_waconnection,Egyptian-Arabic,food,0.0,0.0,,none,0.0,,,derived,https://www.washingtonconnection.org,2026-09-06
food_waconnection,Eritai,food,0.0,0.0,,none,0.0,,,derived,https://www.washingtonconnection.org,2026-09-06
food_waconnection,Estonian,food,0.0,0.0,,none,0.0,,,derived,https://www.washingtonconnection.org,2026-09-06
food_waconnection,Ewe,food,0.0,0.0,,none,0.0,,,derived,https://www.washingtonconnection.org,2026-09-06
food_waconnection,Fallani,food,0.0,0.0,,none,0.0,,,derived,https://www.washingtonconnection.org,2026-09-06
food_waconnection,Farsi,food,0.0,0.0,,none,0.0,,,derived,https://www.washingtonconnection.org,2026-09-06
food_waconnection,French,food,0.0,0.0,,none,0.0,,,derived,https://www.washingtonconnection.org,2026-09-06
food_waconnection,Fula,food,0.0,0.0,,none,0.0,,,derived,https://www.washingtonconnection.org,2026-09-06
food_waconnection,Ga,food,0.0,0.0,,none,0.0,,,derived,https://www.washingtonconnection.org,2026-09-06
food_waconnection,German,food,0.0,0.0,,none,0.0,,,derived,https://www.washingtonconnection.org,2026-09-06
food_waconnection,"Greek, Modern",food,0.0,0.0,,none,0.0,,,derived,https://www.washingtonconnection.org,2026-09-06
food_waconnection,Gujarati,food,0.0,0.0,,none,0.0,,,derived,https://www.washingtonconnection.org,2026-09-06
food_waconnection,Haitian Creole,food,0.0,0.0,,none,0.0,,,derived,https://www.washingtonconnection.org,2026-09-06
food_waconnection,Hausa,food,0.0,0.0,,none,0.0,,,derived,https://www.washingtonconnection.org,2026-09-06
food_waconnection,Hawaiian,food,0.0,0.0,,none,0.0,,,derived,https://www.washingtonconnection.org,2026-09-06
food_waconnection,Herero,food,0.0,0.0,,none,0.0,,,derived,https://www.washingtonconnection.org,2026-09-06
food_waconnection,Hindi,food,0.0,0.0,,none,0.0,,,derived,https://www.washingtonconnection.org,2026-09-06
food_waconnection,Hmong,food,0.0,0.0,,none,0.0,,,derived,https://www.washingtonconnection.org,2026-09-06
food_waconnection,Hungarian,food,0.0,0.0,,none,0.0,,,derived,https://www.washingtonconnection.org,2026-09-06
food_waconnection,Igbo,food,0.0,0.0,,none,0.0,,,derived,https://www.washingtonconnection.org,2026-09-06
food_waconnection,Ilokano,food,0.0,0.0,,none,0.0,,,derived,https://www.washingtonconnection.org,2026-09-06
food_waconnection,Indonesian,food,0.0,0.0,,none,0.0,,,derived,https://www.washingtonconnection.org,2026-09-06
food_waconnection,Italian,food,0.0,0.0,,none,0.0,,,derived,https://www.washingtonconnection.org,2026-09-06
food_waconnection,Japanese,food,0.0,0.0,,none,0.0,,,derived,https://www.washingtonconnection.org,2026-09-06
food_waconnection,Kakwa,food,0.0,0.0,,none,0.0,,,derived,https://www.washingtonconnection.org,2026-09-06
food_waconnection,Kannada,food,0.0,0.0,,none,0.0,,,derived,https://www.washingtonconnection.org,2026-09-06
food_waconnection,Karen,food,0.0,0.0,,none,0.0,,,derived,https://www.washingtonconnection.org,2026-09-06
food_waconnection,Karenni,food,0.0,0.0,,none,0.0,,,derived,https://www.washingtonconnection.org,2026-09-06
food_waconnection,Kazakh,food,0.0,0.0,,none,0.0,,,derived,https://www.washingtonconnection.org,2026-09-06
food_waconnection,Khmer,food,0.0,0.0,,none,0.0,,,derived,https://www.washingtonconnection.org,2026-09-06
food_waconnection,Kikuyu,food,0.0,0.0,,none,0.0,,,derived,https://www.washingtonconnection.org,2026-09-06
food_waconnection,Kinyarwanda,food,0.0,0.0,,none,0.0,,,derived,https://www.washingtonconnection.org,2026-09-06
food_waconnection,Kirgiz,food,0.0,0.0,,none,0.0,,,derived,https://www.washingtonconnection.org,2026-09-06
food_waconnection,Kirundi,food,0.0,0.0,,none,0.0,,,derived,https://www.washingtonconnection.org,2026-09-06
food_waconnection,Kmhmu,food,0.0,0.0,,none,0.0,,,derived,https://www.washingtonconnection.org,2026-09-06
food_waconnection,Kongo,food,0.0,0.0,,none,0.0,,,derived,https://www.washingtonconnection.org,2026-09-06
food_waconnection,Korean,food,0.0,0.0,,none,0.0,,,derived,https://www.washingtonconnection.org,2026-09-06
food_waconnection,Kosraean,food,0.0,0.0,,none,0.0,,,derived,https://www.washingtonconnection.org,2026-09-06
food_waconnection,Krahn,food,0.0,0.0,,none,0.0,,,derived,https://www.washingtonconnection.org,2026-09-06
food_waconnection,Krio,food,0.0,0.0,,none,0.0,,,derived,https://www.washingtonconnection.org,2026-09-06
food_waconnection,Kru,food,0.0,0.0,,none,0.0,,,derived,https://www.washingtonconnection.org,2026-09-06
food_waconnection,Kurdish,food,0.0,0.0,,none,0.0,,,derived,https://www.washingtonconnection.org,2026-09-06
food_waconnection,Lao,food,0.0,0.0,,none,0.0,,,derived,https://www.washingtonconnection.org,2026-09-06
food_waconnection,Latvian,food,0.0,0.0,,none,0.0,,,derived,https://www.washingtonconnection.org,2026-09-06
food_waconnection,Lingala,food,0.0,0.0,,none,0.0,,,derived,https://www.washingtonconnection.org,2026-09-06
food_waconnection,Luganda,food,0.0,0.0,,none,0.0,,,derived,https://www.washingtonconnection.org,2026-09-06
food_waconnection,Maay Maay,food,0.0,0.0,,none,0.0,,,derived,https://www.washingtonconnection.org,2026-09-06
food_waconnection,Malay,food,0.0,0.0,,none,0.0,,,derived,https://www.washingtonconnection.org,2026-09-06
food_waconnection,Malayalam,food,0.0,0.0,,none,0.0,,,derived,https://www.washingtonconnection.org,2026-09-06
food_waconnection,Mam,food,0.0,0.0,,none,0.0,,,derived,https://www.washingtonconnection.org,2026-09-06
food_waconnection,Mandingo,food,0.0,0.0,,none,0.0,,,derived,https://www.washingtonconnection.org,2026-09-06
food_waconnection,Mandinka,food,0.0,0.0,,none,0.0,,,derived,https://www.washingtonconnection.org,2026-09-06
food_waconnection,Marathi,food,0.0,0.0,,none,0.0,,,derived,https://www.washingtonconnection.org,2026-09-06
food_waconnection,Marquesan,food,0.0,0.0,,none,0.0,,,derived,https://www.washingtonconnection.org,2026-09-06
food_waconnection,Marshallese,food,0.0,0.0,,none,0.0,,,derived,https://www.washingtonconnection.org,2026-09-06
food_waconnection,Maya-Quiche,food,0.0,0.0,,none,0.0,,,derived,https://www.washingtonconnection.org,2026-09-06
food_waconnection,Mien,food,0.0,0.0,,none,0.0,,,derived,https://www.washingtonconnection.org,2026-09-06
food_waconnection,Mixteco,food,0.0,0.0,,none,0.0,,,derived,https://www.washingtonconnection.org,2026-09-06
food_waconnection,Moldavian,food,0.0,0.0,,none,0.0,,,derived,https://www.washingtonconnection.org,2026-09-06
food_waconnection,Mongolian,food,0.0,0.0,,none,0.0,,,derived,https://www.washingtonconnection.org,2026-09-06
food_waconnection,Moore,food,0.0,0.0,,none,0.0,,,derived,https://www.washingtonconnection.org,2026-09-06
food_waconnection,"Nahuatl, Guerrero region",food,0.0,0.0,,none,0.0,,,derived,https://www.washingtonconnection.org,2026-09-06
food_waconnection,Nepali,food,0.0,0.0,,none,0.0,,,derived,https://www.washingtonconnection.org,2026-09-06
food_waconnection,Nuer,food,0.0,0.0,,none,0.0,,,derived,https://www.washingtonconnection.org,2026-09-06
food_waconnection,Oromo,food,0.0,0.0,,none,0.0,,,derived,https://www.washingtonconnection.org,2026-09-06
food_waconnection,Palau,food,0.0,0.0,,none,0.0,,,derived,https://www.washingtonconnection.org,2026-09-06
food_waconnection,Pashai,food,0.0,0.0,,none,0.0,,,derived,https://www.washingtonconnection.org,2026-09-06
food_waconnection,Pashto,food,0.0,0.0,,none,0.0,,,derived,https://www.washingtonconnection.org,2026-09-06
food_waconnection,Pere,food,0.0,0.0,,none,0.0,,,derived,https://www.washingtonconnection.org,2026-09-06
food_waconnection,Polish,food,0.0,0.0,,none,0.0,,,derived,https://www.washingtonconnection.org,2026-09-06
food_waconnection,Portuguese,food,0.0,0.0,,none,0.0,,,derived,https://www.washingtonconnection.org,2026-09-06
food_waconnection,Punjabi,food,0.0,0.0,,none,0.0,,,derived,https://www.washingtonconnection.org,2026-09-06
food_waconnection,Purepecha,food,0.0,0.0,,none,0.0,,,derived,https://www.washingtonconnection.org,2026-09-06
food_waconnection,Rohingya,food,0.0,0.0,,none,0.0,,,derived,https://www.washingtonconnection.org,2026-09-06
food_waconnection,Romanian,food,0.0,0.0,,none,0.0,,,derived,https://www.washingtonconnection.org,2026-09-06
food_waconnection,Russian,food,0.0,0.0,,none,0.0,,,derived,https://www.washingtonconnection.org,2026-09-06
food_waconnection,Samoan,food,0.0,0.0,,none,0.0,,,derived,https://www.washingtonconnection.org,2026-09-06
food_waconnection,Sao,food,0.0,0.0,,none,0.0,,,derived,https://www.washingtonconnection.org,2026-09-06
food_waconnection,Serbo-Croation,food,0.0,0.0,,none,0.0,,,derived,https://www.washingtonconnection.org,2026-09-06
food_waconnection,Shona,food,0.0,0.0,,none,0.0,,,derived,https://www.washingtonconnection.org,2026-09-06
food_waconnection,Sinhalese,food,0.0,0.0,,none,0.0,,,derived,https://www.washingtonconnection.org,2026-09-06
food_waconnection,Slovenian,food,0.0,0.0,,none,0.0,,,derived,https://www.washingtonconnection.org,2026-09-06
food_waconnection,Somali,food,0.0,0.0,,none,0.0,,,derived,https://www.washingtonconnection.org,2026-09-06
food_waconnection,Soninke,food,0.0,0.0,,none,0.0,,,derived,https://www.washingtonconnection.org,2026-09-06
food_waconnection,Sotho,food,0.0,0.0,,none,0.0,,,derived,https://www.washingtonconnection.org,2026-09-06
food_waconnection,Spanish,food,0.0,0.0,,none,0.0,,,derived,https://www.washingtonconnection.org,2026-09-06
food_waconnection,Swahili,food,0.0,0.0,,none,0.0,,,derived,https://www.washingtonconnection.org,2026-09-06
food_waconnection,Tagalog,food,0.0,0.0,,none,0.0,,,derived,https://www.washingtonconnection.org,2026-09-06
food_waconnection,Taishanese,food,0.0,0.0,,none,0.0,,,derived,https://www.washingtonconnection.org,2026-09-06
food_waconnection,Tajiki,food,0.0,0.0,,none,0.0,,,derived,https://www.washingtonconnection.org,2026-09-06
food_waconnection,Tamil,food,0.0,0.0,,none,0.0,,,derived,https://www.washingtonconnection.org,2026-09-06
food_waconnection,Tarasco,food,0.0,0.0,,none,0.0,,,derived,https://www.washingtonconnection.org,2026-09-06
food_waconnection,Tedim,food,0.0,0.0,,none,0.0,,,derived,https://www.washingtonconnection.org,2026-09-06
food_waconnection,Telugu,food,0.0,0.0,,none,0.0,,,derived,https://www.washingtonconnection.org,2026-09-06
food_waconnection,Thai,food,0.0,0.0,,none,0.0,,,derived,https://www.washingtonconnection.org,2026-09-06
food_waconnection,Tibetan,food,0.0,0.0,,none,0.0,,,derived,https://www.washingtonconnection.org,2026-09-06
food_waconnection,Tigrinya,food,0.0,0.0,,none,0.0,,,derived,https://www.washingtonconnection.org,2026-09-06
food_waconnection,Tongan,food,0.0,0.0,,none,0.0,,,derived,https://www.washingtonconnection.org,2026-09-06
food_waconnection,Turkish,food,0.0,0.0,,none,0.0,,,derived,https://www.washingtonconnection.org,2026-09-06
food_waconnection,Twi,food,0.0,0.0,,none,0.0,,,derived,https://www.washingtonconnection.org,2026-09-06
food_waconnection,Ukrainian,food,0.0,0.0,,none,0.0,,,derived,https://www.washingtonconnection.org,2026-09-06
food_waconnection,Urdu,food,0.0,0.0,,none,0.0,,,derived,https://www.washingtonconnection.org,2026-09-06
food_waconnection,Uzbek,food,0.0,0.0,,none,0.0,,,derived,https://www.washingtonconnection.org,2026-09-06
food_waconnection,Vietnamese,food,0.0,0.0,,none,0.0,,,derived,https://www.washingtonconnection.org,2026-09-06
food_waconnection,Wolof,food,0.0,0.0,,none,0.0,,,derived,https://www.washingtonconnection.org,2026-09-06
food_waconnection,Yap,food,0.0,0.0,,none,0.0,,,derived,https://www.washingtonconnection.org,2026-09-06
food_waconnection,Yoruba,food,0.0,0.0,,none,0.0,,,derived,https://www.washingtonconnection.org,2026-09-06
health_healthpoint,Acholi,health,1.0,0.0,,none,0.0,,,derived,https://www.healthpointchc.org/,2026-09-07
health_healthpoint,Aguacateco,health,0.0,0.0,,none,0.0,,,derived,https://www.healthpointchc.org/,2026-09-07
health_healthpoint,Akateko,health,0.0,0.0,,none,0.0,,,derived,https://www.healthpointchc.org/,2026-09-07
health_healthpoint,Albanian,health,1.0,0.0,,none,0.0,,,derived,https://www.healthpointchc.org/,2026-09-07
health_healthpoint,American Sign Language,health,0.0,0.0,,none,0.0,,,derived,https://www.healthpointchc.org/,2026-09-07
health_healthpoint,Amharic,health,1.0,0.0,,none,0.0,,,derived,https://www.healthpointchc.org/,2026-09-07
health_healthpoint,Arabic,health,1.0,0.0,,none,0.0,,,derived,https://www.healthpointchc.org/,2026-09-07
health_healthpoint,Armenian,health,1.0,0.0,,none,0.0,,,derived,https://www.healthpointchc.org/,2026-09-07
health_healthpoint,Ayula-Bambara,health,0.0,0.0,,none,0.0,,,derived,https://www.healthpointchc.org/,2026-09-07
health_healthpoint,Azerbaijani,health,1.0,0.0,,none,0.0,,,derived,https://www.healthpointchc.org/,2026-09-07
health_healthpoint,Bambara,health,1.0,0.0,,none,0.0,,,derived,https://www.healthpointchc.org/,2026-09-07
health_healthpoint,Bangala,health,0.0,0.0,,none,0.0,,,derived,https://www.healthpointchc.org/,2026-09-07
health_healthpoint,Bassa,health,0.0,0.0,,none,0.0,,,derived,https://www.healthpointchc.org/,2026-09-07
health_healthpoint,Bengali,health,1.0,0.0,,none,0.0,,,derived,https://www.healthpointchc.org/,2026-09-07
health_healthpoint,Bosnian,health,1.0,0.0,,none,0.0,,,derived,https://www.healthpointchc.org/,2026-09-07
health_healthpoint,Bulgarian,health,1.0,0.0,,none,0.0,,,derived,https://www.healthpointchc.org/,2026-09-07
health_healthpoint,Burmese,health,1.0,0.0,,none,0.0,,,derived,https://www.healthpointchc.org/,2026-09-07
health_healthpoint,Carolinian,health,0.0,0.0,,none,0.0,,,derived,https://www.healthpointchc.org/,2026-09-07
health_healthpoint,Catalan,health,1.0,0.0,,none,0.0,,,derived,https://www.healthpointchc.org/,2026-09-07
health_healthpoint,Cebuano,health,1.0,0.0,,none,0.0,,,derived,https://www.healthpointchc.org/,2026-09-07
health_healthpoint,Cham,health,0.0,0.0,,none,0.0,,,derived,https://www.healthpointchc.org/,2026-09-07
health_healthpoint,Chamorro,health,1.0,0.0,,none,0.0,,,derived,https://www.healthpointchc.org/,2026-09-07
health_healthpoint,Chin,health,0.0,0.0,,none,0.0,,,derived,https://www.healthpointchc.org/,2026-09-07
health_healthpoint,Chinese-Cantonese,health,1.0,0.0,,none,0.0,,,derived,https://www.healthpointchc.org/,2026-09-07
health_healthpoint,Chinese-Fukienese,health,0.0,0.0,,none,0.0,,,derived,https://www.healthpointchc.org/,2026-09-07
health_healthpoint,Chinese-Mandarin,health,1.0,0.0,,none,0.0,,,derived,https://www.healthpointchc.org/,2026-09-07
health_healthpoint,Chinese-Taiwanese,health,0.0,0.0,,none,0.0,,,derived,https://www.healthpointchc.org/,2026-09-07
health_healthpoint,Chuukese,health,1.0,0.0,,none,0.0,,,derived,https://www.healthpointchc.org/,2026-09-07
health_healthpoint,Dari,health,1.0,0.0,,none,0.0,,,derived,https://www.healthpointchc.org/,2026-09-07
health_healthpoint,Dinka,health,1.0,0.0,,none,0.0,,,derived,https://www.healthpointchc.org/,2026-09-07
health_healthpoint,Dutch,health,1.0,0.0,,none,0.0,,,derived,https://www.healthpointchc.org/,2026-09-07
health_healthpoint,Egyptian-Arabic,health,0.0,0.0,,none,0.0,,,derived,https://www.healthpointchc.org/,2026-09-07
health_healthpoint,Eritai,health,0.0,0.0,,none,0.0,,,derived,https://www.healthpointchc.org/,2026-09-07
health_healthpoint,Estonian,health,1.0,0.0,,none,0.0,,,derived,https://www.healthpointchc.org/,2026-09-07
health_healthpoint,Ewe,health,1.0,0.0,,none,0.0,,,derived,https://www.healthpointchc.org/,2026-09-07
health_healthpoint,Fallani,health,0.0,0.0,,none,0.0,,,derived,https://www.healthpointchc.org/,2026-09-07
health_healthpoint,Farsi,health,1.0,0.0,,none,0.0,,,derived,https://www.healthpointchc.org/,2026-09-07
health_healthpoint,French,health,1.0,0.0,,none,0.0,,,derived,https://www.healthpointchc.org/,2026-09-07
health_healthpoint,Fula,health,0.0,0.0,,none,0.0,,,derived,https://www.healthpointchc.org/,2026-09-07
health_healthpoint,Ga,health,1.0,0.0,,none,0.0,,,derived,https://www.healthpointchc.org/,2026-09-07
health_healthpoint,German,health,1.0,0.0,,none,0.0,,,derived,https://www.healthpointchc.org/,2026-09-07
health_healthpoint,"Greek, Modern",health,0.0,0.0,,none,0.0,,,derived,https://www.healthpointchc.org/,2026-09-07
health_healthpoint,Gujarati,health,1.0,0.0,,none,0.0,,,derived,https://www.healthpointchc.org/,2026-09-07
health_healthpoint,Haitian Creole,health,1.0,0.0,,none,0.0,,,derived,https://www.healthpointchc.org/,2026-09-07
health_healthpoint,Hausa,health,1.0,0.0,,none,0.0,,,derived,https://www.healthpointchc.org/,2026-09-07
health_healthpoint,Hawaiian,health,1.0,0.0,,none,0.0,,,derived,https://www.healthpointchc.org/,2026-09-07
health_healthpoint,Herero,health,0.0,0.0,,none,0.0,,,derived,https://www.healthpointchc.org/,2026-09-07
health_healthpoint,Hindi,health,1.0,0.0,,none,0.0,,,derived,https://www.healthpointchc.org/,2026-09-07
health_healthpoint,Hmong,health,1.0,0.0,,none,0.0,,,derived,https://www.healthpointchc.org/,2026-09-07
health_healthpoint,Hungarian,health,1.0,0.0,,none,0.0,,,derived,https://www.healthpointchc.org/,2026-09-07
health_healthpoint,Igbo,health,1.0,0.0,,none,0.0,,,derived,https://www.healthpointchc.org/,2026-09-07
health_healthpoint,Ilokano,health,0.0,0.0,,none,0.0,,,derived,https://www.healthpointchc.org/,2026-09-07
health_healthpoint,Indonesian,health,1.0,0.0,,none,0.0,,,derived,https://www.healthpointchc.org/,2026-09-07
health_healthpoint,Italian,health,1.0,0.0,,none,0.0,,,derived,https://www.healthpointchc.org/,2026-09-07
health_healthpoint,Japanese,health,1.0,0.0,,none,0.0,,,derived,https://www.healthpointchc.org/,2026-09-07
health_healthpoint,Kakwa,health,0.0,0.0,,none,0.0,,,derived,https://www.healthpointchc.org/,2026-09-07
health_healthpoint,Kannada,health,1.0,0.0,,none,0.0,,,derived,https://www.healthpointchc.org/,2026-09-07
health_healthpoint,Karen,health,0.0,0.0,,none,0.0,,,derived,https://www.healthpointchc.org/,2026-09-07
health_healthpoint,Karenni,health,0.0,0.0,,none,0.0,,,derived,https://www.healthpointchc.org/,2026-09-07
health_healthpoint,Kazakh,health,1.0,0.0,,none,0.0,,,derived,https://www.healthpointchc.org/,2026-09-07
health_healthpoint,Khmer,health,1.0,0.0,,none,0.0,,,derived,https://www.healthpointchc.org/,2026-09-07
health_healthpoint,Kikuyu,health,0.0,0.0,,none,0.0,,,derived,https://www.healthpointchc.org/,2026-09-07
health_healthpoint,Kinyarwanda,health,1.0,0.0,,none,0.0,,,derived,https://www.healthpointchc.org/,2026-09-07
health_healthpoint,Kirgiz,health,0.0,0.0,,none,0.0,,,derived,https://www.healthpointchc.org/,2026-09-07
health_healthpoint,Kirundi,health,0.0,0.0,,none,0.0,,,derived,https://www.healthpointchc.org/,2026-09-07
health_healthpoint,Kmhmu,health,0.0,0.0,,none,0.0,,,derived,https://www.healthpointchc.org/,2026-09-07
health_healthpoint,Kongo,health,0.0,0.0,,none,0.0,,,derived,https://www.healthpointchc.org/,2026-09-07
health_healthpoint,Korean,health,1.0,0.0,,none,0.0,,,derived,https://www.healthpointchc.org/,2026-09-07
health_healthpoint,Kosraean,health,0.0,0.0,,none,0.0,,,derived,https://www.healthpointchc.org/,2026-09-07
health_healthpoint,Krahn,health,0.0,0.0,,none,0.0,,,derived,https://www.healthpointchc.org/,2026-09-07
health_healthpoint,Krio,health,1.0,0.0,,none,0.0,,,derived,https://www.healthpointchc.org/,2026-09-07
health_healthpoint,Kru,health,0.0,0.0,,none,0.0,,,derived,https://www.healthpointchc.org/,2026-09-07
health_healthpoint,Kurdish,health,0.0,0.0,,none,0.0,,,derived,https://www.healthpointchc.org/,2026-09-07
health_healthpoint,Lao,health,1.0,0.0,,none,0.0,,,derived,https://www.healthpointchc.org/,2026-09-07
health_healthpoint,Latvian,health,1.0,0.0,,none,0.0,,,derived,https://www.healthpointchc.org/,2026-09-07
health_healthpoint,Lingala,health,1.0,0.0,,none,0.0,,,derived,https://www.healthpointchc.org/,2026-09-07
health_healthpoint,Luganda,health,1.0,0.0,,none,0.0,,,derived,https://www.healthpointchc.org/,2026-09-07
health_healthpoint,Maay Maay,health,0.0,0.0,,none,0.0,,,derived,https://www.healthpointchc.org/,2026-09-07
health_healthpoint,Malay,health,1.0,0.0,,none,0.0,,,derived,https://www.healthpointchc.org/,2026-09-07
health_healthpoint,Malayalam,health,1.0,0.0,,none,0.0,,,derived,https://www.healthpointchc.org/,2026-09-07
health_healthpoint,Mam,health,1.0,0.0,,none,0.0,,,derived,https://www.healthpointchc.org/,2026-09-07
health_healthpoint,Mandingo,health,0.0,0.0,,none,0.0,,,derived,https://www.healthpointchc.org/,2026-09-07
health_healthpoint,Mandinka,health,0.0,0.0,,none,0.0,,,derived,https://www.healthpointchc.org/,2026-09-07
health_healthpoint,Marathi,health,1.0,0.0,,none,0.0,,,derived,https://www.healthpointchc.org/,2026-09-07
health_healthpoint,Marquesan,health,0.0,0.0,,none,0.0,,,derived,https://www.healthpointchc.org/,2026-09-07
health_healthpoint,Marshallese,health,1.0,0.0,,none,0.0,,,derived,https://www.healthpointchc.org/,2026-09-07
health_healthpoint,Maya-Quiche,health,0.0,0.0,,none,0.0,,,derived,https://www.healthpointchc.org/,2026-09-07
health_healthpoint,Mien,health,0.0,0.0,,none,0.0,,,derived,https://www.healthpointchc.org/,2026-09-07
health_healthpoint,Mixteco,health,0.0,0.0,,none,0.0,,,derived,https://www.healthpointchc.org/,2026-09-07
health_healthpoint,Moldavian,health,0.0,0.0,,none,0.0,,,derived,https://www.healthpointchc.org/,2026-09-07
health_healthpoint,Mongolian,health,1.0,0.0,,none,0.0,,,derived,https://www.healthpointchc.org/,2026-09-07
health_healthpoint,Moore,health,0.0,0.0,,none,0.0,,,derived,https://www.healthpointchc.org/,2026-09-07
health_healthpoint,"Nahuatl, Guerrero region",health,0.0,0.0,,none,0.0,,,derived,https://www.healthpointchc.org/,2026-09-07
health_healthpoint,Nepali,health,1.0,0.0,,none,0.0,,,derived,https://www.healthpointchc.org/,2026-09-07
health_healthpoint,Nuer,health,1.0,0.0,,none,0.0,,,derived,https://www.healthpointchc.org/,2026-09-07
health_healthpoint,Oromo,health,1.0,0.0,,none,0.0,,,derived,https://www.healthpointchc.org/,2026-09-07
health_healthpoint,Palau,health,0.0,0.0,,none,0.0,,,derived,https://www.healthpointchc.org/,2026-09-07
health_healthpoint,Pashai,health,0.0,0.0,,none,0.0,,,derived,https://www.healthpointchc.org/,2026-09-07
health_healthpoint,Pashto,health,1.0,0.0,,none,0.0,,,derived,https://www.healthpointchc.org/,2026-09-07
health_healthpoint,Pere,health,0.0,0.0,,none,0.0,,,derived,https://www.healthpointchc.org/,2026-09-07
health_healthpoint,Polish,health,1.0,0.0,,none,0.0,,,derived,https://www.healthpointchc.org/,2026-09-07
health_healthpoint,Portuguese,health,0.0,0.0,,none,0.0,,,derived,https://www.healthpointchc.org/,2026-09-07
health_healthpoint,Punjabi,health,1.0,0.0,,none,0.0,,,derived,https://www.healthpointchc.org/,2026-09-07
health_healthpoint,Purepecha,health,0.0,0.0,,none,0.0,,,derived,https://www.healthpointchc.org/,2026-09-07
health_healthpoint,Rohingya,health,0.0,0.0,,none,0.0,,,derived,https://www.healthpointchc.org/,2026-09-07
health_healthpoint,Romanian,health,1.0,0.0,,none,0.0,,,derived,https://www.healthpointchc.org/,2026-09-07
health_healthpoint,Russian,health,1.0,0.0,,none,0.0,,,derived,https://www.healthpointchc.org/,2026-09-07
health_healthpoint,Samoan,health,1.0,0.0,,none,0.0,,,derived,https://www.healthpointchc.org/,2026-09-07
health_healthpoint,Sao,health,0.0,0.0,,none,0.0,,,derived,https://www.healthpointchc.org/,2026-09-07
health_healthpoint,Serbo-Croation,health,0.0,0.0,,none,0.0,,,derived,https://www.healthpointchc.org/,2026-09-07
health_healthpoint,Shona,health,1.0,0.0,,none,0.0,,,derived,https://www.healthpointchc.org/,2026-09-07
health_healthpoint,Sinhalese,health,0.0,0.0,,none,0.0,,,derived,https://www.healthpointchc.org/,2026-09-07
health_healthpoint,Slovenian,health,1.0,0.0,,none,0.0,,,derived,https://www.healthpointchc.org/,2026-09-07
health_healthpoint,Somali,health,1.0,0.0,,none,0.0,,,derived,https://www.healthpointchc.org/,2026-09-07
health_healthpoint,Soninke,health,0.0,0.0,,none,0.0,,,derived,https://www.healthpointchc.org/,2026-09-07
health_healthpoint,Sotho,health,0.0,0.0,,none,0.0,,,derived,https://www.healthpointchc.org/,2026-09-07
health_healthpoint,Spanish,health,1.0,0.0,,none,0.0,,,derived,https://www.healthpointchc.org/,2026-09-07
health_healthpoint,Swahili,health,1.0,0.0,,none,0.0,,,derived,https://www.healthpointchc.org/,2026-09-07
health_healthpoint,Tagalog,health,1.0,0.0,,none,0.0,,,derived,https://www.healthpointchc.org/,2026-09-07
health_healthpoint,Taishanese,health,0.0,0.0,,none,0.0,,,derived,https://www.healthpointchc.org/,2026-09-07
health_healthpoint,Tajiki,health,0.0,0.0,,none,0.0,,,derived,https://www.healthpointchc.org/,2026-09-07
health_healthpoint,Tamil,health,1.0,0.0,,none,0.0,,,derived,https://www.healthpointchc.org/,2026-09-07
health_healthpoint,Tarasco,health,0.0,0.0,,none,0.0,,,derived,https://www.healthpointchc.org/,2026-09-07
health_healthpoint,Tedim,health,0.0,0.0,,none,0.0,,,derived,https://www.healthpointchc.org/,2026-09-07
health_healthpoint,Telugu,health,1.0,0.0,,none,0.0,,,derived,https://www.healthpointchc.org/,2026-09-07
health_healthpoint,Thai,health,1.0,0.0,,none,0.0,,,derived,https://www.healthpointchc.org/,2026-09-07
health_healthpoint,Tibetan,health,1.0,0.0,,none,0.0,,,derived,https://www.healthpointchc.org/,2026-09-07
health_healthpoint,Tigrinya,health,1.0,0.0,,none,0.0,,,derived,https://www.healthpointchc.org/,2026-09-07
health_healthpoint,Tongan,health,1.0,0.0,,none,0.0,,,derived,https://www.healthpointchc.org/,2026-09-07
health_healthpoint,Turkish,health,1.0,0.0,,none,0.0,,,derived,https://www.healthpointchc.org/,2026-09-07
health_healthpoint,Twi,health,1.0,0.0,,none,0.0,,,derived,https://www.healthpointchc.org/,2026-09-07
health_healthpoint,Ukrainian,health,1.0,0.0,,none,0.0,,,derived,https://www.healthpointchc.org/,2026-09-07
health_healthpoint,Urdu,health,1.0,0.0,,none,0.0,,,derived,https://www.healthpointchc.org/,2026-09-07
health_healthpoint,Uzbek,health,1.0,0.0,,none,0.0,,,derived,https://www.healthpointchc.org/,2026-09-07
health_healthpoint,Vietnamese,health,1.0,0.0,,none,0.0,,,derived,https://www.healthpointchc.org/,2026-09-07
health_healthpoint,Wolof,health,1.0,0.0,,none,0.0,,,derived,https://www.healthpointchc.org/,2026-09-07
health_healthpoint,Yap,health,0.0,0.0,,none,0.0,,,derived,https://www.healthpointchc.org/,2026-09-07
health_healthpoint,Yoruba,health,1.0,0.0,,none,0.0,,,derived,https://www.healthpointchc.org/,2026-09-07
health_seamar,Acholi,health,0.0,0.0,,none,0.0,,,derived,https://www.seamar.org,2026-09-07
health_seamar,Aguacateco,health,0.0,0.0,,none,0.0,,,derived,https://www.seamar.org,2026-09-07
health_seamar,Akateko,health,0.0,0.0,,none,0.0,,,derived,https://www.seamar.org,2026-09-07
health_seamar,Albanian,health,0.0,0.0,,none,0.0,,,derived,https://www.seamar.org,2026-09-07
health_seamar,American Sign Language,health,0.0,0.0,,none,0.0,,,derived,https://www.seamar.org,2026-09-07
health_seamar,Amharic,health,0.0,0.0,,none,0.0,,,derived,https://www.seamar.org,2026-09-07
health_seamar,Arabic,health,0.0,0.0,,none,0.0,,,derived,https://www.seamar.org,2026-09-07
health_seamar,Armenian,health,0.0,0.0,,none,0.0,,,derived,https://www.seamar.org,2026-09-07
health_seamar,Ayula-Bambara,health,0.0,0.0,,none,0.0,,,derived,https://www.seamar.org,2026-09-07
health_seamar,Azerbaijani,health,0.0,0.0,,none,0.0,,,derived,https://www.seamar.org,2026-09-07
health_seamar,Bambara,health,0.0,0.0,,none,0.0,,,derived,https://www.seamar.org,2026-09-07
health_seamar,Bangala,health,0.0,0.0,,none,0.0,,,derived,https://www.seamar.org,2026-09-07
health_seamar,Bassa,health,0.0,0.0,,none,0.0,,,derived,https://www.seamar.org,2026-09-07
health_seamar,Bengali,health,0.0,0.0,,none,0.0,,,derived,https://www.seamar.org,2026-09-07
health_seamar,Bosnian,health,0.0,0.0,,none,0.0,,,derived,https://www.seamar.org,2026-09-07
health_seamar,Bulgarian,health,0.0,0.0,,none,0.0,,,derived,https://www.seamar.org,2026-09-07
health_seamar,Burmese,health,0.0,0.0,,none,0.0,,,derived,https://www.seamar.org,2026-09-07
health_seamar,Carolinian,health,0.0,0.0,,none,0.0,,,derived,https://www.seamar.org,2026-09-07
health_seamar,Catalan,health,0.0,0.0,,none,0.0,,,derived,https://www.seamar.org,2026-09-07
health_seamar,Cebuano,health,0.0,0.0,,none,0.0,,,derived,https://www.seamar.org,2026-09-07
health_seamar,Cham,health,0.0,0.0,,none,0.0,,,derived,https://www.seamar.org,2026-09-07
health_seamar,Chamorro,health,0.0,0.0,,none,0.0,,,derived,https://www.seamar.org,2026-09-07
health_seamar,Chin,health,0.0,0.0,,none,0.0,,,derived,https://www.seamar.org,2026-09-07
health_seamar,Chinese-Cantonese,health,0.0,0.0,,none,0.0,,,derived,https://www.seamar.org,2026-09-07
health_seamar,Chinese-Fukienese,health,0.0,0.0,,none,0.0,,,derived,https://www.seamar.org,2026-09-07
health_seamar,Chinese-Mandarin,health,0.0,0.0,,none,0.0,,,derived,https://www.seamar.org,2026-09-07
health_seamar,Chinese-Taiwanese,health,0.0,0.0,,none,0.0,,,derived,https://www.seamar.org,2026-09-07
health_seamar,Chuukese,health,0.0,0.0,,none,0.0,,,derived,https://www.seamar.org,2026-09-07
health_seamar,Dari,health,0.0,0.0,,none,0.0,,,derived,https://www.seamar.org,2026-09-07
health_seamar,Dinka,health,0.0,0.0,,none,0.0,,,derived,https://www.seamar.org,2026-09-07
health_seamar,Dutch,health,0.0,0.0,,none,0.0,,,derived,https://www.seamar.org,2026-09-07
health_seamar,Egyptian-Arabic,health,0.0,0.0,,none,0.0,,,derived,https://www.seamar.org,2026-09-07
health_seamar,Eritai,health,0.0,0.0,,none,0.0,,,derived,https://www.seamar.org,2026-09-07
health_seamar,Estonian,health,0.0,0.0,,none,0.0,,,derived,https://www.seamar.org,2026-09-07
health_seamar,Ewe,health,0.0,0.0,,none,0.0,,,derived,https://www.seamar.org,2026-09-07
health_seamar,Fallani,health,0.0,0.0,,none,0.0,,,derived,https://www.seamar.org,2026-09-07
health_seamar,Farsi,health,0.0,0.0,,none,0.0,,,derived,https://www.seamar.org,2026-09-07
health_seamar,French,health,0.0,0.0,,none,0.0,,,derived,https://www.seamar.org,2026-09-07
health_seamar,Fula,health,0.0,0.0,,none,0.0,,,derived,https://www.seamar.org,2026-09-07
health_seamar,Ga,health,0.0,0.0,,none,0.0,,,derived,https://www.seamar.org,2026-09-07
health_seamar,German,health,0.0,0.0,,none,0.0,,,derived,https://www.seamar.org,2026-09-07
health_seamar,"Greek, Modern",health,0.0,0.0,,none,0.0,,,derived,https://www.seamar.org,2026-09-07
health_seamar,Gujarati,health,0.0,0.0,,none,0.0,,,derived,https://www.seamar.org,2026-09-07
health_seamar,Haitian Creole,health,0.0,0.0,,none,0.0,,,derived,https://www.seamar.org,2026-09-07
health_seamar,Hausa,health,0.0,0.0,,none,0.0,,,derived,https://www.seamar.org,2026-09-07
health_seamar,Hawaiian,health,0.0,0.0,,none,0.0,,,derived,https://www.seamar.org,2026-09-07
health_seamar,Herero,health,0.0,0.0,,none,0.0,,,derived,https://www.seamar.org,2026-09-07
health_seamar,Hindi,health,0.0,0.0,,none,0.0,,,derived,https://www.seamar.org,2026-09-07
health_seamar,Hmong,health,0.0,0.0,,none,0.0,,,derived,https://www.seamar.org,2026-09-07
health_seamar,Hungarian,health,0.0,0.0,,none,0.0,,,derived,https://www.seamar.org,2026-09-07
health_seamar,Igbo,health,0.0,0.0,,none,0.0,,,derived,https://www.seamar.org,2026-09-07
health_seamar,Ilokano,health,0.0,0.0,,none,0.0,,,derived,https://www.seamar.org,2026-09-07
health_seamar,Indonesian,health,0.0,0.0,,none,0.0,,,derived,https://www.seamar.org,2026-09-07
health_seamar,Italian,health,0.0,0.0,,none,0.0,,,derived,https://www.seamar.org,2026-09-07
health_seamar,Japanese,health,0.0,0.0,,none,0.0,,,derived,https://www.seamar.org,2026-09-07
health_seamar,Kakwa,health,0.0,0.0,,none,0.0,,,derived,https://www.seamar.org,2026-09-07
health_seamar,Kannada,health,0.0,0.0,,none,0.0,,,derived,https://www.seamar.org,2026-09-07
health_seamar,Karen,health,0.0,0.0,,none,0.0,,,derived,https://www.seamar.org,2026-09-07
health_seamar,Karenni,health,0.0,0.0,,none,0.0,,,derived,https://www.seamar.org,2026-09-07
health_seamar,Kazakh,health,0.0,0.0,,none,0.0,,,derived,https://www.seamar.org,2026-09-07
health_seamar,Khmer,health,0.0,0.0,,none,0.0,,,derived,https://www.seamar.org,2026-09-07
health_seamar,Kikuyu,health,0.0,0.0,,none,0.0,,,derived,https://www.seamar.org,2026-09-07
health_seamar,Kinyarwanda,health,0.0,0.0,,none,0.0,,,derived,https://www.seamar.org,2026-09-07
health_seamar,Kirgiz,health,0.0,0.0,,none,0.0,,,derived,https://www.seamar.org,2026-09-07
health_seamar,Kirundi,health,0.0,0.0,,none,0.0,,,derived,https://www.seamar.org,2026-09-07
health_seamar,Kmhmu,health,0.0,0.0,,none,0.0,,,derived,https://www.seamar.org,2026-09-07
health_seamar,Kongo,health,0.0,0.0,,none,0.0,,,derived,https://www.seamar.org,2026-09-07
health_seamar,Korean,health,0.0,0.0,,none,0.0,,,derived,https://www.seamar.org,2026-09-07
health_seamar,Kosraean,health,0.0,0.0,,none,0.0,,,derived,https://www.seamar.org,2026-09-07
health_seamar,Krahn,health,0.0,0.0,,none,0.0,,,derived,https://www.seamar.org,2026-09-07
health_seamar,Krio,health,0.0,0.0,,none,0.0,,,derived,https://www.seamar.org,2026-09-07
health_seamar,Kru,health,0.0,0.0,,none,0.0,,,derived,https://www.seamar.org,2026-09-07
health_seamar,Kurdish,health,0.0,0.0,,none,0.0,,,derived,https://www.seamar.org,2026-09-07
health_seamar,Lao,health,0.0,0.0,,none,0.0,,,derived,https://www.seamar.org,2026-09-07
health_seamar,Latvian,health,0.0,0.0,,none,0.0,,,derived,https://www.seamar.org,2026-09-07
health_seamar,Lingala,health,0.0,0.0,,none,0.0,,,derived,https://www.seamar.org,2026-09-07
health_seamar,Luganda,health,0.0,0.0,,none,0.0,,,derived,https://www.seamar.org,2026-09-07
health_seamar,Maay Maay,health,0.0,0.0,,none,0.0,,,derived,https://www.seamar.org,2026-09-07
health_seamar,Malay,health,0.0,0.0,,none,0.0,,,derived,https://www.seamar.org,2026-09-07
health_seamar,Malayalam,health,0.0,0.0,,none,0.0,,,derived,https://www.seamar.org,2026-09-07
health_seamar,Mam,health,0.0,0.0,,none,0.0,,,derived,https://www.seamar.org,2026-09-07
health_seamar,Mandingo,health,0.0,0.0,,none,0.0,,,derived,https://www.seamar.org,2026-09-07
health_seamar,Mandinka,health,0.0,0.0,,none,0.0,,,derived,https://www.seamar.org,2026-09-07
health_seamar,Marathi,health,0.0,0.0,,none,0.0,,,derived,https://www.seamar.org,2026-09-07
health_seamar,Marquesan,health,0.0,0.0,,none,0.0,,,derived,https://www.seamar.org,2026-09-07
health_seamar,Marshallese,health,0.0,0.0,,none,0.0,,,derived,https://www.seamar.org,2026-09-07
health_seamar,Maya-Quiche,health,0.0,0.0,,none,0.0,,,derived,https://www.seamar.org,2026-09-07
health_seamar,Mien,health,0.0,0.0,,none,0.0,,,derived,https://www.seamar.org,2026-09-07
health_seamar,Mixteco,health,0.0,0.0,,none,0.0,,,derived,https://www.seamar.org,2026-09-07
health_seamar,Moldavian,health,0.0,0.0,,none,0.0,,,derived,https://www.seamar.org,2026-09-07
health_seamar,Mongolian,health,0.0,0.0,,none,0.0,,,derived,https://www.seamar.org,2026-09-07
health_seamar,Moore,health,0.0,0.0,,none,0.0,,,derived,https://www.seamar.org,2026-09-07
health_seamar,"Nahuatl, Guerrero region",health,0.0,0.0,,none,0.0,,,derived,https://www.seamar.org,2026-09-07
health_seamar,Nepali,health,0.0,0.0,,none,0.0,,,derived,https://www.seamar.org,2026-09-07
health_seamar,Nuer,health,0.0,0.0,,none,0.0,,,derived,https://www.seamar.org,2026-09-07
health_seamar,Oromo,health,0.0,0.0,,none,0.0,,,derived,https://www.seamar.org,2026-09-07
health_seamar,Palau,health,0.0,0.0,,none,0.0,,,derived,https://www.seamar.org,2026-09-07
health_seamar,Pashai,health,0.0,0.0,,none,0.0,,,derived,https://www.seamar.org,2026-09-07
health_seamar,Pashto,health,0.0,0.0,,none,0.0,,,derived,https://www.seamar.org,2026-09-07
health_seamar,Pere,health,0.0,0.0,,none,0.0,,,derived,https://www.seamar.org,2026-09-07
health_seamar,Polish,health,0.0,0.0,,none,0.0,,,derived,https://www.seamar.org,2026-09-07
health_seamar,Portuguese,health,0.0,0.0,,none,0.0,,,derived,https://www.seamar.org,2026-09-07
health_seamar,Punjabi,health,0.0,0.0,,none,0.0,,,derived,https://www.seamar.org,2026-09-07
health_seamar,Purepecha,health,0.0,0.0,,none,0.0,,,derived,https://www.seamar.org,2026-09-07
health_seamar,Rohingya,health,0.0,0.0,,none,0.0,,,derived,https://www.seamar.org,2026-09-07
health_seamar,Romanian,health,0.0,0.0,,none,0.0,,,derived,https://www.seamar.org,2026-09-07
health_seamar,Russian,health,0.0,0.0,,none,0.0,,,derived,https://www.seamar.org,2026-09-07
health_seamar,Samoan,health,0.0,0.0,,none,0.0,,,derived,https://www.seamar.org,2026-09-07
health_seamar,Sao,health,0.0,0.0,,none,0.0,,,derived,https://www.seamar.org,2026-09-07
health_seamar,Serbo-Croation,health,0.0,0.0,,none,0.0,,,derived,https://www.seamar.org,2026-09-07
health_seamar,Shona,health,0.0,0.0,,none,0.0,,,derived,https://www.seamar.org,2026-09-07
health_seamar,Sinhalese,health,0.0,0.0,,none,0.0,,,derived,https://www.seamar.org,2026-09-07
health_seamar,Slovenian,health,0.0,0.0,,none,0.0,,,derived,https://www.seamar.org,2026-09-07
health_seamar,Somali,health,0.0,0.0,,none,0.0,,,derived,https://www.seamar.org,2026-09-07
health_seamar,Soninke,health,0.0,0.0,,none,0.0,,,derived,https://www.seamar.org,2026-09-07
health_seamar,Sotho,health,0.0,0.0,,none,0.0,,,derived,https://www.seamar.org,2026-09-07
health_seamar,Spanish,health,0.0,0.0,,none,0.0,,,derived,https://www.seamar.org,2026-09-07
health_seamar,Swahili,health,0.0,0.0,,none,0.0,,,derived,https://www.seamar.org,2026-09-07
health_seamar,Tagalog,health,0.0,0.0,,none,0.0,,,derived,https://www.seamar.org,2026-09-07
health_seamar,Taishanese,health,0.0,0.0,,none,0.0,,,derived,https://www.seamar.org,2026-09-07
health_seamar,Tajiki,health,0.0,0.0,,none,0.0,,,derived,https://www.seamar.org,2026-09-07
health_seamar,Tamil,health,0.0,0.0,,none,0.0,,,derived,https://www.seamar.org,2026-09-07
health_seamar,Tarasco,health,0.0,0.0,,none,0.0,,,derived,https://www.seamar.org,2026-09-07
health_seamar,Tedim,health,0.0,0.0,,none,0.0,,,derived,https://www.seamar.org,2026-09-07
health_seamar,Telugu,health,0.0,0.0,,none,0.0,,,derived,https://www.seamar.org,2026-09-07
health_seamar,Thai,health,0.0,0.0,,none,0.0,,,derived,https://www.seamar.org,2026-09-07
health_seamar,Tibetan,health,0.0,0.0,,none,0.0,,,derived,https://www.seamar.org,2026-09-07
health_seamar,Tigrinya,health,0.0,0.0,,none,0.0,,,derived,https://www.seamar.org,2026-09-07
health_seamar,Tongan,health,0.0,0.0,,none,0.0,,,derived,https://www.seamar.org,2026-09-07
health_seamar,Turkish,health,0.0,0.0,,none,0.0,,,derived,https://www.seamar.org,2026-09-07
health_seamar,Twi,health,0.0,0.0,,none,0.0,,,derived,https://www.seamar.org,2026-09-07
health_seamar,Ukrainian,health,0.0,0.0,,none,0.0,,,derived,https://www.seamar.org,2026-09-07
health_seamar,Urdu,health,0.0,0.0,,none,0.0,,,derived,https://www.seamar.org,2026-09-07
health_seamar,Uzbek,health,0.0,0.0,,none,0.0,,,derived,https://www.seamar.org,2026-09-07
health_seamar,Vietnamese,health,0.0,0.0,,none,0.0,,,derived,https://www.seamar.org,2026-09-07
health_seamar,Wolof,health,0.0,0.0,,none,0.0,,,derived,https://www.seamar.org,2026-09-07
health_seamar,Yap,health,0.0,0.0,,none,0.0,,,derived,https://www.seamar.org,2026-09-07
health_seamar,Yoruba,health,0.0,0.0,,none,0.0,,,derived,https://www.seamar.org,2026-09-07
health_ichs,Acholi,health,0.0,0.0,,none,0.0,,,derived,https://www.ichs.com,2026-09-07
health_ichs,Aguacateco,health,0.0,0.0,,none,0.0,,,derived,https://www.ichs.com,2026-09-07
health_ichs,Akateko,health,0.0,0.0,,none,0.0,,,derived,https://www.ichs.com,2026-09-07
health_ichs,Albanian,health,0.0,0.0,,none,0.0,,,derived,https://www.ichs.com,2026-09-07
health_ichs,American Sign Language,health,0.0,0.0,,none,0.0,,,derived,https://www.ichs.com,2026-09-07
health_ichs,Amharic,health,3.0,2.0,,in_language_document,1.0,unchecked,unverified,derived,https://www.ichs.com/know-your-rights-resources-amharic,2026-09-07
health_ichs,Arabic,health,1.0,2.0,,machine_widget,0.0,,,derived,https://www.ichs.com,2026-09-07
health_ichs,Armenian,health,0.0,0.0,,none,0.0,,,derived,https://www.ichs.com,2026-09-07
health_ichs,Ayula-Bambara,health,0.0,0.0,,none,0.0,,,derived,https://www.ichs.com,2026-09-07
health_ichs,Azerbaijani,health,0.0,0.0,,none,0.0,,,derived,https://www.ichs.com,2026-09-07
health_ichs,Bambara,health,0.0,0.0,,none,0.0,,,derived,https://www.ichs.com,2026-09-07
health_ichs,Bangala,health,0.0,0.0,,none,0.0,,,derived,https://www.ichs.com,2026-09-07
health_ichs,Bassa,health,0.0,0.0,,none,0.0,,,derived,https://www.ichs.com,2026-09-07
health_ichs,Bengali,health,0.0,0.0,,none,0.0,,,derived,https://www.ichs.com,2026-09-07
health_ichs,Bosnian,health,0.0,0.0,,none,0.0,,,derived,https://www.ichs.com,2026-09-07
health_ichs,Bulgarian,health,0.0,0.0,,none,0.0,,,derived,https://www.ichs.com,2026-09-07
health_ichs,Burmese,health,1.0,2.0,,machine_widget,0.0,,,derived,https://www.ichs.com,2026-09-07
health_ichs,Carolinian,health,0.0,0.0,,none,0.0,,,derived,https://www.ichs.com,2026-09-07
health_ichs,Catalan,health,0.0,0.0,,none,0.0,,,derived,https://www.ichs.com,2026-09-07
health_ichs,Cebuano,health,0.0,0.0,,none,0.0,,,derived,https://www.ichs.com,2026-09-07
health_ichs,Cham,health,0.0,0.0,,none,0.0,,,derived,https://www.ichs.com,2026-09-07
health_ichs,Chamorro,health,0.0,0.0,,none,0.0,,,derived,https://www.ichs.com,2026-09-07
health_ichs,Chin,health,0.0,0.0,,none,0.0,,,derived,https://www.ichs.com,2026-09-07
health_ichs,Chinese-Cantonese,health,1.0,2.0,,machine_widget,0.0,,,derived,https://www.ichs.com,2026-09-07
health_ichs,Chinese-Fukienese,health,0.0,0.0,,none,0.0,,,derived,https://www.ichs.com,2026-09-07
health_ichs,Chinese-Mandarin,health,3.0,2.0,,in_language_document,1.0,unchecked,unverified,derived,https://www.ichs.com/know-your-rights-resources-simplified-chinese,2026-09-07
health_ichs,Chinese-Taiwanese,health,0.0,0.0,,none,0.0,,,derived,https://www.ichs.com,2026-09-07
health_ichs,Chuukese,health,0.0,0.0,,none,0.0,,,derived,https://www.ichs.com,2026-09-07
health_ichs,Dari,health,1.0,2.0,,machine_widget,0.0,,,derived,https://www.ichs.com,2026-09-07
health_ichs,Dinka,health,0.0,0.0,,none,0.0,,,derived,https://www.ichs.com,2026-09-07
health_ichs,Dutch,health,0.0,0.0,,none,0.0,,,derived,https://www.ichs.com,2026-09-07
health_ichs,Egyptian-Arabic,health,0.0,0.0,,none,0.0,,,derived,https://www.ichs.com,2026-09-07
health_ichs,Eritai,health,0.0,0.0,,none,0.0,,,derived,https://www.ichs.com,2026-09-07
health_ichs,Estonian,health,0.0,0.0,,none,0.0,,,derived,https://www.ichs.com,2026-09-07
health_ichs,Ewe,health,0.0,0.0,,none,0.0,,,derived,https://www.ichs.com,2026-09-07
health_ichs,Fallani,health,0.0,0.0,,none,0.0,,,derived,https://www.ichs.com,2026-09-07
health_ichs,Farsi,health,1.0,2.0,,machine_widget,0.0,,,derived,https://www.ichs.com,2026-09-07
health_ichs,French,health,0.0,0.0,,none,0.0,,,derived,https://www.ichs.com,2026-09-07
health_ichs,Fula,health,0.0,0.0,,none,0.0,,,derived,https://www.ichs.com,2026-09-07
health_ichs,Ga,health,0.0,0.0,,none,0.0,,,derived,https://www.ichs.com,2026-09-07
health_ichs,German,health,0.0,0.0,,none,0.0,,,derived,https://www.ichs.com,2026-09-07
health_ichs,"Greek, Modern",health,0.0,0.0,,none,0.0,,,derived,https://www.ichs.com,2026-09-07
health_ichs,Gujarati,health,0.0,0.0,,none,0.0,,,derived,https://www.ichs.com,2026-09-07
health_ichs,Haitian Creole,health,0.0,0.0,,none,0.0,,,derived,https://www.ichs.com,2026-09-07
health_ichs,Hausa,health,0.0,0.0,,none,0.0,,,derived,https://www.ichs.com,2026-09-07
health_ichs,Hawaiian,health,0.0,0.0,,none,0.0,,,derived,https://www.ichs.com,2026-09-07
health_ichs,Herero,health,0.0,0.0,,none,0.0,,,derived,https://www.ichs.com,2026-09-07
health_ichs,Hindi,health,1.0,2.0,,machine_widget,0.0,,,derived,https://www.ichs.com,2026-09-07
health_ichs,Hmong,health,0.0,0.0,,none,0.0,,,derived,https://www.ichs.com,2026-09-07
health_ichs,Hungarian,health,0.0,0.0,,none,0.0,,,derived,https://www.ichs.com,2026-09-07
health_ichs,Igbo,health,0.0,0.0,,none,0.0,,,derived,https://www.ichs.com,2026-09-07
health_ichs,Ilokano,health,0.0,0.0,,none,0.0,,,derived,https://www.ichs.com,2026-09-07
health_ichs,Indonesian,health,0.0,0.0,,none,0.0,,,derived,https://www.ichs.com,2026-09-07
health_ichs,Italian,health,0.0,0.0,,none,0.0,,,derived,https://www.ichs.com,2026-09-07
health_ichs,Japanese,health,1.0,2.0,,machine_widget,0.0,,,derived,https://www.ichs.com,2026-09-07
health_ichs,Kakwa,health,0.0,0.0,,none,0.0,,,derived,https://www.ichs.com,2026-09-07
health_ichs,Kannada,health,0.0,0.0,,none,0.0,,,derived,https://www.ichs.com,2026-09-07
health_ichs,Karen,health,0.0,0.0,,none,0.0,,,derived,https://www.ichs.com,2026-09-07
health_ichs,Karenni,health,0.0,0.0,,none,0.0,,,derived,https://www.ichs.com,2026-09-07
health_ichs,Kazakh,health,0.0,0.0,,none,0.0,,,derived,https://www.ichs.com,2026-09-07
health_ichs,Khmer,health,1.0,2.0,,machine_widget,0.0,,,derived,https://www.ichs.com,2026-09-07
health_ichs,Kikuyu,health,0.0,0.0,,none,0.0,,,derived,https://www.ichs.com,2026-09-07
health_ichs,Kinyarwanda,health,0.0,0.0,,none,0.0,,,derived,https://www.ichs.com,2026-09-07
health_ichs,Kirgiz,health,0.0,0.0,,none,0.0,,,derived,https://www.ichs.com,2026-09-07
health_ichs,Kirundi,health,0.0,0.0,,none,0.0,,,derived,https://www.ichs.com,2026-09-07
health_ichs,Kmhmu,health,0.0,0.0,,none,0.0,,,derived,https://www.ichs.com,2026-09-07
health_ichs,Kongo,health,0.0,0.0,,none,0.0,,,derived,https://www.ichs.com,2026-09-07
health_ichs,Korean,health,3.0,2.0,,in_language_document,1.0,unchecked,unverified,derived,https://www.ichs.com/know-your-rights-resources-korean,2026-09-07
health_ichs,Kosraean,health,0.0,0.0,,none,0.0,,,derived,https://www.ichs.com,2026-09-07
health_ichs,Krahn,health,0.0,0.0,,none,0.0,,,derived,https://www.ichs.com,2026-09-07
health_ichs,Krio,health,0.0,0.0,,none,0.0,,,derived,https://www.ichs.com,2026-09-07
health_ichs,Kru,health,0.0,0.0,,none,0.0,,,derived,https://www.ichs.com,2026-09-07
health_ichs,Kurdish,health,0.0,0.0,,none,0.0,,,derived,https://www.ichs.com,2026-09-07
health_ichs,Lao,health,1.0,2.0,,machine_widget,0.0,,,derived,https://www.ichs.com,2026-09-07
health_ichs,Latvian,health,0.0,0.0,,none,0.0,,,derived,https://www.ichs.com,2026-09-07
health_ichs,Lingala,health,0.0,0.0,,none,0.0,,,derived,https://www.ichs.com,2026-09-07
health_ichs,Luganda,health,0.0,0.0,,none,0.0,,,derived,https://www.ichs.com,2026-09-07
health_ichs,Maay Maay,health,0.0,0.0,,none,0.0,,,derived,https://www.ichs.com,2026-09-07
health_ichs,Malay,health,0.0,0.0,,none,0.0,,,derived,https://www.ichs.com,2026-09-07
health_ichs,Malayalam,health,0.0,0.0,,none,0.0,,,derived,https://www.ichs.com,2026-09-07
health_ichs,Mam,health,0.0,0.0,,none,0.0,,,derived,https://www.ichs.com,2026-09-07
health_ichs,Mandingo,health,0.0,0.0,,none,0.0,,,derived,https://www.ichs.com,2026-09-07
health_ichs,Mandinka,health,0.0,0.0,,none,0.0,,,derived,https://www.ichs.com,2026-09-07
health_ichs,Marathi,health,0.0,0.0,,none,0.0,,,derived,https://www.ichs.com,2026-09-07
health_ichs,Marquesan,health,0.0,0.0,,none,0.0,,,derived,https://www.ichs.com,2026-09-07
health_ichs,Marshallese,health,0.0,0.0,,none,0.0,,,derived,https://www.ichs.com,2026-09-07
health_ichs,Maya-Quiche,health,0.0,0.0,,none,0.0,,,derived,https://www.ichs.com,2026-09-07
health_ichs,Mien,health,0.0,0.0,,none,0.0,,,derived,https://www.ichs.com,2026-09-07
health_ichs,Mixteco,health,0.0,0.0,,none,0.0,,,derived,https://www.ichs.com,2026-09-07
health_ichs,Moldavian,health,0.0,0.0,,none,0.0,,,derived,https://www.ichs.com,2026-09-07
health_ichs,Mongolian,health,0.0,0.0,,none,0.0,,,derived,https://www.ichs.com,2026-09-07
health_ichs,Moore,health,0.0,0.0,,none,0.0,,,derived,https://www.ichs.com,2026-09-07
health_ichs,"Nahuatl, Guerrero region",health,0.0,0.0,,none,0.0,,,derived,https://www.ichs.com,2026-09-07
health_ichs,Nepali,health,1.0,2.0,,machine_widget,0.0,,,derived,https://www.ichs.com,2026-09-07
health_ichs,Nuer,health,0.0,0.0,,none,0.0,,,derived,https://www.ichs.com,2026-09-07
health_ichs,Oromo,health,0.0,0.0,,none,0.0,,,derived,https://www.ichs.com,2026-09-07
health_ichs,Palau,health,0.0,0.0,,none,0.0,,,derived,https://www.ichs.com,2026-09-07
health_ichs,Pashai,health,0.0,0.0,,none,0.0,,,derived,https://www.ichs.com,2026-09-07
health_ichs,Pashto,health,0.0,0.0,,none,0.0,,,derived,https://www.ichs.com,2026-09-07
health_ichs,Pere,health,0.0,0.0,,none,0.0,,,derived,https://www.ichs.com,2026-09-07
health_ichs,Polish,health,0.0,0.0,,none,0.0,,,derived,https://www.ichs.com,2026-09-07
health_ichs,Portuguese,health,0.0,0.0,,none,0.0,,,derived,https://www.ichs.com,2026-09-07
health_ichs,Punjabi,health,1.0,2.0,,machine_widget,0.0,,,derived,https://www.ichs.com,2026-09-07
health_ichs,Purepecha,health,0.0,0.0,,none,0.0,,,derived,https://www.ichs.com,2026-09-07
health_ichs,Rohingya,health,0.0,0.0,,none,0.0,,,derived,https://www.ichs.com,2026-09-07
health_ichs,Romanian,health,0.0,0.0,,none,0.0,,,derived,https://www.ichs.com,2026-09-07
health_ichs,Russian,health,3.0,2.0,,in_language_document,1.0,unchecked,unverified,derived,https://www.ichs.com/know-your-rights-resources-russian,2026-09-07
health_ichs,Samoan,health,0.0,0.0,,none,0.0,,,derived,https://www.ichs.com,2026-09-07
health_ichs,Sao,health,0.0,0.0,,none,0.0,,,derived,https://www.ichs.com,2026-09-07
health_ichs,Serbo-Croation,health,0.0,0.0,,none,0.0,,,derived,https://www.ichs.com,2026-09-07
health_ichs,Shona,health,0.0,0.0,,none,0.0,,,derived,https://www.ichs.com,2026-09-07
health_ichs,Sinhalese,health,0.0,0.0,,none,0.0,,,derived,https://www.ichs.com,2026-09-07
health_ichs,Slovenian,health,0.0,0.0,,none,0.0,,,derived,https://www.ichs.com,2026-09-07
health_ichs,Somali,health,1.0,2.0,,machine_widget,0.0,,,derived,https://www.ichs.com,2026-09-07
health_ichs,Soninke,health,0.0,0.0,,none,0.0,,,derived,https://www.ichs.com,2026-09-07
health_ichs,Sotho,health,0.0,0.0,,none,0.0,,,derived,https://www.ichs.com,2026-09-07
health_ichs,Spanish,health,3.0,2.0,,in_language_document,1.0,unchecked,unverified,derived,https://www.ichs.com/know-your-rights-resources-spanish,2026-09-07
health_ichs,Swahili,health,0.0,0.0,,none,0.0,,,derived,https://www.ichs.com,2026-09-07
health_ichs,Tagalog,health,1.0,2.0,,machine_widget,0.0,,,derived,https://www.ichs.com,2026-09-07
health_ichs,Taishanese,health,0.0,0.0,,none,0.0,,,derived,https://www.ichs.com,2026-09-07
health_ichs,Tajiki,health,0.0,0.0,,none,0.0,,,derived,https://www.ichs.com,2026-09-07
health_ichs,Tamil,health,0.0,0.0,,none,0.0,,,derived,https://www.ichs.com,2026-09-07
health_ichs,Tarasco,health,0.0,0.0,,none,0.0,,,derived,https://www.ichs.com,2026-09-07
health_ichs,Tedim,health,0.0,0.0,,none,0.0,,,derived,https://www.ichs.com,2026-09-07
health_ichs,Telugu,health,0.0,0.0,,none,0.0,,,derived,https://www.ichs.com,2026-09-07
health_ichs,Thai,health,1.0,2.0,,machine_widget,0.0,,,derived,https://www.ichs.com,2026-09-07
health_ichs,Tibetan,health,0.0,0.0,,none,0.0,,,derived,https://www.ichs.com,2026-09-07
health_ichs,Tigrinya,health,0.0,0.0,,none,0.0,,,derived,https://www.ichs.com,2026-09-07
health_ichs,Tongan,health,0.0,0.0,,none,0.0,,,derived,https://www.ichs.com,2026-09-07
health_ichs,Turkish,health,0.0,0.0,,none,0.0,,,derived,https://www.ichs.com,2026-09-07
health_ichs,Twi,health,0.0,0.0,,none,0.0,,,derived,https://www.ichs.com,2026-09-07
health_ichs,Ukrainian,health,0.0,0.0,,none,0.0,,,derived,https://www.ichs.com,2026-09-07
health_ichs,Urdu,health,0.0,0.0,,none,0.0,,,derived,https://www.ichs.com,2026-09-07
health_ichs,Uzbek,health,0.0,0.0,,none,0.0,,,derived,https://www.ichs.com,2026-09-07
health_ichs,Vietnamese,health,3.0,2.0,,in_language_document,1.0,unchecked,unverified,derived,https://www.ichs.com/know-your-rights-resources-vietnamese,2026-09-07
health_ichs,Wolof,health,0.0,0.0,,none,0.0,,,derived,https://www.ichs.com,2026-09-07
health_ichs,Yap,health,0.0,0.0,,none,0.0,,,derived,https://www.ichs.com,2026-09-07
health_ichs,Yoruba,health,0.0,0.0,,none,0.0,,,derived,https://www.ichs.com,2026-09-07
health_neighborcare,Acholi,health,1.0,0.0,,none,0.0,,,derived,https://neighborcare.org,2026-09-07
health_neighborcare,Aguacateco,health,0.0,0.0,,none,0.0,,,derived,https://neighborcare.org,2026-09-07
health_neighborcare,Akateko,health,0.0,0.0,,none,0.0,,,derived,https://neighborcare.org,2026-09-07
health_neighborcare,Albanian,health,1.0,0.0,,none,0.0,,,derived,https://neighborcare.org,2026-09-07
health_neighborcare,American Sign Language,health,0.0,0.0,,none,0.0,,,derived,https://neighborcare.org,2026-09-07
health_neighborcare,Amharic,health,1.0,0.0,,none,0.0,,,derived,https://neighborcare.org,2026-09-07
health_neighborcare,Arabic,health,1.0,0.0,,none,0.0,,,derived,https://neighborcare.org,2026-09-07
health_neighborcare,Armenian,health,1.0,0.0,,none,0.0,,,derived,https://neighborcare.org,2026-09-07
health_neighborcare,Ayula-Bambara,health,0.0,0.0,,none,0.0,,,derived,https://neighborcare.org,2026-09-07
health_neighborcare,Azerbaijani,health,1.0,0.0,,none,0.0,,,derived,https://neighborcare.org,2026-09-07
health_neighborcare,Bambara,health,1.0,0.0,,none,0.0,,,derived,https://neighborcare.org,2026-09-07
health_neighborcare,Bangala,health,0.0,0.0,,none,0.0,,,derived,https://neighborcare.org,2026-09-07
health_neighborcare,Bassa,health,0.0,0.0,,none,0.0,,,derived,https://neighborcare.org,2026-09-07
health_neighborcare,Bengali,health,1.0,0.0,,none,0.0,,,derived,https://neighborcare.org,2026-09-07
health_neighborcare,Bosnian,health,1.0,0.0,,none,0.0,,,derived,https://neighborcare.org,2026-09-07
health_neighborcare,Bulgarian,health,1.0,0.0,,none,0.0,,,derived,https://neighborcare.org,2026-09-07
health_neighborcare,Burmese,health,1.0,0.0,,none,0.0,,,derived,https://neighborcare.org,2026-09-07
health_neighborcare,Carolinian,health,0.0,0.0,,none,0.0,,,derived,https://neighborcare.org,2026-09-07
health_neighborcare,Catalan,health,1.0,0.0,,none,0.0,,,derived,https://neighborcare.org,2026-09-07
health_neighborcare,Cebuano,health,1.0,0.0,,none,0.0,,,derived,https://neighborcare.org,2026-09-07
health_neighborcare,Cham,health,0.0,0.0,,none,0.0,,,derived,https://neighborcare.org,2026-09-07
health_neighborcare,Chamorro,health,1.0,0.0,,none,0.0,,,derived,https://neighborcare.org,2026-09-07
health_neighborcare,Chin,health,0.0,0.0,,none,0.0,,,derived,https://neighborcare.org,2026-09-07
health_neighborcare,Chinese-Cantonese,health,1.0,0.0,,none,0.0,,,derived,https://neighborcare.org,2026-09-07
health_neighborcare,Chinese-Fukienese,health,0.0,0.0,,none,0.0,,,derived,https://neighborcare.org,2026-09-07
health_neighborcare,Chinese-Mandarin,health,1.0,0.0,,none,0.0,,,derived,https://neighborcare.org,2026-09-07
health_neighborcare,Chinese-Taiwanese,health,0.0,0.0,,none,0.0,,,derived,https://neighborcare.org,2026-09-07
health_neighborcare,Chuukese,health,1.0,0.0,,none,0.0,,,derived,https://neighborcare.org,2026-09-07
health_neighborcare,Dari,health,1.0,0.0,,none,0.0,,,derived,https://neighborcare.org,2026-09-07
health_neighborcare,Dinka,health,1.0,0.0,,none,0.0,,,derived,https://neighborcare.org,2026-09-07
health_neighborcare,Dutch,health,1.0,0.0,,none,0.0,,,derived,https://neighborcare.org,2026-09-07
health_neighborcare,Egyptian-Arabic,health,0.0,0.0,,none,0.0,,,derived,https://neighborcare.org,2026-09-07
health_neighborcare,Eritai,health,0.0,0.0,,none,0.0,,,derived,https://neighborcare.org,2026-09-07
health_neighborcare,Estonian,health,1.0,0.0,,none,0.0,,,derived,https://neighborcare.org,2026-09-07
health_neighborcare,Ewe,health,1.0,0.0,,none,0.0,,,derived,https://neighborcare.org,2026-09-07
health_neighborcare,Fallani,health,0.0,0.0,,none,0.0,,,derived,https://neighborcare.org,2026-09-07
health_neighborcare,Farsi,health,1.0,0.0,,none,0.0,,,derived,https://neighborcare.org,2026-09-07
health_neighborcare,French,health,1.0,0.0,,none,0.0,,,derived,https://neighborcare.org,2026-09-07
health_neighborcare,Fula,health,0.0,0.0,,none,0.0,,,derived,https://neighborcare.org,2026-09-07
health_neighborcare,Ga,health,1.0,0.0,,none,0.0,,,derived,https://neighborcare.org,2026-09-07
health_neighborcare,German,health,1.0,0.0,,none,0.0,,,derived,https://neighborcare.org,2026-09-07
health_neighborcare,"Greek, Modern",health,0.0,0.0,,none,0.0,,,derived,https://neighborcare.org,2026-09-07
health_neighborcare,Gujarati,health,1.0,0.0,,none,0.0,,,derived,https://neighborcare.org,2026-09-07
health_neighborcare,Haitian Creole,health,1.0,0.0,,none,0.0,,,derived,https://neighborcare.org,2026-09-07
health_neighborcare,Hausa,health,1.0,0.0,,none,0.0,,,derived,https://neighborcare.org,2026-09-07
health_neighborcare,Hawaiian,health,1.0,0.0,,none,0.0,,,derived,https://neighborcare.org,2026-09-07
health_neighborcare,Herero,health,0.0,0.0,,none,0.0,,,derived,https://neighborcare.org,2026-09-07
health_neighborcare,Hindi,health,1.0,0.0,,none,0.0,,,derived,https://neighborcare.org,2026-09-07
health_neighborcare,Hmong,health,1.0,0.0,,none,0.0,,,derived,https://neighborcare.org,2026-09-07
health_neighborcare,Hungarian,health,1.0,0.0,,none,0.0,,,derived,https://neighborcare.org,2026-09-07
health_neighborcare,Igbo,health,1.0,0.0,,none,0.0,,,derived,https://neighborcare.org,2026-09-07
health_neighborcare,Ilokano,health,0.0,0.0,,none,0.0,,,derived,https://neighborcare.org,2026-09-07
health_neighborcare,Indonesian,health,1.0,0.0,,none,0.0,,,derived,https://neighborcare.org,2026-09-07
health_neighborcare,Italian,health,1.0,0.0,,none,0.0,,,derived,https://neighborcare.org,2026-09-07
health_neighborcare,Japanese,health,1.0,0.0,,none,0.0,,,derived,https://neighborcare.org,2026-09-07
health_neighborcare,Kakwa,health,0.0,0.0,,none,0.0,,,derived,https://neighborcare.org,2026-09-07
health_neighborcare,Kannada,health,1.0,0.0,,none,0.0,,,derived,https://neighborcare.org,2026-09-07
health_neighborcare,Karen,health,0.0,0.0,,none,0.0,,,derived,https://neighborcare.org,2026-09-07
health_neighborcare,Karenni,health,0.0,0.0,,none,0.0,,,derived,https://neighborcare.org,2026-09-07
health_neighborcare,Kazakh,health,1.0,0.0,,none,0.0,,,derived,https://neighborcare.org,2026-09-07
health_neighborcare,Khmer,health,1.0,0.0,,none,0.0,,,derived,https://neighborcare.org,2026-09-07
health_neighborcare,Kikuyu,health,0.0,0.0,,none,0.0,,,derived,https://neighborcare.org,2026-09-07
health_neighborcare,Kinyarwanda,health,1.0,0.0,,none,0.0,,,derived,https://neighborcare.org,2026-09-07
health_neighborcare,Kirgiz,health,0.0,0.0,,none,0.0,,,derived,https://neighborcare.org,2026-09-07
health_neighborcare,Kirundi,health,0.0,0.0,,none,0.0,,,derived,https://neighborcare.org,2026-09-07
health_neighborcare,Kmhmu,health,0.0,0.0,,none,0.0,,,derived,https://neighborcare.org,2026-09-07
health_neighborcare,Kongo,health,0.0,0.0,,none,0.0,,,derived,https://neighborcare.org,2026-09-07
health_neighborcare,Korean,health,1.0,0.0,,none,0.0,,,derived,https://neighborcare.org,2026-09-07
health_neighborcare,Kosraean,health,0.0,0.0,,none,0.0,,,derived,https://neighborcare.org,2026-09-07
health_neighborcare,Krahn,health,0.0,0.0,,none,0.0,,,derived,https://neighborcare.org,2026-09-07
health_neighborcare,Krio,health,1.0,0.0,,none,0.0,,,derived,https://neighborcare.org,2026-09-07
health_neighborcare,Kru,health,0.0,0.0,,none,0.0,,,derived,https://neighborcare.org,2026-09-07
health_neighborcare,Kurdish,health,0.0,0.0,,none,0.0,,,derived,https://neighborcare.org,2026-09-07
health_neighborcare,Lao,health,1.0,0.0,,none,0.0,,,derived,https://neighborcare.org,2026-09-07
health_neighborcare,Latvian,health,1.0,0.0,,none,0.0,,,derived,https://neighborcare.org,2026-09-07
health_neighborcare,Lingala,health,1.0,0.0,,none,0.0,,,derived,https://neighborcare.org,2026-09-07
health_neighborcare,Luganda,health,1.0,0.0,,none,0.0,,,derived,https://neighborcare.org,2026-09-07
health_neighborcare,Maay Maay,health,0.0,0.0,,none,0.0,,,derived,https://neighborcare.org,2026-09-07
health_neighborcare,Malay,health,1.0,0.0,,none,0.0,,,derived,https://neighborcare.org,2026-09-07
health_neighborcare,Malayalam,health,1.0,0.0,,none,0.0,,,derived,https://neighborcare.org,2026-09-07
health_neighborcare,Mam,health,1.0,0.0,,none,0.0,,,derived,https://neighborcare.org,2026-09-07
health_neighborcare,Mandingo,health,0.0,0.0,,none,0.0,,,derived,https://neighborcare.org,2026-09-07
health_neighborcare,Mandinka,health,0.0,0.0,,none,0.0,,,derived,https://neighborcare.org,2026-09-07
health_neighborcare,Marathi,health,1.0,0.0,,none,0.0,,,derived,https://neighborcare.org,2026-09-07
health_neighborcare,Marquesan,health,0.0,0.0,,none,0.0,,,derived,https://neighborcare.org,2026-09-07
health_neighborcare,Marshallese,health,1.0,0.0,,none,0.0,,,derived,https://neighborcare.org,2026-09-07
health_neighborcare,Maya-Quiche,health,0.0,0.0,,none,0.0,,,derived,https://neighborcare.org,2026-09-07
health_neighborcare,Mien,health,0.0,0.0,,none,0.0,,,derived,https://neighborcare.org,2026-09-07
health_neighborcare,Mixteco,health,0.0,0.0,,none,0.0,,,derived,https://neighborcare.org,2026-09-07
health_neighborcare,Moldavian,health,0.0,0.0,,none,0.0,,,derived,https://neighborcare.org,2026-09-07
health_neighborcare,Mongolian,health,1.0,0.0,,none,0.0,,,derived,https://neighborcare.org,2026-09-07
health_neighborcare,Moore,health,0.0,0.0,,none,0.0,,,derived,https://neighborcare.org,2026-09-07
health_neighborcare,"Nahuatl, Guerrero region",health,0.0,0.0,,none,0.0,,,derived,https://neighborcare.org,2026-09-07
health_neighborcare,Nepali,health,1.0,0.0,,none,0.0,,,derived,https://neighborcare.org,2026-09-07
health_neighborcare,Nuer,health,1.0,0.0,,none,0.0,,,derived,https://neighborcare.org,2026-09-07
health_neighborcare,Oromo,health,1.0,0.0,,none,0.0,,,derived,https://neighborcare.org,2026-09-07
health_neighborcare,Palau,health,0.0,0.0,,none,0.0,,,derived,https://neighborcare.org,2026-09-07
health_neighborcare,Pashai,health,0.0,0.0,,none,0.0,,,derived,https://neighborcare.org,2026-09-07
health_neighborcare,Pashto,health,1.0,0.0,,none,0.0,,,derived,https://neighborcare.org,2026-09-07
health_neighborcare,Pere,health,0.0,0.0,,none,0.0,,,derived,https://neighborcare.org,2026-09-07
health_neighborcare,Polish,health,1.0,0.0,,none,0.0,,,derived,https://neighborcare.org,2026-09-07
health_neighborcare,Portuguese,health,0.0,0.0,,none,0.0,,,derived,https://neighborcare.org,2026-09-07
health_neighborcare,Punjabi,health,1.0,0.0,,none,0.0,,,derived,https://neighborcare.org,2026-09-07
health_neighborcare,Purepecha,health,0.0,0.0,,none,0.0,,,derived,https://neighborcare.org,2026-09-07
health_neighborcare,Rohingya,health,0.0,0.0,,none,0.0,,,derived,https://neighborcare.org,2026-09-07
health_neighborcare,Romanian,health,1.0,0.0,,none,0.0,,,derived,https://neighborcare.org,2026-09-07
health_neighborcare,Russian,health,1.0,0.0,,none,0.0,,,derived,https://neighborcare.org,2026-09-07
health_neighborcare,Samoan,health,1.0,0.0,,none,0.0,,,derived,https://neighborcare.org,2026-09-07
health_neighborcare,Sao,health,0.0,0.0,,none,0.0,,,derived,https://neighborcare.org,2026-09-07
health_neighborcare,Serbo-Croation,health,0.0,0.0,,none,0.0,,,derived,https://neighborcare.org,2026-09-07
health_neighborcare,Shona,health,1.0,0.0,,none,0.0,,,derived,https://neighborcare.org,2026-09-07
health_neighborcare,Sinhalese,health,0.0,0.0,,none,0.0,,,derived,https://neighborcare.org,2026-09-07
health_neighborcare,Slovenian,health,1.0,0.0,,none,0.0,,,derived,https://neighborcare.org,2026-09-07
health_neighborcare,Somali,health,1.0,0.0,,none,0.0,,,derived,https://neighborcare.org,2026-09-07
health_neighborcare,Soninke,health,0.0,0.0,,none,0.0,,,derived,https://neighborcare.org,2026-09-07
health_neighborcare,Sotho,health,0.0,0.0,,none,0.0,,,derived,https://neighborcare.org,2026-09-07
health_neighborcare,Spanish,health,1.0,0.0,,none,0.0,,,derived,https://neighborcare.org,2026-09-07
health_neighborcare,Swahili,health,1.0,0.0,,none,0.0,,,derived,https://neighborcare.org,2026-09-07
health_neighborcare,Tagalog,health,1.0,0.0,,none,0.0,,,derived,https://neighborcare.org,2026-09-07
health_neighborcare,Taishanese,health,0.0,0.0,,none,0.0,,,derived,https://neighborcare.org,2026-09-07
health_neighborcare,Tajiki,health,0.0,0.0,,none,0.0,,,derived,https://neighborcare.org,2026-09-07
health_neighborcare,Tamil,health,1.0,0.0,,none,0.0,,,derived,https://neighborcare.org,2026-09-07
health_neighborcare,Tarasco,health,0.0,0.0,,none,0.0,,,derived,https://neighborcare.org,2026-09-07
health_neighborcare,Tedim,health,0.0,0.0,,none,0.0,,,derived,https://neighborcare.org,2026-09-07
health_neighborcare,Telugu,health,1.0,0.0,,none,0.0,,,derived,https://neighborcare.org,2026-09-07
health_neighborcare,Thai,health,1.0,0.0,,none,0.0,,,derived,https://neighborcare.org,2026-09-07
health_neighborcare,Tibetan,health,1.0,0.0,,none,0.0,,,derived,https://neighborcare.org,2026-09-07
health_neighborcare,Tigrinya,health,1.0,0.0,,none,0.0,,,derived,https://neighborcare.org,2026-09-07
health_neighborcare,Tongan,health,1.0,0.0,,none,0.0,,,derived,https://neighborcare.org,2026-09-07
health_neighborcare,Turkish,health,1.0,0.0,,none,0.0,,,derived,https://neighborcare.org,2026-09-07
health_neighborcare,Twi,health,1.0,0.0,,none,0.0,,,derived,https://neighborcare.org,2026-09-07
health_neighborcare,Ukrainian,health,1.0,0.0,,none,0.0,,,derived,https://neighborcare.org,2026-09-07
health_neighborcare,Urdu,health,1.0,0.0,,none,0.0,,,derived,https://neighborcare.org,2026-09-07
health_neighborcare,Uzbek,health,1.0,0.0,,none,0.0,,,derived,https://neighborcare.org,2026-09-07
health_neighborcare,Vietnamese,health,1.0,0.0,,none,0.0,,,derived,https://neighborcare.org,2026-09-07
health_neighborcare,Wolof,health,1.0,0.0,,none,0.0,,,derived,https://neighborcare.org,2026-09-07
health_neighborcare,Yap,health,0.0,0.0,,none,0.0,,,derived,https://neighborcare.org,2026-09-07
health_neighborcare,Yoruba,health,1.0,0.0,,none,0.0,,,derived,https://neighborcare.org,2026-09-07
health_globaltolocal,Acholi,health,0.0,0.0,,none,0.0,,,derived,https://www.globaltolocal.org/,2026-09-07
health_globaltolocal,Aguacateco,health,0.0,0.0,,none,0.0,,,derived,https://www.globaltolocal.org/,2026-09-07
health_globaltolocal,Akateko,health,0.0,0.0,,none,0.0,,,derived,https://www.globaltolocal.org/,2026-09-07
health_globaltolocal,Albanian,health,0.0,0.0,,none,0.0,,,derived,https://www.globaltolocal.org/,2026-09-07
health_globaltolocal,American Sign Language,health,0.0,0.0,,none,0.0,,,derived,https://www.globaltolocal.org/,2026-09-07
health_globaltolocal,Amharic,health,0.0,0.0,,none,0.0,,,derived,https://www.globaltolocal.org/,2026-09-07
health_globaltolocal,Arabic,health,0.0,0.0,,none,0.0,,,derived,https://www.globaltolocal.org/,2026-09-07
health_globaltolocal,Armenian,health,0.0,0.0,,none,0.0,,,derived,https://www.globaltolocal.org/,2026-09-07
health_globaltolocal,Ayula-Bambara,health,0.0,0.0,,none,0.0,,,derived,https://www.globaltolocal.org/,2026-09-07
health_globaltolocal,Azerbaijani,health,0.0,0.0,,none,0.0,,,derived,https://www.globaltolocal.org/,2026-09-07
health_globaltolocal,Bambara,health,0.0,0.0,,none,0.0,,,derived,https://www.globaltolocal.org/,2026-09-07
health_globaltolocal,Bangala,health,0.0,0.0,,none,0.0,,,derived,https://www.globaltolocal.org/,2026-09-07
health_globaltolocal,Bassa,health,0.0,0.0,,none,0.0,,,derived,https://www.globaltolocal.org/,2026-09-07
health_globaltolocal,Bengali,health,0.0,0.0,,none,0.0,,,derived,https://www.globaltolocal.org/,2026-09-07
health_globaltolocal,Bosnian,health,0.0,0.0,,none,0.0,,,derived,https://www.globaltolocal.org/,2026-09-07
health_globaltolocal,Bulgarian,health,0.0,0.0,,none,0.0,,,derived,https://www.globaltolocal.org/,2026-09-07
health_globaltolocal,Burmese,health,0.0,0.0,,none,0.0,,,derived,https://www.globaltolocal.org/,2026-09-07
health_globaltolocal,Carolinian,health,0.0,0.0,,none,0.0,,,derived,https://www.globaltolocal.org/,2026-09-07
health_globaltolocal,Catalan,health,0.0,0.0,,none,0.0,,,derived,https://www.globaltolocal.org/,2026-09-07
health_globaltolocal,Cebuano,health,0.0,0.0,,none,0.0,,,derived,https://www.globaltolocal.org/,2026-09-07
health_globaltolocal,Cham,health,0.0,0.0,,none,0.0,,,derived,https://www.globaltolocal.org/,2026-09-07
health_globaltolocal,Chamorro,health,0.0,0.0,,none,0.0,,,derived,https://www.globaltolocal.org/,2026-09-07
health_globaltolocal,Chin,health,0.0,0.0,,none,0.0,,,derived,https://www.globaltolocal.org/,2026-09-07
health_globaltolocal,Chinese-Cantonese,health,0.0,0.0,,none,0.0,,,derived,https://www.globaltolocal.org/,2026-09-07
health_globaltolocal,Chinese-Fukienese,health,0.0,0.0,,none,0.0,,,derived,https://www.globaltolocal.org/,2026-09-07
health_globaltolocal,Chinese-Mandarin,health,0.0,0.0,,none,0.0,,,derived,https://www.globaltolocal.org/,2026-09-07
health_globaltolocal,Chinese-Taiwanese,health,0.0,0.0,,none,0.0,,,derived,https://www.globaltolocal.org/,2026-09-07
health_globaltolocal,Chuukese,health,0.0,0.0,,none,0.0,,,derived,https://www.globaltolocal.org/,2026-09-07
health_globaltolocal,Dari,health,0.0,0.0,,none,0.0,,,derived,https://www.globaltolocal.org/,2026-09-07
health_globaltolocal,Dinka,health,0.0,0.0,,none,0.0,,,derived,https://www.globaltolocal.org/,2026-09-07
health_globaltolocal,Dutch,health,0.0,0.0,,none,0.0,,,derived,https://www.globaltolocal.org/,2026-09-07
health_globaltolocal,Egyptian-Arabic,health,0.0,0.0,,none,0.0,,,derived,https://www.globaltolocal.org/,2026-09-07
health_globaltolocal,Eritai,health,0.0,0.0,,none,0.0,,,derived,https://www.globaltolocal.org/,2026-09-07
health_globaltolocal,Estonian,health,0.0,0.0,,none,0.0,,,derived,https://www.globaltolocal.org/,2026-09-07
health_globaltolocal,Ewe,health,0.0,0.0,,none,0.0,,,derived,https://www.globaltolocal.org/,2026-09-07
health_globaltolocal,Fallani,health,0.0,0.0,,none,0.0,,,derived,https://www.globaltolocal.org/,2026-09-07
health_globaltolocal,Farsi,health,0.0,0.0,,none,0.0,,,derived,https://www.globaltolocal.org/,2026-09-07
health_globaltolocal,French,health,0.0,0.0,,none,0.0,,,derived,https://www.globaltolocal.org/,2026-09-07
health_globaltolocal,Fula,health,0.0,0.0,,none,0.0,,,derived,https://www.globaltolocal.org/,2026-09-07
health_globaltolocal,Ga,health,0.0,0.0,,none,0.0,,,derived,https://www.globaltolocal.org/,2026-09-07
health_globaltolocal,German,health,0.0,0.0,,none,0.0,,,derived,https://www.globaltolocal.org/,2026-09-07
health_globaltolocal,"Greek, Modern",health,0.0,0.0,,none,0.0,,,derived,https://www.globaltolocal.org/,2026-09-07
health_globaltolocal,Gujarati,health,0.0,0.0,,none,0.0,,,derived,https://www.globaltolocal.org/,2026-09-07
health_globaltolocal,Haitian Creole,health,0.0,0.0,,none,0.0,,,derived,https://www.globaltolocal.org/,2026-09-07
health_globaltolocal,Hausa,health,0.0,0.0,,none,0.0,,,derived,https://www.globaltolocal.org/,2026-09-07
health_globaltolocal,Hawaiian,health,0.0,0.0,,none,0.0,,,derived,https://www.globaltolocal.org/,2026-09-07
health_globaltolocal,Herero,health,0.0,0.0,,none,0.0,,,derived,https://www.globaltolocal.org/,2026-09-07
health_globaltolocal,Hindi,health,0.0,0.0,,none,0.0,,,derived,https://www.globaltolocal.org/,2026-09-07
health_globaltolocal,Hmong,health,0.0,0.0,,none,0.0,,,derived,https://www.globaltolocal.org/,2026-09-07
health_globaltolocal,Hungarian,health,0.0,0.0,,none,0.0,,,derived,https://www.globaltolocal.org/,2026-09-07
health_globaltolocal,Igbo,health,0.0,0.0,,none,0.0,,,derived,https://www.globaltolocal.org/,2026-09-07
health_globaltolocal,Ilokano,health,0.0,0.0,,none,0.0,,,derived,https://www.globaltolocal.org/,2026-09-07
health_globaltolocal,Indonesian,health,0.0,0.0,,none,0.0,,,derived,https://www.globaltolocal.org/,2026-09-07
health_globaltolocal,Italian,health,0.0,0.0,,none,0.0,,,derived,https://www.globaltolocal.org/,2026-09-07
health_globaltolocal,Japanese,health,0.0,0.0,,none,0.0,,,derived,https://www.globaltolocal.org/,2026-09-07
health_globaltolocal,Kakwa,health,0.0,0.0,,none,0.0,,,derived,https://www.globaltolocal.org/,2026-09-07
health_globaltolocal,Kannada,health,0.0,0.0,,none,0.0,,,derived,https://www.globaltolocal.org/,2026-09-07
health_globaltolocal,Karen,health,0.0,0.0,,none,0.0,,,derived,https://www.globaltolocal.org/,2026-09-07
health_globaltolocal,Karenni,health,0.0,0.0,,none,0.0,,,derived,https://www.globaltolocal.org/,2026-09-07
health_globaltolocal,Kazakh,health,0.0,0.0,,none,0.0,,,derived,https://www.globaltolocal.org/,2026-09-07
health_globaltolocal,Khmer,health,0.0,0.0,,none,0.0,,,derived,https://www.globaltolocal.org/,2026-09-07
health_globaltolocal,Kikuyu,health,0.0,0.0,,none,0.0,,,derived,https://www.globaltolocal.org/,2026-09-07
health_globaltolocal,Kinyarwanda,health,0.0,0.0,,none,0.0,,,derived,https://www.globaltolocal.org/,2026-09-07
health_globaltolocal,Kirgiz,health,0.0,0.0,,none,0.0,,,derived,https://www.globaltolocal.org/,2026-09-07
health_globaltolocal,Kirundi,health,0.0,0.0,,none,0.0,,,derived,https://www.globaltolocal.org/,2026-09-07
health_globaltolocal,Kmhmu,health,0.0,0.0,,none,0.0,,,derived,https://www.globaltolocal.org/,2026-09-07
health_globaltolocal,Kongo,health,0.0,0.0,,none,0.0,,,derived,https://www.globaltolocal.org/,2026-09-07
health_globaltolocal,Korean,health,0.0,0.0,,none,0.0,,,derived,https://www.globaltolocal.org/,2026-09-07
health_globaltolocal,Kosraean,health,0.0,0.0,,none,0.0,,,derived,https://www.globaltolocal.org/,2026-09-07
health_globaltolocal,Krahn,health,0.0,0.0,,none,0.0,,,derived,https://www.globaltolocal.org/,2026-09-07
health_globaltolocal,Krio,health,0.0,0.0,,none,0.0,,,derived,https://www.globaltolocal.org/,2026-09-07
health_globaltolocal,Kru,health,0.0,0.0,,none,0.0,,,derived,https://www.globaltolocal.org/,2026-09-07
health_globaltolocal,Kurdish,health,0.0,0.0,,none,0.0,,,derived,https://www.globaltolocal.org/,2026-09-07
health_globaltolocal,Lao,health,0.0,0.0,,none,0.0,,,derived,https://www.globaltolocal.org/,2026-09-07
health_globaltolocal,Latvian,health,0.0,0.0,,none,0.0,,,derived,https://www.globaltolocal.org/,2026-09-07
health_globaltolocal,Lingala,health,0.0,0.0,,none,0.0,,,derived,https://www.globaltolocal.org/,2026-09-07
health_globaltolocal,Luganda,health,0.0,0.0,,none,0.0,,,derived,https://www.globaltolocal.org/,2026-09-07
health_globaltolocal,Maay Maay,health,0.0,0.0,,none,0.0,,,derived,https://www.globaltolocal.org/,2026-09-07
health_globaltolocal,Malay,health,0.0,0.0,,none,0.0,,,derived,https://www.globaltolocal.org/,2026-09-07
health_globaltolocal,Malayalam,health,0.0,0.0,,none,0.0,,,derived,https://www.globaltolocal.org/,2026-09-07
health_globaltolocal,Mam,health,0.0,0.0,,none,0.0,,,derived,https://www.globaltolocal.org/,2026-09-07
health_globaltolocal,Mandingo,health,0.0,0.0,,none,0.0,,,derived,https://www.globaltolocal.org/,2026-09-07
health_globaltolocal,Mandinka,health,0.0,0.0,,none,0.0,,,derived,https://www.globaltolocal.org/,2026-09-07
health_globaltolocal,Marathi,health,0.0,0.0,,none,0.0,,,derived,https://www.globaltolocal.org/,2026-09-07
health_globaltolocal,Marquesan,health,0.0,0.0,,none,0.0,,,derived,https://www.globaltolocal.org/,2026-09-07
health_globaltolocal,Marshallese,health,0.0,0.0,,none,0.0,,,derived,https://www.globaltolocal.org/,2026-09-07
health_globaltolocal,Maya-Quiche,health,0.0,0.0,,none,0.0,,,derived,https://www.globaltolocal.org/,2026-09-07
health_globaltolocal,Mien,health,0.0,0.0,,none,0.0,,,derived,https://www.globaltolocal.org/,2026-09-07
health_globaltolocal,Mixteco,health,0.0,0.0,,none,0.0,,,derived,https://www.globaltolocal.org/,2026-09-07
health_globaltolocal,Moldavian,health,0.0,0.0,,none,0.0,,,derived,https://www.globaltolocal.org/,2026-09-07
health_globaltolocal,Mongolian,health,0.0,0.0,,none,0.0,,,derived,https://www.globaltolocal.org/,2026-09-07
health_globaltolocal,Moore,health,0.0,0.0,,none,0.0,,,derived,https://www.globaltolocal.org/,2026-09-07
health_globaltolocal,"Nahuatl, Guerrero region",health,0.0,0.0,,none,0.0,,,derived,https://www.globaltolocal.org/,2026-09-07
health_globaltolocal,Nepali,health,0.0,0.0,,none,0.0,,,derived,https://www.globaltolocal.org/,2026-09-07
health_globaltolocal,Nuer,health,0.0,0.0,,none,0.0,,,derived,https://www.globaltolocal.org/,2026-09-07
health_globaltolocal,Oromo,health,0.0,0.0,,none,0.0,,,derived,https://www.globaltolocal.org/,2026-09-07
health_globaltolocal,Palau,health,0.0,0.0,,none,0.0,,,derived,https://www.globaltolocal.org/,2026-09-07
health_globaltolocal,Pashai,health,0.0,0.0,,none,0.0,,,derived,https://www.globaltolocal.org/,2026-09-07
health_globaltolocal,Pashto,health,0.0,0.0,,none,0.0,,,derived,https://www.globaltolocal.org/,2026-09-07
health_globaltolocal,Pere,health,0.0,0.0,,none,0.0,,,derived,https://www.globaltolocal.org/,2026-09-07
health_globaltolocal,Polish,health,0.0,0.0,,none,0.0,,,derived,https://www.globaltolocal.org/,2026-09-07
health_globaltolocal,Portuguese,health,0.0,0.0,,none,0.0,,,derived,https://www.globaltolocal.org/,2026-09-07
health_globaltolocal,Punjabi,health,0.0,0.0,,none,0.0,,,derived,https://www.globaltolocal.org/,2026-09-07
health_globaltolocal,Purepecha,health,0.0,0.0,,none,0.0,,,derived,https://www.globaltolocal.org/,2026-09-07
health_globaltolocal,Rohingya,health,0.0,0.0,,none,0.0,,,derived,https://www.globaltolocal.org/,2026-09-07
health_globaltolocal,Romanian,health,0.0,0.0,,none,0.0,,,derived,https://www.globaltolocal.org/,2026-09-07
health_globaltolocal,Russian,health,0.0,0.0,,none,0.0,,,derived,https://www.globaltolocal.org/,2026-09-07
health_globaltolocal,Samoan,health,0.0,0.0,,none,0.0,,,derived,https://www.globaltolocal.org/,2026-09-07
health_globaltolocal,Sao,health,0.0,0.0,,none,0.0,,,derived,https://www.globaltolocal.org/,2026-09-07
health_globaltolocal,Serbo-Croation,health,0.0,0.0,,none,0.0,,,derived,https://www.globaltolocal.org/,2026-09-07
health_globaltolocal,Shona,health,0.0,0.0,,none,0.0,,,derived,https://www.globaltolocal.org/,2026-09-07
health_globaltolocal,Sinhalese,health,0.0,0.0,,none,0.0,,,derived,https://www.globaltolocal.org/,2026-09-07
health_globaltolocal,Slovenian,health,0.0,0.0,,none,0.0,,,derived,https://www.globaltolocal.org/,2026-09-07
health_globaltolocal,Somali,health,0.0,0.0,,none,0.0,,,derived,https://www.globaltolocal.org/,2026-09-07
health_globaltolocal,Soninke,health,0.0,0.0,,none,0.0,,,derived,https://www.globaltolocal.org/,2026-09-07
health_globaltolocal,Sotho,health,0.0,0.0,,none,0.0,,,derived,https://www.globaltolocal.org/,2026-09-07
health_globaltolocal,Spanish,health,0.0,0.0,,none,0.0,,,derived,https://www.globaltolocal.org/,2026-09-07
health_globaltolocal,Swahili,health,0.0,0.0,,none,0.0,,,derived,https://www.globaltolocal.org/,2026-09-07
health_globaltolocal,Tagalog,health,0.0,0.0,,none,0.0,,,derived,https://www.globaltolocal.org/,2026-09-07
health_globaltolocal,Taishanese,health,0.0,0.0,,none,0.0,,,derived,https://www.globaltolocal.org/,2026-09-07
health_globaltolocal,Tajiki,health,0.0,0.0,,none,0.0,,,derived,https://www.globaltolocal.org/,2026-09-07
health_globaltolocal,Tamil,health,0.0,0.0,,none,0.0,,,derived,https://www.globaltolocal.org/,2026-09-07
health_globaltolocal,Tarasco,health,0.0,0.0,,none,0.0,,,derived,https://www.globaltolocal.org/,2026-09-07
health_globaltolocal,Tedim,health,0.0,0.0,,none,0.0,,,derived,https://www.globaltolocal.org/,2026-09-07
health_globaltolocal,Telugu,health,0.0,0.0,,none,0.0,,,derived,https://www.globaltolocal.org/,2026-09-07
health_globaltolocal,Thai,health,0.0,0.0,,none,0.0,,,derived,https://www.globaltolocal.org/,2026-09-07
health_globaltolocal,Tibetan,health,0.0,0.0,,none,0.0,,,derived,https://www.globaltolocal.org/,2026-09-07
health_globaltolocal,Tigrinya,health,0.0,0.0,,none,0.0,,,derived,https://www.globaltolocal.org/,2026-09-07
health_globaltolocal,Tongan,health,0.0,0.0,,none,0.0,,,derived,https://www.globaltolocal.org/,2026-09-07
health_globaltolocal,Turkish,health,0.0,0.0,,none,0.0,,,derived,https://www.globaltolocal.org/,2026-09-07
health_globaltolocal,Twi,health,0.0,0.0,,none,0.0,,,derived,https://www.globaltolocal.org/,2026-09-07
health_globaltolocal,Ukrainian,health,0.0,0.0,,none,0.0,,,derived,https://www.globaltolocal.org/,2026-09-07
health_globaltolocal,Urdu,health,0.0,0.0,,none,0.0,,,derived,https://www.globaltolocal.org/,2026-09-07
health_globaltolocal,Uzbek,health,0.0,0.0,,none,0.0,,,derived,https://www.globaltolocal.org/,2026-09-07
health_globaltolocal,Vietnamese,health,0.0,0.0,,none,0.0,,,derived,https://www.globaltolocal.org/,2026-09-07
health_globaltolocal,Wolof,health,0.0,0.0,,none,0.0,,,derived,https://www.globaltolocal.org/,2026-09-07
health_globaltolocal,Yap,health,0.0,0.0,,none,0.0,,,derived,https://www.globaltolocal.org/,2026-09-07
health_globaltolocal,Yoruba,health,0.0,0.0,,none,0.0,,,derived,https://www.globaltolocal.org/,2026-09-07
health_valleymed,Acholi,health,1.0,2.0,,machine_widget,0.0,,,derived,https://www.valleymed.org/,2026-09-07
health_valleymed,Aguacateco,health,0.0,0.0,,none,0.0,,,derived,https://www.valleymed.org/,2026-09-07
health_valleymed,Akateko,health,0.0,0.0,,none,0.0,,,derived,https://www.valleymed.org/,2026-09-07
health_valleymed,Albanian,health,1.0,2.0,,machine_widget,0.0,,,derived,https://www.valleymed.org/,2026-09-07
health_valleymed,American Sign Language,health,0.0,0.0,,none,0.0,,,derived,https://www.valleymed.org/,2026-09-07
health_valleymed,Amharic,health,1.0,2.0,,machine_widget,0.0,,,derived,https://www.valleymed.org/,2026-09-07
health_valleymed,Arabic,health,1.0,2.0,,machine_widget,0.0,,,derived,https://www.valleymed.org/,2026-09-07
health_valleymed,Armenian,health,1.0,2.0,,machine_widget,0.0,,,derived,https://www.valleymed.org/,2026-09-07
health_valleymed,Ayula-Bambara,health,0.0,0.0,,none,0.0,,,derived,https://www.valleymed.org/,2026-09-07
health_valleymed,Azerbaijani,health,1.0,2.0,,machine_widget,0.0,,,derived,https://www.valleymed.org/,2026-09-07
health_valleymed,Bambara,health,1.0,2.0,,machine_widget,0.0,,,derived,https://www.valleymed.org/,2026-09-07
health_valleymed,Bangala,health,0.0,0.0,,none,0.0,,,derived,https://www.valleymed.org/,2026-09-07
health_valleymed,Bassa,health,0.0,0.0,,none,0.0,,,derived,https://www.valleymed.org/,2026-09-07
health_valleymed,Bengali,health,1.0,2.0,,machine_widget,0.0,,,derived,https://www.valleymed.org/,2026-09-07
health_valleymed,Bosnian,health,1.0,2.0,,machine_widget,0.0,,,derived,https://www.valleymed.org/,2026-09-07
health_valleymed,Bulgarian,health,1.0,2.0,,machine_widget,0.0,,,derived,https://www.valleymed.org/,2026-09-07
health_valleymed,Burmese,health,1.0,2.0,,machine_widget,0.0,,,derived,https://www.valleymed.org/,2026-09-07
health_valleymed,Carolinian,health,0.0,0.0,,none,0.0,,,derived,https://www.valleymed.org/,2026-09-07
health_valleymed,Catalan,health,1.0,2.0,,machine_widget,0.0,,,derived,https://www.valleymed.org/,2026-09-07
health_valleymed,Cebuano,health,1.0,2.0,,machine_widget,0.0,,,derived,https://www.valleymed.org/,2026-09-07
health_valleymed,Cham,health,0.0,0.0,,none,0.0,,,derived,https://www.valleymed.org/,2026-09-07
health_valleymed,Chamorro,health,1.0,2.0,,machine_widget,0.0,,,derived,https://www.valleymed.org/,2026-09-07
health_valleymed,Chin,health,0.0,0.0,,none,0.0,,,derived,https://www.valleymed.org/,2026-09-07
health_valleymed,Chinese-Cantonese,health,1.0,2.0,,machine_widget,0.0,,,derived,https://www.valleymed.org/,2026-09-07
health_valleymed,Chinese-Fukienese,health,0.0,0.0,,none,0.0,,,derived,https://www.valleymed.org/,2026-09-07
health_valleymed,Chinese-Mandarin,health,1.0,2.0,,machine_widget,0.0,,,derived,https://www.valleymed.org/,2026-09-07
health_valleymed,Chinese-Taiwanese,health,0.0,0.0,,none,0.0,,,derived,https://www.valleymed.org/,2026-09-07
health_valleymed,Chuukese,health,1.0,2.0,,machine_widget,0.0,,,derived,https://www.valleymed.org/,2026-09-07
health_valleymed,Dari,health,1.0,2.0,,machine_widget,0.0,,,derived,https://www.valleymed.org/,2026-09-07
health_valleymed,Dinka,health,1.0,2.0,,machine_widget,0.0,,,derived,https://www.valleymed.org/,2026-09-07
health_valleymed,Dutch,health,1.0,2.0,,machine_widget,0.0,,,derived,https://www.valleymed.org/,2026-09-07
health_valleymed,Egyptian-Arabic,health,0.0,0.0,,none,0.0,,,derived,https://www.valleymed.org/,2026-09-07
health_valleymed,Eritai,health,0.0,0.0,,none,0.0,,,derived,https://www.valleymed.org/,2026-09-07
health_valleymed,Estonian,health,1.0,2.0,,machine_widget,0.0,,,derived,https://www.valleymed.org/,2026-09-07
health_valleymed,Ewe,health,1.0,2.0,,machine_widget,0.0,,,derived,https://www.valleymed.org/,2026-09-07
health_valleymed,Fallani,health,0.0,0.0,,none,0.0,,,derived,https://www.valleymed.org/,2026-09-07
health_valleymed,Farsi,health,1.0,2.0,,machine_widget,0.0,,,derived,https://www.valleymed.org/,2026-09-07
health_valleymed,French,health,1.0,2.0,,machine_widget,0.0,,,derived,https://www.valleymed.org/,2026-09-07
health_valleymed,Fula,health,0.0,0.0,,none,0.0,,,derived,https://www.valleymed.org/,2026-09-07
health_valleymed,Ga,health,1.0,2.0,,machine_widget,0.0,,,derived,https://www.valleymed.org/,2026-09-07
health_valleymed,German,health,1.0,2.0,,machine_widget,0.0,,,derived,https://www.valleymed.org/,2026-09-07
health_valleymed,"Greek, Modern",health,0.0,0.0,,none,0.0,,,derived,https://www.valleymed.org/,2026-09-07
health_valleymed,Gujarati,health,1.0,2.0,,machine_widget,0.0,,,derived,https://www.valleymed.org/,2026-09-07
health_valleymed,Haitian Creole,health,1.0,2.0,,machine_widget,0.0,,,derived,https://www.valleymed.org/,2026-09-07
health_valleymed,Hausa,health,1.0,2.0,,machine_widget,0.0,,,derived,https://www.valleymed.org/,2026-09-07
health_valleymed,Hawaiian,health,1.0,2.0,,machine_widget,0.0,,,derived,https://www.valleymed.org/,2026-09-07
health_valleymed,Herero,health,0.0,0.0,,none,0.0,,,derived,https://www.valleymed.org/,2026-09-07
health_valleymed,Hindi,health,1.0,2.0,,machine_widget,0.0,,,derived,https://www.valleymed.org/,2026-09-07
health_valleymed,Hmong,health,1.0,2.0,,machine_widget,0.0,,,derived,https://www.valleymed.org/,2026-09-07
health_valleymed,Hungarian,health,1.0,2.0,,machine_widget,0.0,,,derived,https://www.valleymed.org/,2026-09-07
health_valleymed,Igbo,health,1.0,2.0,,machine_widget,0.0,,,derived,https://www.valleymed.org/,2026-09-07
health_valleymed,Ilokano,health,0.0,0.0,,none,0.0,,,derived,https://www.valleymed.org/,2026-09-07
health_valleymed,Indonesian,health,1.0,2.0,,machine_widget,0.0,,,derived,https://www.valleymed.org/,2026-09-07
health_valleymed,Italian,health,1.0,2.0,,machine_widget,0.0,,,derived,https://www.valleymed.org/,2026-09-07
health_valleymed,Japanese,health,1.0,2.0,,machine_widget,0.0,,,derived,https://www.valleymed.org/,2026-09-07
health_valleymed,Kakwa,health,0.0,0.0,,none,0.0,,,derived,https://www.valleymed.org/,2026-09-07
health_valleymed,Kannada,health,1.0,2.0,,machine_widget,0.0,,,derived,https://www.valleymed.org/,2026-09-07
health_valleymed,Karen,health,0.0,0.0,,none,0.0,,,derived,https://www.valleymed.org/,2026-09-07
health_valleymed,Karenni,health,0.0,0.0,,none,0.0,,,derived,https://www.valleymed.org/,2026-09-07
health_valleymed,Kazakh,health,1.0,2.0,,machine_widget,0.0,,,derived,https://www.valleymed.org/,2026-09-07
health_valleymed,Khmer,health,1.0,2.0,,machine_widget,0.0,,,derived,https://www.valleymed.org/,2026-09-07
health_valleymed,Kikuyu,health,0.0,0.0,,none,0.0,,,derived,https://www.valleymed.org/,2026-09-07
health_valleymed,Kinyarwanda,health,1.0,2.0,,machine_widget,0.0,,,derived,https://www.valleymed.org/,2026-09-07
health_valleymed,Kirgiz,health,0.0,0.0,,none,0.0,,,derived,https://www.valleymed.org/,2026-09-07
health_valleymed,Kirundi,health,0.0,0.0,,none,0.0,,,derived,https://www.valleymed.org/,2026-09-07
health_valleymed,Kmhmu,health,0.0,0.0,,none,0.0,,,derived,https://www.valleymed.org/,2026-09-07
health_valleymed,Kongo,health,0.0,0.0,,none,0.0,,,derived,https://www.valleymed.org/,2026-09-07
health_valleymed,Korean,health,1.0,2.0,,machine_widget,0.0,,,derived,https://www.valleymed.org/,2026-09-07
health_valleymed,Kosraean,health,0.0,0.0,,none,0.0,,,derived,https://www.valleymed.org/,2026-09-07
health_valleymed,Krahn,health,0.0,0.0,,none,0.0,,,derived,https://www.valleymed.org/,2026-09-07
health_valleymed,Krio,health,1.0,2.0,,machine_widget,0.0,,,derived,https://www.valleymed.org/,2026-09-07
health_valleymed,Kru,health,0.0,0.0,,none,0.0,,,derived,https://www.valleymed.org/,2026-09-07
health_valleymed,Kurdish,health,0.0,0.0,,none,0.0,,,derived,https://www.valleymed.org/,2026-09-07
health_valleymed,Lao,health,1.0,2.0,,machine_widget,0.0,,,derived,https://www.valleymed.org/,2026-09-07
health_valleymed,Latvian,health,1.0,2.0,,machine_widget,0.0,,,derived,https://www.valleymed.org/,2026-09-07
health_valleymed,Lingala,health,1.0,2.0,,machine_widget,0.0,,,derived,https://www.valleymed.org/,2026-09-07
health_valleymed,Luganda,health,1.0,2.0,,machine_widget,0.0,,,derived,https://www.valleymed.org/,2026-09-07
health_valleymed,Maay Maay,health,0.0,0.0,,none,0.0,,,derived,https://www.valleymed.org/,2026-09-07
health_valleymed,Malay,health,1.0,2.0,,machine_widget,0.0,,,derived,https://www.valleymed.org/,2026-09-07
health_valleymed,Malayalam,health,1.0,2.0,,machine_widget,0.0,,,derived,https://www.valleymed.org/,2026-09-07
health_valleymed,Mam,health,1.0,2.0,,machine_widget,0.0,,,derived,https://www.valleymed.org/,2026-09-07
health_valleymed,Mandingo,health,0.0,0.0,,none,0.0,,,derived,https://www.valleymed.org/,2026-09-07
health_valleymed,Mandinka,health,0.0,0.0,,none,0.0,,,derived,https://www.valleymed.org/,2026-09-07
health_valleymed,Marathi,health,1.0,2.0,,machine_widget,0.0,,,derived,https://www.valleymed.org/,2026-09-07
health_valleymed,Marquesan,health,0.0,0.0,,none,0.0,,,derived,https://www.valleymed.org/,2026-09-07
health_valleymed,Marshallese,health,1.0,2.0,,machine_widget,0.0,,,derived,https://www.valleymed.org/,2026-09-07
health_valleymed,Maya-Quiche,health,0.0,0.0,,none,0.0,,,derived,https://www.valleymed.org/,2026-09-07
health_valleymed,Mien,health,0.0,0.0,,none,0.0,,,derived,https://www.valleymed.org/,2026-09-07
health_valleymed,Mixteco,health,0.0,0.0,,none,0.0,,,derived,https://www.valleymed.org/,2026-09-07
health_valleymed,Moldavian,health,0.0,0.0,,none,0.0,,,derived,https://www.valleymed.org/,2026-09-07
health_valleymed,Mongolian,health,1.0,2.0,,machine_widget,0.0,,,derived,https://www.valleymed.org/,2026-09-07
health_valleymed,Moore,health,0.0,0.0,,none,0.0,,,derived,https://www.valleymed.org/,2026-09-07
health_valleymed,"Nahuatl, Guerrero region",health,0.0,0.0,,none,0.0,,,derived,https://www.valleymed.org/,2026-09-07
health_valleymed,Nepali,health,1.0,2.0,,machine_widget,0.0,,,derived,https://www.valleymed.org/,2026-09-07
health_valleymed,Nuer,health,1.0,2.0,,machine_widget,0.0,,,derived,https://www.valleymed.org/,2026-09-07
health_valleymed,Oromo,health,1.0,2.0,,machine_widget,0.0,,,derived,https://www.valleymed.org/,2026-09-07
health_valleymed,Palau,health,0.0,0.0,,none,0.0,,,derived,https://www.valleymed.org/,2026-09-07
health_valleymed,Pashai,health,0.0,0.0,,none,0.0,,,derived,https://www.valleymed.org/,2026-09-07
health_valleymed,Pashto,health,1.0,2.0,,machine_widget,0.0,,,derived,https://www.valleymed.org/,2026-09-07
health_valleymed,Pere,health,0.0,0.0,,none,0.0,,,derived,https://www.valleymed.org/,2026-09-07
health_valleymed,Polish,health,1.0,2.0,,machine_widget,0.0,,,derived,https://www.valleymed.org/,2026-09-07
health_valleymed,Portuguese,health,0.0,0.0,,none,0.0,,,derived,https://www.valleymed.org/,2026-09-07
health_valleymed,Punjabi,health,1.0,2.0,,machine_widget,0.0,,,derived,https://www.valleymed.org/,2026-09-07
health_valleymed,Purepecha,health,0.0,0.0,,none,0.0,,,derived,https://www.valleymed.org/,2026-09-07
health_valleymed,Rohingya,health,0.0,0.0,,none,0.0,,,derived,https://www.valleymed.org/,2026-09-07
health_valleymed,Romanian,health,1.0,2.0,,machine_widget,0.0,,,derived,https://www.valleymed.org/,2026-09-07
health_valleymed,Russian,health,1.0,2.0,,machine_widget,0.0,,,derived,https://www.valleymed.org/,2026-09-07
health_valleymed,Samoan,health,1.0,2.0,,machine_widget,0.0,,,derived,https://www.valleymed.org/,2026-09-07
health_valleymed,Sao,health,0.0,0.0,,none,0.0,,,derived,https://www.valleymed.org/,2026-09-07
health_valleymed,Serbo-Croation,health,0.0,0.0,,none,0.0,,,derived,https://www.valleymed.org/,2026-09-07
health_valleymed,Shona,health,1.0,2.0,,machine_widget,0.0,,,derived,https://www.valleymed.org/,2026-09-07
health_valleymed,Sinhalese,health,0.0,0.0,,none,0.0,,,derived,https://www.valleymed.org/,2026-09-07
health_valleymed,Slovenian,health,1.0,2.0,,machine_widget,0.0,,,derived,https://www.valleymed.org/,2026-09-07
health_valleymed,Somali,health,1.0,2.0,,machine_widget,0.0,,,derived,https://www.valleymed.org/,2026-09-07
health_valleymed,Soninke,health,0.0,0.0,,none,0.0,,,derived,https://www.valleymed.org/,2026-09-07
health_valleymed,Sotho,health,0.0,0.0,,none,0.0,,,derived,https://www.valleymed.org/,2026-09-07
health_valleymed,Spanish,health,3.0,2.0,,in_language_document,1.0,unchecked,unverified,derived,https://valleymed.org/patients--visitors/billing-and-insurance/washington-health-benefit-exchange/apple-health-expansion-spanish,2026-09-07
health_valleymed,Swahili,health,1.0,2.0,,machine_widget,0.0,,,derived,https://www.valleymed.org/,2026-09-07
health_valleymed,Tagalog,health,1.0,2.0,,machine_widget,0.0,,,derived,https://www.valleymed.org/,2026-09-07
health_valleymed,Taishanese,health,0.0,0.0,,none,0.0,,,derived,https://www.valleymed.org/,2026-09-07
health_valleymed,Tajiki,health,0.0,0.0,,none,0.0,,,derived,https://www.valleymed.org/,2026-09-07
health_valleymed,Tamil,health,1.0,2.0,,machine_widget,0.0,,,derived,https://www.valleymed.org/,2026-09-07
health_valleymed,Tarasco,health,0.0,0.0,,none,0.0,,,derived,https://www.valleymed.org/,2026-09-07
health_valleymed,Tedim,health,0.0,0.0,,none,0.0,,,derived,https://www.valleymed.org/,2026-09-07
health_valleymed,Telugu,health,1.0,2.0,,machine_widget,0.0,,,derived,https://www.valleymed.org/,2026-09-07
health_valleymed,Thai,health,3.0,2.0,,in_language_document,1.0,unchecked,unverified,derived,https://valleymed.org/find-a-provider/t/don-q-thai,2026-09-07
health_valleymed,Tibetan,health,1.0,2.0,,machine_widget,0.0,,,derived,https://www.valleymed.org/,2026-09-07
health_valleymed,Tigrinya,health,1.0,2.0,,machine_widget,0.0,,,derived,https://www.valleymed.org/,2026-09-07
health_valleymed,Tongan,health,1.0,2.0,,machine_widget,0.0,,,derived,https://www.valleymed.org/,2026-09-07
health_valleymed,Turkish,health,1.0,2.0,,machine_widget,0.0,,,derived,https://www.valleymed.org/,2026-09-07
health_valleymed,Twi,health,1.0,2.0,,machine_widget,0.0,,,derived,https://www.valleymed.org/,2026-09-07
health_valleymed,Ukrainian,health,1.0,2.0,,machine_widget,0.0,,,derived,https://www.valleymed.org/,2026-09-07
health_valleymed,Urdu,health,1.0,2.0,,machine_widget,0.0,,,derived,https://www.valleymed.org/,2026-09-07
health_valleymed,Uzbek,health,1.0,2.0,,machine_widget,0.0,,,derived,https://www.valleymed.org/,2026-09-07
health_valleymed,Vietnamese,health,1.0,2.0,,machine_widget,0.0,,,derived,https://www.valleymed.org/,2026-09-07
health_valleymed,Wolof,health,1.0,2.0,,machine_widget,0.0,,,derived,https://www.valleymed.org/,2026-09-07
health_valleymed,Yap,health,0.0,0.0,,none,0.0,,,derived,https://www.valleymed.org/,2026-09-07
health_valleymed,Yoruba,health,1.0,2.0,,machine_widget,0.0,,,derived,https://www.valleymed.org/,2026-09-07
health_multicare,Acholi,health,0.0,0.0,,none,0.0,,,derived,https://www.multicare.org,2026-09-07
health_multicare,Aguacateco,health,0.0,0.0,,none,0.0,,,derived,https://www.multicare.org,2026-09-07
health_multicare,Akateko,health,0.0,0.0,,none,0.0,,,derived,https://www.multicare.org,2026-09-07
health_multicare,Albanian,health,0.0,0.0,,none,0.0,,,derived,https://www.multicare.org,2026-09-07
health_multicare,American Sign Language,health,0.0,0.0,,none,0.0,,,derived,https://www.multicare.org,2026-09-07
health_multicare,Amharic,health,0.0,0.0,,none,0.0,,,derived,https://www.multicare.org,2026-09-07
health_multicare,Arabic,health,0.0,0.0,,none,0.0,,,derived,https://www.multicare.org,2026-09-07
health_multicare,Armenian,health,0.0,0.0,,none,0.0,,,derived,https://www.multicare.org,2026-09-07
health_multicare,Ayula-Bambara,health,0.0,0.0,,none,0.0,,,derived,https://www.multicare.org,2026-09-07
health_multicare,Azerbaijani,health,0.0,0.0,,none,0.0,,,derived,https://www.multicare.org,2026-09-07
health_multicare,Bambara,health,0.0,0.0,,none,0.0,,,derived,https://www.multicare.org,2026-09-07
health_multicare,Bangala,health,0.0,0.0,,none,0.0,,,derived,https://www.multicare.org,2026-09-07
health_multicare,Bassa,health,0.0,0.0,,none,0.0,,,derived,https://www.multicare.org,2026-09-07
health_multicare,Bengali,health,0.0,0.0,,none,0.0,,,derived,https://www.multicare.org,2026-09-07
health_multicare,Bosnian,health,0.0,0.0,,none,0.0,,,derived,https://www.multicare.org,2026-09-07
health_multicare,Bulgarian,health,0.0,0.0,,none,0.0,,,derived,https://www.multicare.org,2026-09-07
health_multicare,Burmese,health,0.0,0.0,,none,0.0,,,derived,https://www.multicare.org,2026-09-07
health_multicare,Carolinian,health,0.0,0.0,,none,0.0,,,derived,https://www.multicare.org,2026-09-07
health_multicare,Catalan,health,0.0,0.0,,none,0.0,,,derived,https://www.multicare.org,2026-09-07
health_multicare,Cebuano,health,0.0,0.0,,none,0.0,,,derived,https://www.multicare.org,2026-09-07
health_multicare,Cham,health,0.0,0.0,,none,0.0,,,derived,https://www.multicare.org,2026-09-07
health_multicare,Chamorro,health,0.0,0.0,,none,0.0,,,derived,https://www.multicare.org,2026-09-07
health_multicare,Chin,health,0.0,0.0,,none,0.0,,,derived,https://www.multicare.org,2026-09-07
health_multicare,Chinese-Cantonese,health,0.0,0.0,,none,0.0,,,derived,https://www.multicare.org,2026-09-07
health_multicare,Chinese-Fukienese,health,0.0,0.0,,none,0.0,,,derived,https://www.multicare.org,2026-09-07
health_multicare,Chinese-Mandarin,health,0.0,0.0,,none,0.0,,,derived,https://www.multicare.org,2026-09-07
health_multicare,Chinese-Taiwanese,health,0.0,0.0,,none,0.0,,,derived,https://www.multicare.org,2026-09-07
health_multicare,Chuukese,health,0.0,0.0,,none,0.0,,,derived,https://www.multicare.org,2026-09-07
health_multicare,Dari,health,0.0,0.0,,none,0.0,,,derived,https://www.multicare.org,2026-09-07
health_multicare,Dinka,health,0.0,0.0,,none,0.0,,,derived,https://www.multicare.org,2026-09-07
health_multicare,Dutch,health,0.0,0.0,,none,0.0,,,derived,https://www.multicare.org,2026-09-07
health_multicare,Egyptian-Arabic,health,0.0,0.0,,none,0.0,,,derived,https://www.multicare.org,2026-09-07
health_multicare,Eritai,health,0.0,0.0,,none,0.0,,,derived,https://www.multicare.org,2026-09-07
health_multicare,Estonian,health,0.0,0.0,,none,0.0,,,derived,https://www.multicare.org,2026-09-07
health_multicare,Ewe,health,0.0,0.0,,none,0.0,,,derived,https://www.multicare.org,2026-09-07
health_multicare,Fallani,health,0.0,0.0,,none,0.0,,,derived,https://www.multicare.org,2026-09-07
health_multicare,Farsi,health,0.0,0.0,,none,0.0,,,derived,https://www.multicare.org,2026-09-07
health_multicare,French,health,3.0,2.0,,in_language_document,1.0,unchecked,unverified,derived,https://www.multicare.org/provider/holly-thomason-french/,2026-09-07
health_multicare,Fula,health,0.0,0.0,,none,0.0,,,derived,https://www.multicare.org,2026-09-07
health_multicare,Ga,health,0.0,0.0,,none,0.0,,,derived,https://www.multicare.org,2026-09-07
health_multicare,German,health,0.0,0.0,,none,0.0,,,derived,https://www.multicare.org,2026-09-07
health_multicare,"Greek, Modern",health,0.0,0.0,,none,0.0,,,derived,https://www.multicare.org,2026-09-07
health_multicare,Gujarati,health,0.0,0.0,,none,0.0,,,derived,https://www.multicare.org,2026-09-07
health_multicare,Haitian Creole,health,0.0,0.0,,none,0.0,,,derived,https://www.multicare.org,2026-09-07
health_multicare,Hausa,health,0.0,0.0,,none,0.0,,,derived,https://www.multicare.org,2026-09-07
health_multicare,Hawaiian,health,0.0,0.0,,none,0.0,,,derived,https://www.multicare.org,2026-09-07
health_multicare,Herero,health,0.0,0.0,,none,0.0,,,derived,https://www.multicare.org,2026-09-07
health_multicare,Hindi,health,0.0,0.0,,none,0.0,,,derived,https://www.multicare.org,2026-09-07
health_multicare,Hmong,health,0.0,0.0,,none,0.0,,,derived,https://www.multicare.org,2026-09-07
health_multicare,Hungarian,health,0.0,0.0,,none,0.0,,,derived,https://www.multicare.org,2026-09-07
health_multicare,Igbo,health,0.0,0.0,,none,0.0,,,derived,https://www.multicare.org,2026-09-07
health_multicare,Ilokano,health,0.0,0.0,,none,0.0,,,derived,https://www.multicare.org,2026-09-07
health_multicare,Indonesian,health,0.0,0.0,,none,0.0,,,derived,https://www.multicare.org,2026-09-07
health_multicare,Italian,health,0.0,0.0,,none,0.0,,,derived,https://www.multicare.org,2026-09-07
health_multicare,Japanese,health,0.0,0.0,,none,0.0,,,derived,https://www.multicare.org,2026-09-07
health_multicare,Kakwa,health,0.0,0.0,,none,0.0,,,derived,https://www.multicare.org,2026-09-07
health_multicare,Kannada,health,0.0,0.0,,none,0.0,,,derived,https://www.multicare.org,2026-09-07
health_multicare,Karen,health,0.0,0.0,,none,0.0,,,derived,https://www.multicare.org,2026-09-07
health_multicare,Karenni,health,0.0,0.0,,none,0.0,,,derived,https://www.multicare.org,2026-09-07
health_multicare,Kazakh,health,0.0,0.0,,none,0.0,,,derived,https://www.multicare.org,2026-09-07
health_multicare,Khmer,health,0.0,0.0,,none,0.0,,,derived,https://www.multicare.org,2026-09-07
health_multicare,Kikuyu,health,0.0,0.0,,none,0.0,,,derived,https://www.multicare.org,2026-09-07
health_multicare,Kinyarwanda,health,0.0,0.0,,none,0.0,,,derived,https://www.multicare.org,2026-09-07
health_multicare,Kirgiz,health,0.0,0.0,,none,0.0,,,derived,https://www.multicare.org,2026-09-07
health_multicare,Kirundi,health,0.0,0.0,,none,0.0,,,derived,https://www.multicare.org,2026-09-07
health_multicare,Kmhmu,health,0.0,0.0,,none,0.0,,,derived,https://www.multicare.org,2026-09-07
health_multicare,Kongo,health,0.0,0.0,,none,0.0,,,derived,https://www.multicare.org,2026-09-07
health_multicare,Korean,health,0.0,0.0,,none,0.0,,,derived,https://www.multicare.org,2026-09-07
health_multicare,Kosraean,health,0.0,0.0,,none,0.0,,,derived,https://www.multicare.org,2026-09-07
health_multicare,Krahn,health,0.0,0.0,,none,0.0,,,derived,https://www.multicare.org,2026-09-07
health_multicare,Krio,health,0.0,0.0,,none,0.0,,,derived,https://www.multicare.org,2026-09-07
health_multicare,Kru,health,0.0,0.0,,none,0.0,,,derived,https://www.multicare.org,2026-09-07
health_multicare,Kurdish,health,0.0,0.0,,none,0.0,,,derived,https://www.multicare.org,2026-09-07
health_multicare,Lao,health,0.0,0.0,,none,0.0,,,derived,https://www.multicare.org,2026-09-07
health_multicare,Latvian,health,0.0,0.0,,none,0.0,,,derived,https://www.multicare.org,2026-09-07
health_multicare,Lingala,health,0.0,0.0,,none,0.0,,,derived,https://www.multicare.org,2026-09-07
health_multicare,Luganda,health,0.0,0.0,,none,0.0,,,derived,https://www.multicare.org,2026-09-07
health_multicare,Maay Maay,health,0.0,0.0,,none,0.0,,,derived,https://www.multicare.org,2026-09-07
health_multicare,Malay,health,0.0,0.0,,none,0.0,,,derived,https://www.multicare.org,2026-09-07
health_multicare,Malayalam,health,0.0,0.0,,none,0.0,,,derived,https://www.multicare.org,2026-09-07
health_multicare,Mam,health,0.0,0.0,,none,0.0,,,derived,https://www.multicare.org,2026-09-07
health_multicare,Mandingo,health,0.0,0.0,,none,0.0,,,derived,https://www.multicare.org,2026-09-07
health_multicare,Mandinka,health,0.0,0.0,,none,0.0,,,derived,https://www.multicare.org,2026-09-07
health_multicare,Marathi,health,0.0,0.0,,none,0.0,,,derived,https://www.multicare.org,2026-09-07
health_multicare,Marquesan,health,0.0,0.0,,none,0.0,,,derived,https://www.multicare.org,2026-09-07
health_multicare,Marshallese,health,0.0,0.0,,none,0.0,,,derived,https://www.multicare.org,2026-09-07
health_multicare,Maya-Quiche,health,0.0,0.0,,none,0.0,,,derived,https://www.multicare.org,2026-09-07
health_multicare,Mien,health,0.0,0.0,,none,0.0,,,derived,https://www.multicare.org,2026-09-07
health_multicare,Mixteco,health,0.0,0.0,,none,0.0,,,derived,https://www.multicare.org,2026-09-07
health_multicare,Moldavian,health,0.0,0.0,,none,0.0,,,derived,https://www.multicare.org,2026-09-07
health_multicare,Mongolian,health,0.0,0.0,,none,0.0,,,derived,https://www.multicare.org,2026-09-07
health_multicare,Moore,health,0.0,0.0,,none,0.0,,,derived,https://www.multicare.org,2026-09-07
health_multicare,"Nahuatl, Guerrero region",health,0.0,0.0,,none,0.0,,,derived,https://www.multicare.org,2026-09-07
health_multicare,Nepali,health,0.0,0.0,,none,0.0,,,derived,https://www.multicare.org,2026-09-07
health_multicare,Nuer,health,0.0,0.0,,none,0.0,,,derived,https://www.multicare.org,2026-09-07
health_multicare,Oromo,health,0.0,0.0,,none,0.0,,,derived,https://www.multicare.org,2026-09-07
health_multicare,Palau,health,0.0,0.0,,none,0.0,,,derived,https://www.multicare.org,2026-09-07
health_multicare,Pashai,health,0.0,0.0,,none,0.0,,,derived,https://www.multicare.org,2026-09-07
health_multicare,Pashto,health,0.0,0.0,,none,0.0,,,derived,https://www.multicare.org,2026-09-07
health_multicare,Pere,health,0.0,0.0,,none,0.0,,,derived,https://www.multicare.org,2026-09-07
health_multicare,Polish,health,0.0,0.0,,none,0.0,,,derived,https://www.multicare.org,2026-09-07
health_multicare,Portuguese,health,0.0,0.0,,none,0.0,,,derived,https://www.multicare.org,2026-09-07
health_multicare,Punjabi,health,0.0,0.0,,none,0.0,,,derived,https://www.multicare.org,2026-09-07
health_multicare,Purepecha,health,0.0,0.0,,none,0.0,,,derived,https://www.multicare.org,2026-09-07
health_multicare,Rohingya,health,0.0,0.0,,none,0.0,,,derived,https://www.multicare.org,2026-09-07
health_multicare,Romanian,health,0.0,0.0,,none,0.0,,,derived,https://www.multicare.org,2026-09-07
health_multicare,Russian,health,0.0,0.0,,none,0.0,,,derived,https://www.multicare.org,2026-09-07
health_multicare,Samoan,health,0.0,0.0,,none,0.0,,,derived,https://www.multicare.org,2026-09-07
health_multicare,Sao,health,0.0,0.0,,none,0.0,,,derived,https://www.multicare.org,2026-09-07
health_multicare,Serbo-Croation,health,0.0,0.0,,none,0.0,,,derived,https://www.multicare.org,2026-09-07
health_multicare,Shona,health,0.0,0.0,,none,0.0,,,derived,https://www.multicare.org,2026-09-07
health_multicare,Sinhalese,health,0.0,0.0,,none,0.0,,,derived,https://www.multicare.org,2026-09-07
health_multicare,Slovenian,health,0.0,0.0,,none,0.0,,,derived,https://www.multicare.org,2026-09-07
health_multicare,Somali,health,0.0,0.0,,none,0.0,,,derived,https://www.multicare.org,2026-09-07
health_multicare,Soninke,health,0.0,0.0,,none,0.0,,,derived,https://www.multicare.org,2026-09-07
health_multicare,Sotho,health,0.0,0.0,,none,0.0,,,derived,https://www.multicare.org,2026-09-07
health_multicare,Spanish,health,1.0,2.0,,machine_widget,0.0,,,derived,https://www.multicare.org,2026-09-07
health_multicare,Swahili,health,0.0,0.0,,none,0.0,,,derived,https://www.multicare.org,2026-09-07
health_multicare,Tagalog,health,0.0,0.0,,none,0.0,,,derived,https://www.multicare.org,2026-09-07
health_multicare,Taishanese,health,0.0,0.0,,none,0.0,,,derived,https://www.multicare.org,2026-09-07
health_multicare,Tajiki,health,0.0,0.0,,none,0.0,,,derived,https://www.multicare.org,2026-09-07
health_multicare,Tamil,health,0.0,0.0,,none,0.0,,,derived,https://www.multicare.org,2026-09-07
health_multicare,Tarasco,health,0.0,0.0,,none,0.0,,,derived,https://www.multicare.org,2026-09-07
health_multicare,Tedim,health,0.0,0.0,,none,0.0,,,derived,https://www.multicare.org,2026-09-07
health_multicare,Telugu,health,0.0,0.0,,none,0.0,,,derived,https://www.multicare.org,2026-09-07
health_multicare,Thai,health,0.0,0.0,,none,0.0,,,derived,https://www.multicare.org,2026-09-07
health_multicare,Tibetan,health,0.0,0.0,,none,0.0,,,derived,https://www.multicare.org,2026-09-07
health_multicare,Tigrinya,health,0.0,0.0,,none,0.0,,,derived,https://www.multicare.org,2026-09-07
health_multicare,Tongan,health,0.0,0.0,,none,0.0,,,derived,https://www.multicare.org,2026-09-07
health_multicare,Turkish,health,0.0,0.0,,none,0.0,,,derived,https://www.multicare.org,2026-09-07
health_multicare,Twi,health,0.0,0.0,,none,0.0,,,derived,https://www.multicare.org,2026-09-07
health_multicare,Ukrainian,health,0.0,0.0,,none,0.0,,,derived,https://www.multicare.org,2026-09-07
health_multicare,Urdu,health,0.0,0.0,,none,0.0,,,derived,https://www.multicare.org,2026-09-07
health_multicare,Uzbek,health,0.0,0.0,,none,0.0,,,derived,https://www.multicare.org,2026-09-07
health_multicare,Vietnamese,health,0.0,0.0,,none,0.0,,,derived,https://www.multicare.org,2026-09-07
health_multicare,Wolof,health,0.0,0.0,,none,0.0,,,derived,https://www.multicare.org,2026-09-07
health_multicare,Yap,health,0.0,0.0,,none,0.0,,,derived,https://www.multicare.org,2026-09-07
health_multicare,Yoruba,health,0.0,0.0,,none,0.0,,,derived,https://www.multicare.org,2026-09-07
health_vmfh,Acholi,health,0.0,0.0,,none,0.0,,,derived,https://www.vmfh.org,2026-09-07
health_vmfh,Aguacateco,health,0.0,0.0,,none,0.0,,,derived,https://www.vmfh.org,2026-09-07
health_vmfh,Akateko,health,0.0,0.0,,none,0.0,,,derived,https://www.vmfh.org,2026-09-07
health_vmfh,Albanian,health,0.0,0.0,,none,0.0,,,derived,https://www.vmfh.org,2026-09-07
health_vmfh,American Sign Language,health,0.0,0.0,,none,0.0,,,derived,https://www.vmfh.org,2026-09-07
health_vmfh,Amharic,health,0.0,0.0,,none,0.0,,,derived,https://www.vmfh.org,2026-09-07
health_vmfh,Arabic,health,0.0,0.0,,none,0.0,,,derived,https://www.vmfh.org,2026-09-07
health_vmfh,Armenian,health,0.0,0.0,,none,0.0,,,derived,https://www.vmfh.org,2026-09-07
health_vmfh,Ayula-Bambara,health,0.0,0.0,,none,0.0,,,derived,https://www.vmfh.org,2026-09-07
health_vmfh,Azerbaijani,health,0.0,0.0,,none,0.0,,,derived,https://www.vmfh.org,2026-09-07
health_vmfh,Bambara,health,0.0,0.0,,none,0.0,,,derived,https://www.vmfh.org,2026-09-07
health_vmfh,Bangala,health,0.0,0.0,,none,0.0,,,derived,https://www.vmfh.org,2026-09-07
health_vmfh,Bassa,health,0.0,0.0,,none,0.0,,,derived,https://www.vmfh.org,2026-09-07
health_vmfh,Bengali,health,0.0,0.0,,none,0.0,,,derived,https://www.vmfh.org,2026-09-07
health_vmfh,Bosnian,health,0.0,0.0,,none,0.0,,,derived,https://www.vmfh.org,2026-09-07
health_vmfh,Bulgarian,health,0.0,0.0,,none,0.0,,,derived,https://www.vmfh.org,2026-09-07
health_vmfh,Burmese,health,0.0,0.0,,none,0.0,,,derived,https://www.vmfh.org,2026-09-07
health_vmfh,Carolinian,health,0.0,0.0,,none,0.0,,,derived,https://www.vmfh.org,2026-09-07
health_vmfh,Catalan,health,0.0,0.0,,none,0.0,,,derived,https://www.vmfh.org,2026-09-07
health_vmfh,Cebuano,health,0.0,0.0,,none,0.0,,,derived,https://www.vmfh.org,2026-09-07
health_vmfh,Cham,health,0.0,0.0,,none,0.0,,,derived,https://www.vmfh.org,2026-09-07
health_vmfh,Chamorro,health,0.0,0.0,,none,0.0,,,derived,https://www.vmfh.org,2026-09-07
health_vmfh,Chin,health,0.0,0.0,,none,0.0,,,derived,https://www.vmfh.org,2026-09-07
health_vmfh,Chinese-Cantonese,health,0.0,0.0,,none,0.0,,,derived,https://www.vmfh.org,2026-09-07
health_vmfh,Chinese-Fukienese,health,0.0,0.0,,none,0.0,,,derived,https://www.vmfh.org,2026-09-07
health_vmfh,Chinese-Mandarin,health,0.0,0.0,,none,0.0,,,derived,https://www.vmfh.org,2026-09-07
health_vmfh,Chinese-Taiwanese,health,0.0,0.0,,none,0.0,,,derived,https://www.vmfh.org,2026-09-07
health_vmfh,Chuukese,health,0.0,0.0,,none,0.0,,,derived,https://www.vmfh.org,2026-09-07
health_vmfh,Dari,health,0.0,0.0,,none,0.0,,,derived,https://www.vmfh.org,2026-09-07
health_vmfh,Dinka,health,0.0,0.0,,none,0.0,,,derived,https://www.vmfh.org,2026-09-07
health_vmfh,Dutch,health,0.0,0.0,,none,0.0,,,derived,https://www.vmfh.org,2026-09-07
health_vmfh,Egyptian-Arabic,health,0.0,0.0,,none,0.0,,,derived,https://www.vmfh.org,2026-09-07
health_vmfh,Eritai,health,0.0,0.0,,none,0.0,,,derived,https://www.vmfh.org,2026-09-07
health_vmfh,Estonian,health,0.0,0.0,,none,0.0,,,derived,https://www.vmfh.org,2026-09-07
health_vmfh,Ewe,health,0.0,0.0,,none,0.0,,,derived,https://www.vmfh.org,2026-09-07
health_vmfh,Fallani,health,0.0,0.0,,none,0.0,,,derived,https://www.vmfh.org,2026-09-07
health_vmfh,Farsi,health,0.0,0.0,,none,0.0,,,derived,https://www.vmfh.org,2026-09-07
health_vmfh,French,health,0.0,0.0,,none,0.0,,,derived,https://www.vmfh.org,2026-09-07
health_vmfh,Fula,health,0.0,0.0,,none,0.0,,,derived,https://www.vmfh.org,2026-09-07
health_vmfh,Ga,health,0.0,0.0,,none,0.0,,,derived,https://www.vmfh.org,2026-09-07
health_vmfh,German,health,0.0,0.0,,none,0.0,,,derived,https://www.vmfh.org,2026-09-07
health_vmfh,"Greek, Modern",health,0.0,0.0,,none,0.0,,,derived,https://www.vmfh.org,2026-09-07
health_vmfh,Gujarati,health,0.0,0.0,,none,0.0,,,derived,https://www.vmfh.org,2026-09-07
health_vmfh,Haitian Creole,health,0.0,0.0,,none,0.0,,,derived,https://www.vmfh.org,2026-09-07
health_vmfh,Hausa,health,0.0,0.0,,none,0.0,,,derived,https://www.vmfh.org,2026-09-07
health_vmfh,Hawaiian,health,0.0,0.0,,none,0.0,,,derived,https://www.vmfh.org,2026-09-07
health_vmfh,Herero,health,0.0,0.0,,none,0.0,,,derived,https://www.vmfh.org,2026-09-07
health_vmfh,Hindi,health,0.0,0.0,,none,0.0,,,derived,https://www.vmfh.org,2026-09-07
health_vmfh,Hmong,health,0.0,0.0,,none,0.0,,,derived,https://www.vmfh.org,2026-09-07
health_vmfh,Hungarian,health,0.0,0.0,,none,0.0,,,derived,https://www.vmfh.org,2026-09-07
health_vmfh,Igbo,health,0.0,0.0,,none,0.0,,,derived,https://www.vmfh.org,2026-09-07
health_vmfh,Ilokano,health,0.0,0.0,,none,0.0,,,derived,https://www.vmfh.org,2026-09-07
health_vmfh,Indonesian,health,0.0,0.0,,none,0.0,,,derived,https://www.vmfh.org,2026-09-07
health_vmfh,Italian,health,0.0,0.0,,none,0.0,,,derived,https://www.vmfh.org,2026-09-07
health_vmfh,Japanese,health,0.0,0.0,,none,0.0,,,derived,https://www.vmfh.org,2026-09-07
health_vmfh,Kakwa,health,0.0,0.0,,none,0.0,,,derived,https://www.vmfh.org,2026-09-07
health_vmfh,Kannada,health,0.0,0.0,,none,0.0,,,derived,https://www.vmfh.org,2026-09-07
health_vmfh,Karen,health,0.0,0.0,,none,0.0,,,derived,https://www.vmfh.org,2026-09-07
health_vmfh,Karenni,health,0.0,0.0,,none,0.0,,,derived,https://www.vmfh.org,2026-09-07
health_vmfh,Kazakh,health,0.0,0.0,,none,0.0,,,derived,https://www.vmfh.org,2026-09-07
health_vmfh,Khmer,health,0.0,0.0,,none,0.0,,,derived,https://www.vmfh.org,2026-09-07
health_vmfh,Kikuyu,health,0.0,0.0,,none,0.0,,,derived,https://www.vmfh.org,2026-09-07
health_vmfh,Kinyarwanda,health,0.0,0.0,,none,0.0,,,derived,https://www.vmfh.org,2026-09-07
health_vmfh,Kirgiz,health,0.0,0.0,,none,0.0,,,derived,https://www.vmfh.org,2026-09-07
health_vmfh,Kirundi,health,0.0,0.0,,none,0.0,,,derived,https://www.vmfh.org,2026-09-07
health_vmfh,Kmhmu,health,0.0,0.0,,none,0.0,,,derived,https://www.vmfh.org,2026-09-07
health_vmfh,Kongo,health,0.0,0.0,,none,0.0,,,derived,https://www.vmfh.org,2026-09-07
health_vmfh,Korean,health,0.0,0.0,,none,0.0,,,derived,https://www.vmfh.org,2026-09-07
health_vmfh,Kosraean,health,0.0,0.0,,none,0.0,,,derived,https://www.vmfh.org,2026-09-07
health_vmfh,Krahn,health,0.0,0.0,,none,0.0,,,derived,https://www.vmfh.org,2026-09-07
health_vmfh,Krio,health,0.0,0.0,,none,0.0,,,derived,https://www.vmfh.org,2026-09-07
health_vmfh,Kru,health,0.0,0.0,,none,0.0,,,derived,https://www.vmfh.org,2026-09-07
health_vmfh,Kurdish,health,0.0,0.0,,none,0.0,,,derived,https://www.vmfh.org,2026-09-07
health_vmfh,Lao,health,0.0,0.0,,none,0.0,,,derived,https://www.vmfh.org,2026-09-07
health_vmfh,Latvian,health,0.0,0.0,,none,0.0,,,derived,https://www.vmfh.org,2026-09-07
health_vmfh,Lingala,health,0.0,0.0,,none,0.0,,,derived,https://www.vmfh.org,2026-09-07
health_vmfh,Luganda,health,0.0,0.0,,none,0.0,,,derived,https://www.vmfh.org,2026-09-07
health_vmfh,Maay Maay,health,0.0,0.0,,none,0.0,,,derived,https://www.vmfh.org,2026-09-07
health_vmfh,Malay,health,0.0,0.0,,none,0.0,,,derived,https://www.vmfh.org,2026-09-07
health_vmfh,Malayalam,health,0.0,0.0,,none,0.0,,,derived,https://www.vmfh.org,2026-09-07
health_vmfh,Mam,health,0.0,0.0,,none,0.0,,,derived,https://www.vmfh.org,2026-09-07
health_vmfh,Mandingo,health,0.0,0.0,,none,0.0,,,derived,https://www.vmfh.org,2026-09-07
health_vmfh,Mandinka,health,0.0,0.0,,none,0.0,,,derived,https://www.vmfh.org,2026-09-07
health_vmfh,Marathi,health,0.0,0.0,,none,0.0,,,derived,https://www.vmfh.org,2026-09-07
health_vmfh,Marquesan,health,0.0,0.0,,none,0.0,,,derived,https://www.vmfh.org,2026-09-07
health_vmfh,Marshallese,health,0.0,0.0,,none,0.0,,,derived,https://www.vmfh.org,2026-09-07
health_vmfh,Maya-Quiche,health,0.0,0.0,,none,0.0,,,derived,https://www.vmfh.org,2026-09-07
health_vmfh,Mien,health,0.0,0.0,,none,0.0,,,derived,https://www.vmfh.org,2026-09-07
health_vmfh,Mixteco,health,0.0,0.0,,none,0.0,,,derived,https://www.vmfh.org,2026-09-07
health_vmfh,Moldavian,health,0.0,0.0,,none,0.0,,,derived,https://www.vmfh.org,2026-09-07
health_vmfh,Mongolian,health,0.0,0.0,,none,0.0,,,derived,https://www.vmfh.org,2026-09-07
health_vmfh,Moore,health,0.0,0.0,,none,0.0,,,derived,https://www.vmfh.org,2026-09-07
health_vmfh,"Nahuatl, Guerrero region",health,0.0,0.0,,none,0.0,,,derived,https://www.vmfh.org,2026-09-07
health_vmfh,Nepali,health,0.0,0.0,,none,0.0,,,derived,https://www.vmfh.org,2026-09-07
health_vmfh,Nuer,health,0.0,0.0,,none,0.0,,,derived,https://www.vmfh.org,2026-09-07
health_vmfh,Oromo,health,0.0,0.0,,none,0.0,,,derived,https://www.vmfh.org,2026-09-07
health_vmfh,Palau,health,0.0,0.0,,none,0.0,,,derived,https://www.vmfh.org,2026-09-07
health_vmfh,Pashai,health,0.0,0.0,,none,0.0,,,derived,https://www.vmfh.org,2026-09-07
health_vmfh,Pashto,health,0.0,0.0,,none,0.0,,,derived,https://www.vmfh.org,2026-09-07
health_vmfh,Pere,health,0.0,0.0,,none,0.0,,,derived,https://www.vmfh.org,2026-09-07
health_vmfh,Polish,health,0.0,0.0,,none,0.0,,,derived,https://www.vmfh.org,2026-09-07
health_vmfh,Portuguese,health,0.0,0.0,,none,0.0,,,derived,https://www.vmfh.org,2026-09-07
health_vmfh,Punjabi,health,0.0,0.0,,none,0.0,,,derived,https://www.vmfh.org,2026-09-07
health_vmfh,Purepecha,health,0.0,0.0,,none,0.0,,,derived,https://www.vmfh.org,2026-09-07
health_vmfh,Rohingya,health,0.0,0.0,,none,0.0,,,derived,https://www.vmfh.org,2026-09-07
health_vmfh,Romanian,health,0.0,0.0,,none,0.0,,,derived,https://www.vmfh.org,2026-09-07
health_vmfh,Russian,health,0.0,0.0,,none,0.0,,,derived,https://www.vmfh.org,2026-09-07
health_vmfh,Samoan,health,0.0,0.0,,none,0.0,,,derived,https://www.vmfh.org,2026-09-07
health_vmfh,Sao,health,0.0,0.0,,none,0.0,,,derived,https://www.vmfh.org,2026-09-07
health_vmfh,Serbo-Croation,health,0.0,0.0,,none,0.0,,,derived,https://www.vmfh.org,2026-09-07
health_vmfh,Shona,health,0.0,0.0,,none,0.0,,,derived,https://www.vmfh.org,2026-09-07
health_vmfh,Sinhalese,health,0.0,0.0,,none,0.0,,,derived,https://www.vmfh.org,2026-09-07
health_vmfh,Slovenian,health,0.0,0.0,,none,0.0,,,derived,https://www.vmfh.org,2026-09-07
health_vmfh,Somali,health,0.0,0.0,,none,0.0,,,derived,https://www.vmfh.org,2026-09-07
health_vmfh,Soninke,health,0.0,0.0,,none,0.0,,,derived,https://www.vmfh.org,2026-09-07
health_vmfh,Sotho,health,0.0,0.0,,none,0.0,,,derived,https://www.vmfh.org,2026-09-07
health_vmfh,Spanish,health,0.0,0.0,,none,0.0,,,derived,https://www.vmfh.org,2026-09-07
health_vmfh,Swahili,health,0.0,0.0,,none,0.0,,,derived,https://www.vmfh.org,2026-09-07
health_vmfh,Tagalog,health,0.0,0.0,,none,0.0,,,derived,https://www.vmfh.org,2026-09-07
health_vmfh,Taishanese,health,0.0,0.0,,none,0.0,,,derived,https://www.vmfh.org,2026-09-07
health_vmfh,Tajiki,health,0.0,0.0,,none,0.0,,,derived,https://www.vmfh.org,2026-09-07
health_vmfh,Tamil,health,0.0,0.0,,none,0.0,,,derived,https://www.vmfh.org,2026-09-07
health_vmfh,Tarasco,health,0.0,0.0,,none,0.0,,,derived,https://www.vmfh.org,2026-09-07
health_vmfh,Tedim,health,0.0,0.0,,none,0.0,,,derived,https://www.vmfh.org,2026-09-07
health_vmfh,Telugu,health,0.0,0.0,,none,0.0,,,derived,https://www.vmfh.org,2026-09-07
health_vmfh,Thai,health,0.0,0.0,,none,0.0,,,derived,https://www.vmfh.org,2026-09-07
health_vmfh,Tibetan,health,0.0,0.0,,none,0.0,,,derived,https://www.vmfh.org,2026-09-07
health_vmfh,Tigrinya,health,0.0,0.0,,none,0.0,,,derived,https://www.vmfh.org,2026-09-07
health_vmfh,Tongan,health,0.0,0.0,,none,0.0,,,derived,https://www.vmfh.org,2026-09-07
health_vmfh,Turkish,health,0.0,0.0,,none,0.0,,,derived,https://www.vmfh.org,2026-09-07
health_vmfh,Twi,health,0.0,0.0,,none,0.0,,,derived,https://www.vmfh.org,2026-09-07
health_vmfh,Ukrainian,health,0.0,0.0,,none,0.0,,,derived,https://www.vmfh.org,2026-09-07
health_vmfh,Urdu,health,0.0,0.0,,none,0.0,,,derived,https://www.vmfh.org,2026-09-07
health_vmfh,Uzbek,health,0.0,0.0,,none,0.0,,,derived,https://www.vmfh.org,2026-09-07
health_vmfh,Vietnamese,health,0.0,0.0,,none,0.0,,,derived,https://www.vmfh.org,2026-09-07
health_vmfh,Wolof,health,0.0,0.0,,none,0.0,,,derived,https://www.vmfh.org,2026-09-07
health_vmfh,Yap,health,0.0,0.0,,none,0.0,,,derived,https://www.vmfh.org,2026-09-07
health_vmfh,Yoruba,health,0.0,0.0,,none,0.0,,,derived,https://www.vmfh.org,2026-09-07
health_hca,Acholi,health,0.0,0.0,,none,0.0,,,derived,https://www.hca.wa.gov,2026-09-07
health_hca,Aguacateco,health,0.0,0.0,,none,0.0,,,derived,https://www.hca.wa.gov,2026-09-07
health_hca,Akateko,health,0.0,0.0,,none,0.0,,,derived,https://www.hca.wa.gov,2026-09-07
health_hca,Albanian,health,0.0,0.0,,none,0.0,,,derived,https://www.hca.wa.gov,2026-09-07
health_hca,American Sign Language,health,0.0,0.0,,none,0.0,,,derived,https://www.hca.wa.gov,2026-09-07
health_hca,Amharic,health,0.0,0.0,,none,0.0,,,derived,https://www.hca.wa.gov,2026-09-07
health_hca,Arabic,health,0.0,0.0,,none,0.0,,,derived,https://www.hca.wa.gov,2026-09-07
health_hca,Armenian,health,0.0,0.0,,none,0.0,,,derived,https://www.hca.wa.gov,2026-09-07
health_hca,Ayula-Bambara,health,0.0,0.0,,none,0.0,,,derived,https://www.hca.wa.gov,2026-09-07
health_hca,Azerbaijani,health,0.0,0.0,,none,0.0,,,derived,https://www.hca.wa.gov,2026-09-07
health_hca,Bambara,health,0.0,0.0,,none,0.0,,,derived,https://www.hca.wa.gov,2026-09-07
health_hca,Bangala,health,0.0,0.0,,none,0.0,,,derived,https://www.hca.wa.gov,2026-09-07
health_hca,Bassa,health,0.0,0.0,,none,0.0,,,derived,https://www.hca.wa.gov,2026-09-07
health_hca,Bengali,health,0.0,0.0,,none,0.0,,,derived,https://www.hca.wa.gov,2026-09-07
health_hca,Bosnian,health,0.0,0.0,,none,0.0,,,derived,https://www.hca.wa.gov,2026-09-07
health_hca,Bulgarian,health,0.0,0.0,,none,0.0,,,derived,https://www.hca.wa.gov,2026-09-07
health_hca,Burmese,health,0.0,0.0,,none,0.0,,,derived,https://www.hca.wa.gov,2026-09-07
health_hca,Carolinian,health,0.0,0.0,,none,0.0,,,derived,https://www.hca.wa.gov,2026-09-07
health_hca,Catalan,health,0.0,0.0,,none,0.0,,,derived,https://www.hca.wa.gov,2026-09-07
health_hca,Cebuano,health,0.0,0.0,,none,0.0,,,derived,https://www.hca.wa.gov,2026-09-07
health_hca,Cham,health,0.0,0.0,,none,0.0,,,derived,https://www.hca.wa.gov,2026-09-07
health_hca,Chamorro,health,0.0,0.0,,none,0.0,,,derived,https://www.hca.wa.gov,2026-09-07
health_hca,Chin,health,0.0,0.0,,none,0.0,,,derived,https://www.hca.wa.gov,2026-09-07
health_hca,Chinese-Cantonese,health,0.0,0.0,,none,0.0,,,derived,https://www.hca.wa.gov,2026-09-07
health_hca,Chinese-Fukienese,health,0.0,0.0,,none,0.0,,,derived,https://www.hca.wa.gov,2026-09-07
health_hca,Chinese-Mandarin,health,0.0,0.0,,none,0.0,,,derived,https://www.hca.wa.gov,2026-09-07
health_hca,Chinese-Taiwanese,health,0.0,0.0,,none,0.0,,,derived,https://www.hca.wa.gov,2026-09-07
health_hca,Chuukese,health,0.0,0.0,,none,0.0,,,derived,https://www.hca.wa.gov,2026-09-07
health_hca,Dari,health,0.0,0.0,,none,0.0,,,derived,https://www.hca.wa.gov,2026-09-07
health_hca,Dinka,health,0.0,0.0,,none,0.0,,,derived,https://www.hca.wa.gov,2026-09-07
health_hca,Dutch,health,0.0,0.0,,none,0.0,,,derived,https://www.hca.wa.gov,2026-09-07
health_hca,Egyptian-Arabic,health,0.0,0.0,,none,0.0,,,derived,https://www.hca.wa.gov,2026-09-07
health_hca,Eritai,health,0.0,0.0,,none,0.0,,,derived,https://www.hca.wa.gov,2026-09-07
health_hca,Estonian,health,0.0,0.0,,none,0.0,,,derived,https://www.hca.wa.gov,2026-09-07
health_hca,Ewe,health,0.0,0.0,,none,0.0,,,derived,https://www.hca.wa.gov,2026-09-07
health_hca,Fallani,health,0.0,0.0,,none,0.0,,,derived,https://www.hca.wa.gov,2026-09-07
health_hca,Farsi,health,0.0,0.0,,none,0.0,,,derived,https://www.hca.wa.gov,2026-09-07
health_hca,French,health,0.0,0.0,,none,0.0,,,derived,https://www.hca.wa.gov,2026-09-07
health_hca,Fula,health,0.0,0.0,,none,0.0,,,derived,https://www.hca.wa.gov,2026-09-07
health_hca,Ga,health,0.0,0.0,,none,0.0,,,derived,https://www.hca.wa.gov,2026-09-07
health_hca,German,health,0.0,0.0,,none,0.0,,,derived,https://www.hca.wa.gov,2026-09-07
health_hca,"Greek, Modern",health,0.0,0.0,,none,0.0,,,derived,https://www.hca.wa.gov,2026-09-07
health_hca,Gujarati,health,0.0,0.0,,none,0.0,,,derived,https://www.hca.wa.gov,2026-09-07
health_hca,Haitian Creole,health,0.0,0.0,,none,0.0,,,derived,https://www.hca.wa.gov,2026-09-07
health_hca,Hausa,health,0.0,0.0,,none,0.0,,,derived,https://www.hca.wa.gov,2026-09-07
health_hca,Hawaiian,health,0.0,0.0,,none,0.0,,,derived,https://www.hca.wa.gov,2026-09-07
health_hca,Herero,health,0.0,0.0,,none,0.0,,,derived,https://www.hca.wa.gov,2026-09-07
health_hca,Hindi,health,0.0,0.0,,none,0.0,,,derived,https://www.hca.wa.gov,2026-09-07
health_hca,Hmong,health,0.0,0.0,,none,0.0,,,derived,https://www.hca.wa.gov,2026-09-07
health_hca,Hungarian,health,0.0,0.0,,none,0.0,,,derived,https://www.hca.wa.gov,2026-09-07
health_hca,Igbo,health,0.0,0.0,,none,0.0,,,derived,https://www.hca.wa.gov,2026-09-07
health_hca,Ilokano,health,0.0,0.0,,none,0.0,,,derived,https://www.hca.wa.gov,2026-09-07
health_hca,Indonesian,health,0.0,0.0,,none,0.0,,,derived,https://www.hca.wa.gov,2026-09-07
health_hca,Italian,health,0.0,0.0,,none,0.0,,,derived,https://www.hca.wa.gov,2026-09-07
health_hca,Japanese,health,0.0,0.0,,none,0.0,,,derived,https://www.hca.wa.gov,2026-09-07
health_hca,Kakwa,health,0.0,0.0,,none,0.0,,,derived,https://www.hca.wa.gov,2026-09-07
health_hca,Kannada,health,0.0,0.0,,none,0.0,,,derived,https://www.hca.wa.gov,2026-09-07
health_hca,Karen,health,0.0,0.0,,none,0.0,,,derived,https://www.hca.wa.gov,2026-09-07
health_hca,Karenni,health,0.0,0.0,,none,0.0,,,derived,https://www.hca.wa.gov,2026-09-07
health_hca,Kazakh,health,0.0,0.0,,none,0.0,,,derived,https://www.hca.wa.gov,2026-09-07
health_hca,Khmer,health,0.0,0.0,,none,0.0,,,derived,https://www.hca.wa.gov,2026-09-07
health_hca,Kikuyu,health,0.0,0.0,,none,0.0,,,derived,https://www.hca.wa.gov,2026-09-07
health_hca,Kinyarwanda,health,0.0,0.0,,none,0.0,,,derived,https://www.hca.wa.gov,2026-09-07
health_hca,Kirgiz,health,0.0,0.0,,none,0.0,,,derived,https://www.hca.wa.gov,2026-09-07
health_hca,Kirundi,health,0.0,0.0,,none,0.0,,,derived,https://www.hca.wa.gov,2026-09-07
health_hca,Kmhmu,health,0.0,0.0,,none,0.0,,,derived,https://www.hca.wa.gov,2026-09-07
health_hca,Kongo,health,0.0,0.0,,none,0.0,,,derived,https://www.hca.wa.gov,2026-09-07
health_hca,Korean,health,0.0,0.0,,none,0.0,,,derived,https://www.hca.wa.gov,2026-09-07
health_hca,Kosraean,health,0.0,0.0,,none,0.0,,,derived,https://www.hca.wa.gov,2026-09-07
health_hca,Krahn,health,0.0,0.0,,none,0.0,,,derived,https://www.hca.wa.gov,2026-09-07
health_hca,Krio,health,0.0,0.0,,none,0.0,,,derived,https://www.hca.wa.gov,2026-09-07
health_hca,Kru,health,0.0,0.0,,none,0.0,,,derived,https://www.hca.wa.gov,2026-09-07
health_hca,Kurdish,health,0.0,0.0,,none,0.0,,,derived,https://www.hca.wa.gov,2026-09-07
health_hca,Lao,health,0.0,0.0,,none,0.0,,,derived,https://www.hca.wa.gov,2026-09-07
health_hca,Latvian,health,0.0,0.0,,none,0.0,,,derived,https://www.hca.wa.gov,2026-09-07
health_hca,Lingala,health,0.0,0.0,,none,0.0,,,derived,https://www.hca.wa.gov,2026-09-07
health_hca,Luganda,health,0.0,0.0,,none,0.0,,,derived,https://www.hca.wa.gov,2026-09-07
health_hca,Maay Maay,health,0.0,0.0,,none,0.0,,,derived,https://www.hca.wa.gov,2026-09-07
health_hca,Malay,health,0.0,0.0,,none,0.0,,,derived,https://www.hca.wa.gov,2026-09-07
health_hca,Malayalam,health,0.0,0.0,,none,0.0,,,derived,https://www.hca.wa.gov,2026-09-07
health_hca,Mam,health,0.0,0.0,,none,0.0,,,derived,https://www.hca.wa.gov,2026-09-07
health_hca,Mandingo,health,0.0,0.0,,none,0.0,,,derived,https://www.hca.wa.gov,2026-09-07
health_hca,Mandinka,health,0.0,0.0,,none,0.0,,,derived,https://www.hca.wa.gov,2026-09-07
health_hca,Marathi,health,0.0,0.0,,none,0.0,,,derived,https://www.hca.wa.gov,2026-09-07
health_hca,Marquesan,health,0.0,0.0,,none,0.0,,,derived,https://www.hca.wa.gov,2026-09-07
health_hca,Marshallese,health,0.0,0.0,,none,0.0,,,derived,https://www.hca.wa.gov,2026-09-07
health_hca,Maya-Quiche,health,0.0,0.0,,none,0.0,,,derived,https://www.hca.wa.gov,2026-09-07
health_hca,Mien,health,0.0,0.0,,none,0.0,,,derived,https://www.hca.wa.gov,2026-09-07
health_hca,Mixteco,health,0.0,0.0,,none,0.0,,,derived,https://www.hca.wa.gov,2026-09-07
health_hca,Moldavian,health,0.0,0.0,,none,0.0,,,derived,https://www.hca.wa.gov,2026-09-07
health_hca,Mongolian,health,0.0,0.0,,none,0.0,,,derived,https://www.hca.wa.gov,2026-09-07
health_hca,Moore,health,0.0,0.0,,none,0.0,,,derived,https://www.hca.wa.gov,2026-09-07
health_hca,"Nahuatl, Guerrero region",health,0.0,0.0,,none,0.0,,,derived,https://www.hca.wa.gov,2026-09-07
health_hca,Nepali,health,0.0,0.0,,none,0.0,,,derived,https://www.hca.wa.gov,2026-09-07
health_hca,Nuer,health,0.0,0.0,,none,0.0,,,derived,https://www.hca.wa.gov,2026-09-07
health_hca,Oromo,health,0.0,0.0,,none,0.0,,,derived,https://www.hca.wa.gov,2026-09-07
health_hca,Palau,health,0.0,0.0,,none,0.0,,,derived,https://www.hca.wa.gov,2026-09-07
health_hca,Pashai,health,0.0,0.0,,none,0.0,,,derived,https://www.hca.wa.gov,2026-09-07
health_hca,Pashto,health,0.0,0.0,,none,0.0,,,derived,https://www.hca.wa.gov,2026-09-07
health_hca,Pere,health,0.0,0.0,,none,0.0,,,derived,https://www.hca.wa.gov,2026-09-07
health_hca,Polish,health,0.0,0.0,,none,0.0,,,derived,https://www.hca.wa.gov,2026-09-07
health_hca,Portuguese,health,0.0,0.0,,none,0.0,,,derived,https://www.hca.wa.gov,2026-09-07
health_hca,Punjabi,health,0.0,0.0,,none,0.0,,,derived,https://www.hca.wa.gov,2026-09-07
health_hca,Purepecha,health,0.0,0.0,,none,0.0,,,derived,https://www.hca.wa.gov,2026-09-07
health_hca,Rohingya,health,0.0,0.0,,none,0.0,,,derived,https://www.hca.wa.gov,2026-09-07
health_hca,Romanian,health,0.0,0.0,,none,0.0,,,derived,https://www.hca.wa.gov,2026-09-07
health_hca,Russian,health,0.0,0.0,,none,0.0,,,derived,https://www.hca.wa.gov,2026-09-07
health_hca,Samoan,health,0.0,0.0,,none,0.0,,,derived,https://www.hca.wa.gov,2026-09-07
health_hca,Sao,health,0.0,0.0,,none,0.0,,,derived,https://www.hca.wa.gov,2026-09-07
health_hca,Serbo-Croation,health,0.0,0.0,,none,0.0,,,derived,https://www.hca.wa.gov,2026-09-07
health_hca,Shona,health,0.0,0.0,,none,0.0,,,derived,https://www.hca.wa.gov,2026-09-07
health_hca,Sinhalese,health,0.0,0.0,,none,0.0,,,derived,https://www.hca.wa.gov,2026-09-07
health_hca,Slovenian,health,0.0,0.0,,none,0.0,,,derived,https://www.hca.wa.gov,2026-09-07
health_hca,Somali,health,0.0,0.0,,none,0.0,,,derived,https://www.hca.wa.gov,2026-09-07
health_hca,Soninke,health,0.0,0.0,,none,0.0,,,derived,https://www.hca.wa.gov,2026-09-07
health_hca,Sotho,health,0.0,0.0,,none,0.0,,,derived,https://www.hca.wa.gov,2026-09-07
health_hca,Spanish,health,0.0,0.0,,none,0.0,,,derived,https://www.hca.wa.gov,2026-09-07
health_hca,Swahili,health,0.0,0.0,,none,0.0,,,derived,https://www.hca.wa.gov,2026-09-07
health_hca,Tagalog,health,0.0,0.0,,none,0.0,,,derived,https://www.hca.wa.gov,2026-09-07
health_hca,Taishanese,health,0.0,0.0,,none,0.0,,,derived,https://www.hca.wa.gov,2026-09-07
health_hca,Tajiki,health,0.0,0.0,,none,0.0,,,derived,https://www.hca.wa.gov,2026-09-07
health_hca,Tamil,health,0.0,0.0,,none,0.0,,,derived,https://www.hca.wa.gov,2026-09-07
health_hca,Tarasco,health,0.0,0.0,,none,0.0,,,derived,https://www.hca.wa.gov,2026-09-07
health_hca,Tedim,health,0.0,0.0,,none,0.0,,,derived,https://www.hca.wa.gov,2026-09-07
health_hca,Telugu,health,0.0,0.0,,none,0.0,,,derived,https://www.hca.wa.gov,2026-09-07
health_hca,Thai,health,0.0,0.0,,none,0.0,,,derived,https://www.hca.wa.gov,2026-09-07
health_hca,Tibetan,health,0.0,0.0,,none,0.0,,,derived,https://www.hca.wa.gov,2026-09-07
health_hca,Tigrinya,health,0.0,0.0,,none,0.0,,,derived,https://www.hca.wa.gov,2026-09-07
health_hca,Tongan,health,0.0,0.0,,none,0.0,,,derived,https://www.hca.wa.gov,2026-09-07
health_hca,Turkish,health,0.0,0.0,,none,0.0,,,derived,https://www.hca.wa.gov,2026-09-07
health_hca,Twi,health,0.0,0.0,,none,0.0,,,derived,https://www.hca.wa.gov,2026-09-07
health_hca,Ukrainian,health,0.0,0.0,,none,0.0,,,derived,https://www.hca.wa.gov,2026-09-07
health_hca,Urdu,health,0.0,0.0,,none,0.0,,,derived,https://www.hca.wa.gov,2026-09-07
health_hca,Uzbek,health,0.0,0.0,,none,0.0,,,derived,https://www.hca.wa.gov,2026-09-07
health_hca,Vietnamese,health,0.0,0.0,,none,0.0,,,derived,https://www.hca.wa.gov,2026-09-07
health_hca,Wolof,health,0.0,0.0,,none,0.0,,,derived,https://www.hca.wa.gov,2026-09-07
health_hca,Yap,health,0.0,0.0,,none,0.0,,,derived,https://www.hca.wa.gov,2026-09-07
health_hca,Yoruba,health,0.0,0.0,,none,0.0,,,derived,https://www.hca.wa.gov,2026-09-07
health_planfinder,Acholi,health,0.0,0.0,,none,0.0,,,derived,https://www.wahealthplanfinder.org,2026-09-07
health_planfinder,Aguacateco,health,0.0,0.0,,none,0.0,,,derived,https://www.wahealthplanfinder.org,2026-09-07
health_planfinder,Akateko,health,0.0,0.0,,none,0.0,,,derived,https://www.wahealthplanfinder.org,2026-09-07
health_planfinder,Albanian,health,0.0,0.0,,none,0.0,,,derived,https://www.wahealthplanfinder.org,2026-09-07
health_planfinder,American Sign Language,health,3.0,2.0,,in_language_document,1.0,unchecked,unverified,derived,https://www.wahealthplanfinder.org/us/en/tools-and-resources/how-to/language-support.html,2026-09-07
health_planfinder,Amharic,health,3.0,2.0,,in_language_document,1.0,human,verified_human,derived,https://www.wahealthplanfinder.org/us/en/tools-and-resources/how-to/language-support.html,2026-09-07
health_planfinder,Arabic,health,3.0,2.0,,in_language_document,1.0,unchecked,unverified,derived,https://www.wahealthplanfinder.org/us/en/tools-and-resources/how-to/language-support.html,2026-09-07
health_planfinder,Armenian,health,0.0,0.0,,none,0.0,,,derived,https://www.wahealthplanfinder.org,2026-09-07
health_planfinder,Ayula-Bambara,health,0.0,0.0,,none,0.0,,,derived,https://www.wahealthplanfinder.org,2026-09-07
health_planfinder,Azerbaijani,health,0.0,0.0,,none,0.0,,,derived,https://www.wahealthplanfinder.org,2026-09-07
health_planfinder,Bambara,health,0.0,0.0,,none,0.0,,,derived,https://www.wahealthplanfinder.org,2026-09-07
health_planfinder,Bangala,health,0.0,0.0,,none,0.0,,,derived,https://www.wahealthplanfinder.org,2026-09-07
health_planfinder,Bassa,health,0.0,0.0,,none,0.0,,,derived,https://www.wahealthplanfinder.org,2026-09-07
health_planfinder,Bengali,health,0.0,0.0,,none,0.0,,,derived,https://www.wahealthplanfinder.org,2026-09-07
health_planfinder,Bosnian,health,0.0,0.0,,none,0.0,,,derived,https://www.wahealthplanfinder.org,2026-09-07
health_planfinder,Bulgarian,health,0.0,0.0,,none,0.0,,,derived,https://www.wahealthplanfinder.org,2026-09-07
health_planfinder,Burmese,health,0.0,0.0,,none,0.0,,,derived,https://www.wahealthplanfinder.org,2026-09-07
health_planfinder,Carolinian,health,0.0,0.0,,none,0.0,,,derived,https://www.wahealthplanfinder.org,2026-09-07
health_planfinder,Catalan,health,0.0,0.0,,none,0.0,,,derived,https://www.wahealthplanfinder.org,2026-09-07
health_planfinder,Cebuano,health,0.0,0.0,,none,0.0,,,derived,https://www.wahealthplanfinder.org,2026-09-07
health_planfinder,Cham,health,0.0,0.0,,none,0.0,,,derived,https://www.wahealthplanfinder.org,2026-09-07
health_planfinder,Chamorro,health,0.0,0.0,,none,0.0,,,derived,https://www.wahealthplanfinder.org,2026-09-07
health_planfinder,Chin,health,0.0,0.0,,none,0.0,,,derived,https://www.wahealthplanfinder.org,2026-09-07
health_planfinder,Chinese-Cantonese,health,3.0,2.0,,in_language_document,1.0,unchecked,unverified,derived,https://www.wahealthplanfinder.org/us/en/tools-and-resources/how-to/language-support.html,2026-09-07
health_planfinder,Chinese-Fukienese,health,0.0,0.0,,none,0.0,,,derived,https://www.wahealthplanfinder.org,2026-09-07
health_planfinder,Chinese-Mandarin,health,3.0,2.0,,in_language_document,1.0,unchecked,unverified,derived,https://www.wahealthplanfinder.org/us/en/tools-and-resources/how-to/language-support.html,2026-09-07
health_planfinder,Chinese-Taiwanese,health,0.0,0.0,,none,0.0,,,derived,https://www.wahealthplanfinder.org,2026-09-07
health_planfinder,Chuukese,health,0.0,0.0,,none,0.0,,,derived,https://www.wahealthplanfinder.org,2026-09-07
health_planfinder,Dari,health,3.0,2.0,,in_language_document,1.0,unchecked,unverified,derived,https://www.wahealthplanfinder.org/us/en/tools-and-resources/how-to/language-support.html,2026-09-07
health_planfinder,Dinka,health,0.0,0.0,,none,0.0,,,derived,https://www.wahealthplanfinder.org,2026-09-07
health_planfinder,Dutch,health,0.0,0.0,,none,0.0,,,derived,https://www.wahealthplanfinder.org,2026-09-07
health_planfinder,Egyptian-Arabic,health,0.0,0.0,,none,0.0,,,derived,https://www.wahealthplanfinder.org,2026-09-07
health_planfinder,Eritai,health,0.0,0.0,,none,0.0,,,derived,https://www.wahealthplanfinder.org,2026-09-07
health_planfinder,Estonian,health,0.0,0.0,,none,0.0,,,derived,https://www.wahealthplanfinder.org,2026-09-07
health_planfinder,Ewe,health,0.0,0.0,,none,0.0,,,derived,https://www.wahealthplanfinder.org,2026-09-07
health_planfinder,Fallani,health,0.0,0.0,,none,0.0,,,derived,https://www.wahealthplanfinder.org,2026-09-07
health_planfinder,Farsi,health,3.0,2.0,,in_language_document,1.0,unchecked,unverified,derived,https://www.wahealthplanfinder.org/us/en/tools-and-resources/how-to/language-support.html,2026-09-07
health_planfinder,French,health,3.0,2.0,,in_language_document,1.0,unchecked,unverified,derived,https://www.wahealthplanfinder.org/us/en/tools-and-resources/how-to/language-support.html,2026-09-07
health_planfinder,Fula,health,0.0,0.0,,none,0.0,,,derived,https://www.wahealthplanfinder.org,2026-09-07
health_planfinder,Ga,health,0.0,0.0,,none,0.0,,,derived,https://www.wahealthplanfinder.org,2026-09-07
health_planfinder,German,health,3.0,2.0,,in_language_document,1.0,unchecked,unverified,derived,https://www.wahealthplanfinder.org/us/en/tools-and-resources/how-to/language-support.html,2026-09-07
health_planfinder,"Greek, Modern",health,0.0,0.0,,none,0.0,,,derived,https://www.wahealthplanfinder.org,2026-09-07
health_planfinder,Gujarati,health,0.0,0.0,,none,0.0,,,derived,https://www.wahealthplanfinder.org,2026-09-07
health_planfinder,Haitian Creole,health,0.0,0.0,,none,0.0,,,derived,https://www.wahealthplanfinder.org,2026-09-07
health_planfinder,Hausa,health,0.0,0.0,,none,0.0,,,derived,https://www.wahealthplanfinder.org,2026-09-07
health_planfinder,Hawaiian,health,0.0,0.0,,none,0.0,,,derived,https://www.wahealthplanfinder.org,2026-09-07
health_planfinder,Herero,health,0.0,0.0,,none,0.0,,,derived,https://www.wahealthplanfinder.org,2026-09-07
health_planfinder,Hindi,health,3.0,2.0,,in_language_document,1.0,unchecked,unverified,derived,https://www.wahealthplanfinder.org/us/en/tools-and-resources/how-to/language-support.html,2026-09-07
health_planfinder,Hmong,health,0.0,0.0,,none,0.0,,,derived,https://www.wahealthplanfinder.org,2026-09-07
health_planfinder,Hungarian,health,0.0,0.0,,none,0.0,,,derived,https://www.wahealthplanfinder.org,2026-09-07
health_planfinder,Igbo,health,0.0,0.0,,none,0.0,,,derived,https://www.wahealthplanfinder.org,2026-09-07
health_planfinder,Ilokano,health,0.0,0.0,,none,0.0,,,derived,https://www.wahealthplanfinder.org,2026-09-07
health_planfinder,Indonesian,health,0.0,0.0,,none,0.0,,,derived,https://www.wahealthplanfinder.org,2026-09-07
health_planfinder,Italian,health,0.0,0.0,,none,0.0,,,derived,https://www.wahealthplanfinder.org,2026-09-07
health_planfinder,Japanese,health,3.0,2.0,,in_language_document,1.0,unchecked,unverified,derived,https://www.wahealthplanfinder.org/us/en/tools-and-resources/how-to/language-support.html,2026-09-07
health_planfinder,Kakwa,health,0.0,0.0,,none,0.0,,,derived,https://www.wahealthplanfinder.org,2026-09-07
health_planfinder,Kannada,health,0.0,0.0,,none,0.0,,,derived,https://www.wahealthplanfinder.org,2026-09-07
health_planfinder,Karen,health,0.0,0.0,,none,0.0,,,derived,https://www.wahealthplanfinder.org,2026-09-07
health_planfinder,Karenni,health,0.0,0.0,,none,0.0,,,derived,https://www.wahealthplanfinder.org,2026-09-07
health_planfinder,Kazakh,health,0.0,0.0,,none,0.0,,,derived,https://www.wahealthplanfinder.org,2026-09-07
health_planfinder,Khmer,health,3.0,2.0,,in_language_document,1.0,unchecked,unverified,derived,https://www.wahealthplanfinder.org/us/en/tools-and-resources/how-to/language-support.html,2026-09-07
health_planfinder,Kikuyu,health,0.0,0.0,,none,0.0,,,derived,https://www.wahealthplanfinder.org,2026-09-07
health_planfinder,Kinyarwanda,health,0.0,0.0,,none,0.0,,,derived,https://www.wahealthplanfinder.org,2026-09-07
health_planfinder,Kirgiz,health,0.0,0.0,,none,0.0,,,derived,https://www.wahealthplanfinder.org,2026-09-07
health_planfinder,Kirundi,health,0.0,0.0,,none,0.0,,,derived,https://www.wahealthplanfinder.org,2026-09-07
health_planfinder,Kmhmu,health,0.0,0.0,,none,0.0,,,derived,https://www.wahealthplanfinder.org,2026-09-07
health_planfinder,Kongo,health,0.0,0.0,,none,0.0,,,derived,https://www.wahealthplanfinder.org,2026-09-07
health_planfinder,Korean,health,3.0,2.0,,in_language_document,1.0,unchecked,unverified,derived,https://www.wahealthplanfinder.org/us/en/tools-and-resources/how-to/language-support.html,2026-09-07
health_planfinder,Kosraean,health,0.0,0.0,,none,0.0,,,derived,https://www.wahealthplanfinder.org,2026-09-07
health_planfinder,Krahn,health,0.0,0.0,,none,0.0,,,derived,https://www.wahealthplanfinder.org,2026-09-07
health_planfinder,Krio,health,0.0,0.0,,none,0.0,,,derived,https://www.wahealthplanfinder.org,2026-09-07
health_planfinder,Kru,health,0.0,0.0,,none,0.0,,,derived,https://www.wahealthplanfinder.org,2026-09-07
health_planfinder,Kurdish,health,0.0,0.0,,none,0.0,,,derived,https://www.wahealthplanfinder.org,2026-09-07
health_planfinder,Lao,health,3.0,2.0,,in_language_document,1.0,unchecked,unverified,derived,https://www.wahealthplanfinder.org/us/en/tools-and-resources/how-to/language-support.html,2026-09-07
health_planfinder,Latvian,health,0.0,0.0,,none,0.0,,,derived,https://www.wahealthplanfinder.org,2026-09-07
health_planfinder,Lingala,health,0.0,0.0,,none,0.0,,,derived,https://www.wahealthplanfinder.org,2026-09-07
health_planfinder,Luganda,health,0.0,0.0,,none,0.0,,,derived,https://www.wahealthplanfinder.org,2026-09-07
health_planfinder,Maay Maay,health,0.0,0.0,,none,0.0,,,derived,https://www.wahealthplanfinder.org,2026-09-07
health_planfinder,Malay,health,0.0,0.0,,none,0.0,,,derived,https://www.wahealthplanfinder.org,2026-09-07
health_planfinder,Malayalam,health,0.0,0.0,,none,0.0,,,derived,https://www.wahealthplanfinder.org,2026-09-07
health_planfinder,Mam,health,0.0,0.0,,none,0.0,,,derived,https://www.wahealthplanfinder.org,2026-09-07
health_planfinder,Mandingo,health,0.0,0.0,,none,0.0,,,derived,https://www.wahealthplanfinder.org,2026-09-07
health_planfinder,Mandinka,health,0.0,0.0,,none,0.0,,,derived,https://www.wahealthplanfinder.org,2026-09-07
health_planfinder,Marathi,health,0.0,0.0,,none,0.0,,,derived,https://www.wahealthplanfinder.org,2026-09-07
health_planfinder,Marquesan,health,0.0,0.0,,none,0.0,,,derived,https://www.wahealthplanfinder.org,2026-09-07
health_planfinder,Marshallese,health,0.0,0.0,,none,0.0,,,derived,https://www.wahealthplanfinder.org,2026-09-07
health_planfinder,Maya-Quiche,health,0.0,0.0,,none,0.0,,,derived,https://www.wahealthplanfinder.org,2026-09-07
health_planfinder,Mien,health,0.0,0.0,,none,0.0,,,derived,https://www.wahealthplanfinder.org,2026-09-07
health_planfinder,Mixteco,health,0.0,0.0,,none,0.0,,,derived,https://www.wahealthplanfinder.org,2026-09-07
health_planfinder,Moldavian,health,0.0,0.0,,none,0.0,,,derived,https://www.wahealthplanfinder.org,2026-09-07
health_planfinder,Mongolian,health,0.0,0.0,,none,0.0,,,derived,https://www.wahealthplanfinder.org,2026-09-07
health_planfinder,Moore,health,0.0,0.0,,none,0.0,,,derived,https://www.wahealthplanfinder.org,2026-09-07
health_planfinder,"Nahuatl, Guerrero region",health,0.0,0.0,,none,0.0,,,derived,https://www.wahealthplanfinder.org,2026-09-07
health_planfinder,Nepali,health,0.0,0.0,,none,0.0,,,derived,https://www.wahealthplanfinder.org,2026-09-07
health_planfinder,Nuer,health,0.0,0.0,,none,0.0,,,derived,https://www.wahealthplanfinder.org,2026-09-07
health_planfinder,Oromo,health,3.0,2.0,,in_language_document,1.0,unchecked,unverified,derived,https://www.wahealthplanfinder.org/us/en/tools-and-resources/how-to/language-support.html,2026-09-07
health_planfinder,Palau,health,0.0,0.0,,none,0.0,,,derived,https://www.wahealthplanfinder.org,2026-09-07
health_planfinder,Pashai,health,0.0,0.0,,none,0.0,,,derived,https://www.wahealthplanfinder.org,2026-09-07
health_planfinder,Pashto,health,3.0,2.0,,in_language_document,1.0,unchecked,unverified,derived,https://www.wahealthplanfinder.org/us/en/tools-and-resources/how-to/language-support.html,2026-09-07
health_planfinder,Pere,health,0.0,0.0,,none,0.0,,,derived,https://www.wahealthplanfinder.org,2026-09-07
health_planfinder,Polish,health,0.0,0.0,,none,0.0,,,derived,https://www.wahealthplanfinder.org,2026-09-07
health_planfinder,Portuguese,health,3.0,2.0,,in_language_document,1.0,unchecked,unverified,derived,https://www.wahealthplanfinder.org/us/en/tools-and-resources/how-to/language-support.html,2026-09-07
health_planfinder,Punjabi,health,3.0,2.0,,in_language_document,1.0,unchecked,unverified,derived,https://www.wahealthplanfinder.org/us/en/tools-and-resources/how-to/language-support.html,2026-09-07
health_planfinder,Purepecha,health,0.0,0.0,,none,0.0,,,derived,https://www.wahealthplanfinder.org,2026-09-07
health_planfinder,Rohingya,health,0.0,0.0,,none,0.0,,,derived,https://www.wahealthplanfinder.org,2026-09-07
health_planfinder,Romanian,health,3.0,2.0,,in_language_document,1.0,unchecked,unverified,derived,https://www.wahealthplanfinder.org/us/en/tools-and-resources/how-to/language-support.html,2026-09-07
health_planfinder,Russian,health,3.0,2.0,,in_language_document,1.0,unchecked,unverified,derived,https://www.wahealthplanfinder.org/us/en/tools-and-resources/how-to/language-support.html,2026-09-07
health_planfinder,Samoan,health,0.0,0.0,,none,0.0,,,derived,https://www.wahealthplanfinder.org,2026-09-07
health_planfinder,Sao,health,0.0,0.0,,none,0.0,,,derived,https://www.wahealthplanfinder.org,2026-09-07
health_planfinder,Serbo-Croation,health,0.0,0.0,,none,0.0,,,derived,https://www.wahealthplanfinder.org,2026-09-07
health_planfinder,Shona,health,0.0,0.0,,none,0.0,,,derived,https://www.wahealthplanfinder.org,2026-09-07
health_planfinder,Sinhalese,health,0.0,0.0,,none,0.0,,,derived,https://www.wahealthplanfinder.org,2026-09-07
health_planfinder,Slovenian,health,0.0,0.0,,none,0.0,,,derived,https://www.wahealthplanfinder.org,2026-09-07
health_planfinder,Somali,health,3.0,2.0,,in_language_document,1.0,unchecked,unverified,derived,https://www.wahealthplanfinder.org/us/en/tools-and-resources/how-to/language-support.html,2026-09-07
health_planfinder,Soninke,health,0.0,0.0,,none,0.0,,,derived,https://www.wahealthplanfinder.org,2026-09-07
health_planfinder,Sotho,health,0.0,0.0,,none,0.0,,,derived,https://www.wahealthplanfinder.org,2026-09-07
health_planfinder,Spanish,health,3.0,2.0,,in_language_document,1.0,unchecked,unverified,derived,https://www.wahealthplanfinder.org/us/en/tools-and-resources/how-to/language-support.html,2026-09-07
health_planfinder,Swahili,health,0.0,0.0,,none,0.0,,,derived,https://www.wahealthplanfinder.org,2026-09-07
health_planfinder,Tagalog,health,3.0,2.0,,in_language_document,1.0,unchecked,unverified,derived,https://www.wahealthplanfinder.org/us/en/tools-and-resources/how-to/language-support.html,2026-09-07
health_planfinder,Taishanese,health,0.0,0.0,,none,0.0,,,derived,https://www.wahealthplanfinder.org,2026-09-07
health_planfinder,Tajiki,health,0.0,0.0,,none,0.0,,,derived,https://www.wahealthplanfinder.org,2026-09-07
health_planfinder,Tamil,health,0.0,0.0,,none,0.0,,,derived,https://www.wahealthplanfinder.org,2026-09-07
health_planfinder,Tarasco,health,0.0,0.0,,none,0.0,,,derived,https://www.wahealthplanfinder.org,2026-09-07
health_planfinder,Tedim,health,0.0,0.0,,none,0.0,,,derived,https://www.wahealthplanfinder.org,2026-09-07
health_planfinder,Telugu,health,0.0,0.0,,none,0.0,,,derived,https://www.wahealthplanfinder.org,2026-09-07
health_planfinder,Thai,health,0.0,0.0,,none,0.0,,,derived,https://www.wahealthplanfinder.org,2026-09-07
health_planfinder,Tibetan,health,0.0,0.0,,none,0.0,,,derived,https://www.wahealthplanfinder.org,2026-09-07
health_planfinder,Tigrinya,health,3.0,2.0,,in_language_document,1.0,unchecked,unverified,derived,https://www.wahealthplanfinder.org/us/en/tools-and-resources/how-to/language-support.html,2026-09-07
health_planfinder,Tongan,health,0.0,0.0,,none,0.0,,,derived,https://www.wahealthplanfinder.org,2026-09-07
health_planfinder,Turkish,health,0.0,0.0,,none,0.0,,,derived,https://www.wahealthplanfinder.org,2026-09-07
health_planfinder,Twi,health,0.0,0.0,,none,0.0,,,derived,https://www.wahealthplanfinder.org,2026-09-07
health_planfinder,Ukrainian,health,3.0,2.0,,in_language_document,1.0,unchecked,unverified,derived,https://www.wahealthplanfinder.org/us/en/tools-and-resources/how-to/language-support.html,2026-09-07
health_planfinder,Urdu,health,0.0,0.0,,none,0.0,,,derived,https://www.wahealthplanfinder.org,2026-09-07
health_planfinder,Uzbek,health,0.0,0.0,,none,0.0,,,derived,https://www.wahealthplanfinder.org,2026-09-07
health_planfinder,Vietnamese,health,3.0,2.0,,in_language_document,1.0,unchecked,unverified,derived,https://www.wahealthplanfinder.org/us/en/tools-and-resources/how-to/language-support.html,2026-09-07
health_planfinder,Wolof,health,0.0,0.0,,none,0.0,,,derived,https://www.wahealthplanfinder.org,2026-09-07
health_planfinder,Yap,health,0.0,0.0,,none,0.0,,,derived,https://www.wahealthplanfinder.org,2026-09-07
health_planfinder,Yoruba,health,0.0,0.0,,none,0.0,,,derived,https://www.wahealthplanfinder.org,2026-09-07
health_doh,Acholi,health,0.0,0.0,,none,0.0,,,derived,https://doh.wa.gov,2026-09-07
health_doh,Aguacateco,health,0.0,0.0,,none,0.0,,,derived,https://doh.wa.gov,2026-09-07
health_doh,Akateko,health,0.0,0.0,,none,0.0,,,derived,https://doh.wa.gov,2026-09-07
health_doh,Albanian,health,0.0,0.0,,none,0.0,,,derived,https://doh.wa.gov,2026-09-07
health_doh,American Sign Language,health,0.0,0.0,,none,0.0,,,derived,https://doh.wa.gov,2026-09-07
health_doh,Amharic,health,0.0,0.0,,none,0.0,,,derived,https://doh.wa.gov,2026-09-07
health_doh,Arabic,health,0.0,0.0,,none,0.0,,,derived,https://doh.wa.gov,2026-09-07
health_doh,Armenian,health,0.0,0.0,,none,0.0,,,derived,https://doh.wa.gov,2026-09-07
health_doh,Ayula-Bambara,health,0.0,0.0,,none,0.0,,,derived,https://doh.wa.gov,2026-09-07
health_doh,Azerbaijani,health,0.0,0.0,,none,0.0,,,derived,https://doh.wa.gov,2026-09-07
health_doh,Bambara,health,0.0,0.0,,none,0.0,,,derived,https://doh.wa.gov,2026-09-07
health_doh,Bangala,health,0.0,0.0,,none,0.0,,,derived,https://doh.wa.gov,2026-09-07
health_doh,Bassa,health,0.0,0.0,,none,0.0,,,derived,https://doh.wa.gov,2026-09-07
health_doh,Bengali,health,0.0,0.0,,none,0.0,,,derived,https://doh.wa.gov,2026-09-07
health_doh,Bosnian,health,0.0,0.0,,none,0.0,,,derived,https://doh.wa.gov,2026-09-07
health_doh,Bulgarian,health,0.0,0.0,,none,0.0,,,derived,https://doh.wa.gov,2026-09-07
health_doh,Burmese,health,0.0,0.0,,none,0.0,,,derived,https://doh.wa.gov,2026-09-07
health_doh,Carolinian,health,0.0,0.0,,none,0.0,,,derived,https://doh.wa.gov,2026-09-07
health_doh,Catalan,health,0.0,0.0,,none,0.0,,,derived,https://doh.wa.gov,2026-09-07
health_doh,Cebuano,health,0.0,0.0,,none,0.0,,,derived,https://doh.wa.gov,2026-09-07
health_doh,Cham,health,0.0,0.0,,none,0.0,,,derived,https://doh.wa.gov,2026-09-07
health_doh,Chamorro,health,0.0,0.0,,none,0.0,,,derived,https://doh.wa.gov,2026-09-07
health_doh,Chin,health,0.0,0.0,,none,0.0,,,derived,https://doh.wa.gov,2026-09-07
health_doh,Chinese-Cantonese,health,0.0,0.0,,none,0.0,,,derived,https://doh.wa.gov,2026-09-07
health_doh,Chinese-Fukienese,health,0.0,0.0,,none,0.0,,,derived,https://doh.wa.gov,2026-09-07
health_doh,Chinese-Mandarin,health,0.0,0.0,,none,0.0,,,derived,https://doh.wa.gov,2026-09-07
health_doh,Chinese-Taiwanese,health,0.0,0.0,,none,0.0,,,derived,https://doh.wa.gov,2026-09-07
health_doh,Chuukese,health,0.0,0.0,,none,0.0,,,derived,https://doh.wa.gov,2026-09-07
health_doh,Dari,health,0.0,0.0,,none,0.0,,,derived,https://doh.wa.gov,2026-09-07
health_doh,Dinka,health,0.0,0.0,,none,0.0,,,derived,https://doh.wa.gov,2026-09-07
health_doh,Dutch,health,0.0,0.0,,none,0.0,,,derived,https://doh.wa.gov,2026-09-07
health_doh,Egyptian-Arabic,health,0.0,0.0,,none,0.0,,,derived,https://doh.wa.gov,2026-09-07
health_doh,Eritai,health,0.0,0.0,,none,0.0,,,derived,https://doh.wa.gov,2026-09-07
health_doh,Estonian,health,0.0,0.0,,none,0.0,,,derived,https://doh.wa.gov,2026-09-07
health_doh,Ewe,health,0.0,0.0,,none,0.0,,,derived,https://doh.wa.gov,2026-09-07
health_doh,Fallani,health,0.0,0.0,,none,0.0,,,derived,https://doh.wa.gov,2026-09-07
health_doh,Farsi,health,0.0,0.0,,none,0.0,,,derived,https://doh.wa.gov,2026-09-07
health_doh,French,health,0.0,0.0,,none,0.0,,,derived,https://doh.wa.gov,2026-09-07
health_doh,Fula,health,0.0,0.0,,none,0.0,,,derived,https://doh.wa.gov,2026-09-07
health_doh,Ga,health,0.0,0.0,,none,0.0,,,derived,https://doh.wa.gov,2026-09-07
health_doh,German,health,0.0,0.0,,none,0.0,,,derived,https://doh.wa.gov,2026-09-07
health_doh,"Greek, Modern",health,0.0,0.0,,none,0.0,,,derived,https://doh.wa.gov,2026-09-07
health_doh,Gujarati,health,0.0,0.0,,none,0.0,,,derived,https://doh.wa.gov,2026-09-07
health_doh,Haitian Creole,health,0.0,0.0,,none,0.0,,,derived,https://doh.wa.gov,2026-09-07
health_doh,Hausa,health,0.0,0.0,,none,0.0,,,derived,https://doh.wa.gov,2026-09-07
health_doh,Hawaiian,health,0.0,0.0,,none,0.0,,,derived,https://doh.wa.gov,2026-09-07
health_doh,Herero,health,0.0,0.0,,none,0.0,,,derived,https://doh.wa.gov,2026-09-07
health_doh,Hindi,health,0.0,0.0,,none,0.0,,,derived,https://doh.wa.gov,2026-09-07
health_doh,Hmong,health,0.0,0.0,,none,0.0,,,derived,https://doh.wa.gov,2026-09-07
health_doh,Hungarian,health,0.0,0.0,,none,0.0,,,derived,https://doh.wa.gov,2026-09-07
health_doh,Igbo,health,0.0,0.0,,none,0.0,,,derived,https://doh.wa.gov,2026-09-07
health_doh,Ilokano,health,0.0,0.0,,none,0.0,,,derived,https://doh.wa.gov,2026-09-07
health_doh,Indonesian,health,0.0,0.0,,none,0.0,,,derived,https://doh.wa.gov,2026-09-07
health_doh,Italian,health,0.0,0.0,,none,0.0,,,derived,https://doh.wa.gov,2026-09-07
health_doh,Japanese,health,0.0,0.0,,none,0.0,,,derived,https://doh.wa.gov,2026-09-07
health_doh,Kakwa,health,0.0,0.0,,none,0.0,,,derived,https://doh.wa.gov,2026-09-07
health_doh,Kannada,health,0.0,0.0,,none,0.0,,,derived,https://doh.wa.gov,2026-09-07
health_doh,Karen,health,0.0,0.0,,none,0.0,,,derived,https://doh.wa.gov,2026-09-07
health_doh,Karenni,health,0.0,0.0,,none,0.0,,,derived,https://doh.wa.gov,2026-09-07
health_doh,Kazakh,health,0.0,0.0,,none,0.0,,,derived,https://doh.wa.gov,2026-09-07
health_doh,Khmer,health,0.0,0.0,,none,0.0,,,derived,https://doh.wa.gov,2026-09-07
health_doh,Kikuyu,health,0.0,0.0,,none,0.0,,,derived,https://doh.wa.gov,2026-09-07
health_doh,Kinyarwanda,health,0.0,0.0,,none,0.0,,,derived,https://doh.wa.gov,2026-09-07
health_doh,Kirgiz,health,0.0,0.0,,none,0.0,,,derived,https://doh.wa.gov,2026-09-07
health_doh,Kirundi,health,0.0,0.0,,none,0.0,,,derived,https://doh.wa.gov,2026-09-07
health_doh,Kmhmu,health,0.0,0.0,,none,0.0,,,derived,https://doh.wa.gov,2026-09-07
health_doh,Kongo,health,0.0,0.0,,none,0.0,,,derived,https://doh.wa.gov,2026-09-07
health_doh,Korean,health,0.0,0.0,,none,0.0,,,derived,https://doh.wa.gov,2026-09-07
health_doh,Kosraean,health,0.0,0.0,,none,0.0,,,derived,https://doh.wa.gov,2026-09-07
health_doh,Krahn,health,0.0,0.0,,none,0.0,,,derived,https://doh.wa.gov,2026-09-07
health_doh,Krio,health,0.0,0.0,,none,0.0,,,derived,https://doh.wa.gov,2026-09-07
health_doh,Kru,health,0.0,0.0,,none,0.0,,,derived,https://doh.wa.gov,2026-09-07
health_doh,Kurdish,health,0.0,0.0,,none,0.0,,,derived,https://doh.wa.gov,2026-09-07
health_doh,Lao,health,0.0,0.0,,none,0.0,,,derived,https://doh.wa.gov,2026-09-07
health_doh,Latvian,health,0.0,0.0,,none,0.0,,,derived,https://doh.wa.gov,2026-09-07
health_doh,Lingala,health,0.0,0.0,,none,0.0,,,derived,https://doh.wa.gov,2026-09-07
health_doh,Luganda,health,0.0,0.0,,none,0.0,,,derived,https://doh.wa.gov,2026-09-07
health_doh,Maay Maay,health,0.0,0.0,,none,0.0,,,derived,https://doh.wa.gov,2026-09-07
health_doh,Malay,health,0.0,0.0,,none,0.0,,,derived,https://doh.wa.gov,2026-09-07
health_doh,Malayalam,health,0.0,0.0,,none,0.0,,,derived,https://doh.wa.gov,2026-09-07
health_doh,Mam,health,0.0,0.0,,none,0.0,,,derived,https://doh.wa.gov,2026-09-07
health_doh,Mandingo,health,0.0,0.0,,none,0.0,,,derived,https://doh.wa.gov,2026-09-07
health_doh,Mandinka,health,0.0,0.0,,none,0.0,,,derived,https://doh.wa.gov,2026-09-07
health_doh,Marathi,health,0.0,0.0,,none,0.0,,,derived,https://doh.wa.gov,2026-09-07
health_doh,Marquesan,health,0.0,0.0,,none,0.0,,,derived,https://doh.wa.gov,2026-09-07
health_doh,Marshallese,health,0.0,0.0,,none,0.0,,,derived,https://doh.wa.gov,2026-09-07
health_doh,Maya-Quiche,health,0.0,0.0,,none,0.0,,,derived,https://doh.wa.gov,2026-09-07
health_doh,Mien,health,0.0,0.0,,none,0.0,,,derived,https://doh.wa.gov,2026-09-07
health_doh,Mixteco,health,0.0,0.0,,none,0.0,,,derived,https://doh.wa.gov,2026-09-07
health_doh,Moldavian,health,0.0,0.0,,none,0.0,,,derived,https://doh.wa.gov,2026-09-07
health_doh,Mongolian,health,0.0,0.0,,none,0.0,,,derived,https://doh.wa.gov,2026-09-07
health_doh,Moore,health,0.0,0.0,,none,0.0,,,derived,https://doh.wa.gov,2026-09-07
health_doh,"Nahuatl, Guerrero region",health,0.0,0.0,,none,0.0,,,derived,https://doh.wa.gov,2026-09-07
health_doh,Nepali,health,0.0,0.0,,none,0.0,,,derived,https://doh.wa.gov,2026-09-07
health_doh,Nuer,health,0.0,0.0,,none,0.0,,,derived,https://doh.wa.gov,2026-09-07
health_doh,Oromo,health,0.0,0.0,,none,0.0,,,derived,https://doh.wa.gov,2026-09-07
health_doh,Palau,health,0.0,0.0,,none,0.0,,,derived,https://doh.wa.gov,2026-09-07
health_doh,Pashai,health,0.0,0.0,,none,0.0,,,derived,https://doh.wa.gov,2026-09-07
health_doh,Pashto,health,0.0,0.0,,none,0.0,,,derived,https://doh.wa.gov,2026-09-07
health_doh,Pere,health,0.0,0.0,,none,0.0,,,derived,https://doh.wa.gov,2026-09-07
health_doh,Polish,health,0.0,0.0,,none,0.0,,,derived,https://doh.wa.gov,2026-09-07
health_doh,Portuguese,health,0.0,0.0,,none,0.0,,,derived,https://doh.wa.gov,2026-09-07
health_doh,Punjabi,health,0.0,0.0,,none,0.0,,,derived,https://doh.wa.gov,2026-09-07
health_doh,Purepecha,health,0.0,0.0,,none,0.0,,,derived,https://doh.wa.gov,2026-09-07
health_doh,Rohingya,health,0.0,0.0,,none,0.0,,,derived,https://doh.wa.gov,2026-09-07
health_doh,Romanian,health,0.0,0.0,,none,0.0,,,derived,https://doh.wa.gov,2026-09-07
health_doh,Russian,health,3.0,2.0,,in_language_document,3.0,unchecked,unverified,derived,https://doh.wa.gov/you-and-your-family/illness-and-disease-z/flu/flu-and-pregnancy-russian,2026-09-07
health_doh,Samoan,health,0.0,0.0,,none,0.0,,,derived,https://doh.wa.gov,2026-09-07
health_doh,Sao,health,0.0,0.0,,none,0.0,,,derived,https://doh.wa.gov,2026-09-07
health_doh,Serbo-Croation,health,0.0,0.0,,none,0.0,,,derived,https://doh.wa.gov,2026-09-07
health_doh,Shona,health,0.0,0.0,,none,0.0,,,derived,https://doh.wa.gov,2026-09-07
health_doh,Sinhalese,health,0.0,0.0,,none,0.0,,,derived,https://doh.wa.gov,2026-09-07
health_doh,Slovenian,health,0.0,0.0,,none,0.0,,,derived,https://doh.wa.gov,2026-09-07
health_doh,Somali,health,0.0,0.0,,none,0.0,,,derived,https://doh.wa.gov,2026-09-07
health_doh,Soninke,health,0.0,0.0,,none,0.0,,,derived,https://doh.wa.gov,2026-09-07
health_doh,Sotho,health,0.0,0.0,,none,0.0,,,derived,https://doh.wa.gov,2026-09-07
health_doh,Spanish,health,3.0,2.0,,in_language_document,2.0,unchecked,unverified,derived,https://doh.wa.gov/you-and-your-family/illness-and-disease-z/flu/high-risk-spanish,2026-09-07
health_doh,Swahili,health,0.0,0.0,,none,0.0,,,derived,https://doh.wa.gov,2026-09-07
health_doh,Tagalog,health,0.0,0.0,,none,0.0,,,derived,https://doh.wa.gov,2026-09-07
health_doh,Taishanese,health,0.0,0.0,,none,0.0,,,derived,https://doh.wa.gov,2026-09-07
health_doh,Tajiki,health,0.0,0.0,,none,0.0,,,derived,https://doh.wa.gov,2026-09-07
health_doh,Tamil,health,0.0,0.0,,none,0.0,,,derived,https://doh.wa.gov,2026-09-07
health_doh,Tarasco,health,0.0,0.0,,none,0.0,,,derived,https://doh.wa.gov,2026-09-07
health_doh,Tedim,health,0.0,0.0,,none,0.0,,,derived,https://doh.wa.gov,2026-09-07
health_doh,Telugu,health,0.0,0.0,,none,0.0,,,derived,https://doh.wa.gov,2026-09-07
health_doh,Thai,health,0.0,0.0,,none,0.0,,,derived,https://doh.wa.gov,2026-09-07
health_doh,Tibetan,health,0.0,0.0,,none,0.0,,,derived,https://doh.wa.gov,2026-09-07
health_doh,Tigrinya,health,0.0,0.0,,none,0.0,,,derived,https://doh.wa.gov,2026-09-07
health_doh,Tongan,health,0.0,0.0,,none,0.0,,,derived,https://doh.wa.gov,2026-09-07
health_doh,Turkish,health,0.0,0.0,,none,0.0,,,derived,https://doh.wa.gov,2026-09-07
health_doh,Twi,health,0.0,0.0,,none,0.0,,,derived,https://doh.wa.gov,2026-09-07
health_doh,Ukrainian,health,0.0,0.0,,none,0.0,,,derived,https://doh.wa.gov,2026-09-07
health_doh,Urdu,health,0.0,0.0,,none,0.0,,,derived,https://doh.wa.gov,2026-09-07
health_doh,Uzbek,health,0.0,0.0,,none,0.0,,,derived,https://doh.wa.gov,2026-09-07
health_doh,Vietnamese,health,3.0,2.0,,in_language_document,3.0,unchecked,unverified,derived,https://doh.wa.gov/you-and-your-family/illness-and-disease-z/flu/flu-and-pregnancy-vietnamese,2026-09-07
health_doh,Wolof,health,0.0,0.0,,none,0.0,,,derived,https://doh.wa.gov,2026-09-07
health_doh,Yap,health,0.0,0.0,,none,0.0,,,derived,https://doh.wa.gov,2026-09-07
health_doh,Yoruba,health,0.0,0.0,,none,0.0,,,derived,https://doh.wa.gov,2026-09-07
health_dph,Acholi,health,1.0,2.0,,machine_widget,0.0,,,derived,https://kingcounty.gov/en/dept/dph,2026-09-07
health_dph,Aguacateco,health,0.0,0.0,,none,0.0,,,derived,https://kingcounty.gov/en/dept/dph,2026-09-07
health_dph,Akateko,health,0.0,0.0,,none,0.0,,,derived,https://kingcounty.gov/en/dept/dph,2026-09-07
health_dph,Albanian,health,1.0,2.0,,machine_widget,0.0,,,derived,https://kingcounty.gov/en/dept/dph,2026-09-07
health_dph,American Sign Language,health,0.0,0.0,,none,0.0,,,derived,https://kingcounty.gov/en/dept/dph,2026-09-07
health_dph,Amharic,health,1.0,2.0,,machine_widget,2.0,machine,verified_machine,derived,https://kingcounty.gov/en/dept/dph/health-safety/health-centers-programs-services/emergency-medical-services/echo/resources/amharic,2026-09-07
health_dph,Arabic,health,3.0,2.0,,in_language_document,3.0,unchecked,unverified,derived,https://kingcounty.gov/en/dept/dph/health-safety/health-centers-programs-services/emergency-medical-services/echo/resources/arabic,2026-09-07
health_dph,Armenian,health,1.0,2.0,,machine_widget,0.0,,,derived,https://kingcounty.gov/en/dept/dph,2026-09-07
health_dph,Ayula-Bambara,health,0.0,0.0,,none,0.0,,,derived,https://kingcounty.gov/en/dept/dph,2026-09-07
health_dph,Azerbaijani,health,1.0,2.0,,machine_widget,0.0,,,derived,https://kingcounty.gov/en/dept/dph,2026-09-07
health_dph,Bambara,health,1.0,2.0,,machine_widget,0.0,,,derived,https://kingcounty.gov/en/dept/dph,2026-09-07
health_dph,Bangala,health,0.0,0.0,,none,0.0,,,derived,https://kingcounty.gov/en/dept/dph,2026-09-07
health_dph,Bassa,health,0.0,0.0,,none,0.0,,,derived,https://kingcounty.gov/en/dept/dph,2026-09-07
health_dph,Bengali,health,1.0,2.0,,machine_widget,0.0,,,derived,https://kingcounty.gov/en/dept/dph,2026-09-07
health_dph,Bosnian,health,1.0,2.0,,machine_widget,0.0,,,derived,https://kingcounty.gov/en/dept/dph,2026-09-07
health_dph,Bulgarian,health,1.0,2.0,,machine_widget,0.0,,,derived,https://kingcounty.gov/en/dept/dph,2026-09-07
health_dph,Burmese,health,3.0,2.0,,in_language_document,1.0,unchecked,unverified,derived,https://kingcounty.gov/en/dept/dph/health-safety/health-centers-programs-services/emergency-medical-services/echo/resources/burmese,2026-09-07
health_dph,Carolinian,health,0.0,0.0,,none,0.0,,,derived,https://kingcounty.gov/en/dept/dph,2026-09-07
health_dph,Catalan,health,1.0,2.0,,machine_widget,0.0,,,derived,https://kingcounty.gov/en/dept/dph,2026-09-07
health_dph,Cebuano,health,1.0,2.0,,machine_widget,0.0,,,derived,https://kingcounty.gov/en/dept/dph,2026-09-07
health_dph,Cham,health,0.0,0.0,,none,0.0,,,derived,https://kingcounty.gov/en/dept/dph,2026-09-07
health_dph,Chamorro,health,1.0,2.0,,machine_widget,0.0,,,derived,https://kingcounty.gov/en/dept/dph,2026-09-07
health_dph,Chin,health,0.0,0.0,,none,0.0,,,derived,https://kingcounty.gov/en/dept/dph,2026-09-07
health_dph,Chinese-Cantonese,health,1.0,2.0,,machine_widget,0.0,,,derived,https://kingcounty.gov/en/dept/dph,2026-09-07
health_dph,Chinese-Fukienese,health,0.0,0.0,,none,0.0,,,derived,https://kingcounty.gov/en/dept/dph,2026-09-07
health_dph,Chinese-Mandarin,health,3.0,2.0,,in_language_document,9.0,unchecked,unverified,derived,https://kingcounty.gov/en/dept/dph/health-safety/health-centers-programs-services/emergency-medical-services/echo/resources/chinese,2026-09-07
health_dph,Chinese-Taiwanese,health,0.0,0.0,,none,0.0,,,derived,https://kingcounty.gov/en/dept/dph,2026-09-07
health_dph,Chuukese,health,3.0,2.0,,in_language_document,1.0,unchecked,unverified,derived,https://kingcounty.gov/en/dept/dph/health-safety/safety-injury-prevention/emergency-preparedness/personal-preparedness/wildfire-smoke/chuukese,2026-09-07
health_dph,Dari,health,3.0,2.0,,in_language_document,3.0,unchecked,unverified,derived,https://kingcounty.gov/en/dept/dph/health-safety/health-centers-programs-services/emergency-medical-services/echo/resources/dari,2026-09-07
health_dph,Dinka,health,1.0,2.0,,machine_widget,0.0,,,derived,https://kingcounty.gov/en/dept/dph,2026-09-07
health_dph,Dutch,health,1.0,2.0,,machine_widget,0.0,,,derived,https://kingcounty.gov/en/dept/dph,2026-09-07
health_dph,Egyptian-Arabic,health,0.0,0.0,,none,0.0,,,derived,https://kingcounty.gov/en/dept/dph,2026-09-07
health_dph,Eritai,health,0.0,0.0,,none,0.0,,,derived,https://kingcounty.gov/en/dept/dph,2026-09-07
health_dph,Estonian,health,1.0,2.0,,machine_widget,0.0,,,derived,https://kingcounty.gov/en/dept/dph,2026-09-07
health_dph,Ewe,health,1.0,2.0,,machine_widget,0.0,,,derived,https://kingcounty.gov/en/dept/dph,2026-09-07
health_dph,Fallani,health,0.0,0.0,,none,0.0,,,derived,https://kingcounty.gov/en/dept/dph,2026-09-07
health_dph,Farsi,health,1.0,2.0,,machine_widget,0.0,,,derived,https://kingcounty.gov/en/dept/dph,2026-09-07
health_dph,French,health,3.0,2.0,,in_language_document,1.0,unchecked,unverified,derived,https://kingcounty.gov/en/dept/dph/health-safety/safety-injury-prevention/emergency-preparedness/personal-preparedness/wildfire-smoke/french,2026-09-07
health_dph,Fula,health,0.0,0.0,,none,0.0,,,derived,https://kingcounty.gov/en/dept/dph,2026-09-07
health_dph,Ga,health,1.0,2.0,,machine_widget,0.0,,,derived,https://kingcounty.gov/en/dept/dph,2026-09-07
health_dph,German,health,1.0,2.0,,machine_widget,0.0,,,derived,https://kingcounty.gov/en/dept/dph,2026-09-07
health_dph,"Greek, Modern",health,0.0,0.0,,none,0.0,,,derived,https://kingcounty.gov/en/dept/dph,2026-09-07
health_dph,Gujarati,health,1.0,2.0,,machine_widget,0.0,,,derived,https://kingcounty.gov/en/dept/dph,2026-09-07
health_dph,Haitian Creole,health,1.0,2.0,,machine_widget,0.0,,,derived,https://kingcounty.gov/en/dept/dph,2026-09-07
health_dph,Hausa,health,1.0,2.0,,machine_widget,0.0,,,derived,https://kingcounty.gov/en/dept/dph,2026-09-07
health_dph,Hawaiian,health,1.0,2.0,,machine_widget,0.0,,,derived,https://kingcounty.gov/en/dept/dph,2026-09-07
health_dph,Herero,health,0.0,0.0,,none,0.0,,,derived,https://kingcounty.gov/en/dept/dph,2026-09-07
health_dph,Hindi,health,1.0,2.0,,machine_widget,0.0,,,derived,https://kingcounty.gov/en/dept/dph,2026-09-07
health_dph,Hmong,health,1.0,2.0,,machine_widget,0.0,,,derived,https://kingcounty.gov/en/dept/dph,2026-09-07
health_dph,Hungarian,health,1.0,2.0,,machine_widget,0.0,,,derived,https://kingcounty.gov/en/dept/dph,2026-09-07
health_dph,Igbo,health,1.0,2.0,,machine_widget,0.0,,,derived,https://kingcounty.gov/en/dept/dph,2026-09-07
health_dph,Ilokano,health,0.0,0.0,,none,0.0,,,derived,https://kingcounty.gov/en/dept/dph,2026-09-07
health_dph,Indonesian,health,1.0,2.0,,machine_widget,0.0,,,derived,https://kingcounty.gov/en/dept/dph,2026-09-07
health_dph,Italian,health,1.0,2.0,,machine_widget,0.0,,,derived,https://kingcounty.gov/en/dept/dph,2026-09-07
health_dph,Japanese,health,3.0,2.0,,in_language_document,1.0,unchecked,unverified,derived,https://kingcounty.gov/en/dept/dph/health-safety/safety-injury-prevention/emergency-preparedness/personal-preparedness/wildfire-smoke/japanese,2026-09-07
health_dph,Kakwa,health,0.0,0.0,,none,0.0,,,derived,https://kingcounty.gov/en/dept/dph,2026-09-07
health_dph,Kannada,health,1.0,2.0,,machine_widget,0.0,,,derived,https://kingcounty.gov/en/dept/dph,2026-09-07
health_dph,Karen,health,0.0,0.0,,none,0.0,,,derived,https://kingcounty.gov/en/dept/dph,2026-09-07
health_dph,Karenni,health,0.0,0.0,,none,0.0,,,derived,https://kingcounty.gov/en/dept/dph,2026-09-07
health_dph,Kazakh,health,1.0,2.0,,machine_widget,0.0,,,derived,https://kingcounty.gov/en/dept/dph,2026-09-07
health_dph,Khmer,health,3.0,2.0,,in_language_document,2.0,unchecked,unverified,derived,https://kingcounty.gov/en/dept/dph/health-safety/health-centers-programs-services/emergency-medical-services/echo/resources/khmer,2026-09-07
health_dph,Kikuyu,health,0.0,0.0,,none,0.0,,,derived,https://kingcounty.gov/en/dept/dph,2026-09-07
health_dph,Kinyarwanda,health,1.0,2.0,,machine_widget,0.0,,,derived,https://kingcounty.gov/en/dept/dph,2026-09-07
health_dph,Kirgiz,health,0.0,0.0,,none,0.0,,,derived,https://kingcounty.gov/en/dept/dph,2026-09-07
health_dph,Kirundi,health,0.0,0.0,,none,0.0,,,derived,https://kingcounty.gov/en/dept/dph,2026-09-07
health_dph,Kmhmu,health,0.0,0.0,,none,0.0,,,derived,https://kingcounty.gov/en/dept/dph,2026-09-07
health_dph,Kongo,health,0.0,0.0,,none,0.0,,,derived,https://kingcounty.gov/en/dept/dph,2026-09-07
health_dph,Korean,health,3.0,2.0,,in_language_document,10.0,unchecked,unverified,derived,https://kingcounty.gov/en/dept/dph/health-safety/health-centers-programs-services/emergency-medical-services/echo/resources/korean,2026-09-07
health_dph,Kosraean,health,0.0,0.0,,none,0.0,,,derived,https://kingcounty.gov/en/dept/dph,2026-09-07
health_dph,Krahn,health,0.0,0.0,,none,0.0,,,derived,https://kingcounty.gov/en/dept/dph,2026-09-07
health_dph,Krio,health,1.0,2.0,,machine_widget,0.0,,,derived,https://kingcounty.gov/en/dept/dph,2026-09-07
health_dph,Kru,health,0.0,0.0,,none,0.0,,,derived,https://kingcounty.gov/en/dept/dph,2026-09-07
health_dph,Kurdish,health,0.0,0.0,,none,0.0,,,derived,https://kingcounty.gov/en/dept/dph,2026-09-07
health_dph,Lao,health,3.0,2.0,,in_language_document,1.0,unchecked,unverified,derived,https://kingcounty.gov/en/dept/dph/health-safety/health-centers-programs-services/emergency-medical-services/echo/resources/lao,2026-09-07
health_dph,Latvian,health,1.0,2.0,,machine_widget,0.0,,,derived,https://kingcounty.gov/en/dept/dph,2026-09-07
health_dph,Lingala,health,1.0,2.0,,machine_widget,0.0,,,derived,https://kingcounty.gov/en/dept/dph,2026-09-07
health_dph,Luganda,health,1.0,2.0,,machine_widget,0.0,,,derived,https://kingcounty.gov/en/dept/dph,2026-09-07
health_dph,Maay Maay,health,0.0,0.0,,none,0.0,,,derived,https://kingcounty.gov/en/dept/dph,2026-09-07
health_dph,Malay,health,1.0,2.0,,machine_widget,0.0,,,derived,https://kingcounty.gov/en/dept/dph,2026-09-07
health_dph,Malayalam,health,1.0,2.0,,machine_widget,0.0,,,derived,https://kingcounty.gov/en/dept/dph,2026-09-07
health_dph,Mam,health,1.0,2.0,,machine_widget,0.0,,,derived,https://kingcounty.gov/en/dept/dph,2026-09-07
health_dph,Mandingo,health,0.0,0.0,,none,0.0,,,derived,https://kingcounty.gov/en/dept/dph,2026-09-07
health_dph,Mandinka,health,0.0,0.0,,none,0.0,,,derived,https://kingcounty.gov/en/dept/dph,2026-09-07
health_dph,Marathi,health,1.0,2.0,,machine_widget,0.0,,,derived,https://kingcounty.gov/en/dept/dph,2026-09-07
health_dph,Marquesan,health,0.0,0.0,,none,0.0,,,derived,https://kingcounty.gov/en/dept/dph,2026-09-07
health_dph,Marshallese,health,3.0,2.0,,in_language_document,1.0,unchecked,unverified,derived,https://kingcounty.gov/en/dept/dph/health-safety/safety-injury-prevention/emergency-preparedness/personal-preparedness/wildfire-smoke/marshallese,2026-09-07
health_dph,Maya-Quiche,health,0.0,0.0,,none,0.0,,,derived,https://kingcounty.gov/en/dept/dph,2026-09-07
health_dph,Mien,health,0.0,0.0,,none,0.0,,,derived,https://kingcounty.gov/en/dept/dph,2026-09-07
health_dph,Mixteco,health,0.0,0.0,,none,0.0,,,derived,https://kingcounty.gov/en/dept/dph,2026-09-07
health_dph,Moldavian,health,0.0,0.0,,none,0.0,,,derived,https://kingcounty.gov/en/dept/dph,2026-09-07
health_dph,Mongolian,health,1.0,2.0,,machine_widget,0.0,,,derived,https://kingcounty.gov/en/dept/dph,2026-09-07
health_dph,Moore,health,0.0,0.0,,none,0.0,,,derived,https://kingcounty.gov/en/dept/dph,2026-09-07
health_dph,"Nahuatl, Guerrero region",health,0.0,0.0,,none,0.0,,,derived,https://kingcounty.gov/en/dept/dph,2026-09-07
health_dph,Nepali,health,1.0,2.0,,machine_widget,0.0,,,derived,https://kingcounty.gov/en/dept/dph,2026-09-07
health_dph,Nuer,health,1.0,2.0,,machine_widget,0.0,,,derived,https://kingcounty.gov/en/dept/dph,2026-09-07
health_dph,Oromo,health,3.0,2.0,,in_language_document,2.0,unchecked,unverified,derived,https://kingcounty.gov/en/dept/dph/health-safety/health-centers-programs-services/emergency-medical-services/echo/resources/oromo,2026-09-07
health_dph,Palau,health,0.0,0.0,,none,0.0,,,derived,https://kingcounty.gov/en/dept/dph,2026-09-07
health_dph,Pashai,health,0.0,0.0,,none,0.0,,,derived,https://kingcounty.gov/en/dept/dph,2026-09-07
health_dph,Pashto,health,3.0,2.0,,in_language_document,1.0,unchecked,unverified,derived,https://kingcounty.gov/en/dept/dph/health-safety/safety-injury-prevention/emergency-preparedness/personal-preparedness/wildfire-smoke/pashto,2026-09-07
health_dph,Pere,health,0.0,0.0,,none,0.0,,,derived,https://kingcounty.gov/en/dept/dph,2026-09-07
health_dph,Polish,health,1.0,2.0,,machine_widget,0.0,,,derived,https://kingcounty.gov/en/dept/dph,2026-09-07
health_dph,Portuguese,health,3.0,2.0,,in_language_document,1.0,unchecked,unverified,derived,https://kingcounty.gov/en/dept/dph/health-safety/safety-injury-prevention/emergency-preparedness/personal-preparedness/wildfire-smoke/portuguese,2026-09-07
health_dph,Punjabi,health,3.0,2.0,,in_language_document,1.0,unchecked,unverified,derived,https://kingcounty.gov/en/dept/dph/health-safety/safety-injury-prevention/emergency-preparedness/personal-preparedness/wildfire-smoke/punjabi,2026-09-07
health_dph,Purepecha,health,0.0,0.0,,none,0.0,,,derived,https://kingcounty.gov/en/dept/dph,2026-09-07
health_dph,Rohingya,health,0.0,0.0,,none,0.0,,,derived,https://kingcounty.gov/en/dept/dph,2026-09-07
health_dph,Romanian,health,3.0,2.0,,in_language_document,1.0,unchecked,unverified,derived,https://kingcounty.gov/en/dept/dph/health-safety/health-centers-programs-services/emergency-medical-services/echo/resources/romanian,2026-09-07
health_dph,Russian,health,3.0,2.0,,in_language_document,9.0,unchecked,unverified,derived,https://kingcounty.gov/en/dept/dph/health-safety/health-centers-programs-services/emergency-medical-services/echo/resources/russian,2026-09-07
health_dph,Samoan,health,3.0,2.0,,in_language_document,1.0,unchecked,unverified,derived,https://kingcounty.gov/en/dept/dph/health-safety/safety-injury-prevention/emergency-preparedness/personal-preparedness/wildfire-smoke/samoan,2026-09-07
health_dph,Sao,health,0.0,0.0,,none,0.0,,,derived,https://kingcounty.gov/en/dept/dph,2026-09-07
health_dph,Serbo-Croation,health,0.0,0.0,,none,0.0,,,derived,https://kingcounty.gov/en/dept/dph,2026-09-07
health_dph,Shona,health,1.0,2.0,,machine_widget,0.0,,,derived,https://kingcounty.gov/en/dept/dph,2026-09-07
health_dph,Sinhalese,health,0.0,0.0,,none,0.0,,,derived,https://kingcounty.gov/en/dept/dph,2026-09-07
health_dph,Slovenian,health,1.0,2.0,,machine_widget,0.0,,,derived,https://kingcounty.gov/en/dept/dph,2026-09-07
health_dph,Somali,health,3.0,2.0,,in_language_document,11.0,unchecked,unverified,derived,https://kingcounty.gov/en/dept/dph/health-safety/health-centers-programs-services/childrens-health/child-care-health-resources/somali,2026-09-07
health_dph,Soninke,health,0.0,0.0,,none,0.0,,,derived,https://kingcounty.gov/en/dept/dph,2026-09-07
health_dph,Sotho,health,0.0,0.0,,none,0.0,,,derived,https://kingcounty.gov/en/dept/dph,2026-09-07
health_dph,Spanish,health,3.0,2.0,,in_language_document,22.0,unchecked,unverified,derived,https://kingcounty.gov/en/dept/dph/about-king-county/about-public-health/working-with-public-health/contracts/insurance-requirements/faq-spanish,2026-09-07
health_dph,Swahili,health,3.0,2.0,,in_language_document,1.0,unchecked,unverified,derived,https://kingcounty.gov/en/dept/dph/health-safety/safety-injury-prevention/emergency-preparedness/personal-preparedness/wildfire-smoke/swahili,2026-09-07
health_dph,Tagalog,health,1.0,2.0,,machine_widget,0.0,,,derived,https://kingcounty.gov/en/dept/dph,2026-09-07
health_dph,Taishanese,health,0.0,0.0,,none,0.0,,,derived,https://kingcounty.gov/en/dept/dph,2026-09-07
health_dph,Tajiki,health,0.0,0.0,,none,0.0,,,derived,https://kingcounty.gov/en/dept/dph,2026-09-07
health_dph,Tamil,health,1.0,2.0,,machine_widget,0.0,,,derived,https://kingcounty.gov/en/dept/dph,2026-09-07
health_dph,Tarasco,health,0.0,0.0,,none,0.0,,,derived,https://kingcounty.gov/en/dept/dph,2026-09-07
health_dph,Tedim,health,0.0,0.0,,none,0.0,,,derived,https://kingcounty.gov/en/dept/dph,2026-09-07
health_dph,Telugu,health,1.0,2.0,,machine_widget,0.0,,,derived,https://kingcounty.gov/en/dept/dph,2026-09-07
health_dph,Thai,health,3.0,2.0,,in_language_document,1.0,unchecked,unverified,derived,https://kingcounty.gov/en/dept/dph/health-safety/health-centers-programs-services/emergency-medical-services/echo/resources/thai,2026-09-07
health_dph,Tibetan,health,1.0,2.0,,machine_widget,0.0,,,derived,https://kingcounty.gov/en/dept/dph,2026-09-07
health_dph,Tigrinya,health,3.0,2.0,,in_language_document,2.0,unchecked,unverified,derived,https://kingcounty.gov/en/dept/dph/health-safety/health-centers-programs-services/emergency-medical-services/echo/resources/tigrinya,2026-09-07
health_dph,Tongan,health,3.0,2.0,,in_language_document,1.0,unchecked,unverified,derived,https://kingcounty.gov/en/dept/dph/health-safety/safety-injury-prevention/emergency-preparedness/personal-preparedness/wildfire-smoke/tongan,2026-09-07
health_dph,Turkish,health,1.0,2.0,,machine_widget,0.0,,,derived,https://kingcounty.gov/en/dept/dph,2026-09-07
health_dph,Twi,health,1.0,2.0,,machine_widget,0.0,,,derived,https://kingcounty.gov/en/dept/dph,2026-09-07
health_dph,Ukrainian,health,3.0,2.0,,in_language_document,1.0,unchecked,unverified,derived,https://kingcounty.gov/en/dept/dph/health-safety/safety-injury-prevention/emergency-preparedness/personal-preparedness/wildfire-smoke/ukrainian,2026-09-07
health_dph,Urdu,health,1.0,2.0,,machine_widget,0.0,,,derived,https://kingcounty.gov/en/dept/dph,2026-09-07
health_dph,Uzbek,health,1.0,2.0,,machine_widget,0.0,,,derived,https://kingcounty.gov/en/dept/dph,2026-09-07
health_dph,Vietnamese,health,3.0,2.0,,in_language_document,9.0,unchecked,unverified,derived,https://kingcounty.gov/en/dept/dph/health-safety/health-centers-programs-services/emergency-medical-services/echo/resources/vietnamese,2026-09-07
health_dph,Wolof,health,1.0,2.0,,machine_widget,0.0,,,derived,https://kingcounty.gov/en/dept/dph,2026-09-07
health_dph,Yap,health,0.0,0.0,,none,0.0,,,derived,https://kingcounty.gov/en/dept/dph,2026-09-07
health_dph,Yoruba,health,1.0,2.0,,machine_widget,0.0,,,derived,https://kingcounty.gov/en/dept/dph,2026-09-07
legal_nwjustice,Acholi,legal,0.0,0.0,,none,0.0,,,derived,https://nwjustice.org/get-legal-help,2026-09-06
legal_nwjustice,Aguacateco,legal,0.0,0.0,,none,0.0,,,derived,https://nwjustice.org/get-legal-help,2026-09-06
legal_nwjustice,Akateko,legal,0.0,0.0,,none,0.0,,,derived,https://nwjustice.org/get-legal-help,2026-09-06
legal_nwjustice,Albanian,legal,0.0,0.0,,none,0.0,,,derived,https://nwjustice.org/get-legal-help,2026-09-06
legal_nwjustice,American Sign Language,legal,0.0,0.0,,none,0.0,,,derived,https://nwjustice.org/get-legal-help,2026-09-06
legal_nwjustice,Amharic,legal,0.0,0.0,,none,0.0,,,derived,https://nwjustice.org/get-legal-help,2026-09-06
legal_nwjustice,Arabic,legal,0.0,0.0,,none,0.0,,,derived,https://nwjustice.org/get-legal-help,2026-09-06
legal_nwjustice,Armenian,legal,0.0,0.0,,none,0.0,,,derived,https://nwjustice.org/get-legal-help,2026-09-06
legal_nwjustice,Ayula-Bambara,legal,0.0,0.0,,none,0.0,,,derived,https://nwjustice.org/get-legal-help,2026-09-06
legal_nwjustice,Azerbaijani,legal,0.0,0.0,,none,0.0,,,derived,https://nwjustice.org/get-legal-help,2026-09-06
legal_nwjustice,Bambara,legal,0.0,0.0,,none,0.0,,,derived,https://nwjustice.org/get-legal-help,2026-09-06
legal_nwjustice,Bangala,legal,0.0,0.0,,none,0.0,,,derived,https://nwjustice.org/get-legal-help,2026-09-06
legal_nwjustice,Bassa,legal,0.0,0.0,,none,0.0,,,derived,https://nwjustice.org/get-legal-help,2026-09-06
legal_nwjustice,Bengali,legal,0.0,0.0,,none,0.0,,,derived,https://nwjustice.org/get-legal-help,2026-09-06
legal_nwjustice,Bosnian,legal,0.0,0.0,,none,0.0,,,derived,https://nwjustice.org/get-legal-help,2026-09-06
legal_nwjustice,Bulgarian,legal,0.0,0.0,,none,0.0,,,derived,https://nwjustice.org/get-legal-help,2026-09-06
legal_nwjustice,Burmese,legal,0.0,0.0,,none,0.0,,,derived,https://nwjustice.org/get-legal-help,2026-09-06
legal_nwjustice,Carolinian,legal,0.0,0.0,,none,0.0,,,derived,https://nwjustice.org/get-legal-help,2026-09-06
legal_nwjustice,Catalan,legal,0.0,0.0,,none,0.0,,,derived,https://nwjustice.org/get-legal-help,2026-09-06
legal_nwjustice,Cebuano,legal,0.0,0.0,,none,0.0,,,derived,https://nwjustice.org/get-legal-help,2026-09-06
legal_nwjustice,Cham,legal,0.0,0.0,,none,0.0,,,derived,https://nwjustice.org/get-legal-help,2026-09-06
legal_nwjustice,Chamorro,legal,0.0,0.0,,none,0.0,,,derived,https://nwjustice.org/get-legal-help,2026-09-06
legal_nwjustice,Chin,legal,0.0,0.0,,none,0.0,,,derived,https://nwjustice.org/get-legal-help,2026-09-06
legal_nwjustice,Chinese-Cantonese,legal,0.0,0.0,,none,0.0,,,derived,https://nwjustice.org/get-legal-help,2026-09-06
legal_nwjustice,Chinese-Fukienese,legal,0.0,0.0,,none,0.0,,,derived,https://nwjustice.org/get-legal-help,2026-09-06
legal_nwjustice,Chinese-Mandarin,legal,0.0,0.0,,none,0.0,,,derived,https://nwjustice.org/get-legal-help,2026-09-06
legal_nwjustice,Chinese-Taiwanese,legal,0.0,0.0,,none,0.0,,,derived,https://nwjustice.org/get-legal-help,2026-09-06
legal_nwjustice,Chuukese,legal,0.0,0.0,,none,0.0,,,derived,https://nwjustice.org/get-legal-help,2026-09-06
legal_nwjustice,Dari,legal,0.0,0.0,,none,0.0,,,derived,https://nwjustice.org/get-legal-help,2026-09-06
legal_nwjustice,Dinka,legal,0.0,0.0,,none,0.0,,,derived,https://nwjustice.org/get-legal-help,2026-09-06
legal_nwjustice,Dutch,legal,0.0,0.0,,none,0.0,,,derived,https://nwjustice.org/get-legal-help,2026-09-06
legal_nwjustice,Egyptian-Arabic,legal,0.0,0.0,,none,0.0,,,derived,https://nwjustice.org/get-legal-help,2026-09-06
legal_nwjustice,Eritai,legal,0.0,0.0,,none,0.0,,,derived,https://nwjustice.org/get-legal-help,2026-09-06
legal_nwjustice,Estonian,legal,0.0,0.0,,none,0.0,,,derived,https://nwjustice.org/get-legal-help,2026-09-06
legal_nwjustice,Ewe,legal,0.0,0.0,,none,0.0,,,derived,https://nwjustice.org/get-legal-help,2026-09-06
legal_nwjustice,Fallani,legal,0.0,0.0,,none,0.0,,,derived,https://nwjustice.org/get-legal-help,2026-09-06
legal_nwjustice,Farsi,legal,0.0,0.0,,none,0.0,,,derived,https://nwjustice.org/get-legal-help,2026-09-06
legal_nwjustice,French,legal,0.0,0.0,,none,0.0,,,derived,https://nwjustice.org/get-legal-help,2026-09-06
legal_nwjustice,Fula,legal,0.0,0.0,,none,0.0,,,derived,https://nwjustice.org/get-legal-help,2026-09-06
legal_nwjustice,Ga,legal,0.0,0.0,,none,0.0,,,derived,https://nwjustice.org/get-legal-help,2026-09-06
legal_nwjustice,German,legal,0.0,0.0,,none,0.0,,,derived,https://nwjustice.org/get-legal-help,2026-09-06
legal_nwjustice,"Greek, Modern",legal,0.0,0.0,,none,0.0,,,derived,https://nwjustice.org/get-legal-help,2026-09-06
legal_nwjustice,Gujarati,legal,0.0,0.0,,none,0.0,,,derived,https://nwjustice.org/get-legal-help,2026-09-06
legal_nwjustice,Haitian Creole,legal,0.0,0.0,,none,0.0,,,derived,https://nwjustice.org/get-legal-help,2026-09-06
legal_nwjustice,Hausa,legal,0.0,0.0,,none,0.0,,,derived,https://nwjustice.org/get-legal-help,2026-09-06
legal_nwjustice,Hawaiian,legal,0.0,0.0,,none,0.0,,,derived,https://nwjustice.org/get-legal-help,2026-09-06
legal_nwjustice,Herero,legal,0.0,0.0,,none,0.0,,,derived,https://nwjustice.org/get-legal-help,2026-09-06
legal_nwjustice,Hindi,legal,0.0,0.0,,none,0.0,,,derived,https://nwjustice.org/get-legal-help,2026-09-06
legal_nwjustice,Hmong,legal,0.0,0.0,,none,0.0,,,derived,https://nwjustice.org/get-legal-help,2026-09-06
legal_nwjustice,Hungarian,legal,0.0,0.0,,none,0.0,,,derived,https://nwjustice.org/get-legal-help,2026-09-06
legal_nwjustice,Igbo,legal,0.0,0.0,,none,0.0,,,derived,https://nwjustice.org/get-legal-help,2026-09-06
legal_nwjustice,Ilokano,legal,0.0,0.0,,none,0.0,,,derived,https://nwjustice.org/get-legal-help,2026-09-06
legal_nwjustice,Indonesian,legal,0.0,0.0,,none,0.0,,,derived,https://nwjustice.org/get-legal-help,2026-09-06
legal_nwjustice,Italian,legal,0.0,0.0,,none,0.0,,,derived,https://nwjustice.org/get-legal-help,2026-09-06
legal_nwjustice,Japanese,legal,0.0,0.0,,none,0.0,,,derived,https://nwjustice.org/get-legal-help,2026-09-06
legal_nwjustice,Kakwa,legal,0.0,0.0,,none,0.0,,,derived,https://nwjustice.org/get-legal-help,2026-09-06
legal_nwjustice,Kannada,legal,0.0,0.0,,none,0.0,,,derived,https://nwjustice.org/get-legal-help,2026-09-06
legal_nwjustice,Karen,legal,0.0,0.0,,none,0.0,,,derived,https://nwjustice.org/get-legal-help,2026-09-06
legal_nwjustice,Karenni,legal,0.0,0.0,,none,0.0,,,derived,https://nwjustice.org/get-legal-help,2026-09-06
legal_nwjustice,Kazakh,legal,0.0,0.0,,none,0.0,,,derived,https://nwjustice.org/get-legal-help,2026-09-06
legal_nwjustice,Khmer,legal,0.0,0.0,,none,0.0,,,derived,https://nwjustice.org/get-legal-help,2026-09-06
legal_nwjustice,Kikuyu,legal,0.0,0.0,,none,0.0,,,derived,https://nwjustice.org/get-legal-help,2026-09-06
legal_nwjustice,Kinyarwanda,legal,0.0,0.0,,none,0.0,,,derived,https://nwjustice.org/get-legal-help,2026-09-06
legal_nwjustice,Kirgiz,legal,0.0,0.0,,none,0.0,,,derived,https://nwjustice.org/get-legal-help,2026-09-06
legal_nwjustice,Kirundi,legal,0.0,0.0,,none,0.0,,,derived,https://nwjustice.org/get-legal-help,2026-09-06
legal_nwjustice,Kmhmu,legal,0.0,0.0,,none,0.0,,,derived,https://nwjustice.org/get-legal-help,2026-09-06
legal_nwjustice,Kongo,legal,0.0,0.0,,none,0.0,,,derived,https://nwjustice.org/get-legal-help,2026-09-06
legal_nwjustice,Korean,legal,0.0,0.0,,none,0.0,,,derived,https://nwjustice.org/get-legal-help,2026-09-06
legal_nwjustice,Kosraean,legal,0.0,0.0,,none,0.0,,,derived,https://nwjustice.org/get-legal-help,2026-09-06
legal_nwjustice,Krahn,legal,0.0,0.0,,none,0.0,,,derived,https://nwjustice.org/get-legal-help,2026-09-06
legal_nwjustice,Krio,legal,0.0,0.0,,none,0.0,,,derived,https://nwjustice.org/get-legal-help,2026-09-06
legal_nwjustice,Kru,legal,0.0,0.0,,none,0.0,,,derived,https://nwjustice.org/get-legal-help,2026-09-06
legal_nwjustice,Kurdish,legal,0.0,0.0,,none,0.0,,,derived,https://nwjustice.org/get-legal-help,2026-09-06
legal_nwjustice,Lao,legal,0.0,0.0,,none,0.0,,,derived,https://nwjustice.org/get-legal-help,2026-09-06
legal_nwjustice,Latvian,legal,0.0,0.0,,none,0.0,,,derived,https://nwjustice.org/get-legal-help,2026-09-06
legal_nwjustice,Lingala,legal,0.0,0.0,,none,0.0,,,derived,https://nwjustice.org/get-legal-help,2026-09-06
legal_nwjustice,Luganda,legal,0.0,0.0,,none,0.0,,,derived,https://nwjustice.org/get-legal-help,2026-09-06
legal_nwjustice,Maay Maay,legal,0.0,0.0,,none,0.0,,,derived,https://nwjustice.org/get-legal-help,2026-09-06
legal_nwjustice,Malay,legal,0.0,0.0,,none,0.0,,,derived,https://nwjustice.org/get-legal-help,2026-09-06
legal_nwjustice,Malayalam,legal,0.0,0.0,,none,0.0,,,derived,https://nwjustice.org/get-legal-help,2026-09-06
legal_nwjustice,Mam,legal,0.0,0.0,,none,0.0,,,derived,https://nwjustice.org/get-legal-help,2026-09-06
legal_nwjustice,Mandingo,legal,0.0,0.0,,none,0.0,,,derived,https://nwjustice.org/get-legal-help,2026-09-06
legal_nwjustice,Mandinka,legal,0.0,0.0,,none,0.0,,,derived,https://nwjustice.org/get-legal-help,2026-09-06
legal_nwjustice,Marathi,legal,0.0,0.0,,none,0.0,,,derived,https://nwjustice.org/get-legal-help,2026-09-06
legal_nwjustice,Marquesan,legal,0.0,0.0,,none,0.0,,,derived,https://nwjustice.org/get-legal-help,2026-09-06
legal_nwjustice,Marshallese,legal,0.0,0.0,,none,0.0,,,derived,https://nwjustice.org/get-legal-help,2026-09-06
legal_nwjustice,Maya-Quiche,legal,0.0,0.0,,none,0.0,,,derived,https://nwjustice.org/get-legal-help,2026-09-06
legal_nwjustice,Mien,legal,0.0,0.0,,none,0.0,,,derived,https://nwjustice.org/get-legal-help,2026-09-06
legal_nwjustice,Mixteco,legal,0.0,0.0,,none,0.0,,,derived,https://nwjustice.org/get-legal-help,2026-09-06
legal_nwjustice,Moldavian,legal,0.0,0.0,,none,0.0,,,derived,https://nwjustice.org/get-legal-help,2026-09-06
legal_nwjustice,Mongolian,legal,0.0,0.0,,none,0.0,,,derived,https://nwjustice.org/get-legal-help,2026-09-06
legal_nwjustice,Moore,legal,0.0,0.0,,none,0.0,,,derived,https://nwjustice.org/get-legal-help,2026-09-06
legal_nwjustice,"Nahuatl, Guerrero region",legal,0.0,0.0,,none,0.0,,,derived,https://nwjustice.org/get-legal-help,2026-09-06
legal_nwjustice,Nepali,legal,0.0,0.0,,none,0.0,,,derived,https://nwjustice.org/get-legal-help,2026-09-06
legal_nwjustice,Nuer,legal,0.0,0.0,,none,0.0,,,derived,https://nwjustice.org/get-legal-help,2026-09-06
legal_nwjustice,Oromo,legal,0.0,0.0,,none,0.0,,,derived,https://nwjustice.org/get-legal-help,2026-09-06
legal_nwjustice,Palau,legal,0.0,0.0,,none,0.0,,,derived,https://nwjustice.org/get-legal-help,2026-09-06
legal_nwjustice,Pashai,legal,0.0,0.0,,none,0.0,,,derived,https://nwjustice.org/get-legal-help,2026-09-06
legal_nwjustice,Pashto,legal,0.0,0.0,,none,0.0,,,derived,https://nwjustice.org/get-legal-help,2026-09-06
legal_nwjustice,Pere,legal,0.0,0.0,,none,0.0,,,derived,https://nwjustice.org/get-legal-help,2026-09-06
legal_nwjustice,Polish,legal,0.0,0.0,,none,0.0,,,derived,https://nwjustice.org/get-legal-help,2026-09-06
legal_nwjustice,Portuguese,legal,0.0,0.0,,none,0.0,,,derived,https://nwjustice.org/get-legal-help,2026-09-06
legal_nwjustice,Punjabi,legal,0.0,0.0,,none,0.0,,,derived,https://nwjustice.org/get-legal-help,2026-09-06
legal_nwjustice,Purepecha,legal,0.0,0.0,,none,0.0,,,derived,https://nwjustice.org/get-legal-help,2026-09-06
legal_nwjustice,Rohingya,legal,0.0,0.0,,none,0.0,,,derived,https://nwjustice.org/get-legal-help,2026-09-06
legal_nwjustice,Romanian,legal,0.0,0.0,,none,0.0,,,derived,https://nwjustice.org/get-legal-help,2026-09-06
legal_nwjustice,Russian,legal,0.0,0.0,,none,0.0,,,derived,https://nwjustice.org/get-legal-help,2026-09-06
legal_nwjustice,Samoan,legal,0.0,0.0,,none,0.0,,,derived,https://nwjustice.org/get-legal-help,2026-09-06
legal_nwjustice,Sao,legal,0.0,0.0,,none,0.0,,,derived,https://nwjustice.org/get-legal-help,2026-09-06
legal_nwjustice,Serbo-Croation,legal,0.0,0.0,,none,0.0,,,derived,https://nwjustice.org/get-legal-help,2026-09-06
legal_nwjustice,Shona,legal,0.0,0.0,,none,0.0,,,derived,https://nwjustice.org/get-legal-help,2026-09-06
legal_nwjustice,Sinhalese,legal,0.0,0.0,,none,0.0,,,derived,https://nwjustice.org/get-legal-help,2026-09-06
legal_nwjustice,Slovenian,legal,0.0,0.0,,none,0.0,,,derived,https://nwjustice.org/get-legal-help,2026-09-06
legal_nwjustice,Somali,legal,0.0,0.0,,none,0.0,,,derived,https://nwjustice.org/get-legal-help,2026-09-06
legal_nwjustice,Soninke,legal,0.0,0.0,,none,0.0,,,derived,https://nwjustice.org/get-legal-help,2026-09-06
legal_nwjustice,Sotho,legal,0.0,0.0,,none,0.0,,,derived,https://nwjustice.org/get-legal-help,2026-09-06
legal_nwjustice,Spanish,legal,0.0,0.0,,none,0.0,,,derived,https://nwjustice.org/get-legal-help,2026-09-06
legal_nwjustice,Swahili,legal,0.0,0.0,,none,0.0,,,derived,https://nwjustice.org/get-legal-help,2026-09-06
legal_nwjustice,Tagalog,legal,0.0,0.0,,none,0.0,,,derived,https://nwjustice.org/get-legal-help,2026-09-06
legal_nwjustice,Taishanese,legal,0.0,0.0,,none,0.0,,,derived,https://nwjustice.org/get-legal-help,2026-09-06
legal_nwjustice,Tajiki,legal,0.0,0.0,,none,0.0,,,derived,https://nwjustice.org/get-legal-help,2026-09-06
legal_nwjustice,Tamil,legal,0.0,0.0,,none,0.0,,,derived,https://nwjustice.org/get-legal-help,2026-09-06
legal_nwjustice,Tarasco,legal,0.0,0.0,,none,0.0,,,derived,https://nwjustice.org/get-legal-help,2026-09-06
legal_nwjustice,Tedim,legal,0.0,0.0,,none,0.0,,,derived,https://nwjustice.org/get-legal-help,2026-09-06
legal_nwjustice,Telugu,legal,0.0,0.0,,none,0.0,,,derived,https://nwjustice.org/get-legal-help,2026-09-06
legal_nwjustice,Thai,legal,0.0,0.0,,none,0.0,,,derived,https://nwjustice.org/get-legal-help,2026-09-06
legal_nwjustice,Tibetan,legal,0.0,0.0,,none,0.0,,,derived,https://nwjustice.org/get-legal-help,2026-09-06
legal_nwjustice,Tigrinya,legal,0.0,0.0,,none,0.0,,,derived,https://nwjustice.org/get-legal-help,2026-09-06
legal_nwjustice,Tongan,legal,0.0,0.0,,none,0.0,,,derived,https://nwjustice.org/get-legal-help,2026-09-06
legal_nwjustice,Turkish,legal,0.0,0.0,,none,0.0,,,derived,https://nwjustice.org/get-legal-help,2026-09-06
legal_nwjustice,Twi,legal,0.0,0.0,,none,0.0,,,derived,https://nwjustice.org/get-legal-help,2026-09-06
legal_nwjustice,Ukrainian,legal,0.0,0.0,,none,0.0,,,derived,https://nwjustice.org/get-legal-help,2026-09-06
legal_nwjustice,Urdu,legal,0.0,0.0,,none,0.0,,,derived,https://nwjustice.org/get-legal-help,2026-09-06
legal_nwjustice,Uzbek,legal,0.0,0.0,,none,0.0,,,derived,https://nwjustice.org/get-legal-help,2026-09-06
legal_nwjustice,Vietnamese,legal,0.0,0.0,,none,0.0,,,derived,https://nwjustice.org/get-legal-help,2026-09-06
legal_nwjustice,Wolof,legal,0.0,0.0,,none,0.0,,,derived,https://nwjustice.org/get-legal-help,2026-09-06
legal_nwjustice,Yap,legal,0.0,0.0,,none,0.0,,,derived,https://nwjustice.org/get-legal-help,2026-09-06
legal_nwjustice,Yoruba,legal,0.0,0.0,,none,0.0,,,derived,https://nwjustice.org/get-legal-help,2026-09-06
legal_walawhelp,Acholi,legal,0.0,0.0,,none,0.0,,,derived,https://www.washingtonlawhelp.org,2026-09-06
legal_walawhelp,Aguacateco,legal,0.0,0.0,,none,0.0,,,derived,https://www.washingtonlawhelp.org,2026-09-06
legal_walawhelp,Akateko,legal,0.0,0.0,,none,0.0,,,derived,https://www.washingtonlawhelp.org,2026-09-06
legal_walawhelp,Albanian,legal,0.0,0.0,,none,0.0,,,derived,https://www.washingtonlawhelp.org,2026-09-06
legal_walawhelp,American Sign Language,legal,0.0,0.0,,none,0.0,,,derived,https://www.washingtonlawhelp.org,2026-09-06
legal_walawhelp,Amharic,legal,0.0,0.0,,none,0.0,,,derived,https://www.washingtonlawhelp.org,2026-09-06
legal_walawhelp,Arabic,legal,3.0,0.0,,in_language_document,3.0,unchecked,unverified,derived,https://www.washingtonlawhelp.org/ar/algha-shb-altwkyl-alrsmy,2026-09-06
legal_walawhelp,Armenian,legal,0.0,0.0,,none,0.0,,,derived,https://www.washingtonlawhelp.org,2026-09-06
legal_walawhelp,Ayula-Bambara,legal,0.0,0.0,,none,0.0,,,derived,https://www.washingtonlawhelp.org,2026-09-06
legal_walawhelp,Azerbaijani,legal,0.0,0.0,,none,0.0,,,derived,https://www.washingtonlawhelp.org,2026-09-06
legal_walawhelp,Bambara,legal,0.0,0.0,,none,0.0,,,derived,https://www.washingtonlawhelp.org,2026-09-06
legal_walawhelp,Bangala,legal,0.0,0.0,,none,0.0,,,derived,https://www.washingtonlawhelp.org,2026-09-06
legal_walawhelp,Bassa,legal,0.0,0.0,,none,0.0,,,derived,https://www.washingtonlawhelp.org,2026-09-06
legal_walawhelp,Bengali,legal,0.0,0.0,,none,0.0,,,derived,https://www.washingtonlawhelp.org,2026-09-06
legal_walawhelp,Bosnian,legal,0.0,0.0,,none,0.0,,,derived,https://www.washingtonlawhelp.org,2026-09-06
legal_walawhelp,Bulgarian,legal,0.0,0.0,,none,0.0,,,derived,https://www.washingtonlawhelp.org,2026-09-06
legal_walawhelp,Burmese,legal,0.0,0.0,,none,0.0,,,derived,https://www.washingtonlawhelp.org,2026-09-06
legal_walawhelp,Carolinian,legal,0.0,0.0,,none,0.0,,,derived,https://www.washingtonlawhelp.org,2026-09-06
legal_walawhelp,Catalan,legal,0.0,0.0,,none,0.0,,,derived,https://www.washingtonlawhelp.org,2026-09-06
legal_walawhelp,Cebuano,legal,0.0,0.0,,none,0.0,,,derived,https://www.washingtonlawhelp.org,2026-09-06
legal_walawhelp,Cham,legal,0.0,0.0,,none,0.0,,,derived,https://www.washingtonlawhelp.org,2026-09-06
legal_walawhelp,Chamorro,legal,0.0,0.0,,none,0.0,,,derived,https://www.washingtonlawhelp.org,2026-09-06
legal_walawhelp,Chin,legal,0.0,0.0,,none,0.0,,,derived,https://www.washingtonlawhelp.org,2026-09-06
legal_walawhelp,Chinese-Cantonese,legal,3.0,0.0,,in_language_document,3.0,unchecked,unverified,derived,https://www.washingtonlawhelp.org/zh-hant/chijiushouquanshu,2026-09-06
legal_walawhelp,Chinese-Fukienese,legal,0.0,0.0,,none,0.0,,,derived,https://www.washingtonlawhelp.org,2026-09-06
legal_walawhelp,Chinese-Mandarin,legal,3.0,0.0,,in_language_document,14.0,unchecked,unverified,derived,https://www.washingtonlawhelp.org/zh-hans/chijiushouquanshu,2026-09-06
legal_walawhelp,Chinese-Taiwanese,legal,0.0,0.0,,none,0.0,,,derived,https://www.washingtonlawhelp.org,2026-09-06
legal_walawhelp,Chuukese,legal,0.0,0.0,,none,0.0,,,derived,https://www.washingtonlawhelp.org,2026-09-06
legal_walawhelp,Dari,legal,3.0,0.0,,in_language_document,3.0,unchecked,unverified,derived,https://www.washingtonlawhelp.org/fa-af/ahkam-hmayty-dr-nzam-hqwqy-mdny,2026-09-06
legal_walawhelp,Dinka,legal,0.0,0.0,,none,0.0,,,derived,https://www.washingtonlawhelp.org,2026-09-06
legal_walawhelp,Dutch,legal,0.0,0.0,,none,0.0,,,derived,https://www.washingtonlawhelp.org,2026-09-06
legal_walawhelp,Egyptian-Arabic,legal,0.0,0.0,,none,0.0,,,derived,https://www.washingtonlawhelp.org,2026-09-06
legal_walawhelp,Eritai,legal,0.0,0.0,,none,0.0,,,derived,https://www.washingtonlawhelp.org,2026-09-06
legal_walawhelp,Estonian,legal,0.0,0.0,,none,0.0,,,derived,https://www.washingtonlawhelp.org,2026-09-06
legal_walawhelp,Ewe,legal,0.0,0.0,,none,0.0,,,derived,https://www.washingtonlawhelp.org,2026-09-06
legal_walawhelp,Fallani,legal,0.0,0.0,,none,0.0,,,derived,https://www.washingtonlawhelp.org,2026-09-06
legal_walawhelp,Farsi,legal,3.0,0.0,,in_language_document,1.0,unchecked,unverified,derived,https://www.washingtonlawhelp.org/fa/dr-jlsh-rsydgy-dshs-nmayndh-khwd-bashyd,2026-09-06
legal_walawhelp,French,legal,0.0,0.0,,none,0.0,,,derived,https://www.washingtonlawhelp.org,2026-09-06
legal_walawhelp,Fula,legal,0.0,0.0,,none,0.0,,,derived,https://www.washingtonlawhelp.org,2026-09-06
legal_walawhelp,Ga,legal,0.0,0.0,,none,0.0,,,derived,https://www.washingtonlawhelp.org,2026-09-06
legal_walawhelp,German,legal,0.0,0.0,,none,0.0,,,derived,https://www.washingtonlawhelp.org,2026-09-06
legal_walawhelp,"Greek, Modern",legal,0.0,0.0,,none,0.0,,,derived,https://www.washingtonlawhelp.org,2026-09-06
legal_walawhelp,Gujarati,legal,0.0,0.0,,none,0.0,,,derived,https://www.washingtonlawhelp.org,2026-09-06
legal_walawhelp,Haitian Creole,legal,0.0,0.0,,none,0.0,,,derived,https://www.washingtonlawhelp.org,2026-09-06
legal_walawhelp,Hausa,legal,0.0,0.0,,none,0.0,,,derived,https://www.washingtonlawhelp.org,2026-09-06
legal_walawhelp,Hawaiian,legal,0.0,0.0,,none,0.0,,,derived,https://www.washingtonlawhelp.org,2026-09-06
legal_walawhelp,Herero,legal,0.0,0.0,,none,0.0,,,derived,https://www.washingtonlawhelp.org,2026-09-06
legal_walawhelp,Hindi,legal,0.0,0.0,,none,0.0,,,derived,https://www.washingtonlawhelp.org,2026-09-06
legal_walawhelp,Hmong,legal,0.0,0.0,,none,0.0,,,derived,https://www.washingtonlawhelp.org,2026-09-06
legal_walawhelp,Hungarian,legal,0.0,0.0,,none,0.0,,,derived,https://www.washingtonlawhelp.org,2026-09-06
legal_walawhelp,Igbo,legal,0.0,0.0,,none,0.0,,,derived,https://www.washingtonlawhelp.org,2026-09-06
legal_walawhelp,Ilokano,legal,0.0,0.0,,none,0.0,,,derived,https://www.washingtonlawhelp.org,2026-09-06
legal_walawhelp,Indonesian,legal,0.0,0.0,,none,0.0,,,derived,https://www.washingtonlawhelp.org,2026-09-06
legal_walawhelp,Italian,legal,0.0,0.0,,none,0.0,,,derived,https://www.washingtonlawhelp.org,2026-09-06
legal_walawhelp,Japanese,legal,0.0,0.0,,none,0.0,,,derived,https://www.washingtonlawhelp.org,2026-09-06
legal_walawhelp,Kakwa,legal,0.0,0.0,,none,0.0,,,derived,https://www.washingtonlawhelp.org,2026-09-06
legal_walawhelp,Kannada,legal,0.0,0.0,,none,0.0,,,derived,https://www.washingtonlawhelp.org,2026-09-06
legal_walawhelp,Karen,legal,0.0,0.0,,none,0.0,,,derived,https://www.washingtonlawhelp.org,2026-09-06
legal_walawhelp,Karenni,legal,0.0,0.0,,none,0.0,,,derived,https://www.washingtonlawhelp.org,2026-09-06
legal_walawhelp,Kazakh,legal,0.0,0.0,,none,0.0,,,derived,https://www.washingtonlawhelp.org,2026-09-06
legal_walawhelp,Khmer,legal,3.0,0.0,,in_language_document,2.0,unchecked,unverified,derived,https://www.washingtonlawhelp.org/km/likhitphdersiddhiqcinrtaiy,2026-09-06
legal_walawhelp,Kikuyu,legal,0.0,0.0,,none,0.0,,,derived,https://www.washingtonlawhelp.org,2026-09-06
legal_walawhelp,Kinyarwanda,legal,0.0,0.0,,none,0.0,,,derived,https://www.washingtonlawhelp.org,2026-09-06
legal_walawhelp,Kirgiz,legal,0.0,0.0,,none,0.0,,,derived,https://www.washingtonlawhelp.org,2026-09-06
legal_walawhelp,Kirundi,legal,0.0,0.0,,none,0.0,,,derived,https://www.washingtonlawhelp.org,2026-09-06
legal_walawhelp,Kmhmu,legal,0.0,0.0,,none,0.0,,,derived,https://www.washingtonlawhelp.org,2026-09-06
legal_walawhelp,Kongo,legal,0.0,0.0,,none,0.0,,,derived,https://www.washingtonlawhelp.org,2026-09-06
legal_walawhelp,Korean,legal,3.0,0.0,,in_language_document,3.0,unchecked,unverified,derived,https://www.washingtonlawhelp.org/ko/bonini-aileul-dolbol-su-eobsneun-sanghwangeul-daebihae-daleun-salami-aileul-dolbwajul-su-issdolog,2026-09-06
legal_walawhelp,Kosraean,legal,0.0,0.0,,none,0.0,,,derived,https://www.washingtonlawhelp.org,2026-09-06
legal_walawhelp,Krahn,legal,0.0,0.0,,none,0.0,,,derived,https://www.washingtonlawhelp.org,2026-09-06
legal_walawhelp,Krio,legal,0.0,0.0,,none,0.0,,,derived,https://www.washingtonlawhelp.org,2026-09-06
legal_walawhelp,Kru,legal,0.0,0.0,,none,0.0,,,derived,https://www.washingtonlawhelp.org,2026-09-06
legal_walawhelp,Kurdish,legal,0.0,0.0,,none,0.0,,,derived,https://www.washingtonlawhelp.org,2026-09-06
legal_walawhelp,Lao,legal,0.0,0.0,,none,0.0,,,derived,https://www.washingtonlawhelp.org,2026-09-06
legal_walawhelp,Latvian,legal,0.0,0.0,,none,0.0,,,derived,https://www.washingtonlawhelp.org,2026-09-06
legal_walawhelp,Lingala,legal,0.0,0.0,,none,0.0,,,derived,https://www.washingtonlawhelp.org,2026-09-06
legal_walawhelp,Luganda,legal,0.0,0.0,,none,0.0,,,derived,https://www.washingtonlawhelp.org,2026-09-06
legal_walawhelp,Maay Maay,legal,0.0,0.0,,none,0.0,,,derived,https://www.washingtonlawhelp.org,2026-09-06
legal_walawhelp,Malay,legal,0.0,0.0,,none,0.0,,,derived,https://www.washingtonlawhelp.org,2026-09-06
legal_walawhelp,Malayalam,legal,0.0,0.0,,none,0.0,,,derived,https://www.washingtonlawhelp.org,2026-09-06
legal_walawhelp,Mam,legal,0.0,0.0,,none,0.0,,,derived,https://www.washingtonlawhelp.org,2026-09-06
legal_walawhelp,Mandingo,legal,0.0,0.0,,none,0.0,,,derived,https://www.washingtonlawhelp.org,2026-09-06
legal_walawhelp,Mandinka,legal,0.0,0.0,,none,0.0,,,derived,https://www.washingtonlawhelp.org,2026-09-06
legal_walawhelp,Marathi,legal,0.0,0.0,,none,0.0,,,derived,https://www.washingtonlawhelp.org,2026-09-06
legal_walawhelp,Marquesan,legal,0.0,0.0,,none,0.0,,,derived,https://www.washingtonlawhelp.org,2026-09-06
legal_walawhelp,Marshallese,legal,3.0,0.0,,in_language_document,1.0,unchecked,unverified,derived,https://www.washingtonlawhelp.org/mh/wonmaanlok-peba-kakien-maron-nan-juon-armej-komadmod-ikijen-jaan,2026-09-06
legal_walawhelp,Maya-Quiche,legal,0.0,0.0,,none,0.0,,,derived,https://www.washingtonlawhelp.org,2026-09-06
legal_walawhelp,Mien,legal,0.0,0.0,,none,0.0,,,derived,https://www.washingtonlawhelp.org,2026-09-06
legal_walawhelp,Mixteco,legal,0.0,0.0,,none,0.0,,,derived,https://www.washingtonlawhelp.org,2026-09-06
legal_walawhelp,Moldavian,legal,0.0,0.0,,none,0.0,,,derived,https://www.washingtonlawhelp.org,2026-09-06
legal_walawhelp,Mongolian,legal,0.0,0.0,,none,0.0,,,derived,https://www.washingtonlawhelp.org,2026-09-06
legal_walawhelp,Moore,legal,0.0,0.0,,none,0.0,,,derived,https://www.washingtonlawhelp.org,2026-09-06
legal_walawhelp,"Nahuatl, Guerrero region",legal,0.0,0.0,,none,0.0,,,derived,https://www.washingtonlawhelp.org,2026-09-06
legal_walawhelp,Nepali,legal,0.0,0.0,,none,0.0,,,derived,https://www.washingtonlawhelp.org,2026-09-06
legal_walawhelp,Nuer,legal,0.0,0.0,,none,0.0,,,derived,https://www.washingtonlawhelp.org,2026-09-06
legal_walawhelp,Oromo,legal,0.0,0.0,,none,0.0,,,derived,https://www.washingtonlawhelp.org,2026-09-06
legal_walawhelp,Palau,legal,0.0,0.0,,none,0.0,,,derived,https://www.washingtonlawhelp.org,2026-09-06
legal_walawhelp,Pashai,legal,0.0,0.0,,none,0.0,,,derived,https://www.washingtonlawhelp.org,2026-09-06
legal_walawhelp,Pashto,legal,0.0,0.0,,none,0.0,,,derived,https://www.washingtonlawhelp.org,2026-09-06
legal_walawhelp,Pere,legal,0.0,0.0,,none,0.0,,,derived,https://www.washingtonlawhelp.org,2026-09-06
legal_walawhelp,Polish,legal,0.0,0.0,,none,0.0,,,derived,https://www.washingtonlawhelp.org,2026-09-06
legal_walawhelp,Portuguese,legal,0.0,0.0,,none,0.0,,,derived,https://www.washingtonlawhelp.org,2026-09-06
legal_walawhelp,Punjabi,legal,0.0,0.0,,none,0.0,,,derived,https://www.washingtonlawhelp.org,2026-09-06
legal_walawhelp,Purepecha,legal,0.0,0.0,,none,0.0,,,derived,https://www.washingtonlawhelp.org,2026-09-06
legal_walawhelp,Rohingya,legal,0.0,0.0,,none,0.0,,,derived,https://www.washingtonlawhelp.org,2026-09-06
legal_walawhelp,Romanian,legal,0.0,0.0,,none,0.0,,,derived,https://www.washingtonlawhelp.org,2026-09-06
legal_walawhelp,Russian,legal,3.0,0.0,,in_language_document,3.0,unchecked,unverified,derived,https://www.washingtonlawhelp.org/ru/dolgosrochnaya-doverennost,2026-09-06
legal_walawhelp,Samoan,legal,0.0,0.0,,none,0.0,,,derived,https://www.washingtonlawhelp.org,2026-09-06
legal_walawhelp,Sao,legal,0.0,0.0,,none,0.0,,,derived,https://www.washingtonlawhelp.org,2026-09-06
legal_walawhelp,Serbo-Croation,legal,0.0,0.0,,none,0.0,,,derived,https://www.washingtonlawhelp.org,2026-09-06
legal_walawhelp,Shona,legal,0.0,0.0,,none,0.0,,,derived,https://www.washingtonlawhelp.org,2026-09-06
legal_walawhelp,Sinhalese,legal,0.0,0.0,,none,0.0,,,derived,https://www.washingtonlawhelp.org,2026-09-06
legal_walawhelp,Slovenian,legal,0.0,0.0,,none,0.0,,,derived,https://www.washingtonlawhelp.org,2026-09-06
legal_walawhelp,Somali,legal,0.0,0.0,,none,0.0,,,derived,https://www.washingtonlawhelp.org,2026-09-06
legal_walawhelp,Soninke,legal,0.0,0.0,,none,0.0,,,derived,https://www.washingtonlawhelp.org,2026-09-06
legal_walawhelp,Sotho,legal,0.0,0.0,,none,0.0,,,derived,https://www.washingtonlawhelp.org,2026-09-06
legal_walawhelp,Spanish,legal,3.0,0.0,,in_language_document,314.0,unchecked,unverified,derived,https://www.washingtonlawhelp.org/es/VSED,2026-09-06
legal_walawhelp,Swahili,legal,0.0,0.0,,none,0.0,,,derived,https://www.washingtonlawhelp.org,2026-09-06
legal_walawhelp,Tagalog,legal,3.0,0.0,,in_language_document,2.0,unchecked,unverified,derived,https://www.washingtonlawhelp.org/fil/durable-power-attorney,2026-09-06
legal_walawhelp,Taishanese,legal,0.0,0.0,,none,0.0,,,derived,https://www.washingtonlawhelp.org,2026-09-06
legal_walawhelp,Tajiki,legal,0.0,0.0,,none,0.0,,,derived,https://www.washingtonlawhelp.org,2026-09-06
legal_walawhelp,Tamil,legal,0.0,0.0,,none,0.0,,,derived,https://www.washingtonlawhelp.org,2026-09-06
legal_walawhelp,Tarasco,legal,0.0,0.0,,none,0.0,,,derived,https://www.washingtonlawhelp.org,2026-09-06
legal_walawhelp,Tedim,legal,0.0,0.0,,none,0.0,,,derived,https://www.washingtonlawhelp.org,2026-09-06
legal_walawhelp,Telugu,legal,0.0,0.0,,none,0.0,,,derived,https://www.washingtonlawhelp.org,2026-09-06
legal_walawhelp,Thai,legal,0.0,0.0,,none,0.0,,,derived,https://www.washingtonlawhelp.org,2026-09-06
legal_walawhelp,Tibetan,legal,0.0,0.0,,none,0.0,,,derived,https://www.washingtonlawhelp.org,2026-09-06
legal_walawhelp,Tigrinya,legal,0.0,0.0,,none,0.0,,,derived,https://www.washingtonlawhelp.org,2026-09-06
legal_walawhelp,Tongan,legal,0.0,0.0,,none,0.0,,,derived,https://www.washingtonlawhelp.org,2026-09-06
legal_walawhelp,Turkish,legal,0.0,0.0,,none,0.0,,,derived,https://www.washingtonlawhelp.org,2026-09-06
legal_walawhelp,Twi,legal,0.0,0.0,,none,0.0,,,derived,https://www.washingtonlawhelp.org,2026-09-06
legal_walawhelp,Ukrainian,legal,0.0,0.0,,none,0.0,,,derived,https://www.washingtonlawhelp.org,2026-09-06
legal_walawhelp,Urdu,legal,0.0,0.0,,none,0.0,,,derived,https://www.washingtonlawhelp.org,2026-09-06
legal_walawhelp,Uzbek,legal,0.0,0.0,,none,0.0,,,derived,https://www.washingtonlawhelp.org,2026-09-06
legal_walawhelp,Vietnamese,legal,3.0,0.0,,in_language_document,3.0,unchecked,unverified,derived,https://www.washingtonlawhelp.org/vi/hay-len-ke-hoach-nho-nguoi-khac-cham-soc-con-cai-neu-quy-vi-khong-tu-minh-lam-duoc,2026-09-06
legal_walawhelp,Wolof,legal,0.0,0.0,,none,0.0,,,derived,https://www.washingtonlawhelp.org,2026-09-06
legal_walawhelp,Yap,legal,0.0,0.0,,none,0.0,,,derived,https://www.washingtonlawhelp.org,2026-09-06
legal_walawhelp,Yoruba,legal,0.0,0.0,,none,0.0,,,derived,https://www.washingtonlawhelp.org,2026-09-06
legal_kcba,Acholi,legal,0.0,0.0,,none,0.0,,,derived,https://www.kcba.org,2026-09-06
legal_kcba,Aguacateco,legal,0.0,0.0,,none,0.0,,,derived,https://www.kcba.org,2026-09-06
legal_kcba,Akateko,legal,0.0,0.0,,none,0.0,,,derived,https://www.kcba.org,2026-09-06
legal_kcba,Albanian,legal,0.0,0.0,,none,0.0,,,derived,https://www.kcba.org,2026-09-06
legal_kcba,American Sign Language,legal,0.0,0.0,,none,0.0,,,derived,https://www.kcba.org,2026-09-06
legal_kcba,Amharic,legal,0.0,0.0,,none,0.0,,,derived,https://www.kcba.org,2026-09-06
legal_kcba,Arabic,legal,0.0,0.0,,none,0.0,,,derived,https://www.kcba.org,2026-09-06
legal_kcba,Armenian,legal,0.0,0.0,,none,0.0,,,derived,https://www.kcba.org,2026-09-06
legal_kcba,Ayula-Bambara,legal,0.0,0.0,,none,0.0,,,derived,https://www.kcba.org,2026-09-06
legal_kcba,Azerbaijani,legal,0.0,0.0,,none,0.0,,,derived,https://www.kcba.org,2026-09-06
legal_kcba,Bambara,legal,0.0,0.0,,none,0.0,,,derived,https://www.kcba.org,2026-09-06
legal_kcba,Bangala,legal,0.0,0.0,,none,0.0,,,derived,https://www.kcba.org,2026-09-06
legal_kcba,Bassa,legal,0.0,0.0,,none,0.0,,,derived,https://www.kcba.org,2026-09-06
legal_kcba,Bengali,legal,0.0,0.0,,none,0.0,,,derived,https://www.kcba.org,2026-09-06
legal_kcba,Bosnian,legal,0.0,0.0,,none,0.0,,,derived,https://www.kcba.org,2026-09-06
legal_kcba,Bulgarian,legal,0.0,0.0,,none,0.0,,,derived,https://www.kcba.org,2026-09-06
legal_kcba,Burmese,legal,0.0,0.0,,none,0.0,,,derived,https://www.kcba.org,2026-09-06
legal_kcba,Carolinian,legal,0.0,0.0,,none,0.0,,,derived,https://www.kcba.org,2026-09-06
legal_kcba,Catalan,legal,0.0,0.0,,none,0.0,,,derived,https://www.kcba.org,2026-09-06
legal_kcba,Cebuano,legal,0.0,0.0,,none,0.0,,,derived,https://www.kcba.org,2026-09-06
legal_kcba,Cham,legal,0.0,0.0,,none,0.0,,,derived,https://www.kcba.org,2026-09-06
legal_kcba,Chamorro,legal,0.0,0.0,,none,0.0,,,derived,https://www.kcba.org,2026-09-06
legal_kcba,Chin,legal,0.0,0.0,,none,0.0,,,derived,https://www.kcba.org,2026-09-06
legal_kcba,Chinese-Cantonese,legal,0.0,0.0,,none,0.0,,,derived,https://www.kcba.org,2026-09-06
legal_kcba,Chinese-Fukienese,legal,0.0,0.0,,none,0.0,,,derived,https://www.kcba.org,2026-09-06
legal_kcba,Chinese-Mandarin,legal,0.0,0.0,,none,0.0,,,derived,https://www.kcba.org,2026-09-06
legal_kcba,Chinese-Taiwanese,legal,0.0,0.0,,none,0.0,,,derived,https://www.kcba.org,2026-09-06
legal_kcba,Chuukese,legal,0.0,0.0,,none,0.0,,,derived,https://www.kcba.org,2026-09-06
legal_kcba,Dari,legal,0.0,0.0,,none,0.0,,,derived,https://www.kcba.org,2026-09-06
legal_kcba,Dinka,legal,0.0,0.0,,none,0.0,,,derived,https://www.kcba.org,2026-09-06
legal_kcba,Dutch,legal,0.0,0.0,,none,0.0,,,derived,https://www.kcba.org,2026-09-06
legal_kcba,Egyptian-Arabic,legal,0.0,0.0,,none,0.0,,,derived,https://www.kcba.org,2026-09-06
legal_kcba,Eritai,legal,0.0,0.0,,none,0.0,,,derived,https://www.kcba.org,2026-09-06
legal_kcba,Estonian,legal,0.0,0.0,,none,0.0,,,derived,https://www.kcba.org,2026-09-06
legal_kcba,Ewe,legal,0.0,0.0,,none,0.0,,,derived,https://www.kcba.org,2026-09-06
legal_kcba,Fallani,legal,0.0,0.0,,none,0.0,,,derived,https://www.kcba.org,2026-09-06
legal_kcba,Farsi,legal,0.0,0.0,,none,0.0,,,derived,https://www.kcba.org,2026-09-06
legal_kcba,French,legal,0.0,0.0,,none,0.0,,,derived,https://www.kcba.org,2026-09-06
legal_kcba,Fula,legal,0.0,0.0,,none,0.0,,,derived,https://www.kcba.org,2026-09-06
legal_kcba,Ga,legal,0.0,0.0,,none,0.0,,,derived,https://www.kcba.org,2026-09-06
legal_kcba,German,legal,0.0,0.0,,none,0.0,,,derived,https://www.kcba.org,2026-09-06
legal_kcba,"Greek, Modern",legal,0.0,0.0,,none,0.0,,,derived,https://www.kcba.org,2026-09-06
legal_kcba,Gujarati,legal,0.0,0.0,,none,0.0,,,derived,https://www.kcba.org,2026-09-06
legal_kcba,Haitian Creole,legal,0.0,0.0,,none,0.0,,,derived,https://www.kcba.org,2026-09-06
legal_kcba,Hausa,legal,0.0,0.0,,none,0.0,,,derived,https://www.kcba.org,2026-09-06
legal_kcba,Hawaiian,legal,0.0,0.0,,none,0.0,,,derived,https://www.kcba.org,2026-09-06
legal_kcba,Herero,legal,0.0,0.0,,none,0.0,,,derived,https://www.kcba.org,2026-09-06
legal_kcba,Hindi,legal,0.0,0.0,,none,0.0,,,derived,https://www.kcba.org,2026-09-06
legal_kcba,Hmong,legal,0.0,0.0,,none,0.0,,,derived,https://www.kcba.org,2026-09-06
legal_kcba,Hungarian,legal,0.0,0.0,,none,0.0,,,derived,https://www.kcba.org,2026-09-06
legal_kcba,Igbo,legal,0.0,0.0,,none,0.0,,,derived,https://www.kcba.org,2026-09-06
legal_kcba,Ilokano,legal,0.0,0.0,,none,0.0,,,derived,https://www.kcba.org,2026-09-06
legal_kcba,Indonesian,legal,0.0,0.0,,none,0.0,,,derived,https://www.kcba.org,2026-09-06
legal_kcba,Italian,legal,0.0,0.0,,none,0.0,,,derived,https://www.kcba.org,2026-09-06
legal_kcba,Japanese,legal,0.0,0.0,,none,0.0,,,derived,https://www.kcba.org,2026-09-06
legal_kcba,Kakwa,legal,0.0,0.0,,none,0.0,,,derived,https://www.kcba.org,2026-09-06
legal_kcba,Kannada,legal,0.0,0.0,,none,0.0,,,derived,https://www.kcba.org,2026-09-06
legal_kcba,Karen,legal,0.0,0.0,,none,0.0,,,derived,https://www.kcba.org,2026-09-06
legal_kcba,Karenni,legal,0.0,0.0,,none,0.0,,,derived,https://www.kcba.org,2026-09-06
legal_kcba,Kazakh,legal,0.0,0.0,,none,0.0,,,derived,https://www.kcba.org,2026-09-06
legal_kcba,Khmer,legal,0.0,0.0,,none,0.0,,,derived,https://www.kcba.org,2026-09-06
legal_kcba,Kikuyu,legal,0.0,0.0,,none,0.0,,,derived,https://www.kcba.org,2026-09-06
legal_kcba,Kinyarwanda,legal,0.0,0.0,,none,0.0,,,derived,https://www.kcba.org,2026-09-06
legal_kcba,Kirgiz,legal,0.0,0.0,,none,0.0,,,derived,https://www.kcba.org,2026-09-06
legal_kcba,Kirundi,legal,0.0,0.0,,none,0.0,,,derived,https://www.kcba.org,2026-09-06
legal_kcba,Kmhmu,legal,0.0,0.0,,none,0.0,,,derived,https://www.kcba.org,2026-09-06
legal_kcba,Kongo,legal,0.0,0.0,,none,0.0,,,derived,https://www.kcba.org,2026-09-06
legal_kcba,Korean,legal,0.0,0.0,,none,0.0,,,derived,https://www.kcba.org,2026-09-06
legal_kcba,Kosraean,legal,0.0,0.0,,none,0.0,,,derived,https://www.kcba.org,2026-09-06
legal_kcba,Krahn,legal,0.0,0.0,,none,0.0,,,derived,https://www.kcba.org,2026-09-06
legal_kcba,Krio,legal,0.0,0.0,,none,0.0,,,derived,https://www.kcba.org,2026-09-06
legal_kcba,Kru,legal,0.0,0.0,,none,0.0,,,derived,https://www.kcba.org,2026-09-06
legal_kcba,Kurdish,legal,0.0,0.0,,none,0.0,,,derived,https://www.kcba.org,2026-09-06
legal_kcba,Lao,legal,0.0,0.0,,none,0.0,,,derived,https://www.kcba.org,2026-09-06
legal_kcba,Latvian,legal,0.0,0.0,,none,0.0,,,derived,https://www.kcba.org,2026-09-06
legal_kcba,Lingala,legal,0.0,0.0,,none,0.0,,,derived,https://www.kcba.org,2026-09-06
legal_kcba,Luganda,legal,0.0,0.0,,none,0.0,,,derived,https://www.kcba.org,2026-09-06
legal_kcba,Maay Maay,legal,0.0,0.0,,none,0.0,,,derived,https://www.kcba.org,2026-09-06
legal_kcba,Malay,legal,0.0,0.0,,none,0.0,,,derived,https://www.kcba.org,2026-09-06
legal_kcba,Malayalam,legal,0.0,0.0,,none,0.0,,,derived,https://www.kcba.org,2026-09-06
legal_kcba,Mam,legal,0.0,0.0,,none,0.0,,,derived,https://www.kcba.org,2026-09-06
legal_kcba,Mandingo,legal,0.0,0.0,,none,0.0,,,derived,https://www.kcba.org,2026-09-06
legal_kcba,Mandinka,legal,0.0,0.0,,none,0.0,,,derived,https://www.kcba.org,2026-09-06
legal_kcba,Marathi,legal,0.0,0.0,,none,0.0,,,derived,https://www.kcba.org,2026-09-06
legal_kcba,Marquesan,legal,0.0,0.0,,none,0.0,,,derived,https://www.kcba.org,2026-09-06
legal_kcba,Marshallese,legal,0.0,0.0,,none,0.0,,,derived,https://www.kcba.org,2026-09-06
legal_kcba,Maya-Quiche,legal,0.0,0.0,,none,0.0,,,derived,https://www.kcba.org,2026-09-06
legal_kcba,Mien,legal,0.0,0.0,,none,0.0,,,derived,https://www.kcba.org,2026-09-06
legal_kcba,Mixteco,legal,0.0,0.0,,none,0.0,,,derived,https://www.kcba.org,2026-09-06
legal_kcba,Moldavian,legal,0.0,0.0,,none,0.0,,,derived,https://www.kcba.org,2026-09-06
legal_kcba,Mongolian,legal,0.0,0.0,,none,0.0,,,derived,https://www.kcba.org,2026-09-06
legal_kcba,Moore,legal,0.0,0.0,,none,0.0,,,derived,https://www.kcba.org,2026-09-06
legal_kcba,"Nahuatl, Guerrero region",legal,0.0,0.0,,none,0.0,,,derived,https://www.kcba.org,2026-09-06
legal_kcba,Nepali,legal,0.0,0.0,,none,0.0,,,derived,https://www.kcba.org,2026-09-06
legal_kcba,Nuer,legal,0.0,0.0,,none,0.0,,,derived,https://www.kcba.org,2026-09-06
legal_kcba,Oromo,legal,0.0,0.0,,none,0.0,,,derived,https://www.kcba.org,2026-09-06
legal_kcba,Palau,legal,0.0,0.0,,none,0.0,,,derived,https://www.kcba.org,2026-09-06
legal_kcba,Pashai,legal,0.0,0.0,,none,0.0,,,derived,https://www.kcba.org,2026-09-06
legal_kcba,Pashto,legal,0.0,0.0,,none,0.0,,,derived,https://www.kcba.org,2026-09-06
legal_kcba,Pere,legal,0.0,0.0,,none,0.0,,,derived,https://www.kcba.org,2026-09-06
legal_kcba,Polish,legal,0.0,0.0,,none,0.0,,,derived,https://www.kcba.org,2026-09-06
legal_kcba,Portuguese,legal,0.0,0.0,,none,0.0,,,derived,https://www.kcba.org,2026-09-06
legal_kcba,Punjabi,legal,0.0,0.0,,none,0.0,,,derived,https://www.kcba.org,2026-09-06
legal_kcba,Purepecha,legal,0.0,0.0,,none,0.0,,,derived,https://www.kcba.org,2026-09-06
legal_kcba,Rohingya,legal,0.0,0.0,,none,0.0,,,derived,https://www.kcba.org,2026-09-06
legal_kcba,Romanian,legal,0.0,0.0,,none,0.0,,,derived,https://www.kcba.org,2026-09-06
legal_kcba,Russian,legal,0.0,0.0,,none,0.0,,,derived,https://www.kcba.org,2026-09-06
legal_kcba,Samoan,legal,0.0,0.0,,none,0.0,,,derived,https://www.kcba.org,2026-09-06
legal_kcba,Sao,legal,0.0,0.0,,none,0.0,,,derived,https://www.kcba.org,2026-09-06
legal_kcba,Serbo-Croation,legal,0.0,0.0,,none,0.0,,,derived,https://www.kcba.org,2026-09-06
legal_kcba,Shona,legal,0.0,0.0,,none,0.0,,,derived,https://www.kcba.org,2026-09-06
legal_kcba,Sinhalese,legal,0.0,0.0,,none,0.0,,,derived,https://www.kcba.org,2026-09-06
legal_kcba,Slovenian,legal,0.0,0.0,,none,0.0,,,derived,https://www.kcba.org,2026-09-06
legal_kcba,Somali,legal,0.0,0.0,,none,0.0,,,derived,https://www.kcba.org,2026-09-06
legal_kcba,Soninke,legal,0.0,0.0,,none,0.0,,,derived,https://www.kcba.org,2026-09-06
legal_kcba,Sotho,legal,0.0,0.0,,none,0.0,,,derived,https://www.kcba.org,2026-09-06
legal_kcba,Spanish,legal,0.0,0.0,,none,0.0,,,derived,https://www.kcba.org,2026-09-06
legal_kcba,Swahili,legal,0.0,0.0,,none,0.0,,,derived,https://www.kcba.org,2026-09-06
legal_kcba,Tagalog,legal,0.0,0.0,,none,0.0,,,derived,https://www.kcba.org,2026-09-06
legal_kcba,Taishanese,legal,0.0,0.0,,none,0.0,,,derived,https://www.kcba.org,2026-09-06
legal_kcba,Tajiki,legal,0.0,0.0,,none,0.0,,,derived,https://www.kcba.org,2026-09-06
legal_kcba,Tamil,legal,0.0,0.0,,none,0.0,,,derived,https://www.kcba.org,2026-09-06
legal_kcba,Tarasco,legal,0.0,0.0,,none,0.0,,,derived,https://www.kcba.org,2026-09-06
legal_kcba,Tedim,legal,0.0,0.0,,none,0.0,,,derived,https://www.kcba.org,2026-09-06
legal_kcba,Telugu,legal,0.0,0.0,,none,0.0,,,derived,https://www.kcba.org,2026-09-06
legal_kcba,Thai,legal,0.0,0.0,,none,0.0,,,derived,https://www.kcba.org,2026-09-06
legal_kcba,Tibetan,legal,0.0,0.0,,none,0.0,,,derived,https://www.kcba.org,2026-09-06
legal_kcba,Tigrinya,legal,0.0,0.0,,none,0.0,,,derived,https://www.kcba.org,2026-09-06
legal_kcba,Tongan,legal,0.0,0.0,,none,0.0,,,derived,https://www.kcba.org,2026-09-06
legal_kcba,Turkish,legal,0.0,0.0,,none,0.0,,,derived,https://www.kcba.org,2026-09-06
legal_kcba,Twi,legal,0.0,0.0,,none,0.0,,,derived,https://www.kcba.org,2026-09-06
legal_kcba,Ukrainian,legal,0.0,0.0,,none,0.0,,,derived,https://www.kcba.org,2026-09-06
legal_kcba,Urdu,legal,0.0,0.0,,none,0.0,,,derived,https://www.kcba.org,2026-09-06
legal_kcba,Uzbek,legal,0.0,0.0,,none,0.0,,,derived,https://www.kcba.org,2026-09-06
legal_kcba,Vietnamese,legal,0.0,0.0,,none,0.0,,,derived,https://www.kcba.org,2026-09-06
legal_kcba,Wolof,legal,0.0,0.0,,none,0.0,,,derived,https://www.kcba.org,2026-09-06
legal_kcba,Yap,legal,0.0,0.0,,none,0.0,,,derived,https://www.kcba.org,2026-09-06
legal_kcba,Yoruba,legal,0.0,0.0,,none,0.0,,,derived,https://www.kcba.org,2026-09-06
legal_elap,Acholi,legal,0.0,0.0,,none,0.0,,,derived,https://elap.org/get-help/,2026-09-06
legal_elap,Aguacateco,legal,0.0,0.0,,none,0.0,,,derived,https://elap.org/get-help/,2026-09-06
legal_elap,Akateko,legal,0.0,0.0,,none,0.0,,,derived,https://elap.org/get-help/,2026-09-06
legal_elap,Albanian,legal,0.0,0.0,,none,0.0,,,derived,https://elap.org/get-help/,2026-09-06
legal_elap,American Sign Language,legal,0.0,0.0,,none,0.0,,,derived,https://elap.org/get-help/,2026-09-06
legal_elap,Amharic,legal,1.0,2.0,,machine_widget,0.0,machine,verified_machine,derived,https://elap.org/get-help/,2026-09-06
legal_elap,Arabic,legal,1.0,2.0,,machine_widget,0.0,,,derived,https://elap.org/get-help/,2026-09-06
legal_elap,Armenian,legal,0.0,0.0,,none,0.0,,,derived,https://elap.org/get-help/,2026-09-06
legal_elap,Ayula-Bambara,legal,0.0,0.0,,none,0.0,,,derived,https://elap.org/get-help/,2026-09-06
legal_elap,Azerbaijani,legal,0.0,0.0,,none,0.0,,,derived,https://elap.org/get-help/,2026-09-06
legal_elap,Bambara,legal,0.0,0.0,,none,0.0,,,derived,https://elap.org/get-help/,2026-09-06
legal_elap,Bangala,legal,0.0,0.0,,none,0.0,,,derived,https://elap.org/get-help/,2026-09-06
legal_elap,Bassa,legal,0.0,0.0,,none,0.0,,,derived,https://elap.org/get-help/,2026-09-06
legal_elap,Bengali,legal,0.0,0.0,,none,0.0,,,derived,https://elap.org/get-help/,2026-09-06
legal_elap,Bosnian,legal,0.0,0.0,,none,0.0,,,derived,https://elap.org/get-help/,2026-09-06
legal_elap,Bulgarian,legal,0.0,0.0,,none,0.0,,,derived,https://elap.org/get-help/,2026-09-06
legal_elap,Burmese,legal,0.0,0.0,,none,0.0,,,derived,https://elap.org/get-help/,2026-09-06
legal_elap,Carolinian,legal,0.0,0.0,,none,0.0,,,derived,https://elap.org/get-help/,2026-09-06
legal_elap,Catalan,legal,0.0,0.0,,none,0.0,,,derived,https://elap.org/get-help/,2026-09-06
legal_elap,Cebuano,legal,0.0,0.0,,none,0.0,,,derived,https://elap.org/get-help/,2026-09-06
legal_elap,Cham,legal,0.0,0.0,,none,0.0,,,derived,https://elap.org/get-help/,2026-09-06
legal_elap,Chamorro,legal,0.0,0.0,,none,0.0,,,derived,https://elap.org/get-help/,2026-09-06
legal_elap,Chin,legal,0.0,0.0,,none,0.0,,,derived,https://elap.org/get-help/,2026-09-06
legal_elap,Chinese-Cantonese,legal,0.0,0.0,,none,0.0,,,derived,https://elap.org/get-help/,2026-09-06
legal_elap,Chinese-Fukienese,legal,0.0,0.0,,none,0.0,,,derived,https://elap.org/get-help/,2026-09-06
legal_elap,Chinese-Mandarin,legal,0.0,0.0,,none,0.0,,,derived,https://elap.org/get-help/,2026-09-06
legal_elap,Chinese-Taiwanese,legal,0.0,0.0,,none,0.0,,,derived,https://elap.org/get-help/,2026-09-06
legal_elap,Chuukese,legal,0.0,0.0,,none,0.0,,,derived,https://elap.org/get-help/,2026-09-06
legal_elap,Dari,legal,0.0,0.0,,none,0.0,,,derived,https://elap.org/get-help/,2026-09-06
legal_elap,Dinka,legal,0.0,0.0,,none,0.0,,,derived,https://elap.org/get-help/,2026-09-06
legal_elap,Dutch,legal,0.0,0.0,,none,0.0,,,derived,https://elap.org/get-help/,2026-09-06
legal_elap,Egyptian-Arabic,legal,0.0,0.0,,none,0.0,,,derived,https://elap.org/get-help/,2026-09-06
legal_elap,Eritai,legal,0.0,0.0,,none,0.0,,,derived,https://elap.org/get-help/,2026-09-06
legal_elap,Estonian,legal,0.0,0.0,,none,0.0,,,derived,https://elap.org/get-help/,2026-09-06
legal_elap,Ewe,legal,0.0,0.0,,none,0.0,,,derived,https://elap.org/get-help/,2026-09-06
legal_elap,Fallani,legal,0.0,0.0,,none,0.0,,,derived,https://elap.org/get-help/,2026-09-06
legal_elap,Farsi,legal,0.0,0.0,,none,0.0,,,derived,https://elap.org/get-help/,2026-09-06
legal_elap,French,legal,0.0,0.0,,none,0.0,,,derived,https://elap.org/get-help/,2026-09-06
legal_elap,Fula,legal,0.0,0.0,,none,0.0,,,derived,https://elap.org/get-help/,2026-09-06
legal_elap,Ga,legal,0.0,0.0,,none,0.0,,,derived,https://elap.org/get-help/,2026-09-06
legal_elap,German,legal,0.0,0.0,,none,0.0,,,derived,https://elap.org/get-help/,2026-09-06
legal_elap,"Greek, Modern",legal,0.0,0.0,,none,0.0,,,derived,https://elap.org/get-help/,2026-09-06
legal_elap,Gujarati,legal,0.0,0.0,,none,0.0,,,derived,https://elap.org/get-help/,2026-09-06
legal_elap,Haitian Creole,legal,0.0,0.0,,none,0.0,,,derived,https://elap.org/get-help/,2026-09-06
legal_elap,Hausa,legal,0.0,0.0,,none,0.0,,,derived,https://elap.org/get-help/,2026-09-06
legal_elap,Hawaiian,legal,0.0,0.0,,none,0.0,,,derived,https://elap.org/get-help/,2026-09-06
legal_elap,Herero,legal,0.0,0.0,,none,0.0,,,derived,https://elap.org/get-help/,2026-09-06
legal_elap,Hindi,legal,0.0,0.0,,none,0.0,,,derived,https://elap.org/get-help/,2026-09-06
legal_elap,Hmong,legal,0.0,0.0,,none,0.0,,,derived,https://elap.org/get-help/,2026-09-06
legal_elap,Hungarian,legal,0.0,0.0,,none,0.0,,,derived,https://elap.org/get-help/,2026-09-06
legal_elap,Igbo,legal,0.0,0.0,,none,0.0,,,derived,https://elap.org/get-help/,2026-09-06
legal_elap,Ilokano,legal,0.0,0.0,,none,0.0,,,derived,https://elap.org/get-help/,2026-09-06
legal_elap,Indonesian,legal,0.0,0.0,,none,0.0,,,derived,https://elap.org/get-help/,2026-09-06
legal_elap,Italian,legal,0.0,0.0,,none,0.0,,,derived,https://elap.org/get-help/,2026-09-06
legal_elap,Japanese,legal,0.0,0.0,,none,0.0,,,derived,https://elap.org/get-help/,2026-09-06
legal_elap,Kakwa,legal,0.0,0.0,,none,0.0,,,derived,https://elap.org/get-help/,2026-09-06
legal_elap,Kannada,legal,0.0,0.0,,none,0.0,,,derived,https://elap.org/get-help/,2026-09-06
legal_elap,Karen,legal,0.0,0.0,,none,0.0,,,derived,https://elap.org/get-help/,2026-09-06
legal_elap,Karenni,legal,0.0,0.0,,none,0.0,,,derived,https://elap.org/get-help/,2026-09-06
legal_elap,Kazakh,legal,0.0,0.0,,none,0.0,,,derived,https://elap.org/get-help/,2026-09-06
legal_elap,Khmer,legal,0.0,0.0,,none,0.0,,,derived,https://elap.org/get-help/,2026-09-06
legal_elap,Kikuyu,legal,0.0,0.0,,none,0.0,,,derived,https://elap.org/get-help/,2026-09-06
legal_elap,Kinyarwanda,legal,0.0,0.0,,none,0.0,,,derived,https://elap.org/get-help/,2026-09-06
legal_elap,Kirgiz,legal,0.0,0.0,,none,0.0,,,derived,https://elap.org/get-help/,2026-09-06
legal_elap,Kirundi,legal,0.0,0.0,,none,0.0,,,derived,https://elap.org/get-help/,2026-09-06
legal_elap,Kmhmu,legal,0.0,0.0,,none,0.0,,,derived,https://elap.org/get-help/,2026-09-06
legal_elap,Kongo,legal,0.0,0.0,,none,0.0,,,derived,https://elap.org/get-help/,2026-09-06
legal_elap,Korean,legal,1.0,2.0,,machine_widget,0.0,,,derived,https://elap.org/get-help/,2026-09-06
legal_elap,Kosraean,legal,0.0,0.0,,none,0.0,,,derived,https://elap.org/get-help/,2026-09-06
legal_elap,Krahn,legal,0.0,0.0,,none,0.0,,,derived,https://elap.org/get-help/,2026-09-06
legal_elap,Krio,legal,0.0,0.0,,none,0.0,,,derived,https://elap.org/get-help/,2026-09-06
legal_elap,Kru,legal,0.0,0.0,,none,0.0,,,derived,https://elap.org/get-help/,2026-09-06
legal_elap,Kurdish,legal,0.0,0.0,,none,0.0,,,derived,https://elap.org/get-help/,2026-09-06
legal_elap,Lao,legal,0.0,0.0,,none,0.0,,,derived,https://elap.org/get-help/,2026-09-06
legal_elap,Latvian,legal,0.0,0.0,,none,0.0,,,derived,https://elap.org/get-help/,2026-09-06
legal_elap,Lingala,legal,0.0,0.0,,none,0.0,,,derived,https://elap.org/get-help/,2026-09-06
legal_elap,Luganda,legal,0.0,0.0,,none,0.0,,,derived,https://elap.org/get-help/,2026-09-06
legal_elap,Maay Maay,legal,0.0,0.0,,none,0.0,,,derived,https://elap.org/get-help/,2026-09-06
legal_elap,Malay,legal,0.0,0.0,,none,0.0,,,derived,https://elap.org/get-help/,2026-09-06
legal_elap,Malayalam,legal,0.0,0.0,,none,0.0,,,derived,https://elap.org/get-help/,2026-09-06
legal_elap,Mam,legal,0.0,0.0,,none,0.0,,,derived,https://elap.org/get-help/,2026-09-06
legal_elap,Mandingo,legal,0.0,0.0,,none,0.0,,,derived,https://elap.org/get-help/,2026-09-06
legal_elap,Mandinka,legal,0.0,0.0,,none,0.0,,,derived,https://elap.org/get-help/,2026-09-06
legal_elap,Marathi,legal,0.0,0.0,,none,0.0,,,derived,https://elap.org/get-help/,2026-09-06
legal_elap,Marquesan,legal,0.0,0.0,,none,0.0,,,derived,https://elap.org/get-help/,2026-09-06
legal_elap,Marshallese,legal,0.0,0.0,,none,0.0,,,derived,https://elap.org/get-help/,2026-09-06
legal_elap,Maya-Quiche,legal,0.0,0.0,,none,0.0,,,derived,https://elap.org/get-help/,2026-09-06
legal_elap,Mien,legal,0.0,0.0,,none,0.0,,,derived,https://elap.org/get-help/,2026-09-06
legal_elap,Mixteco,legal,0.0,0.0,,none,0.0,,,derived,https://elap.org/get-help/,2026-09-06
legal_elap,Moldavian,legal,0.0,0.0,,none,0.0,,,derived,https://elap.org/get-help/,2026-09-06
legal_elap,Mongolian,legal,0.0,0.0,,none,0.0,,,derived,https://elap.org/get-help/,2026-09-06
legal_elap,Moore,legal,0.0,0.0,,none,0.0,,,derived,https://elap.org/get-help/,2026-09-06
legal_elap,"Nahuatl, Guerrero region",legal,0.0,0.0,,none,0.0,,,derived,https://elap.org/get-help/,2026-09-06
legal_elap,Nepali,legal,0.0,0.0,,none,0.0,,,derived,https://elap.org/get-help/,2026-09-06
legal_elap,Nuer,legal,0.0,0.0,,none,0.0,,,derived,https://elap.org/get-help/,2026-09-06
legal_elap,Oromo,legal,0.0,0.0,,none,0.0,,,derived,https://elap.org/get-help/,2026-09-06
legal_elap,Palau,legal,0.0,0.0,,none,0.0,,,derived,https://elap.org/get-help/,2026-09-06
legal_elap,Pashai,legal,0.0,0.0,,none,0.0,,,derived,https://elap.org/get-help/,2026-09-06
legal_elap,Pashto,legal,0.0,0.0,,none,0.0,,,derived,https://elap.org/get-help/,2026-09-06
legal_elap,Pere,legal,0.0,0.0,,none,0.0,,,derived,https://elap.org/get-help/,2026-09-06
legal_elap,Polish,legal,0.0,0.0,,none,0.0,,,derived,https://elap.org/get-help/,2026-09-06
legal_elap,Portuguese,legal,0.0,0.0,,none,0.0,,,derived,https://elap.org/get-help/,2026-09-06
legal_elap,Punjabi,legal,0.0,0.0,,none,0.0,,,derived,https://elap.org/get-help/,2026-09-06
legal_elap,Purepecha,legal,0.0,0.0,,none,0.0,,,derived,https://elap.org/get-help/,2026-09-06
legal_elap,Rohingya,legal,0.0,0.0,,none,0.0,,,derived,https://elap.org/get-help/,2026-09-06
legal_elap,Romanian,legal,0.0,0.0,,none,0.0,,,derived,https://elap.org/get-help/,2026-09-06
legal_elap,Russian,legal,1.0,2.0,,machine_widget,0.0,,,derived,https://elap.org/get-help/,2026-09-06
legal_elap,Samoan,legal,0.0,0.0,,none,0.0,,,derived,https://elap.org/get-help/,2026-09-06
legal_elap,Sao,legal,0.0,0.0,,none,0.0,,,derived,https://elap.org/get-help/,2026-09-06
legal_elap,Serbo-Croation,legal,0.0,0.0,,none,0.0,,,derived,https://elap.org/get-help/,2026-09-06
legal_elap,Shona,legal,0.0,0.0,,none,0.0,,,derived,https://elap.org/get-help/,2026-09-06
legal_elap,Sinhalese,legal,0.0,0.0,,none,0.0,,,derived,https://elap.org/get-help/,2026-09-06
legal_elap,Slovenian,legal,0.0,0.0,,none,0.0,,,derived,https://elap.org/get-help/,2026-09-06
legal_elap,Somali,legal,1.0,2.0,,machine_widget,0.0,,,derived,https://elap.org/get-help/,2026-09-06
legal_elap,Soninke,legal,0.0,0.0,,none,0.0,,,derived,https://elap.org/get-help/,2026-09-06
legal_elap,Sotho,legal,0.0,0.0,,none,0.0,,,derived,https://elap.org/get-help/,2026-09-06
legal_elap,Spanish,legal,3.0,2.0,,in_language_phone,0.0,unchecked,unverified,derived,https://elap.org/get-help/,2026-09-06
legal_elap,Swahili,legal,0.0,0.0,,none,0.0,,,derived,https://elap.org/get-help/,2026-09-06
legal_elap,Tagalog,legal,0.0,0.0,,none,0.0,,,derived,https://elap.org/get-help/,2026-09-06
legal_elap,Taishanese,legal,0.0,0.0,,none,0.0,,,derived,https://elap.org/get-help/,2026-09-06
legal_elap,Tajiki,legal,0.0,0.0,,none,0.0,,,derived,https://elap.org/get-help/,2026-09-06
legal_elap,Tamil,legal,0.0,0.0,,none,0.0,,,derived,https://elap.org/get-help/,2026-09-06
legal_elap,Tarasco,legal,0.0,0.0,,none,0.0,,,derived,https://elap.org/get-help/,2026-09-06
legal_elap,Tedim,legal,0.0,0.0,,none,0.0,,,derived,https://elap.org/get-help/,2026-09-06
legal_elap,Telugu,legal,0.0,0.0,,none,0.0,,,derived,https://elap.org/get-help/,2026-09-06
legal_elap,Thai,legal,0.0,0.0,,none,0.0,,,derived,https://elap.org/get-help/,2026-09-06
legal_elap,Tibetan,legal,0.0,0.0,,none,0.0,,,derived,https://elap.org/get-help/,2026-09-06
legal_elap,Tigrinya,legal,0.0,0.0,,none,0.0,,,derived,https://elap.org/get-help/,2026-09-06
legal_elap,Tongan,legal,0.0,0.0,,none,0.0,,,derived,https://elap.org/get-help/,2026-09-06
legal_elap,Turkish,legal,0.0,0.0,,none,0.0,,,derived,https://elap.org/get-help/,2026-09-06
legal_elap,Twi,legal,0.0,0.0,,none,0.0,,,derived,https://elap.org/get-help/,2026-09-06
legal_elap,Ukrainian,legal,1.0,2.0,,machine_widget,0.0,,,derived,https://elap.org/get-help/,2026-09-06
legal_elap,Urdu,legal,0.0,0.0,,none,0.0,,,derived,https://elap.org/get-help/,2026-09-06
legal_elap,Uzbek,legal,0.0,0.0,,none,0.0,,,derived,https://elap.org/get-help/,2026-09-06
legal_elap,Vietnamese,legal,1.0,2.0,,machine_widget,0.0,,,derived,https://elap.org/get-help/,2026-09-06
legal_elap,Wolof,legal,0.0,0.0,,none,0.0,,,derived,https://elap.org/get-help/,2026-09-06
legal_elap,Yap,legal,0.0,0.0,,none,0.0,,,derived,https://elap.org/get-help/,2026-09-06
legal_elap,Yoruba,legal,0.0,0.0,,none,0.0,,,derived,https://elap.org/get-help/,2026-09-06
legal_nwirp,Acholi,legal,0.0,0.0,,none,0.0,,,derived,https://nwirp.org/get-help/,2026-09-06
legal_nwirp,Aguacateco,legal,0.0,0.0,,none,0.0,,,derived,https://nwirp.org/get-help/,2026-09-06
legal_nwirp,Akateko,legal,0.0,0.0,,none,0.0,,,derived,https://nwirp.org/get-help/,2026-09-06
legal_nwirp,Albanian,legal,0.0,0.0,,none,0.0,,,derived,https://nwirp.org/get-help/,2026-09-06
legal_nwirp,American Sign Language,legal,0.0,0.0,,none,0.0,,,derived,https://nwirp.org/get-help/,2026-09-06
legal_nwirp,Amharic,legal,0.0,0.0,,none,0.0,,,derived,https://nwirp.org/get-help/,2026-09-06
legal_nwirp,Arabic,legal,0.0,0.0,,none,0.0,,,derived,https://nwirp.org/get-help/,2026-09-06
legal_nwirp,Armenian,legal,0.0,0.0,,none,0.0,,,derived,https://nwirp.org/get-help/,2026-09-06
legal_nwirp,Ayula-Bambara,legal,0.0,0.0,,none,0.0,,,derived,https://nwirp.org/get-help/,2026-09-06
legal_nwirp,Azerbaijani,legal,0.0,0.0,,none,0.0,,,derived,https://nwirp.org/get-help/,2026-09-06
legal_nwirp,Bambara,legal,0.0,0.0,,none,0.0,,,derived,https://nwirp.org/get-help/,2026-09-06
legal_nwirp,Bangala,legal,0.0,0.0,,none,0.0,,,derived,https://nwirp.org/get-help/,2026-09-06
legal_nwirp,Bassa,legal,0.0,0.0,,none,0.0,,,derived,https://nwirp.org/get-help/,2026-09-06
legal_nwirp,Bengali,legal,0.0,0.0,,none,0.0,,,derived,https://nwirp.org/get-help/,2026-09-06
legal_nwirp,Bosnian,legal,0.0,0.0,,none,0.0,,,derived,https://nwirp.org/get-help/,2026-09-06
legal_nwirp,Bulgarian,legal,0.0,0.0,,none,0.0,,,derived,https://nwirp.org/get-help/,2026-09-06
legal_nwirp,Burmese,legal,0.0,0.0,,none,0.0,,,derived,https://nwirp.org/get-help/,2026-09-06
legal_nwirp,Carolinian,legal,0.0,0.0,,none,0.0,,,derived,https://nwirp.org/get-help/,2026-09-06
legal_nwirp,Catalan,legal,0.0,0.0,,none,0.0,,,derived,https://nwirp.org/get-help/,2026-09-06
legal_nwirp,Cebuano,legal,0.0,0.0,,none,0.0,,,derived,https://nwirp.org/get-help/,2026-09-06
legal_nwirp,Cham,legal,0.0,0.0,,none,0.0,,,derived,https://nwirp.org/get-help/,2026-09-06
legal_nwirp,Chamorro,legal,0.0,0.0,,none,0.0,,,derived,https://nwirp.org/get-help/,2026-09-06
legal_nwirp,Chin,legal,0.0,0.0,,none,0.0,,,derived,https://nwirp.org/get-help/,2026-09-06
legal_nwirp,Chinese-Cantonese,legal,0.0,0.0,,none,0.0,,,derived,https://nwirp.org/get-help/,2026-09-06
legal_nwirp,Chinese-Fukienese,legal,0.0,0.0,,none,0.0,,,derived,https://nwirp.org/get-help/,2026-09-06
legal_nwirp,Chinese-Mandarin,legal,0.0,0.0,,none,0.0,,,derived,https://nwirp.org/get-help/,2026-09-06
legal_nwirp,Chinese-Taiwanese,legal,0.0,0.0,,none,0.0,,,derived,https://nwirp.org/get-help/,2026-09-06
legal_nwirp,Chuukese,legal,0.0,0.0,,none,0.0,,,derived,https://nwirp.org/get-help/,2026-09-06
legal_nwirp,Dari,legal,0.0,0.0,,none,0.0,,,derived,https://nwirp.org/get-help/,2026-09-06
legal_nwirp,Dinka,legal,0.0,0.0,,none,0.0,,,derived,https://nwirp.org/get-help/,2026-09-06
legal_nwirp,Dutch,legal,0.0,0.0,,none,0.0,,,derived,https://nwirp.org/get-help/,2026-09-06
legal_nwirp,Egyptian-Arabic,legal,0.0,0.0,,none,0.0,,,derived,https://nwirp.org/get-help/,2026-09-06
legal_nwirp,Eritai,legal,0.0,0.0,,none,0.0,,,derived,https://nwirp.org/get-help/,2026-09-06
legal_nwirp,Estonian,legal,0.0,0.0,,none,0.0,,,derived,https://nwirp.org/get-help/,2026-09-06
legal_nwirp,Ewe,legal,0.0,0.0,,none,0.0,,,derived,https://nwirp.org/get-help/,2026-09-06
legal_nwirp,Fallani,legal,0.0,0.0,,none,0.0,,,derived,https://nwirp.org/get-help/,2026-09-06
legal_nwirp,Farsi,legal,0.0,0.0,,none,0.0,,,derived,https://nwirp.org/get-help/,2026-09-06
legal_nwirp,French,legal,0.0,0.0,,none,0.0,,,derived,https://nwirp.org/get-help/,2026-09-06
legal_nwirp,Fula,legal,0.0,0.0,,none,0.0,,,derived,https://nwirp.org/get-help/,2026-09-06
legal_nwirp,Ga,legal,0.0,0.0,,none,0.0,,,derived,https://nwirp.org/get-help/,2026-09-06
legal_nwirp,German,legal,0.0,0.0,,none,0.0,,,derived,https://nwirp.org/get-help/,2026-09-06
legal_nwirp,"Greek, Modern",legal,0.0,0.0,,none,0.0,,,derived,https://nwirp.org/get-help/,2026-09-06
legal_nwirp,Gujarati,legal,0.0,0.0,,none,0.0,,,derived,https://nwirp.org/get-help/,2026-09-06
legal_nwirp,Haitian Creole,legal,0.0,0.0,,none,0.0,,,derived,https://nwirp.org/get-help/,2026-09-06
legal_nwirp,Hausa,legal,0.0,0.0,,none,0.0,,,derived,https://nwirp.org/get-help/,2026-09-06
legal_nwirp,Hawaiian,legal,0.0,0.0,,none,0.0,,,derived,https://nwirp.org/get-help/,2026-09-06
legal_nwirp,Herero,legal,0.0,0.0,,none,0.0,,,derived,https://nwirp.org/get-help/,2026-09-06
legal_nwirp,Hindi,legal,0.0,0.0,,none,0.0,,,derived,https://nwirp.org/get-help/,2026-09-06
legal_nwirp,Hmong,legal,0.0,0.0,,none,0.0,,,derived,https://nwirp.org/get-help/,2026-09-06
legal_nwirp,Hungarian,legal,0.0,0.0,,none,0.0,,,derived,https://nwirp.org/get-help/,2026-09-06
legal_nwirp,Igbo,legal,0.0,0.0,,none,0.0,,,derived,https://nwirp.org/get-help/,2026-09-06
legal_nwirp,Ilokano,legal,0.0,0.0,,none,0.0,,,derived,https://nwirp.org/get-help/,2026-09-06
legal_nwirp,Indonesian,legal,0.0,0.0,,none,0.0,,,derived,https://nwirp.org/get-help/,2026-09-06
legal_nwirp,Italian,legal,0.0,0.0,,none,0.0,,,derived,https://nwirp.org/get-help/,2026-09-06
legal_nwirp,Japanese,legal,0.0,0.0,,none,0.0,,,derived,https://nwirp.org/get-help/,2026-09-06
legal_nwirp,Kakwa,legal,0.0,0.0,,none,0.0,,,derived,https://nwirp.org/get-help/,2026-09-06
legal_nwirp,Kannada,legal,0.0,0.0,,none,0.0,,,derived,https://nwirp.org/get-help/,2026-09-06
legal_nwirp,Karen,legal,0.0,0.0,,none,0.0,,,derived,https://nwirp.org/get-help/,2026-09-06
legal_nwirp,Karenni,legal,0.0,0.0,,none,0.0,,,derived,https://nwirp.org/get-help/,2026-09-06
legal_nwirp,Kazakh,legal,0.0,0.0,,none,0.0,,,derived,https://nwirp.org/get-help/,2026-09-06
legal_nwirp,Khmer,legal,0.0,0.0,,none,0.0,,,derived,https://nwirp.org/get-help/,2026-09-06
legal_nwirp,Kikuyu,legal,0.0,0.0,,none,0.0,,,derived,https://nwirp.org/get-help/,2026-09-06
legal_nwirp,Kinyarwanda,legal,0.0,0.0,,none,0.0,,,derived,https://nwirp.org/get-help/,2026-09-06
legal_nwirp,Kirgiz,legal,0.0,0.0,,none,0.0,,,derived,https://nwirp.org/get-help/,2026-09-06
legal_nwirp,Kirundi,legal,0.0,0.0,,none,0.0,,,derived,https://nwirp.org/get-help/,2026-09-06
legal_nwirp,Kmhmu,legal,0.0,0.0,,none,0.0,,,derived,https://nwirp.org/get-help/,2026-09-06
legal_nwirp,Kongo,legal,0.0,0.0,,none,0.0,,,derived,https://nwirp.org/get-help/,2026-09-06
legal_nwirp,Korean,legal,0.0,0.0,,none,0.0,,,derived,https://nwirp.org/get-help/,2026-09-06
legal_nwirp,Kosraean,legal,0.0,0.0,,none,0.0,,,derived,https://nwirp.org/get-help/,2026-09-06
legal_nwirp,Krahn,legal,0.0,0.0,,none,0.0,,,derived,https://nwirp.org/get-help/,2026-09-06
legal_nwirp,Krio,legal,0.0,0.0,,none,0.0,,,derived,https://nwirp.org/get-help/,2026-09-06
legal_nwirp,Kru,legal,0.0,0.0,,none,0.0,,,derived,https://nwirp.org/get-help/,2026-09-06
legal_nwirp,Kurdish,legal,0.0,0.0,,none,0.0,,,derived,https://nwirp.org/get-help/,2026-09-06
legal_nwirp,Lao,legal,0.0,0.0,,none,0.0,,,derived,https://nwirp.org/get-help/,2026-09-06
legal_nwirp,Latvian,legal,0.0,0.0,,none,0.0,,,derived,https://nwirp.org/get-help/,2026-09-06
legal_nwirp,Lingala,legal,0.0,0.0,,none,0.0,,,derived,https://nwirp.org/get-help/,2026-09-06
legal_nwirp,Luganda,legal,0.0,0.0,,none,0.0,,,derived,https://nwirp.org/get-help/,2026-09-06
legal_nwirp,Maay Maay,legal,0.0,0.0,,none,0.0,,,derived,https://nwirp.org/get-help/,2026-09-06
legal_nwirp,Malay,legal,0.0,0.0,,none,0.0,,,derived,https://nwirp.org/get-help/,2026-09-06
legal_nwirp,Malayalam,legal,0.0,0.0,,none,0.0,,,derived,https://nwirp.org/get-help/,2026-09-06
legal_nwirp,Mam,legal,0.0,0.0,,none,0.0,,,derived,https://nwirp.org/get-help/,2026-09-06
legal_nwirp,Mandingo,legal,0.0,0.0,,none,0.0,,,derived,https://nwirp.org/get-help/,2026-09-06
legal_nwirp,Mandinka,legal,0.0,0.0,,none,0.0,,,derived,https://nwirp.org/get-help/,2026-09-06
legal_nwirp,Marathi,legal,0.0,0.0,,none,0.0,,,derived,https://nwirp.org/get-help/,2026-09-06
legal_nwirp,Marquesan,legal,0.0,0.0,,none,0.0,,,derived,https://nwirp.org/get-help/,2026-09-06
legal_nwirp,Marshallese,legal,0.0,0.0,,none,0.0,,,derived,https://nwirp.org/get-help/,2026-09-06
legal_nwirp,Maya-Quiche,legal,0.0,0.0,,none,0.0,,,derived,https://nwirp.org/get-help/,2026-09-06
legal_nwirp,Mien,legal,0.0,0.0,,none,0.0,,,derived,https://nwirp.org/get-help/,2026-09-06
legal_nwirp,Mixteco,legal,0.0,0.0,,none,0.0,,,derived,https://nwirp.org/get-help/,2026-09-06
legal_nwirp,Moldavian,legal,0.0,0.0,,none,0.0,,,derived,https://nwirp.org/get-help/,2026-09-06
legal_nwirp,Mongolian,legal,0.0,0.0,,none,0.0,,,derived,https://nwirp.org/get-help/,2026-09-06
legal_nwirp,Moore,legal,0.0,0.0,,none,0.0,,,derived,https://nwirp.org/get-help/,2026-09-06
legal_nwirp,"Nahuatl, Guerrero region",legal,0.0,0.0,,none,0.0,,,derived,https://nwirp.org/get-help/,2026-09-06
legal_nwirp,Nepali,legal,0.0,0.0,,none,0.0,,,derived,https://nwirp.org/get-help/,2026-09-06
legal_nwirp,Nuer,legal,0.0,0.0,,none,0.0,,,derived,https://nwirp.org/get-help/,2026-09-06
legal_nwirp,Oromo,legal,0.0,0.0,,none,0.0,,,derived,https://nwirp.org/get-help/,2026-09-06
legal_nwirp,Palau,legal,0.0,0.0,,none,0.0,,,derived,https://nwirp.org/get-help/,2026-09-06
legal_nwirp,Pashai,legal,0.0,0.0,,none,0.0,,,derived,https://nwirp.org/get-help/,2026-09-06
legal_nwirp,Pashto,legal,0.0,0.0,,none,0.0,,,derived,https://nwirp.org/get-help/,2026-09-06
legal_nwirp,Pere,legal,0.0,0.0,,none,0.0,,,derived,https://nwirp.org/get-help/,2026-09-06
legal_nwirp,Polish,legal,0.0,0.0,,none,0.0,,,derived,https://nwirp.org/get-help/,2026-09-06
legal_nwirp,Portuguese,legal,0.0,0.0,,none,0.0,,,derived,https://nwirp.org/get-help/,2026-09-06
legal_nwirp,Punjabi,legal,0.0,0.0,,none,0.0,,,derived,https://nwirp.org/get-help/,2026-09-06
legal_nwirp,Purepecha,legal,0.0,0.0,,none,0.0,,,derived,https://nwirp.org/get-help/,2026-09-06
legal_nwirp,Rohingya,legal,0.0,0.0,,none,0.0,,,derived,https://nwirp.org/get-help/,2026-09-06
legal_nwirp,Romanian,legal,0.0,0.0,,none,0.0,,,derived,https://nwirp.org/get-help/,2026-09-06
legal_nwirp,Russian,legal,0.0,0.0,,none,0.0,,,derived,https://nwirp.org/get-help/,2026-09-06
legal_nwirp,Samoan,legal,0.0,0.0,,none,0.0,,,derived,https://nwirp.org/get-help/,2026-09-06
legal_nwirp,Sao,legal,0.0,0.0,,none,0.0,,,derived,https://nwirp.org/get-help/,2026-09-06
legal_nwirp,Serbo-Croation,legal,0.0,0.0,,none,0.0,,,derived,https://nwirp.org/get-help/,2026-09-06
legal_nwirp,Shona,legal,0.0,0.0,,none,0.0,,,derived,https://nwirp.org/get-help/,2026-09-06
legal_nwirp,Sinhalese,legal,0.0,0.0,,none,0.0,,,derived,https://nwirp.org/get-help/,2026-09-06
legal_nwirp,Slovenian,legal,0.0,0.0,,none,0.0,,,derived,https://nwirp.org/get-help/,2026-09-06
legal_nwirp,Somali,legal,0.0,0.0,,none,0.0,,,derived,https://nwirp.org/get-help/,2026-09-06
legal_nwirp,Soninke,legal,0.0,0.0,,none,0.0,,,derived,https://nwirp.org/get-help/,2026-09-06
legal_nwirp,Sotho,legal,0.0,0.0,,none,0.0,,,derived,https://nwirp.org/get-help/,2026-09-06
legal_nwirp,Spanish,legal,3.0,2.0,,in_language_document,3.0,unchecked,unverified,derived,https://nwirp.org/get-help/,2026-09-06
legal_nwirp,Swahili,legal,0.0,0.0,,none,0.0,,,derived,https://nwirp.org/get-help/,2026-09-06
legal_nwirp,Tagalog,legal,0.0,0.0,,none,0.0,,,derived,https://nwirp.org/get-help/,2026-09-06
legal_nwirp,Taishanese,legal,0.0,0.0,,none,0.0,,,derived,https://nwirp.org/get-help/,2026-09-06
legal_nwirp,Tajiki,legal,0.0,0.0,,none,0.0,,,derived,https://nwirp.org/get-help/,2026-09-06
legal_nwirp,Tamil,legal,0.0,0.0,,none,0.0,,,derived,https://nwirp.org/get-help/,2026-09-06
legal_nwirp,Tarasco,legal,0.0,0.0,,none,0.0,,,derived,https://nwirp.org/get-help/,2026-09-06
legal_nwirp,Tedim,legal,0.0,0.0,,none,0.0,,,derived,https://nwirp.org/get-help/,2026-09-06
legal_nwirp,Telugu,legal,0.0,0.0,,none,0.0,,,derived,https://nwirp.org/get-help/,2026-09-06
legal_nwirp,Thai,legal,0.0,0.0,,none,0.0,,,derived,https://nwirp.org/get-help/,2026-09-06
legal_nwirp,Tibetan,legal,0.0,0.0,,none,0.0,,,derived,https://nwirp.org/get-help/,2026-09-06
legal_nwirp,Tigrinya,legal,0.0,0.0,,none,0.0,,,derived,https://nwirp.org/get-help/,2026-09-06
legal_nwirp,Tongan,legal,0.0,0.0,,none,0.0,,,derived,https://nwirp.org/get-help/,2026-09-06
legal_nwirp,Turkish,legal,0.0,0.0,,none,0.0,,,derived,https://nwirp.org/get-help/,2026-09-06
legal_nwirp,Twi,legal,0.0,0.0,,none,0.0,,,derived,https://nwirp.org/get-help/,2026-09-06
legal_nwirp,Ukrainian,legal,0.0,0.0,,none,0.0,,,derived,https://nwirp.org/get-help/,2026-09-06
legal_nwirp,Urdu,legal,0.0,0.0,,none,0.0,,,derived,https://nwirp.org/get-help/,2026-09-06
legal_nwirp,Uzbek,legal,0.0,0.0,,none,0.0,,,derived,https://nwirp.org/get-help/,2026-09-06
legal_nwirp,Vietnamese,legal,0.0,0.0,,none,0.0,,,derived,https://nwirp.org/get-help/,2026-09-06
legal_nwirp,Wolof,legal,0.0,0.0,,none,0.0,,,derived,https://nwirp.org/get-help/,2026-09-06
legal_nwirp,Yap,legal,0.0,0.0,,none,0.0,,,derived,https://nwirp.org/get-help/,2026-09-06
legal_nwirp,Yoruba,legal,0.0,0.0,,none,0.0,,,derived,https://nwirp.org/get-help/,2026-09-06
legal_solidground,Acholi,legal,0.0,0.0,,none,0.0,,,derived,https://www.solid-ground.org,2026-09-06
legal_solidground,Aguacateco,legal,0.0,0.0,,none,0.0,,,derived,https://www.solid-ground.org,2026-09-06
legal_solidground,Akateko,legal,0.0,0.0,,none,0.0,,,derived,https://www.solid-ground.org,2026-09-06
legal_solidground,Albanian,legal,1.0,0.0,,none,0.0,,,derived,https://www.solid-ground.org,2026-09-06
legal_solidground,American Sign Language,legal,0.0,0.0,,none,0.0,,,derived,https://www.solid-ground.org,2026-09-06
legal_solidground,Amharic,legal,1.0,0.0,,none,0.0,,,derived,https://www.solid-ground.org,2026-09-06
legal_solidground,Arabic,legal,1.0,0.0,,none,0.0,,,derived,https://www.solid-ground.org,2026-09-06
legal_solidground,Armenian,legal,1.0,0.0,,none,0.0,,,derived,https://www.solid-ground.org,2026-09-06
legal_solidground,Ayula-Bambara,legal,0.0,0.0,,none,0.0,,,derived,https://www.solid-ground.org,2026-09-06
legal_solidground,Azerbaijani,legal,1.0,0.0,,none,0.0,,,derived,https://www.solid-ground.org,2026-09-06
legal_solidground,Bambara,legal,0.0,0.0,,none,0.0,,,derived,https://www.solid-ground.org,2026-09-06
legal_solidground,Bangala,legal,0.0,0.0,,none,0.0,,,derived,https://www.solid-ground.org,2026-09-06
legal_solidground,Bassa,legal,0.0,0.0,,none,0.0,,,derived,https://www.solid-ground.org,2026-09-06
legal_solidground,Bengali,legal,1.0,0.0,,none,0.0,,,derived,https://www.solid-ground.org,2026-09-06
legal_solidground,Bosnian,legal,1.0,0.0,,none,0.0,,,derived,https://www.solid-ground.org,2026-09-06
legal_solidground,Bulgarian,legal,1.0,0.0,,none,0.0,,,derived,https://www.solid-ground.org,2026-09-06
legal_solidground,Burmese,legal,1.0,0.0,,none,0.0,,,derived,https://www.solid-ground.org,2026-09-06
legal_solidground,Carolinian,legal,0.0,0.0,,none,0.0,,,derived,https://www.solid-ground.org,2026-09-06
legal_solidground,Catalan,legal,1.0,0.0,,none,0.0,,,derived,https://www.solid-ground.org,2026-09-06
legal_solidground,Cebuano,legal,1.0,0.0,,none,0.0,,,derived,https://www.solid-ground.org,2026-09-06
legal_solidground,Cham,legal,0.0,0.0,,none,0.0,,,derived,https://www.solid-ground.org,2026-09-06
legal_solidground,Chamorro,legal,0.0,0.0,,none,0.0,,,derived,https://www.solid-ground.org,2026-09-06
legal_solidground,Chin,legal,0.0,0.0,,none,0.0,,,derived,https://www.solid-ground.org,2026-09-06
legal_solidground,Chinese-Cantonese,legal,1.0,0.0,,none,0.0,,,derived,https://www.solid-ground.org,2026-09-06
legal_solidground,Chinese-Fukienese,legal,0.0,0.0,,none,0.0,,,derived,https://www.solid-ground.org,2026-09-06
legal_solidground,Chinese-Mandarin,legal,1.0,0.0,,none,0.0,,,derived,https://www.solid-ground.org,2026-09-06
legal_solidground,Chinese-Taiwanese,legal,0.0,0.0,,none,0.0,,,derived,https://www.solid-ground.org,2026-09-06
legal_solidground,Chuukese,legal,0.0,0.0,,none,0.0,,,derived,https://www.solid-ground.org,2026-09-06
legal_solidground,Dari,legal,1.0,0.0,,none,0.0,,,derived,https://www.solid-ground.org,2026-09-06
legal_solidground,Dinka,legal,0.0,0.0,,none,0.0,,,derived,https://www.solid-ground.org,2026-09-06
legal_solidground,Dutch,legal,1.0,0.0,,none,0.0,,,derived,https://www.solid-ground.org,2026-09-06
legal_solidground,Egyptian-Arabic,legal,0.0,0.0,,none,0.0,,,derived,https://www.solid-ground.org,2026-09-06
legal_solidground,Eritai,legal,0.0,0.0,,none,0.0,,,derived,https://www.solid-ground.org,2026-09-06
legal_solidground,Estonian,legal,1.0,0.0,,none,0.0,,,derived,https://www.solid-ground.org,2026-09-06
legal_solidground,Ewe,legal,0.0,0.0,,none,0.0,,,derived,https://www.solid-ground.org,2026-09-06
legal_solidground,Fallani,legal,0.0,0.0,,none,0.0,,,derived,https://www.solid-ground.org,2026-09-06
legal_solidground,Farsi,legal,1.0,0.0,,none,0.0,,,derived,https://www.solid-ground.org,2026-09-06
legal_solidground,French,legal,1.0,0.0,,none,0.0,,,derived,https://www.solid-ground.org,2026-09-06
legal_solidground,Fula,legal,0.0,0.0,,none,0.0,,,derived,https://www.solid-ground.org,2026-09-06
legal_solidground,Ga,legal,0.0,0.0,,none,0.0,,,derived,https://www.solid-ground.org,2026-09-06
legal_solidground,German,legal,1.0,0.0,,none,0.0,,,derived,https://www.solid-ground.org,2026-09-06
legal_solidground,"Greek, Modern",legal,0.0,0.0,,none,0.0,,,derived,https://www.solid-ground.org,2026-09-06
legal_solidground,Gujarati,legal,1.0,0.0,,none,0.0,,,derived,https://www.solid-ground.org,2026-09-06
legal_solidground,Haitian Creole,legal,1.0,0.0,,none,0.0,,,derived,https://www.solid-ground.org,2026-09-06
legal_solidground,Hausa,legal,1.0,0.0,,none,0.0,,,derived,https://www.solid-ground.org,2026-09-06
legal_solidground,Hawaiian,legal,1.0,0.0,,none,0.0,,,derived,https://www.solid-ground.org,2026-09-06
legal_solidground,Herero,legal,0.0,0.0,,none,0.0,,,derived,https://www.solid-ground.org,2026-09-06
legal_solidground,Hindi,legal,1.0,0.0,,none,0.0,,,derived,https://www.solid-ground.org,2026-09-06
legal_solidground,Hmong,legal,1.0,0.0,,none,0.0,,,derived,https://www.solid-ground.org,2026-09-06
legal_solidground,Hungarian,legal,1.0,0.0,,none,0.0,,,derived,https://www.solid-ground.org,2026-09-06
legal_solidground,Igbo,legal,1.0,0.0,,none,0.0,,,derived,https://www.solid-ground.org,2026-09-06
legal_solidground,Ilokano,legal,0.0,0.0,,none,0.0,,,derived,https://www.solid-ground.org,2026-09-06
legal_solidground,Indonesian,legal,1.0,0.0,,none,0.0,,,derived,https://www.solid-ground.org,2026-09-06
legal_solidground,Italian,legal,1.0,0.0,,none,0.0,,,derived,https://www.solid-ground.org,2026-09-06
legal_solidground,Japanese,legal,1.0,0.0,,none,0.0,,,derived,https://www.solid-ground.org,2026-09-06
legal_solidground,Kakwa,legal,0.0,0.0,,none,0.0,,,derived,https://www.solid-ground.org,2026-09-06
legal_solidground,Kannada,legal,1.0,0.0,,none,0.0,,,derived,https://www.solid-ground.org,2026-09-06
legal_solidground,Karen,legal,0.0,0.0,,none,0.0,,,derived,https://www.solid-ground.org,2026-09-06
legal_solidground,Karenni,legal,0.0,0.0,,none,0.0,,,derived,https://www.solid-ground.org,2026-09-06
legal_solidground,Kazakh,legal,1.0,0.0,,none,0.0,,,derived,https://www.solid-ground.org,2026-09-06
legal_solidground,Khmer,legal,1.0,0.0,,none,0.0,,,derived,https://www.solid-ground.org,2026-09-06
legal_solidground,Kikuyu,legal,0.0,0.0,,none,0.0,,,derived,https://www.solid-ground.org,2026-09-06
legal_solidground,Kinyarwanda,legal,0.0,0.0,,none,0.0,,,derived,https://www.solid-ground.org,2026-09-06
legal_solidground,Kirgiz,legal,0.0,0.0,,none,0.0,,,derived,https://www.solid-ground.org,2026-09-06
legal_solidground,Kirundi,legal,0.0,0.0,,none,0.0,,,derived,https://www.solid-ground.org,2026-09-06
legal_solidground,Kmhmu,legal,0.0,0.0,,none,0.0,,,derived,https://www.solid-ground.org,2026-09-06
legal_solidground,Kongo,legal,0.0,0.0,,none,0.0,,,derived,https://www.solid-ground.org,2026-09-06
legal_solidground,Korean,legal,1.0,0.0,,none,0.0,,,derived,https://www.solid-ground.org,2026-09-06
legal_solidground,Kosraean,legal,0.0,0.0,,none,0.0,,,derived,https://www.solid-ground.org,2026-09-06
legal_solidground,Krahn,legal,0.0,0.0,,none,0.0,,,derived,https://www.solid-ground.org,2026-09-06
legal_solidground,Krio,legal,0.0,0.0,,none,0.0,,,derived,https://www.solid-ground.org,2026-09-06
legal_solidground,Kru,legal,0.0,0.0,,none,0.0,,,derived,https://www.solid-ground.org,2026-09-06
legal_solidground,Kurdish,legal,0.0,0.0,,none,0.0,,,derived,https://www.solid-ground.org,2026-09-06
legal_solidground,Lao,legal,1.0,0.0,,none,0.0,,,derived,https://www.solid-ground.org,2026-09-06
legal_solidground,Latvian,legal,1.0,0.0,,none,0.0,,,derived,https://www.solid-ground.org,2026-09-06
legal_solidground,Lingala,legal,0.0,0.0,,none,0.0,,,derived,https://www.solid-ground.org,2026-09-06
legal_solidground,Luganda,legal,0.0,0.0,,none,0.0,,,derived,https://www.solid-ground.org,2026-09-06
legal_solidground,Maay Maay,legal,0.0,0.0,,none,0.0,,,derived,https://www.solid-ground.org,2026-09-06
legal_solidground,Malay,legal,1.0,0.0,,none,0.0,,,derived,https://www.solid-ground.org,2026-09-06
legal_solidground,Malayalam,legal,1.0,0.0,,none,0.0,,,derived,https://www.solid-ground.org,2026-09-06
legal_solidground,Mam,legal,0.0,0.0,,none,0.0,,,derived,https://www.solid-ground.org,2026-09-06
legal_solidground,Mandingo,legal,0.0,0.0,,none,0.0,,,derived,https://www.solid-ground.org,2026-09-06
legal_solidground,Mandinka,legal,0.0,0.0,,none,0.0,,,derived,https://www.solid-ground.org,2026-09-06
legal_solidground,Marathi,legal,1.0,0.0,,none,0.0,,,derived,https://www.solid-ground.org,2026-09-06
legal_solidground,Marquesan,legal,0.0,0.0,,none,0.0,,,derived,https://www.solid-ground.org,2026-09-06
legal_solidground,Marshallese,legal,0.0,0.0,,none,0.0,,,derived,https://www.solid-ground.org,2026-09-06
legal_solidground,Maya-Quiche,legal,0.0,0.0,,none,0.0,,,derived,https://www.solid-ground.org,2026-09-06
legal_solidground,Mien,legal,0.0,0.0,,none,0.0,,,derived,https://www.solid-ground.org,2026-09-06
legal_solidground,Mixteco,legal,0.0,0.0,,none,0.0,,,derived,https://www.solid-ground.org,2026-09-06
legal_solidground,Moldavian,legal,0.0,0.0,,none,0.0,,,derived,https://www.solid-ground.org,2026-09-06
legal_solidground,Mongolian,legal,1.0,0.0,,none,0.0,,,derived,https://www.solid-ground.org,2026-09-06
legal_solidground,Moore,legal,0.0,0.0,,none,0.0,,,derived,https://www.solid-ground.org,2026-09-06
legal_solidground,"Nahuatl, Guerrero region",legal,0.0,0.0,,none,0.0,,,derived,https://www.solid-ground.org,2026-09-06
legal_solidground,Nepali,legal,1.0,0.0,,none,0.0,,,derived,https://www.solid-ground.org,2026-09-06
legal_solidground,Nuer,legal,0.0,0.0,,none,0.0,,,derived,https://www.solid-ground.org,2026-09-06
legal_solidground,Oromo,legal,0.0,0.0,,none,0.0,,,derived,https://www.solid-ground.org,2026-09-06
legal_solidground,Palau,legal,0.0,0.0,,none,0.0,,,derived,https://www.solid-ground.org,2026-09-06
legal_solidground,Pashai,legal,0.0,0.0,,none,0.0,,,derived,https://www.solid-ground.org,2026-09-06
legal_solidground,Pashto,legal,1.0,0.0,,none,0.0,,,derived,https://www.solid-ground.org,2026-09-06
legal_solidground,Pere,legal,0.0,0.0,,none,0.0,,,derived,https://www.solid-ground.org,2026-09-06
legal_solidground,Polish,legal,1.0,0.0,,none,0.0,,,derived,https://www.solid-ground.org,2026-09-06
legal_solidground,Portuguese,legal,0.0,0.0,,none,0.0,,,derived,https://www.solid-ground.org,2026-09-06
legal_solidground,Punjabi,legal,1.0,0.0,,none,0.0,,,derived,https://www.solid-ground.org,2026-09-06
legal_solidground,Purepecha,legal,0.0,0.0,,none,0.0,,,derived,https://www.solid-ground.org,2026-09-06
legal_solidground,Rohingya,legal,0.0,0.0,,none,0.0,,,derived,https://www.solid-ground.org,2026-09-06
legal_solidground,Romanian,legal,1.0,0.0,,none,0.0,,,derived,https://www.solid-ground.org,2026-09-06
legal_solidground,Russian,legal,1.0,0.0,,none,0.0,,,derived,https://www.solid-ground.org,2026-09-06
legal_solidground,Samoan,legal,1.0,0.0,,none,0.0,,,derived,https://www.solid-ground.org,2026-09-06
legal_solidground,Sao,legal,0.0,0.0,,none,0.0,,,derived,https://www.solid-ground.org,2026-09-06
legal_solidground,Serbo-Croation,legal,0.0,0.0,,none,0.0,,,derived,https://www.solid-ground.org,2026-09-06
legal_solidground,Shona,legal,1.0,0.0,,none,0.0,,,derived,https://www.solid-ground.org,2026-09-06
legal_solidground,Sinhalese,legal,0.0,0.0,,none,0.0,,,derived,https://www.solid-ground.org,2026-09-06
legal_solidground,Slovenian,legal,1.0,0.0,,none,0.0,,,derived,https://www.solid-ground.org,2026-09-06
legal_solidground,Somali,legal,1.0,0.0,,none,0.0,,,derived,https://www.solid-ground.org,2026-09-06
legal_solidground,Soninke,legal,0.0,0.0,,none,0.0,,,derived,https://www.solid-ground.org,2026-09-06
legal_solidground,Sotho,legal,0.0,0.0,,none,0.0,,,derived,https://www.solid-ground.org,2026-09-06
legal_solidground,Spanish,legal,1.0,0.0,,none,0.0,,,derived,https://www.solid-ground.org,2026-09-06
legal_solidground,Swahili,legal,1.0,0.0,,none,0.0,,,derived,https://www.solid-ground.org,2026-09-06
legal_solidground,Tagalog,legal,1.0,0.0,,none,0.0,,,derived,https://www.solid-ground.org,2026-09-06
legal_solidground,Taishanese,legal,0.0,0.0,,none,0.0,,,derived,https://www.solid-ground.org,2026-09-06
legal_solidground,Tajiki,legal,0.0,0.0,,none,0.0,,,derived,https://www.solid-ground.org,2026-09-06
legal_solidground,Tamil,legal,1.0,0.0,,none,0.0,,,derived,https://www.solid-ground.org,2026-09-06
legal_solidground,Tarasco,legal,0.0,0.0,,none,0.0,,,derived,https://www.solid-ground.org,2026-09-06
legal_solidground,Tedim,legal,0.0,0.0,,none,0.0,,,derived,https://www.solid-ground.org,2026-09-06
legal_solidground,Telugu,legal,1.0,0.0,,none,0.0,,,derived,https://www.solid-ground.org,2026-09-06
legal_solidground,Thai,legal,1.0,0.0,,none,0.0,,,derived,https://www.solid-ground.org,2026-09-06
legal_solidground,Tibetan,legal,0.0,0.0,,none,0.0,,,derived,https://www.solid-ground.org,2026-09-06
legal_solidground,Tigrinya,legal,0.0,0.0,,none,0.0,,,derived,https://www.solid-ground.org,2026-09-06
legal_solidground,Tongan,legal,0.0,0.0,,none,0.0,,,derived,https://www.solid-ground.org,2026-09-06
legal_solidground,Turkish,legal,1.0,0.0,,none,0.0,,,derived,https://www.solid-ground.org,2026-09-06
legal_solidground,Twi,legal,0.0,0.0,,none,0.0,,,derived,https://www.solid-ground.org,2026-09-06
legal_solidground,Ukrainian,legal,1.0,0.0,,none,0.0,,,derived,https://www.solid-ground.org,2026-09-06
legal_solidground,Urdu,legal,1.0,0.0,,none,0.0,,,derived,https://www.solid-ground.org,2026-09-06
legal_solidground,Uzbek,legal,1.0,0.0,,none,0.0,,,derived,https://www.solid-ground.org,2026-09-06
legal_solidground,Vietnamese,legal,1.0,0.0,,none,0.0,,,derived,https://www.solid-ground.org,2026-09-06
legal_solidground,Wolof,legal,0.0,0.0,,none,0.0,,,derived,https://www.solid-ground.org,2026-09-06
legal_solidground,Yap,legal,0.0,0.0,,none,0.0,,,derived,https://www.solid-ground.org,2026-09-06
legal_solidground,Yoruba,legal,1.0,0.0,,none,0.0,,,derived,https://www.solid-ground.org,2026-09-06
legal_colectiva,Acholi,legal,0.0,0.0,,none,0.0,,,derived,https://colectivalegal.org,2026-09-06
legal_colectiva,Aguacateco,legal,0.0,0.0,,none,0.0,,,derived,https://colectivalegal.org,2026-09-06
legal_colectiva,Akateko,legal,0.0,0.0,,none,0.0,,,derived,https://colectivalegal.org,2026-09-06
legal_colectiva,Albanian,legal,0.0,0.0,,none,0.0,,,derived,https://colectivalegal.org,2026-09-06
legal_colectiva,American Sign Language,legal,0.0,0.0,,none,0.0,,,derived,https://colectivalegal.org,2026-09-06
legal_colectiva,Amharic,legal,0.0,0.0,,none,0.0,,,derived,https://colectivalegal.org,2026-09-06
legal_colectiva,Arabic,legal,0.0,0.0,,none,0.0,,,derived,https://colectivalegal.org,2026-09-06
legal_colectiva,Armenian,legal,0.0,0.0,,none,0.0,,,derived,https://colectivalegal.org,2026-09-06
legal_colectiva,Ayula-Bambara,legal,0.0,0.0,,none,0.0,,,derived,https://colectivalegal.org,2026-09-06
legal_colectiva,Azerbaijani,legal,0.0,0.0,,none,0.0,,,derived,https://colectivalegal.org,2026-09-06
legal_colectiva,Bambara,legal,0.0,0.0,,none,0.0,,,derived,https://colectivalegal.org,2026-09-06
legal_colectiva,Bangala,legal,0.0,0.0,,none,0.0,,,derived,https://colectivalegal.org,2026-09-06
legal_colectiva,Bassa,legal,0.0,0.0,,none,0.0,,,derived,https://colectivalegal.org,2026-09-06
legal_colectiva,Bengali,legal,0.0,0.0,,none,0.0,,,derived,https://colectivalegal.org,2026-09-06
legal_colectiva,Bosnian,legal,0.0,0.0,,none,0.0,,,derived,https://colectivalegal.org,2026-09-06
legal_colectiva,Bulgarian,legal,0.0,0.0,,none,0.0,,,derived,https://colectivalegal.org,2026-09-06
legal_colectiva,Burmese,legal,0.0,0.0,,none,0.0,,,derived,https://colectivalegal.org,2026-09-06
legal_colectiva,Carolinian,legal,0.0,0.0,,none,0.0,,,derived,https://colectivalegal.org,2026-09-06
legal_colectiva,Catalan,legal,0.0,0.0,,none,0.0,,,derived,https://colectivalegal.org,2026-09-06
legal_colectiva,Cebuano,legal,0.0,0.0,,none,0.0,,,derived,https://colectivalegal.org,2026-09-06
legal_colectiva,Cham,legal,0.0,0.0,,none,0.0,,,derived,https://colectivalegal.org,2026-09-06
legal_colectiva,Chamorro,legal,0.0,0.0,,none,0.0,,,derived,https://colectivalegal.org,2026-09-06
legal_colectiva,Chin,legal,0.0,0.0,,none,0.0,,,derived,https://colectivalegal.org,2026-09-06
legal_colectiva,Chinese-Cantonese,legal,0.0,0.0,,none,0.0,,,derived,https://colectivalegal.org,2026-09-06
legal_colectiva,Chinese-Fukienese,legal,0.0,0.0,,none,0.0,,,derived,https://colectivalegal.org,2026-09-06
legal_colectiva,Chinese-Mandarin,legal,0.0,0.0,,none,0.0,,,derived,https://colectivalegal.org,2026-09-06
legal_colectiva,Chinese-Taiwanese,legal,0.0,0.0,,none,0.0,,,derived,https://colectivalegal.org,2026-09-06
legal_colectiva,Chuukese,legal,0.0,0.0,,none,0.0,,,derived,https://colectivalegal.org,2026-09-06
legal_colectiva,Dari,legal,0.0,0.0,,none,0.0,,,derived,https://colectivalegal.org,2026-09-06
legal_colectiva,Dinka,legal,0.0,0.0,,none,0.0,,,derived,https://colectivalegal.org,2026-09-06
legal_colectiva,Dutch,legal,0.0,0.0,,none,0.0,,,derived,https://colectivalegal.org,2026-09-06
legal_colectiva,Egyptian-Arabic,legal,0.0,0.0,,none,0.0,,,derived,https://colectivalegal.org,2026-09-06
legal_colectiva,Eritai,legal,0.0,0.0,,none,0.0,,,derived,https://colectivalegal.org,2026-09-06
legal_colectiva,Estonian,legal,0.0,0.0,,none,0.0,,,derived,https://colectivalegal.org,2026-09-06
legal_colectiva,Ewe,legal,0.0,0.0,,none,0.0,,,derived,https://colectivalegal.org,2026-09-06
legal_colectiva,Fallani,legal,0.0,0.0,,none,0.0,,,derived,https://colectivalegal.org,2026-09-06
legal_colectiva,Farsi,legal,0.0,0.0,,none,0.0,,,derived,https://colectivalegal.org,2026-09-06
legal_colectiva,French,legal,0.0,0.0,,none,0.0,,,derived,https://colectivalegal.org,2026-09-06
legal_colectiva,Fula,legal,0.0,0.0,,none,0.0,,,derived,https://colectivalegal.org,2026-09-06
legal_colectiva,Ga,legal,0.0,0.0,,none,0.0,,,derived,https://colectivalegal.org,2026-09-06
legal_colectiva,German,legal,0.0,0.0,,none,0.0,,,derived,https://colectivalegal.org,2026-09-06
legal_colectiva,"Greek, Modern",legal,0.0,0.0,,none,0.0,,,derived,https://colectivalegal.org,2026-09-06
legal_colectiva,Gujarati,legal,0.0,0.0,,none,0.0,,,derived,https://colectivalegal.org,2026-09-06
legal_colectiva,Haitian Creole,legal,0.0,0.0,,none,0.0,,,derived,https://colectivalegal.org,2026-09-06
legal_colectiva,Hausa,legal,0.0,0.0,,none,0.0,,,derived,https://colectivalegal.org,2026-09-06
legal_colectiva,Hawaiian,legal,0.0,0.0,,none,0.0,,,derived,https://colectivalegal.org,2026-09-06
legal_colectiva,Herero,legal,0.0,0.0,,none,0.0,,,derived,https://colectivalegal.org,2026-09-06
legal_colectiva,Hindi,legal,0.0,0.0,,none,0.0,,,derived,https://colectivalegal.org,2026-09-06
legal_colectiva,Hmong,legal,0.0,0.0,,none,0.0,,,derived,https://colectivalegal.org,2026-09-06
legal_colectiva,Hungarian,legal,0.0,0.0,,none,0.0,,,derived,https://colectivalegal.org,2026-09-06
legal_colectiva,Igbo,legal,0.0,0.0,,none,0.0,,,derived,https://colectivalegal.org,2026-09-06
legal_colectiva,Ilokano,legal,0.0,0.0,,none,0.0,,,derived,https://colectivalegal.org,2026-09-06
legal_colectiva,Indonesian,legal,0.0,0.0,,none,0.0,,,derived,https://colectivalegal.org,2026-09-06
legal_colectiva,Italian,legal,0.0,0.0,,none,0.0,,,derived,https://colectivalegal.org,2026-09-06
legal_colectiva,Japanese,legal,0.0,0.0,,none,0.0,,,derived,https://colectivalegal.org,2026-09-06
legal_colectiva,Kakwa,legal,0.0,0.0,,none,0.0,,,derived,https://colectivalegal.org,2026-09-06
legal_colectiva,Kannada,legal,0.0,0.0,,none,0.0,,,derived,https://colectivalegal.org,2026-09-06
legal_colectiva,Karen,legal,0.0,0.0,,none,0.0,,,derived,https://colectivalegal.org,2026-09-06
legal_colectiva,Karenni,legal,0.0,0.0,,none,0.0,,,derived,https://colectivalegal.org,2026-09-06
legal_colectiva,Kazakh,legal,0.0,0.0,,none,0.0,,,derived,https://colectivalegal.org,2026-09-06
legal_colectiva,Khmer,legal,0.0,0.0,,none,0.0,,,derived,https://colectivalegal.org,2026-09-06
legal_colectiva,Kikuyu,legal,0.0,0.0,,none,0.0,,,derived,https://colectivalegal.org,2026-09-06
legal_colectiva,Kinyarwanda,legal,0.0,0.0,,none,0.0,,,derived,https://colectivalegal.org,2026-09-06
legal_colectiva,Kirgiz,legal,0.0,0.0,,none,0.0,,,derived,https://colectivalegal.org,2026-09-06
legal_colectiva,Kirundi,legal,0.0,0.0,,none,0.0,,,derived,https://colectivalegal.org,2026-09-06
legal_colectiva,Kmhmu,legal,0.0,0.0,,none,0.0,,,derived,https://colectivalegal.org,2026-09-06
legal_colectiva,Kongo,legal,0.0,0.0,,none,0.0,,,derived,https://colectivalegal.org,2026-09-06
legal_colectiva,Korean,legal,0.0,0.0,,none,0.0,,,derived,https://colectivalegal.org,2026-09-06
legal_colectiva,Kosraean,legal,0.0,0.0,,none,0.0,,,derived,https://colectivalegal.org,2026-09-06
legal_colectiva,Krahn,legal,0.0,0.0,,none,0.0,,,derived,https://colectivalegal.org,2026-09-06
legal_colectiva,Krio,legal,0.0,0.0,,none,0.0,,,derived,https://colectivalegal.org,2026-09-06
legal_colectiva,Kru,legal,0.0,0.0,,none,0.0,,,derived,https://colectivalegal.org,2026-09-06
legal_colectiva,Kurdish,legal,0.0,0.0,,none,0.0,,,derived,https://colectivalegal.org,2026-09-06
legal_colectiva,Lao,legal,0.0,0.0,,none,0.0,,,derived,https://colectivalegal.org,2026-09-06
legal_colectiva,Latvian,legal,0.0,0.0,,none,0.0,,,derived,https://colectivalegal.org,2026-09-06
legal_colectiva,Lingala,legal,0.0,0.0,,none,0.0,,,derived,https://colectivalegal.org,2026-09-06
legal_colectiva,Luganda,legal,0.0,0.0,,none,0.0,,,derived,https://colectivalegal.org,2026-09-06
legal_colectiva,Maay Maay,legal,0.0,0.0,,none,0.0,,,derived,https://colectivalegal.org,2026-09-06
legal_colectiva,Malay,legal,0.0,0.0,,none,0.0,,,derived,https://colectivalegal.org,2026-09-06
legal_colectiva,Malayalam,legal,0.0,0.0,,none,0.0,,,derived,https://colectivalegal.org,2026-09-06
legal_colectiva,Mam,legal,0.0,0.0,,none,0.0,,,derived,https://colectivalegal.org,2026-09-06
legal_colectiva,Mandingo,legal,0.0,0.0,,none,0.0,,,derived,https://colectivalegal.org,2026-09-06
legal_colectiva,Mandinka,legal,0.0,0.0,,none,0.0,,,derived,https://colectivalegal.org,2026-09-06
legal_colectiva,Marathi,legal,0.0,0.0,,none,0.0,,,derived,https://colectivalegal.org,2026-09-06
legal_colectiva,Marquesan,legal,0.0,0.0,,none,0.0,,,derived,https://colectivalegal.org,2026-09-06
legal_colectiva,Marshallese,legal,0.0,0.0,,none,0.0,,,derived,https://colectivalegal.org,2026-09-06
legal_colectiva,Maya-Quiche,legal,0.0,0.0,,none,0.0,,,derived,https://colectivalegal.org,2026-09-06
legal_colectiva,Mien,legal,0.0,0.0,,none,0.0,,,derived,https://colectivalegal.org,2026-09-06
legal_colectiva,Mixteco,legal,0.0,0.0,,none,0.0,,,derived,https://colectivalegal.org,2026-09-06
legal_colectiva,Moldavian,legal,0.0,0.0,,none,0.0,,,derived,https://colectivalegal.org,2026-09-06
legal_colectiva,Mongolian,legal,0.0,0.0,,none,0.0,,,derived,https://colectivalegal.org,2026-09-06
legal_colectiva,Moore,legal,0.0,0.0,,none,0.0,,,derived,https://colectivalegal.org,2026-09-06
legal_colectiva,"Nahuatl, Guerrero region",legal,0.0,0.0,,none,0.0,,,derived,https://colectivalegal.org,2026-09-06
legal_colectiva,Nepali,legal,0.0,0.0,,none,0.0,,,derived,https://colectivalegal.org,2026-09-06
legal_colectiva,Nuer,legal,0.0,0.0,,none,0.0,,,derived,https://colectivalegal.org,2026-09-06
legal_colectiva,Oromo,legal,0.0,0.0,,none,0.0,,,derived,https://colectivalegal.org,2026-09-06
legal_colectiva,Palau,legal,0.0,0.0,,none,0.0,,,derived,https://colectivalegal.org,2026-09-06
legal_colectiva,Pashai,legal,0.0,0.0,,none,0.0,,,derived,https://colectivalegal.org,2026-09-06
legal_colectiva,Pashto,legal,0.0,0.0,,none,0.0,,,derived,https://colectivalegal.org,2026-09-06
legal_colectiva,Pere,legal,0.0,0.0,,none,0.0,,,derived,https://colectivalegal.org,2026-09-06
legal_colectiva,Polish,legal,0.0,0.0,,none,0.0,,,derived,https://colectivalegal.org,2026-09-06
legal_colectiva,Portuguese,legal,0.0,0.0,,none,0.0,,,derived,https://colectivalegal.org,2026-09-06
legal_colectiva,Punjabi,legal,0.0,0.0,,none,0.0,,,derived,https://colectivalegal.org,2026-09-06
legal_colectiva,Purepecha,legal,0.0,0.0,,none,0.0,,,derived,https://colectivalegal.org,2026-09-06
legal_colectiva,Rohingya,legal,0.0,0.0,,none,0.0,,,derived,https://colectivalegal.org,2026-09-06
legal_colectiva,Romanian,legal,0.0,0.0,,none,0.0,,,derived,https://colectivalegal.org,2026-09-06
legal_colectiva,Russian,legal,0.0,0.0,,none,0.0,,,derived,https://colectivalegal.org,2026-09-06
legal_colectiva,Samoan,legal,0.0,0.0,,none,0.0,,,derived,https://colectivalegal.org,2026-09-06
legal_colectiva,Sao,legal,0.0,0.0,,none,0.0,,,derived,https://colectivalegal.org,2026-09-06
legal_colectiva,Serbo-Croation,legal,0.0,0.0,,none,0.0,,,derived,https://colectivalegal.org,2026-09-06
legal_colectiva,Shona,legal,0.0,0.0,,none,0.0,,,derived,https://colectivalegal.org,2026-09-06
legal_colectiva,Sinhalese,legal,0.0,0.0,,none,0.0,,,derived,https://colectivalegal.org,2026-09-06
legal_colectiva,Slovenian,legal,0.0,0.0,,none,0.0,,,derived,https://colectivalegal.org,2026-09-06
legal_colectiva,Somali,legal,0.0,0.0,,none,0.0,,,derived,https://colectivalegal.org,2026-09-06
legal_colectiva,Soninke,legal,0.0,0.0,,none,0.0,,,derived,https://colectivalegal.org,2026-09-06
legal_colectiva,Sotho,legal,0.0,0.0,,none,0.0,,,derived,https://colectivalegal.org,2026-09-06
legal_colectiva,Spanish,legal,0.0,0.0,,none,0.0,,,derived,https://colectivalegal.org,2026-09-06
legal_colectiva,Swahili,legal,0.0,0.0,,none,0.0,,,derived,https://colectivalegal.org,2026-09-06
legal_colectiva,Tagalog,legal,0.0,0.0,,none,0.0,,,derived,https://colectivalegal.org,2026-09-06
legal_colectiva,Taishanese,legal,0.0,0.0,,none,0.0,,,derived,https://colectivalegal.org,2026-09-06
legal_colectiva,Tajiki,legal,0.0,0.0,,none,0.0,,,derived,https://colectivalegal.org,2026-09-06
legal_colectiva,Tamil,legal,0.0,0.0,,none,0.0,,,derived,https://colectivalegal.org,2026-09-06
legal_colectiva,Tarasco,legal,0.0,0.0,,none,0.0,,,derived,https://colectivalegal.org,2026-09-06
legal_colectiva,Tedim,legal,0.0,0.0,,none,0.0,,,derived,https://colectivalegal.org,2026-09-06
legal_colectiva,Telugu,legal,0.0,0.0,,none,0.0,,,derived,https://colectivalegal.org,2026-09-06
legal_colectiva,Thai,legal,0.0,0.0,,none,0.0,,,derived,https://colectivalegal.org,2026-09-06
legal_colectiva,Tibetan,legal,0.0,0.0,,none,0.0,,,derived,https://colectivalegal.org,2026-09-06
legal_colectiva,Tigrinya,legal,0.0,0.0,,none,0.0,,,derived,https://colectivalegal.org,2026-09-06
legal_colectiva,Tongan,legal,0.0,0.0,,none,0.0,,,derived,https://colectivalegal.org,2026-09-06
legal_colectiva,Turkish,legal,0.0,0.0,,none,0.0,,,derived,https://colectivalegal.org,2026-09-06
legal_colectiva,Twi,legal,0.0,0.0,,none,0.0,,,derived,https://colectivalegal.org,2026-09-06
legal_colectiva,Ukrainian,legal,0.0,0.0,,none,0.0,,,derived,https://colectivalegal.org,2026-09-06
legal_colectiva,Urdu,legal,0.0,0.0,,none,0.0,,,derived,https://colectivalegal.org,2026-09-06
legal_colectiva,Uzbek,legal,0.0,0.0,,none,0.0,,,derived,https://colectivalegal.org,2026-09-06
legal_colectiva,Vietnamese,legal,0.0,0.0,,none,0.0,,,derived,https://colectivalegal.org,2026-09-06
legal_colectiva,Wolof,legal,0.0,0.0,,none,0.0,,,derived,https://colectivalegal.org,2026-09-06
legal_colectiva,Yap,legal,0.0,0.0,,none,0.0,,,derived,https://colectivalegal.org,2026-09-06
legal_colectiva,Yoruba,legal,0.0,0.0,,none,0.0,,,derived,https://colectivalegal.org,2026-09-06
legal_teamchild,Acholi,legal,0.0,0.0,,none,0.0,,,derived,https://www.teamchild.org,2026-09-06
legal_teamchild,Aguacateco,legal,0.0,0.0,,none,0.0,,,derived,https://www.teamchild.org,2026-09-06
legal_teamchild,Akateko,legal,0.0,0.0,,none,0.0,,,derived,https://www.teamchild.org,2026-09-06
legal_teamchild,Albanian,legal,0.0,0.0,,none,0.0,,,derived,https://www.teamchild.org,2026-09-06
legal_teamchild,American Sign Language,legal,0.0,0.0,,none,0.0,,,derived,https://www.teamchild.org,2026-09-06
legal_teamchild,Amharic,legal,0.0,0.0,,none,0.0,,,derived,https://www.teamchild.org,2026-09-06
legal_teamchild,Arabic,legal,0.0,0.0,,none,0.0,,,derived,https://www.teamchild.org,2026-09-06
legal_teamchild,Armenian,legal,0.0,0.0,,none,0.0,,,derived,https://www.teamchild.org,2026-09-06
legal_teamchild,Ayula-Bambara,legal,0.0,0.0,,none,0.0,,,derived,https://www.teamchild.org,2026-09-06
legal_teamchild,Azerbaijani,legal,0.0,0.0,,none,0.0,,,derived,https://www.teamchild.org,2026-09-06
legal_teamchild,Bambara,legal,0.0,0.0,,none,0.0,,,derived,https://www.teamchild.org,2026-09-06
legal_teamchild,Bangala,legal,0.0,0.0,,none,0.0,,,derived,https://www.teamchild.org,2026-09-06
legal_teamchild,Bassa,legal,0.0,0.0,,none,0.0,,,derived,https://www.teamchild.org,2026-09-06
legal_teamchild,Bengali,legal,0.0,0.0,,none,0.0,,,derived,https://www.teamchild.org,2026-09-06
legal_teamchild,Bosnian,legal,0.0,0.0,,none,0.0,,,derived,https://www.teamchild.org,2026-09-06
legal_teamchild,Bulgarian,legal,0.0,0.0,,none,0.0,,,derived,https://www.teamchild.org,2026-09-06
legal_teamchild,Burmese,legal,0.0,0.0,,none,0.0,,,derived,https://www.teamchild.org,2026-09-06
legal_teamchild,Carolinian,legal,0.0,0.0,,none,0.0,,,derived,https://www.teamchild.org,2026-09-06
legal_teamchild,Catalan,legal,0.0,0.0,,none,0.0,,,derived,https://www.teamchild.org,2026-09-06
legal_teamchild,Cebuano,legal,0.0,0.0,,none,0.0,,,derived,https://www.teamchild.org,2026-09-06
legal_teamchild,Cham,legal,0.0,0.0,,none,0.0,,,derived,https://www.teamchild.org,2026-09-06
legal_teamchild,Chamorro,legal,0.0,0.0,,none,0.0,,,derived,https://www.teamchild.org,2026-09-06
legal_teamchild,Chin,legal,0.0,0.0,,none,0.0,,,derived,https://www.teamchild.org,2026-09-06
legal_teamchild,Chinese-Cantonese,legal,0.0,0.0,,none,0.0,,,derived,https://www.teamchild.org,2026-09-06
legal_teamchild,Chinese-Fukienese,legal,0.0,0.0,,none,0.0,,,derived,https://www.teamchild.org,2026-09-06
legal_teamchild,Chinese-Mandarin,legal,0.0,0.0,,none,0.0,,,derived,https://www.teamchild.org,2026-09-06
legal_teamchild,Chinese-Taiwanese,legal,0.0,0.0,,none,0.0,,,derived,https://www.teamchild.org,2026-09-06
legal_teamchild,Chuukese,legal,0.0,0.0,,none,0.0,,,derived,https://www.teamchild.org,2026-09-06
legal_teamchild,Dari,legal,0.0,0.0,,none,0.0,,,derived,https://www.teamchild.org,2026-09-06
legal_teamchild,Dinka,legal,0.0,0.0,,none,0.0,,,derived,https://www.teamchild.org,2026-09-06
legal_teamchild,Dutch,legal,0.0,0.0,,none,0.0,,,derived,https://www.teamchild.org,2026-09-06
legal_teamchild,Egyptian-Arabic,legal,0.0,0.0,,none,0.0,,,derived,https://www.teamchild.org,2026-09-06
legal_teamchild,Eritai,legal,0.0,0.0,,none,0.0,,,derived,https://www.teamchild.org,2026-09-06
legal_teamchild,Estonian,legal,0.0,0.0,,none,0.0,,,derived,https://www.teamchild.org,2026-09-06
legal_teamchild,Ewe,legal,0.0,0.0,,none,0.0,,,derived,https://www.teamchild.org,2026-09-06
legal_teamchild,Fallani,legal,0.0,0.0,,none,0.0,,,derived,https://www.teamchild.org,2026-09-06
legal_teamchild,Farsi,legal,0.0,0.0,,none,0.0,,,derived,https://www.teamchild.org,2026-09-06
legal_teamchild,French,legal,0.0,0.0,,none,0.0,,,derived,https://www.teamchild.org,2026-09-06
legal_teamchild,Fula,legal,0.0,0.0,,none,0.0,,,derived,https://www.teamchild.org,2026-09-06
legal_teamchild,Ga,legal,0.0,0.0,,none,0.0,,,derived,https://www.teamchild.org,2026-09-06
legal_teamchild,German,legal,0.0,0.0,,none,0.0,,,derived,https://www.teamchild.org,2026-09-06
legal_teamchild,"Greek, Modern",legal,0.0,0.0,,none,0.0,,,derived,https://www.teamchild.org,2026-09-06
legal_teamchild,Gujarati,legal,0.0,0.0,,none,0.0,,,derived,https://www.teamchild.org,2026-09-06
legal_teamchild,Haitian Creole,legal,0.0,0.0,,none,0.0,,,derived,https://www.teamchild.org,2026-09-06
legal_teamchild,Hausa,legal,0.0,0.0,,none,0.0,,,derived,https://www.teamchild.org,2026-09-06
legal_teamchild,Hawaiian,legal,0.0,0.0,,none,0.0,,,derived,https://www.teamchild.org,2026-09-06
legal_teamchild,Herero,legal,0.0,0.0,,none,0.0,,,derived,https://www.teamchild.org,2026-09-06
legal_teamchild,Hindi,legal,0.0,0.0,,none,0.0,,,derived,https://www.teamchild.org,2026-09-06
legal_teamchild,Hmong,legal,0.0,0.0,,none,0.0,,,derived,https://www.teamchild.org,2026-09-06
legal_teamchild,Hungarian,legal,0.0,0.0,,none,0.0,,,derived,https://www.teamchild.org,2026-09-06
legal_teamchild,Igbo,legal,0.0,0.0,,none,0.0,,,derived,https://www.teamchild.org,2026-09-06
legal_teamchild,Ilokano,legal,0.0,0.0,,none,0.0,,,derived,https://www.teamchild.org,2026-09-06
legal_teamchild,Indonesian,legal,0.0,0.0,,none,0.0,,,derived,https://www.teamchild.org,2026-09-06
legal_teamchild,Italian,legal,0.0,0.0,,none,0.0,,,derived,https://www.teamchild.org,2026-09-06
legal_teamchild,Japanese,legal,0.0,0.0,,none,0.0,,,derived,https://www.teamchild.org,2026-09-06
legal_teamchild,Kakwa,legal,0.0,0.0,,none,0.0,,,derived,https://www.teamchild.org,2026-09-06
legal_teamchild,Kannada,legal,0.0,0.0,,none,0.0,,,derived,https://www.teamchild.org,2026-09-06
legal_teamchild,Karen,legal,0.0,0.0,,none,0.0,,,derived,https://www.teamchild.org,2026-09-06
legal_teamchild,Karenni,legal,0.0,0.0,,none,0.0,,,derived,https://www.teamchild.org,2026-09-06
legal_teamchild,Kazakh,legal,0.0,0.0,,none,0.0,,,derived,https://www.teamchild.org,2026-09-06
legal_teamchild,Khmer,legal,0.0,0.0,,none,0.0,,,derived,https://www.teamchild.org,2026-09-06
legal_teamchild,Kikuyu,legal,0.0,0.0,,none,0.0,,,derived,https://www.teamchild.org,2026-09-06
legal_teamchild,Kinyarwanda,legal,0.0,0.0,,none,0.0,,,derived,https://www.teamchild.org,2026-09-06
legal_teamchild,Kirgiz,legal,0.0,0.0,,none,0.0,,,derived,https://www.teamchild.org,2026-09-06
legal_teamchild,Kirundi,legal,0.0,0.0,,none,0.0,,,derived,https://www.teamchild.org,2026-09-06
legal_teamchild,Kmhmu,legal,0.0,0.0,,none,0.0,,,derived,https://www.teamchild.org,2026-09-06
legal_teamchild,Kongo,legal,0.0,0.0,,none,0.0,,,derived,https://www.teamchild.org,2026-09-06
legal_teamchild,Korean,legal,0.0,0.0,,none,0.0,,,derived,https://www.teamchild.org,2026-09-06
legal_teamchild,Kosraean,legal,0.0,0.0,,none,0.0,,,derived,https://www.teamchild.org,2026-09-06
legal_teamchild,Krahn,legal,0.0,0.0,,none,0.0,,,derived,https://www.teamchild.org,2026-09-06
legal_teamchild,Krio,legal,0.0,0.0,,none,0.0,,,derived,https://www.teamchild.org,2026-09-06
legal_teamchild,Kru,legal,0.0,0.0,,none,0.0,,,derived,https://www.teamchild.org,2026-09-06
legal_teamchild,Kurdish,legal,0.0,0.0,,none,0.0,,,derived,https://www.teamchild.org,2026-09-06
legal_teamchild,Lao,legal,0.0,0.0,,none,0.0,,,derived,https://www.teamchild.org,2026-09-06
legal_teamchild,Latvian,legal,0.0,0.0,,none,0.0,,,derived,https://www.teamchild.org,2026-09-06
legal_teamchild,Lingala,legal,0.0,0.0,,none,0.0,,,derived,https://www.teamchild.org,2026-09-06
legal_teamchild,Luganda,legal,0.0,0.0,,none,0.0,,,derived,https://www.teamchild.org,2026-09-06
legal_teamchild,Maay Maay,legal,0.0,0.0,,none,0.0,,,derived,https://www.teamchild.org,2026-09-06
legal_teamchild,Malay,legal,0.0,0.0,,none,0.0,,,derived,https://www.teamchild.org,2026-09-06
legal_teamchild,Malayalam,legal,0.0,0.0,,none,0.0,,,derived,https://www.teamchild.org,2026-09-06
legal_teamchild,Mam,legal,0.0,0.0,,none,0.0,,,derived,https://www.teamchild.org,2026-09-06
legal_teamchild,Mandingo,legal,0.0,0.0,,none,0.0,,,derived,https://www.teamchild.org,2026-09-06
legal_teamchild,Mandinka,legal,0.0,0.0,,none,0.0,,,derived,https://www.teamchild.org,2026-09-06
legal_teamchild,Marathi,legal,0.0,0.0,,none,0.0,,,derived,https://www.teamchild.org,2026-09-06
legal_teamchild,Marquesan,legal,0.0,0.0,,none,0.0,,,derived,https://www.teamchild.org,2026-09-06
legal_teamchild,Marshallese,legal,0.0,0.0,,none,0.0,,,derived,https://www.teamchild.org,2026-09-06
legal_teamchild,Maya-Quiche,legal,0.0,0.0,,none,0.0,,,derived,https://www.teamchild.org,2026-09-06
legal_teamchild,Mien,legal,0.0,0.0,,none,0.0,,,derived,https://www.teamchild.org,2026-09-06
legal_teamchild,Mixteco,legal,0.0,0.0,,none,0.0,,,derived,https://www.teamchild.org,2026-09-06
legal_teamchild,Moldavian,legal,0.0,0.0,,none,0.0,,,derived,https://www.teamchild.org,2026-09-06
legal_teamchild,Mongolian,legal,0.0,0.0,,none,0.0,,,derived,https://www.teamchild.org,2026-09-06
legal_teamchild,Moore,legal,0.0,0.0,,none,0.0,,,derived,https://www.teamchild.org,2026-09-06
legal_teamchild,"Nahuatl, Guerrero region",legal,0.0,0.0,,none,0.0,,,derived,https://www.teamchild.org,2026-09-06
legal_teamchild,Nepali,legal,0.0,0.0,,none,0.0,,,derived,https://www.teamchild.org,2026-09-06
legal_teamchild,Nuer,legal,0.0,0.0,,none,0.0,,,derived,https://www.teamchild.org,2026-09-06
legal_teamchild,Oromo,legal,0.0,0.0,,none,0.0,,,derived,https://www.teamchild.org,2026-09-06
legal_teamchild,Palau,legal,0.0,0.0,,none,0.0,,,derived,https://www.teamchild.org,2026-09-06
legal_teamchild,Pashai,legal,0.0,0.0,,none,0.0,,,derived,https://www.teamchild.org,2026-09-06
legal_teamchild,Pashto,legal,0.0,0.0,,none,0.0,,,derived,https://www.teamchild.org,2026-09-06
legal_teamchild,Pere,legal,0.0,0.0,,none,0.0,,,derived,https://www.teamchild.org,2026-09-06
legal_teamchild,Polish,legal,0.0,0.0,,none,0.0,,,derived,https://www.teamchild.org,2026-09-06
legal_teamchild,Portuguese,legal,0.0,0.0,,none,0.0,,,derived,https://www.teamchild.org,2026-09-06
legal_teamchild,Punjabi,legal,0.0,0.0,,none,0.0,,,derived,https://www.teamchild.org,2026-09-06
legal_teamchild,Purepecha,legal,0.0,0.0,,none,0.0,,,derived,https://www.teamchild.org,2026-09-06
legal_teamchild,Rohingya,legal,0.0,0.0,,none,0.0,,,derived,https://www.teamchild.org,2026-09-06
legal_teamchild,Romanian,legal,0.0,0.0,,none,0.0,,,derived,https://www.teamchild.org,2026-09-06
legal_teamchild,Russian,legal,0.0,0.0,,none,0.0,,,derived,https://www.teamchild.org,2026-09-06
legal_teamchild,Samoan,legal,0.0,0.0,,none,0.0,,,derived,https://www.teamchild.org,2026-09-06
legal_teamchild,Sao,legal,0.0,0.0,,none,0.0,,,derived,https://www.teamchild.org,2026-09-06
legal_teamchild,Serbo-Croation,legal,0.0,0.0,,none,0.0,,,derived,https://www.teamchild.org,2026-09-06
legal_teamchild,Shona,legal,0.0,0.0,,none,0.0,,,derived,https://www.teamchild.org,2026-09-06
legal_teamchild,Sinhalese,legal,0.0,0.0,,none,0.0,,,derived,https://www.teamchild.org,2026-09-06
legal_teamchild,Slovenian,legal,0.0,0.0,,none,0.0,,,derived,https://www.teamchild.org,2026-09-06
legal_teamchild,Somali,legal,0.0,0.0,,none,0.0,,,derived,https://www.teamchild.org,2026-09-06
legal_teamchild,Soninke,legal,0.0,0.0,,none,0.0,,,derived,https://www.teamchild.org,2026-09-06
legal_teamchild,Sotho,legal,0.0,0.0,,none,0.0,,,derived,https://www.teamchild.org,2026-09-06
legal_teamchild,Spanish,legal,0.0,0.0,,none,0.0,,,derived,https://www.teamchild.org,2026-09-06
legal_teamchild,Swahili,legal,0.0,0.0,,none,0.0,,,derived,https://www.teamchild.org,2026-09-06
legal_teamchild,Tagalog,legal,0.0,0.0,,none,0.0,,,derived,https://www.teamchild.org,2026-09-06
legal_teamchild,Taishanese,legal,0.0,0.0,,none,0.0,,,derived,https://www.teamchild.org,2026-09-06
legal_teamchild,Tajiki,legal,0.0,0.0,,none,0.0,,,derived,https://www.teamchild.org,2026-09-06
legal_teamchild,Tamil,legal,0.0,0.0,,none,0.0,,,derived,https://www.teamchild.org,2026-09-06
legal_teamchild,Tarasco,legal,0.0,0.0,,none,0.0,,,derived,https://www.teamchild.org,2026-09-06
legal_teamchild,Tedim,legal,0.0,0.0,,none,0.0,,,derived,https://www.teamchild.org,2026-09-06
legal_teamchild,Telugu,legal,0.0,0.0,,none,0.0,,,derived,https://www.teamchild.org,2026-09-06
legal_teamchild,Thai,legal,0.0,0.0,,none,0.0,,,derived,https://www.teamchild.org,2026-09-06
legal_teamchild,Tibetan,legal,0.0,0.0,,none,0.0,,,derived,https://www.teamchild.org,2026-09-06
legal_teamchild,Tigrinya,legal,0.0,0.0,,none,0.0,,,derived,https://www.teamchild.org,2026-09-06
legal_teamchild,Tongan,legal,0.0,0.0,,none,0.0,,,derived,https://www.teamchild.org,2026-09-06
legal_teamchild,Turkish,legal,0.0,0.0,,none,0.0,,,derived,https://www.teamchild.org,2026-09-06
legal_teamchild,Twi,legal,0.0,0.0,,none,0.0,,,derived,https://www.teamchild.org,2026-09-06
legal_teamchild,Ukrainian,legal,0.0,0.0,,none,0.0,,,derived,https://www.teamchild.org,2026-09-06
legal_teamchild,Urdu,legal,0.0,0.0,,none,0.0,,,derived,https://www.teamchild.org,2026-09-06
legal_teamchild,Uzbek,legal,0.0,0.0,,none,0.0,,,derived,https://www.teamchild.org,2026-09-06
legal_teamchild,Vietnamese,legal,0.0,0.0,,none,0.0,,,derived,https://www.teamchild.org,2026-09-06
legal_teamchild,Wolof,legal,0.0,0.0,,none,0.0,,,derived,https://www.teamchild.org,2026-09-06
legal_teamchild,Yap,legal,0.0,0.0,,none,0.0,,,derived,https://www.teamchild.org,2026-09-06
legal_teamchild,Yoruba,legal,0.0,0.0,,none,0.0,,,derived,https://www.teamchild.org,2026-09-06
legal_entrehermanos,Acholi,legal,0.0,0.0,,none,0.0,,,derived,https://entrehermanos.org,2026-09-06
legal_entrehermanos,Aguacateco,legal,0.0,0.0,,none,0.0,,,derived,https://entrehermanos.org,2026-09-06
legal_entrehermanos,Akateko,legal,0.0,0.0,,none,0.0,,,derived,https://entrehermanos.org,2026-09-06
legal_entrehermanos,Albanian,legal,0.0,0.0,,none,0.0,,,derived,https://entrehermanos.org,2026-09-06
legal_entrehermanos,American Sign Language,legal,0.0,0.0,,none,0.0,,,derived,https://entrehermanos.org,2026-09-06
legal_entrehermanos,Amharic,legal,0.0,0.0,,none,0.0,,,derived,https://entrehermanos.org,2026-09-06
legal_entrehermanos,Arabic,legal,0.0,0.0,,none,0.0,,,derived,https://entrehermanos.org,2026-09-06
legal_entrehermanos,Armenian,legal,0.0,0.0,,none,0.0,,,derived,https://entrehermanos.org,2026-09-06
legal_entrehermanos,Ayula-Bambara,legal,0.0,0.0,,none,0.0,,,derived,https://entrehermanos.org,2026-09-06
legal_entrehermanos,Azerbaijani,legal,0.0,0.0,,none,0.0,,,derived,https://entrehermanos.org,2026-09-06
legal_entrehermanos,Bambara,legal,0.0,0.0,,none,0.0,,,derived,https://entrehermanos.org,2026-09-06
legal_entrehermanos,Bangala,legal,0.0,0.0,,none,0.0,,,derived,https://entrehermanos.org,2026-09-06
legal_entrehermanos,Bassa,legal,0.0,0.0,,none,0.0,,,derived,https://entrehermanos.org,2026-09-06
legal_entrehermanos,Bengali,legal,0.0,0.0,,none,0.0,,,derived,https://entrehermanos.org,2026-09-06
legal_entrehermanos,Bosnian,legal,0.0,0.0,,none,0.0,,,derived,https://entrehermanos.org,2026-09-06
legal_entrehermanos,Bulgarian,legal,0.0,0.0,,none,0.0,,,derived,https://entrehermanos.org,2026-09-06
legal_entrehermanos,Burmese,legal,0.0,0.0,,none,0.0,,,derived,https://entrehermanos.org,2026-09-06
legal_entrehermanos,Carolinian,legal,0.0,0.0,,none,0.0,,,derived,https://entrehermanos.org,2026-09-06
legal_entrehermanos,Catalan,legal,0.0,0.0,,none,0.0,,,derived,https://entrehermanos.org,2026-09-06
legal_entrehermanos,Cebuano,legal,0.0,0.0,,none,0.0,,,derived,https://entrehermanos.org,2026-09-06
legal_entrehermanos,Cham,legal,0.0,0.0,,none,0.0,,,derived,https://entrehermanos.org,2026-09-06
legal_entrehermanos,Chamorro,legal,0.0,0.0,,none,0.0,,,derived,https://entrehermanos.org,2026-09-06
legal_entrehermanos,Chin,legal,0.0,0.0,,none,0.0,,,derived,https://entrehermanos.org,2026-09-06
legal_entrehermanos,Chinese-Cantonese,legal,0.0,0.0,,none,0.0,,,derived,https://entrehermanos.org,2026-09-06
legal_entrehermanos,Chinese-Fukienese,legal,0.0,0.0,,none,0.0,,,derived,https://entrehermanos.org,2026-09-06
legal_entrehermanos,Chinese-Mandarin,legal,0.0,0.0,,none,0.0,,,derived,https://entrehermanos.org,2026-09-06
legal_entrehermanos,Chinese-Taiwanese,legal,0.0,0.0,,none,0.0,,,derived,https://entrehermanos.org,2026-09-06
legal_entrehermanos,Chuukese,legal,0.0,0.0,,none,0.0,,,derived,https://entrehermanos.org,2026-09-06
legal_entrehermanos,Dari,legal,0.0,0.0,,none,0.0,,,derived,https://entrehermanos.org,2026-09-06
legal_entrehermanos,Dinka,legal,0.0,0.0,,none,0.0,,,derived,https://entrehermanos.org,2026-09-06
legal_entrehermanos,Dutch,legal,0.0,0.0,,none,0.0,,,derived,https://entrehermanos.org,2026-09-06
legal_entrehermanos,Egyptian-Arabic,legal,0.0,0.0,,none,0.0,,,derived,https://entrehermanos.org,2026-09-06
legal_entrehermanos,Eritai,legal,0.0,0.0,,none,0.0,,,derived,https://entrehermanos.org,2026-09-06
legal_entrehermanos,Estonian,legal,0.0,0.0,,none,0.0,,,derived,https://entrehermanos.org,2026-09-06
legal_entrehermanos,Ewe,legal,0.0,0.0,,none,0.0,,,derived,https://entrehermanos.org,2026-09-06
legal_entrehermanos,Fallani,legal,0.0,0.0,,none,0.0,,,derived,https://entrehermanos.org,2026-09-06
legal_entrehermanos,Farsi,legal,0.0,0.0,,none,0.0,,,derived,https://entrehermanos.org,2026-09-06
legal_entrehermanos,French,legal,0.0,0.0,,none,0.0,,,derived,https://entrehermanos.org,2026-09-06
legal_entrehermanos,Fula,legal,0.0,0.0,,none,0.0,,,derived,https://entrehermanos.org,2026-09-06
legal_entrehermanos,Ga,legal,0.0,0.0,,none,0.0,,,derived,https://entrehermanos.org,2026-09-06
legal_entrehermanos,German,legal,0.0,0.0,,none,0.0,,,derived,https://entrehermanos.org,2026-09-06
legal_entrehermanos,"Greek, Modern",legal,0.0,0.0,,none,0.0,,,derived,https://entrehermanos.org,2026-09-06
legal_entrehermanos,Gujarati,legal,0.0,0.0,,none,0.0,,,derived,https://entrehermanos.org,2026-09-06
legal_entrehermanos,Haitian Creole,legal,0.0,0.0,,none,0.0,,,derived,https://entrehermanos.org,2026-09-06
legal_entrehermanos,Hausa,legal,0.0,0.0,,none,0.0,,,derived,https://entrehermanos.org,2026-09-06
legal_entrehermanos,Hawaiian,legal,0.0,0.0,,none,0.0,,,derived,https://entrehermanos.org,2026-09-06
legal_entrehermanos,Herero,legal,0.0,0.0,,none,0.0,,,derived,https://entrehermanos.org,2026-09-06
legal_entrehermanos,Hindi,legal,0.0,0.0,,none,0.0,,,derived,https://entrehermanos.org,2026-09-06
legal_entrehermanos,Hmong,legal,0.0,0.0,,none,0.0,,,derived,https://entrehermanos.org,2026-09-06
legal_entrehermanos,Hungarian,legal,0.0,0.0,,none,0.0,,,derived,https://entrehermanos.org,2026-09-06
legal_entrehermanos,Igbo,legal,0.0,0.0,,none,0.0,,,derived,https://entrehermanos.org,2026-09-06
legal_entrehermanos,Ilokano,legal,0.0,0.0,,none,0.0,,,derived,https://entrehermanos.org,2026-09-06
legal_entrehermanos,Indonesian,legal,0.0,0.0,,none,0.0,,,derived,https://entrehermanos.org,2026-09-06
legal_entrehermanos,Italian,legal,0.0,0.0,,none,0.0,,,derived,https://entrehermanos.org,2026-09-06
legal_entrehermanos,Japanese,legal,0.0,0.0,,none,0.0,,,derived,https://entrehermanos.org,2026-09-06
legal_entrehermanos,Kakwa,legal,0.0,0.0,,none,0.0,,,derived,https://entrehermanos.org,2026-09-06
legal_entrehermanos,Kannada,legal,0.0,0.0,,none,0.0,,,derived,https://entrehermanos.org,2026-09-06
legal_entrehermanos,Karen,legal,0.0,0.0,,none,0.0,,,derived,https://entrehermanos.org,2026-09-06
legal_entrehermanos,Karenni,legal,0.0,0.0,,none,0.0,,,derived,https://entrehermanos.org,2026-09-06
legal_entrehermanos,Kazakh,legal,0.0,0.0,,none,0.0,,,derived,https://entrehermanos.org,2026-09-06
legal_entrehermanos,Khmer,legal,0.0,0.0,,none,0.0,,,derived,https://entrehermanos.org,2026-09-06
legal_entrehermanos,Kikuyu,legal,0.0,0.0,,none,0.0,,,derived,https://entrehermanos.org,2026-09-06
legal_entrehermanos,Kinyarwanda,legal,0.0,0.0,,none,0.0,,,derived,https://entrehermanos.org,2026-09-06
legal_entrehermanos,Kirgiz,legal,0.0,0.0,,none,0.0,,,derived,https://entrehermanos.org,2026-09-06
legal_entrehermanos,Kirundi,legal,0.0,0.0,,none,0.0,,,derived,https://entrehermanos.org,2026-09-06
legal_entrehermanos,Kmhmu,legal,0.0,0.0,,none,0.0,,,derived,https://entrehermanos.org,2026-09-06
legal_entrehermanos,Kongo,legal,0.0,0.0,,none,0.0,,,derived,https://entrehermanos.org,2026-09-06
legal_entrehermanos,Korean,legal,0.0,0.0,,none,0.0,,,derived,https://entrehermanos.org,2026-09-06
legal_entrehermanos,Kosraean,legal,0.0,0.0,,none,0.0,,,derived,https://entrehermanos.org,2026-09-06
legal_entrehermanos,Krahn,legal,0.0,0.0,,none,0.0,,,derived,https://entrehermanos.org,2026-09-06
legal_entrehermanos,Krio,legal,0.0,0.0,,none,0.0,,,derived,https://entrehermanos.org,2026-09-06
legal_entrehermanos,Kru,legal,0.0,0.0,,none,0.0,,,derived,https://entrehermanos.org,2026-09-06
legal_entrehermanos,Kurdish,legal,0.0,0.0,,none,0.0,,,derived,https://entrehermanos.org,2026-09-06
legal_entrehermanos,Lao,legal,0.0,0.0,,none,0.0,,,derived,https://entrehermanos.org,2026-09-06
legal_entrehermanos,Latvian,legal,0.0,0.0,,none,0.0,,,derived,https://entrehermanos.org,2026-09-06
legal_entrehermanos,Lingala,legal,0.0,0.0,,none,0.0,,,derived,https://entrehermanos.org,2026-09-06
legal_entrehermanos,Luganda,legal,0.0,0.0,,none,0.0,,,derived,https://entrehermanos.org,2026-09-06
legal_entrehermanos,Maay Maay,legal,0.0,0.0,,none,0.0,,,derived,https://entrehermanos.org,2026-09-06
legal_entrehermanos,Malay,legal,0.0,0.0,,none,0.0,,,derived,https://entrehermanos.org,2026-09-06
legal_entrehermanos,Malayalam,legal,0.0,0.0,,none,0.0,,,derived,https://entrehermanos.org,2026-09-06
legal_entrehermanos,Mam,legal,0.0,0.0,,none,0.0,,,derived,https://entrehermanos.org,2026-09-06
legal_entrehermanos,Mandingo,legal,0.0,0.0,,none,0.0,,,derived,https://entrehermanos.org,2026-09-06
legal_entrehermanos,Mandinka,legal,0.0,0.0,,none,0.0,,,derived,https://entrehermanos.org,2026-09-06
legal_entrehermanos,Marathi,legal,0.0,0.0,,none,0.0,,,derived,https://entrehermanos.org,2026-09-06
legal_entrehermanos,Marquesan,legal,0.0,0.0,,none,0.0,,,derived,https://entrehermanos.org,2026-09-06
legal_entrehermanos,Marshallese,legal,0.0,0.0,,none,0.0,,,derived,https://entrehermanos.org,2026-09-06
legal_entrehermanos,Maya-Quiche,legal,0.0,0.0,,none,0.0,,,derived,https://entrehermanos.org,2026-09-06
legal_entrehermanos,Mien,legal,0.0,0.0,,none,0.0,,,derived,https://entrehermanos.org,2026-09-06
legal_entrehermanos,Mixteco,legal,0.0,0.0,,none,0.0,,,derived,https://entrehermanos.org,2026-09-06
legal_entrehermanos,Moldavian,legal,0.0,0.0,,none,0.0,,,derived,https://entrehermanos.org,2026-09-06
legal_entrehermanos,Mongolian,legal,0.0,0.0,,none,0.0,,,derived,https://entrehermanos.org,2026-09-06
legal_entrehermanos,Moore,legal,0.0,0.0,,none,0.0,,,derived,https://entrehermanos.org,2026-09-06
legal_entrehermanos,"Nahuatl, Guerrero region",legal,0.0,0.0,,none,0.0,,,derived,https://entrehermanos.org,2026-09-06
legal_entrehermanos,Nepali,legal,0.0,0.0,,none,0.0,,,derived,https://entrehermanos.org,2026-09-06
legal_entrehermanos,Nuer,legal,0.0,0.0,,none,0.0,,,derived,https://entrehermanos.org,2026-09-06
legal_entrehermanos,Oromo,legal,0.0,0.0,,none,0.0,,,derived,https://entrehermanos.org,2026-09-06
legal_entrehermanos,Palau,legal,0.0,0.0,,none,0.0,,,derived,https://entrehermanos.org,2026-09-06
legal_entrehermanos,Pashai,legal,0.0,0.0,,none,0.0,,,derived,https://entrehermanos.org,2026-09-06
legal_entrehermanos,Pashto,legal,0.0,0.0,,none,0.0,,,derived,https://entrehermanos.org,2026-09-06
legal_entrehermanos,Pere,legal,0.0,0.0,,none,0.0,,,derived,https://entrehermanos.org,2026-09-06
legal_entrehermanos,Polish,legal,0.0,0.0,,none,0.0,,,derived,https://entrehermanos.org,2026-09-06
legal_entrehermanos,Portuguese,legal,0.0,0.0,,none,0.0,,,derived,https://entrehermanos.org,2026-09-06
legal_entrehermanos,Punjabi,legal,0.0,0.0,,none,0.0,,,derived,https://entrehermanos.org,2026-09-06
legal_entrehermanos,Purepecha,legal,0.0,0.0,,none,0.0,,,derived,https://entrehermanos.org,2026-09-06
legal_entrehermanos,Rohingya,legal,0.0,0.0,,none,0.0,,,derived,https://entrehermanos.org,2026-09-06
legal_entrehermanos,Romanian,legal,0.0,0.0,,none,0.0,,,derived,https://entrehermanos.org,2026-09-06
legal_entrehermanos,Russian,legal,0.0,0.0,,none,0.0,,,derived,https://entrehermanos.org,2026-09-06
legal_entrehermanos,Samoan,legal,0.0,0.0,,none,0.0,,,derived,https://entrehermanos.org,2026-09-06
legal_entrehermanos,Sao,legal,0.0,0.0,,none,0.0,,,derived,https://entrehermanos.org,2026-09-06
legal_entrehermanos,Serbo-Croation,legal,0.0,0.0,,none,0.0,,,derived,https://entrehermanos.org,2026-09-06
legal_entrehermanos,Shona,legal,0.0,0.0,,none,0.0,,,derived,https://entrehermanos.org,2026-09-06
legal_entrehermanos,Sinhalese,legal,0.0,0.0,,none,0.0,,,derived,https://entrehermanos.org,2026-09-06
legal_entrehermanos,Slovenian,legal,0.0,0.0,,none,0.0,,,derived,https://entrehermanos.org,2026-09-06
legal_entrehermanos,Somali,legal,0.0,0.0,,none,0.0,,,derived,https://entrehermanos.org,2026-09-06
legal_entrehermanos,Soninke,legal,0.0,0.0,,none,0.0,,,derived,https://entrehermanos.org,2026-09-06
legal_entrehermanos,Sotho,legal,0.0,0.0,,none,0.0,,,derived,https://entrehermanos.org,2026-09-06
legal_entrehermanos,Spanish,legal,0.0,0.0,,none,0.0,,,derived,https://entrehermanos.org,2026-09-06
legal_entrehermanos,Swahili,legal,0.0,0.0,,none,0.0,,,derived,https://entrehermanos.org,2026-09-06
legal_entrehermanos,Tagalog,legal,0.0,0.0,,none,0.0,,,derived,https://entrehermanos.org,2026-09-06
legal_entrehermanos,Taishanese,legal,0.0,0.0,,none,0.0,,,derived,https://entrehermanos.org,2026-09-06
legal_entrehermanos,Tajiki,legal,0.0,0.0,,none,0.0,,,derived,https://entrehermanos.org,2026-09-06
legal_entrehermanos,Tamil,legal,0.0,0.0,,none,0.0,,,derived,https://entrehermanos.org,2026-09-06
legal_entrehermanos,Tarasco,legal,0.0,0.0,,none,0.0,,,derived,https://entrehermanos.org,2026-09-06
legal_entrehermanos,Tedim,legal,0.0,0.0,,none,0.0,,,derived,https://entrehermanos.org,2026-09-06
legal_entrehermanos,Telugu,legal,0.0,0.0,,none,0.0,,,derived,https://entrehermanos.org,2026-09-06
legal_entrehermanos,Thai,legal,0.0,0.0,,none,0.0,,,derived,https://entrehermanos.org,2026-09-06
legal_entrehermanos,Tibetan,legal,0.0,0.0,,none,0.0,,,derived,https://entrehermanos.org,2026-09-06
legal_entrehermanos,Tigrinya,legal,0.0,0.0,,none,0.0,,,derived,https://entrehermanos.org,2026-09-06
legal_entrehermanos,Tongan,legal,0.0,0.0,,none,0.0,,,derived,https://entrehermanos.org,2026-09-06
legal_entrehermanos,Turkish,legal,0.0,0.0,,none,0.0,,,derived,https://entrehermanos.org,2026-09-06
legal_entrehermanos,Twi,legal,0.0,0.0,,none,0.0,,,derived,https://entrehermanos.org,2026-09-06
legal_entrehermanos,Ukrainian,legal,0.0,0.0,,none,0.0,,,derived,https://entrehermanos.org,2026-09-06
legal_entrehermanos,Urdu,legal,0.0,0.0,,none,0.0,,,derived,https://entrehermanos.org,2026-09-06
legal_entrehermanos,Uzbek,legal,0.0,0.0,,none,0.0,,,derived,https://entrehermanos.org,2026-09-06
legal_entrehermanos,Vietnamese,legal,0.0,0.0,,none,0.0,,,derived,https://entrehermanos.org,2026-09-06
legal_entrehermanos,Wolof,legal,0.0,0.0,,none,0.0,,,derived,https://entrehermanos.org,2026-09-06
legal_entrehermanos,Yap,legal,0.0,0.0,,none,0.0,,,derived,https://entrehermanos.org,2026-09-06
legal_entrehermanos,Yoruba,legal,0.0,0.0,,none,0.0,,,derived,https://entrehermanos.org,2026-09-06
legal_ccsww,Acholi,legal,,,,not_assessed,,,,unreachable,https://ccsww.org,2026-09-06
legal_ccsww,Aguacateco,legal,,,,not_assessed,,,,unreachable,https://ccsww.org,2026-09-06
legal_ccsww,Akateko,legal,,,,not_assessed,,,,unreachable,https://ccsww.org,2026-09-06
legal_ccsww,Albanian,legal,,,,not_assessed,,,,unreachable,https://ccsww.org,2026-09-06
legal_ccsww,American Sign Language,legal,,,,not_assessed,,,,unreachable,https://ccsww.org,2026-09-06
legal_ccsww,Amharic,legal,,,,not_assessed,,,,unreachable,https://ccsww.org,2026-09-06
legal_ccsww,Arabic,legal,,,,not_assessed,,,,unreachable,https://ccsww.org,2026-09-06
legal_ccsww,Armenian,legal,,,,not_assessed,,,,unreachable,https://ccsww.org,2026-09-06
legal_ccsww,Ayula-Bambara,legal,,,,not_assessed,,,,unreachable,https://ccsww.org,2026-09-06
legal_ccsww,Azerbaijani,legal,,,,not_assessed,,,,unreachable,https://ccsww.org,2026-09-06
legal_ccsww,Bambara,legal,,,,not_assessed,,,,unreachable,https://ccsww.org,2026-09-06
legal_ccsww,Bangala,legal,,,,not_assessed,,,,unreachable,https://ccsww.org,2026-09-06
legal_ccsww,Bassa,legal,,,,not_assessed,,,,unreachable,https://ccsww.org,2026-09-06
legal_ccsww,Bengali,legal,,,,not_assessed,,,,unreachable,https://ccsww.org,2026-09-06
legal_ccsww,Bosnian,legal,,,,not_assessed,,,,unreachable,https://ccsww.org,2026-09-06
legal_ccsww,Bulgarian,legal,,,,not_assessed,,,,unreachable,https://ccsww.org,2026-09-06
legal_ccsww,Burmese,legal,,,,not_assessed,,,,unreachable,https://ccsww.org,2026-09-06
legal_ccsww,Carolinian,legal,,,,not_assessed,,,,unreachable,https://ccsww.org,2026-09-06
legal_ccsww,Catalan,legal,,,,not_assessed,,,,unreachable,https://ccsww.org,2026-09-06
legal_ccsww,Cebuano,legal,,,,not_assessed,,,,unreachable,https://ccsww.org,2026-09-06
legal_ccsww,Cham,legal,,,,not_assessed,,,,unreachable,https://ccsww.org,2026-09-06
legal_ccsww,Chamorro,legal,,,,not_assessed,,,,unreachable,https://ccsww.org,2026-09-06
legal_ccsww,Chin,legal,,,,not_assessed,,,,unreachable,https://ccsww.org,2026-09-06
legal_ccsww,Chinese-Cantonese,legal,,,,not_assessed,,,,unreachable,https://ccsww.org,2026-09-06
legal_ccsww,Chinese-Fukienese,legal,,,,not_assessed,,,,unreachable,https://ccsww.org,2026-09-06
legal_ccsww,Chinese-Mandarin,legal,,,,not_assessed,,,,unreachable,https://ccsww.org,2026-09-06
legal_ccsww,Chinese-Taiwanese,legal,,,,not_assessed,,,,unreachable,https://ccsww.org,2026-09-06
legal_ccsww,Chuukese,legal,,,,not_assessed,,,,unreachable,https://ccsww.org,2026-09-06
legal_ccsww,Dari,legal,,,,not_assessed,,,,unreachable,https://ccsww.org,2026-09-06
legal_ccsww,Dinka,legal,,,,not_assessed,,,,unreachable,https://ccsww.org,2026-09-06
legal_ccsww,Dutch,legal,,,,not_assessed,,,,unreachable,https://ccsww.org,2026-09-06
legal_ccsww,Egyptian-Arabic,legal,,,,not_assessed,,,,unreachable,https://ccsww.org,2026-09-06
legal_ccsww,Eritai,legal,,,,not_assessed,,,,unreachable,https://ccsww.org,2026-09-06
legal_ccsww,Estonian,legal,,,,not_assessed,,,,unreachable,https://ccsww.org,2026-09-06
legal_ccsww,Ewe,legal,,,,not_assessed,,,,unreachable,https://ccsww.org,2026-09-06
legal_ccsww,Fallani,legal,,,,not_assessed,,,,unreachable,https://ccsww.org,2026-09-06
legal_ccsww,Farsi,legal,,,,not_assessed,,,,unreachable,https://ccsww.org,2026-09-06
legal_ccsww,French,legal,,,,not_assessed,,,,unreachable,https://ccsww.org,2026-09-06
legal_ccsww,Fula,legal,,,,not_assessed,,,,unreachable,https://ccsww.org,2026-09-06
legal_ccsww,Ga,legal,,,,not_assessed,,,,unreachable,https://ccsww.org,2026-09-06
legal_ccsww,German,legal,,,,not_assessed,,,,unreachable,https://ccsww.org,2026-09-06
legal_ccsww,"Greek, Modern",legal,,,,not_assessed,,,,unreachable,https://ccsww.org,2026-09-06
legal_ccsww,Gujarati,legal,,,,not_assessed,,,,unreachable,https://ccsww.org,2026-09-06
legal_ccsww,Haitian Creole,legal,,,,not_assessed,,,,unreachable,https://ccsww.org,2026-09-06
legal_ccsww,Hausa,legal,,,,not_assessed,,,,unreachable,https://ccsww.org,2026-09-06
legal_ccsww,Hawaiian,legal,,,,not_assessed,,,,unreachable,https://ccsww.org,2026-09-06
legal_ccsww,Herero,legal,,,,not_assessed,,,,unreachable,https://ccsww.org,2026-09-06
legal_ccsww,Hindi,legal,,,,not_assessed,,,,unreachable,https://ccsww.org,2026-09-06
legal_ccsww,Hmong,legal,,,,not_assessed,,,,unreachable,https://ccsww.org,2026-09-06
legal_ccsww,Hungarian,legal,,,,not_assessed,,,,unreachable,https://ccsww.org,2026-09-06
legal_ccsww,Igbo,legal,,,,not_assessed,,,,unreachable,https://ccsww.org,2026-09-06
legal_ccsww,Ilokano,legal,,,,not_assessed,,,,unreachable,https://ccsww.org,2026-09-06
legal_ccsww,Indonesian,legal,,,,not_assessed,,,,unreachable,https://ccsww.org,2026-09-06
legal_ccsww,Italian,legal,,,,not_assessed,,,,unreachable,https://ccsww.org,2026-09-06
legal_ccsww,Japanese,legal,,,,not_assessed,,,,unreachable,https://ccsww.org,2026-09-06
legal_ccsww,Kakwa,legal,,,,not_assessed,,,,unreachable,https://ccsww.org,2026-09-06
legal_ccsww,Kannada,legal,,,,not_assessed,,,,unreachable,https://ccsww.org,2026-09-06
legal_ccsww,Karen,legal,,,,not_assessed,,,,unreachable,https://ccsww.org,2026-09-06
legal_ccsww,Karenni,legal,,,,not_assessed,,,,unreachable,https://ccsww.org,2026-09-06
legal_ccsww,Kazakh,legal,,,,not_assessed,,,,unreachable,https://ccsww.org,2026-09-06
legal_ccsww,Khmer,legal,,,,not_assessed,,,,unreachable,https://ccsww.org,2026-09-06
legal_ccsww,Kikuyu,legal,,,,not_assessed,,,,unreachable,https://ccsww.org,2026-09-06
legal_ccsww,Kinyarwanda,legal,,,,not_assessed,,,,unreachable,https://ccsww.org,2026-09-06
legal_ccsww,Kirgiz,legal,,,,not_assessed,,,,unreachable,https://ccsww.org,2026-09-06
legal_ccsww,Kirundi,legal,,,,not_assessed,,,,unreachable,https://ccsww.org,2026-09-06
legal_ccsww,Kmhmu,legal,,,,not_assessed,,,,unreachable,https://ccsww.org,2026-09-06
legal_ccsww,Kongo,legal,,,,not_assessed,,,,unreachable,https://ccsww.org,2026-09-06
legal_ccsww,Korean,legal,,,,not_assessed,,,,unreachable,https://ccsww.org,2026-09-06
legal_ccsww,Kosraean,legal,,,,not_assessed,,,,unreachable,https://ccsww.org,2026-09-06
legal_ccsww,Krahn,legal,,,,not_assessed,,,,unreachable,https://ccsww.org,2026-09-06
legal_ccsww,Krio,legal,,,,not_assessed,,,,unreachable,https://ccsww.org,2026-09-06
legal_ccsww,Kru,legal,,,,not_assessed,,,,unreachable,https://ccsww.org,2026-09-06
legal_ccsww,Kurdish,legal,,,,not_assessed,,,,unreachable,https://ccsww.org,2026-09-06
legal_ccsww,Lao,legal,,,,not_assessed,,,,unreachable,https://ccsww.org,2026-09-06
legal_ccsww,Latvian,legal,,,,not_assessed,,,,unreachable,https://ccsww.org,2026-09-06
legal_ccsww,Lingala,legal,,,,not_assessed,,,,unreachable,https://ccsww.org,2026-09-06
legal_ccsww,Luganda,legal,,,,not_assessed,,,,unreachable,https://ccsww.org,2026-09-06
legal_ccsww,Maay Maay,legal,,,,not_assessed,,,,unreachable,https://ccsww.org,2026-09-06
legal_ccsww,Malay,legal,,,,not_assessed,,,,unreachable,https://ccsww.org,2026-09-06
legal_ccsww,Malayalam,legal,,,,not_assessed,,,,unreachable,https://ccsww.org,2026-09-06
legal_ccsww,Mam,legal,,,,not_assessed,,,,unreachable,https://ccsww.org,2026-09-06
legal_ccsww,Mandingo,legal,,,,not_assessed,,,,unreachable,https://ccsww.org,2026-09-06
legal_ccsww,Mandinka,legal,,,,not_assessed,,,,unreachable,https://ccsww.org,2026-09-06
legal_ccsww,Marathi,legal,,,,not_assessed,,,,unreachable,https://ccsww.org,2026-09-06
legal_ccsww,Marquesan,legal,,,,not_assessed,,,,unreachable,https://ccsww.org,2026-09-06
legal_ccsww,Marshallese,legal,,,,not_assessed,,,,unreachable,https://ccsww.org,2026-09-06
legal_ccsww,Maya-Quiche,legal,,,,not_assessed,,,,unreachable,https://ccsww.org,2026-09-06
legal_ccsww,Mien,legal,,,,not_assessed,,,,unreachable,https://ccsww.org,2026-09-06
legal_ccsww,Mixteco,legal,,,,not_assessed,,,,unreachable,https://ccsww.org,2026-09-06
legal_ccsww,Moldavian,legal,,,,not_assessed,,,,unreachable,https://ccsww.org,2026-09-06
legal_ccsww,Mongolian,legal,,,,not_assessed,,,,unreachable,https://ccsww.org,2026-09-06
legal_ccsww,Moore,legal,,,,not_assessed,,,,unreachable,https://ccsww.org,2026-09-06
legal_ccsww,"Nahuatl, Guerrero region",legal,,,,not_assessed,,,,unreachable,https://ccsww.org,2026-09-06
legal_ccsww,Nepali,legal,,,,not_assessed,,,,unreachable,https://ccsww.org,2026-09-06
legal_ccsww,Nuer,legal,,,,not_assessed,,,,unreachable,https://ccsww.org,2026-09-06
legal_ccsww,Oromo,legal,,,,not_assessed,,,,unreachable,https://ccsww.org,2026-09-06
legal_ccsww,Palau,legal,,,,not_assessed,,,,unreachable,https://ccsww.org,2026-09-06
legal_ccsww,Pashai,legal,,,,not_assessed,,,,unreachable,https://ccsww.org,2026-09-06
legal_ccsww,Pashto,legal,,,,not_assessed,,,,unreachable,https://ccsww.org,2026-09-06
legal_ccsww,Pere,legal,,,,not_assessed,,,,unreachable,https://ccsww.org,2026-09-06
legal_ccsww,Polish,legal,,,,not_assessed,,,,unreachable,https://ccsww.org,2026-09-06
legal_ccsww,Portuguese,legal,,,,not_assessed,,,,unreachable,https://ccsww.org,2026-09-06
legal_ccsww,Punjabi,legal,,,,not_assessed,,,,unreachable,https://ccsww.org,2026-09-06
legal_ccsww,Purepecha,legal,,,,not_assessed,,,,unreachable,https://ccsww.org,2026-09-06
legal_ccsww,Rohingya,legal,,,,not_assessed,,,,unreachable,https://ccsww.org,2026-09-06
legal_ccsww,Romanian,legal,,,,not_assessed,,,,unreachable,https://ccsww.org,2026-09-06
legal_ccsww,Russian,legal,,,,not_assessed,,,,unreachable,https://ccsww.org,2026-09-06
legal_ccsww,Samoan,legal,,,,not_assessed,,,,unreachable,https://ccsww.org,2026-09-06
legal_ccsww,Sao,legal,,,,not_assessed,,,,unreachable,https://ccsww.org,2026-09-06
legal_ccsww,Serbo-Croation,legal,,,,not_assessed,,,,unreachable,https://ccsww.org,2026-09-06
legal_ccsww,Shona,legal,,,,not_assessed,,,,unreachable,https://ccsww.org,2026-09-06
legal_ccsww,Sinhalese,legal,,,,not_assessed,,,,unreachable,https://ccsww.org,2026-09-06
legal_ccsww,Slovenian,legal,,,,not_assessed,,,,unreachable,https://ccsww.org,2026-09-06
legal_ccsww,Somali,legal,,,,not_assessed,,,,unreachable,https://ccsww.org,2026-09-06
legal_ccsww,Soninke,legal,,,,not_assessed,,,,unreachable,https://ccsww.org,2026-09-06
legal_ccsww,Sotho,legal,,,,not_assessed,,,,unreachable,https://ccsww.org,2026-09-06
legal_ccsww,Spanish,legal,,,,not_assessed,,,,unreachable,https://ccsww.org,2026-09-06
legal_ccsww,Swahili,legal,,,,not_assessed,,,,unreachable,https://ccsww.org,2026-09-06
legal_ccsww,Tagalog,legal,,,,not_assessed,,,,unreachable,https://ccsww.org,2026-09-06
legal_ccsww,Taishanese,legal,,,,not_assessed,,,,unreachable,https://ccsww.org,2026-09-06
legal_ccsww,Tajiki,legal,,,,not_assessed,,,,unreachable,https://ccsww.org,2026-09-06
legal_ccsww,Tamil,legal,,,,not_assessed,,,,unreachable,https://ccsww.org,2026-09-06
legal_ccsww,Tarasco,legal,,,,not_assessed,,,,unreachable,https://ccsww.org,2026-09-06
legal_ccsww,Tedim,legal,,,,not_assessed,,,,unreachable,https://ccsww.org,2026-09-06
legal_ccsww,Telugu,legal,,,,not_assessed,,,,unreachable,https://ccsww.org,2026-09-06
legal_ccsww,Thai,legal,,,,not_assessed,,,,unreachable,https://ccsww.org,2026-09-06
legal_ccsww,Tibetan,legal,,,,not_assessed,,,,unreachable,https://ccsww.org,2026-09-06
legal_ccsww,Tigrinya,legal,,,,not_assessed,,,,unreachable,https://ccsww.org,2026-09-06
legal_ccsww,Tongan,legal,,,,not_assessed,,,,unreachable,https://ccsww.org,2026-09-06
legal_ccsww,Turkish,legal,,,,not_assessed,,,,unreachable,https://ccsww.org,2026-09-06
legal_ccsww,Twi,legal,,,,not_assessed,,,,unreachable,https://ccsww.org,2026-09-06
legal_ccsww,Ukrainian,legal,,,,not_assessed,,,,unreachable,https://ccsww.org,2026-09-06
legal_ccsww,Urdu,legal,,,,not_assessed,,,,unreachable,https://ccsww.org,2026-09-06
legal_ccsww,Uzbek,legal,,,,not_assessed,,,,unreachable,https://ccsww.org,2026-09-06
legal_ccsww,Vietnamese,legal,,,,not_assessed,,,,unreachable,https://ccsww.org,2026-09-06
legal_ccsww,Wolof,legal,,,,not_assessed,,,,unreachable,https://ccsww.org,2026-09-06
legal_ccsww,Yap,legal,,,,not_assessed,,,,unreachable,https://ccsww.org,2026-09-06
legal_ccsww,Yoruba,legal,,,,not_assessed,,,,unreachable,https://ccsww.org,2026-09-06
kcls,Acholi,library,0.0,0.0,0.0,,0.0,,,derived,https://kcls.org/interpreters/,2026-09-02
kcls,Aguacateco,library,0.0,0.0,0.0,,0.0,,,derived,https://kcls.org/interpreters/,2026-09-02
kcls,Akateko,library,0.0,0.0,0.0,,0.0,,,derived,https://kcls.org/interpreters/,2026-09-02
kcls,Albanian,library,0.0,0.0,0.0,,0.0,,,derived,https://kcls.org/interpreters/,2026-09-02
kcls,American Sign Language,library,0.0,2.0,0.0,,0.0,,,derived,https://kcls.org/interpreters/,2026-09-02
kcls,Amharic,library,3.0,2.0,2.0,,1.0,,unverified,derived,http://kcls.org/interpreters-am/,2026-09-02
kcls,Arabic,library,3.0,2.0,3.0,,1.0,,unverified,derived,http://kcls.org/interpreters-ar,2026-09-02
kcls,Armenian,library,0.0,0.0,0.0,,0.0,,,derived,https://kcls.org/interpreters/,2026-09-02
kcls,Ayula-Bambara,library,0.0,0.0,0.0,,0.0,,,derived,https://kcls.org/interpreters/,2026-09-02
kcls,Azerbaijani,library,0.0,0.0,0.0,,0.0,,,derived,https://kcls.org/interpreters/,2026-09-02
kcls,Bambara,library,0.0,0.0,0.0,,0.0,,,derived,https://kcls.org/interpreters/,2026-09-02
kcls,Bangala,library,0.0,0.0,0.0,,0.0,,,derived,https://kcls.org/interpreters/,2026-09-02
kcls,Bassa,library,0.0,0.0,0.0,,0.0,,,derived,https://kcls.org/interpreters/,2026-09-02
kcls,Belarusian,library,0.0,0.0,0.0,,0.0,,,derived,https://kcls.org/interpreters/,2026-09-02
kcls,Bengali,library,0.0,0.0,0.0,,0.0,,,derived,https://kcls.org/interpreters/,2026-09-02
kcls,Bosnian,library,0.0,0.0,0.0,,0.0,,,derived,https://kcls.org/interpreters/,2026-09-02
kcls,Bulgarian,library,0.0,0.0,0.0,,0.0,,,derived,https://kcls.org/interpreters/,2026-09-02
kcls,Burmese,library,0.0,0.0,0.0,,0.0,,,derived,https://kcls.org/interpreters/,2026-09-02
kcls,Carolinian,library,0.0,0.0,0.0,,0.0,,,derived,https://kcls.org/interpreters/,2026-09-02
kcls,Catalan,library,0.0,0.0,0.0,,0.0,,,derived,https://kcls.org/interpreters/,2026-09-02
kcls,Cebuano,library,0.0,0.0,0.0,,0.0,,,derived,https://kcls.org/interpreters/,2026-09-02
kcls,Cham,library,0.0,0.0,0.0,,0.0,,,derived,https://kcls.org/interpreters/,2026-09-02
kcls,Chamorro,library,0.0,0.0,0.0,,0.0,,,derived,https://kcls.org/interpreters/,2026-09-02
kcls,Chin,library,0.0,0.0,0.0,,0.0,,,derived,https://kcls.org/interpreters/,2026-09-02
kcls,Chinese-Cantonese,library,3.0,0.0,3.0,,2.0,,unverified,derived,https://kcls.org/collections-by-language-location/,2026-09-02
kcls,Chinese-Fukienese,library,0.0,0.0,0.0,,0.0,,,derived,https://kcls.org/interpreters/,2026-09-02
kcls,Chinese-Mandarin,library,3.0,2.0,3.0,,2.0,,unverified,derived,http://kcls.org/interpreters-zh-ch,2026-09-02
kcls,Chinese-Taiwanese,library,0.0,0.0,0.0,,0.0,,,derived,https://kcls.org/interpreters/,2026-09-02
kcls,Chuukese,library,0.0,0.0,0.0,,0.0,,,derived,https://kcls.org/interpreters/,2026-09-02
kcls,Dari,library,0.0,0.0,3.0,,0.0,,,derived,https://kcls.org/collections-by-language-location/,2026-09-02
kcls,Dinka,library,0.0,0.0,0.0,,0.0,,,derived,https://kcls.org/interpreters/,2026-09-02
kcls,Dutch,library,0.0,0.0,0.0,,0.0,,,derived,https://kcls.org/interpreters/,2026-09-02
kcls,Egyptian-Arabic,library,0.0,0.0,0.0,,0.0,,,derived,https://kcls.org/interpreters/,2026-09-02
kcls,Eritai,library,0.0,0.0,0.0,,0.0,,,derived,https://kcls.org/interpreters/,2026-09-02
kcls,Estonian,library,0.0,0.0,0.0,,0.0,,,derived,https://kcls.org/interpreters/,2026-09-02
kcls,Ewe,library,0.0,0.0,0.0,,0.0,,,derived,https://kcls.org/interpreters/,2026-09-02
kcls,Fallani,library,0.0,0.0,0.0,,0.0,,,derived,https://kcls.org/interpreters/,2026-09-02
kcls,Farsi,library,0.0,0.0,3.0,,0.0,,,derived,https://kcls.org/collections-by-language-location/,2026-09-02
kcls,French,library,0.0,0.0,3.0,,0.0,,,derived,https://kcls.org/collections-by-language-location/,2026-09-02
kcls,Fula,library,0.0,0.0,0.0,,0.0,,,derived,https://kcls.org/interpreters/,2026-09-02
kcls,Ga,library,0.0,0.0,0.0,,0.0,,,derived,https://kcls.org/interpreters/,2026-09-02
kcls,German,library,0.0,0.0,0.0,,0.0,,,derived,https://kcls.org/interpreters/,2026-09-02
kcls,"Greek, Modern",library,0.0,0.0,0.0,,0.0,,,derived,https://kcls.org/interpreters/,2026-09-02
kcls,Gujarati,library,0.0,0.0,0.0,,0.0,,,derived,https://kcls.org/interpreters/,2026-09-02
kcls,Haitian Creole,library,0.0,0.0,0.0,,0.0,,,derived,https://kcls.org/interpreters/,2026-09-02
kcls,Hausa,library,0.0,0.0,0.0,,0.0,,,derived,https://kcls.org/interpreters/,2026-09-02
kcls,Hawaiian,library,0.0,0.0,0.0,,0.0,,,derived,https://kcls.org/interpreters/,2026-09-02
kcls,Hebrew,library,0.0,0.0,0.0,,0.0,,,derived,https://kcls.org/interpreters/,2026-09-02
kcls,Herero,library,0.0,0.0,0.0,,0.0,,,derived,https://kcls.org/interpreters/,2026-09-02
kcls,Hindi,library,0.0,0.0,3.0,,0.0,,,derived,https://kcls.org/collections-by-language-location/,2026-09-02
kcls,Hmong,library,0.0,0.0,0.0,,0.0,,,derived,https://kcls.org/interpreters/,2026-09-02
kcls,Hungarian,library,0.0,0.0,0.0,,0.0,,,derived,https://kcls.org/interpreters/,2026-09-02
kcls,Igbo,library,0.0,0.0,0.0,,0.0,,,derived,https://kcls.org/interpreters/,2026-09-02
kcls,Ilokano,library,0.0,0.0,0.0,,0.0,,,derived,https://kcls.org/interpreters/,2026-09-02
kcls,Indonesian,library,0.0,0.0,0.0,,0.0,,,derived,https://kcls.org/interpreters/,2026-09-02
kcls,Italian,library,0.0,0.0,0.0,,0.0,,,derived,https://kcls.org/interpreters/,2026-09-02
kcls,Japanese,library,0.0,0.0,3.0,,0.0,,,derived,https://kcls.org/collections-by-language-location/,2026-09-02
kcls,Kakwa,library,0.0,0.0,0.0,,0.0,,,derived,https://kcls.org/interpreters/,2026-09-02
kcls,Kannada,library,0.0,0.0,0.0,,0.0,,,derived,https://kcls.org/interpreters/,2026-09-02
kcls,Karen,library,0.0,0.0,0.0,,0.0,,,derived,https://kcls.org/interpreters/,2026-09-02
kcls,Karenni,library,0.0,0.0,0.0,,0.0,,,derived,https://kcls.org/interpreters/,2026-09-02
kcls,Kazakh,library,0.0,0.0,0.0,,0.0,,,derived,https://kcls.org/interpreters/,2026-09-02
kcls,Khmer,library,0.0,0.0,0.0,,0.0,,,derived,https://kcls.org/interpreters/,2026-09-02
kcls,Kikuyu,library,0.0,0.0,0.0,,0.0,,,derived,https://kcls.org/interpreters/,2026-09-02
kcls,Kinyarwanda,library,0.0,0.0,0.0,,0.0,,,derived,https://kcls.org/interpreters/,2026-09-02
kcls,Kirgiz,library,0.0,0.0,0.0,,0.0,,,derived,https://kcls.org/interpreters/,2026-09-02
kcls,Kirundi,library,0.0,0.0,0.0,,0.0,,,derived,https://kcls.org/interpreters/,2026-09-02
kcls,Kmhmu,library,0.0,0.0,0.0,,0.0,,,derived,https://kcls.org/interpreters/,2026-09-02
kcls,Kongo,library,0.0,0.0,0.0,,0.0,,,derived,https://kcls.org/interpreters/,2026-09-02
kcls,Korean,library,0.0,0.0,3.0,,0.0,,,derived,https://kcls.org/collections-by-language-location/,2026-09-02
kcls,Kosraean,library,0.0,0.0,0.0,,0.0,,,derived,https://kcls.org/interpreters/,2026-09-02
kcls,Krahn,library,0.0,0.0,0.0,,0.0,,,derived,https://kcls.org/interpreters/,2026-09-02
kcls,Krio,library,0.0,0.0,0.0,,0.0,,,derived,https://kcls.org/interpreters/,2026-09-02
kcls,Kru,library,0.0,0.0,0.0,,0.0,,,derived,https://kcls.org/interpreters/,2026-09-02
kcls,Kurdish,library,0.0,0.0,0.0,,0.0,,,derived,https://kcls.org/interpreters/,2026-09-02
kcls,Lao,library,0.0,0.0,0.0,,0.0,,,derived,https://kcls.org/interpreters/,2026-09-02
kcls,Latvian,library,0.0,0.0,0.0,,0.0,,,derived,https://kcls.org/interpreters/,2026-09-02
kcls,Lingala,library,0.0,0.0,0.0,,0.0,,,derived,https://kcls.org/interpreters/,2026-09-02
kcls,Luganda,library,0.0,0.0,0.0,,0.0,,,derived,https://kcls.org/interpreters/,2026-09-02
kcls,Maay Maay,library,0.0,0.0,0.0,,0.0,,,derived,https://kcls.org/interpreters/,2026-09-02
kcls,Malay,library,0.0,0.0,0.0,,0.0,,,derived,https://kcls.org/interpreters/,2026-09-02
kcls,Malayalam,library,0.0,0.0,0.0,,0.0,,,derived,https://kcls.org/interpreters/,2026-09-02
kcls,Mam,library,0.0,0.0,0.0,,0.0,,,derived,https://kcls.org/interpreters/,2026-09-02
kcls,Mandingo,library,0.0,0.0,0.0,,0.0,,,derived,https://kcls.org/interpreters/,2026-09-02
kcls,Mandinka,library,0.0,0.0,0.0,,0.0,,,derived,https://kcls.org/interpreters/,2026-09-02
kcls,Marathi,library,0.0,0.0,0.0,,0.0,,,derived,https://kcls.org/interpreters/,2026-09-02
kcls,Marquesan,library,0.0,0.0,0.0,,0.0,,,derived,https://kcls.org/interpreters/,2026-09-02
kcls,Marshallese,library,0.0,0.0,2.0,,0.0,,,derived,https://kcls.org/collections-by-language-location/,2026-09-02
kcls,Maya-Quiche,library,0.0,0.0,0.0,,0.0,,,derived,https://kcls.org/interpreters/,2026-09-02
kcls,Mien,library,0.0,0.0,0.0,,0.0,,,derived,https://kcls.org/interpreters/,2026-09-02
kcls,Mixteco,library,0.0,0.0,0.0,,0.0,,,derived,https://kcls.org/interpreters/,2026-09-02
kcls,Moldavian,library,0.0,0.0,0.0,,0.0,,,derived,https://kcls.org/interpreters/,2026-09-02
kcls,Mongolian,library,0.0,0.0,0.0,,0.0,,,derived,https://kcls.org/interpreters/,2026-09-02
kcls,Moore,library,0.0,0.0,0.0,,0.0,,,derived,https://kcls.org/interpreters/,2026-09-02
kcls,"Nahuatl, Guerrero region",library,0.0,0.0,0.0,,0.0,,,derived,https://kcls.org/interpreters/,2026-09-02
kcls,Nepali,library,0.0,0.0,0.0,,0.0,,,derived,https://kcls.org/interpreters/,2026-09-02
kcls,Nuer,library,0.0,0.0,0.0,,0.0,,,derived,https://kcls.org/interpreters/,2026-09-02
kcls,Oromo,library,0.0,0.0,0.0,,0.0,,,derived,https://kcls.org/interpreters/,2026-09-02
kcls,Palau,library,0.0,0.0,0.0,,0.0,,,derived,https://kcls.org/interpreters/,2026-09-02
kcls,Pashai,library,0.0,0.0,0.0,,0.0,,,derived,https://kcls.org/interpreters/,2026-09-02
kcls,Pashto,library,3.0,2.0,0.0,,1.0,,unverified,derived,http://kcls.org/interpreters-pa,2026-09-02
kcls,Pere,library,0.0,0.0,0.0,,0.0,,,derived,https://kcls.org/interpreters/,2026-09-02
kcls,Polish,library,0.0,0.0,0.0,,0.0,,,derived,https://kcls.org/interpreters/,2026-09-02
kcls,Portuguese,library,0.0,0.0,3.0,,0.0,,,derived,https://kcls.org/collections-by-language-location/,2026-09-02
kcls,Punjabi,library,0.0,0.0,3.0,,0.0,,,derived,https://kcls.org/collections-by-language-location/,2026-09-02
kcls,Purepecha,library,0.0,0.0,0.0,,0.0,,,derived,https://kcls.org/interpreters/,2026-09-02
kcls,Rohingya,library,0.0,0.0,0.0,,0.0,,,derived,https://kcls.org/interpreters/,2026-09-02
kcls,Romanian,library,0.0,0.0,0.0,,0.0,,,derived,https://kcls.org/interpreters/,2026-09-02
kcls,Russian,library,3.0,2.0,3.0,,1.0,,unverified,derived,http://kcls.org/interpreters-ru,2026-09-02
kcls,Samoan,library,0.0,0.0,0.0,,0.0,,,derived,https://kcls.org/interpreters/,2026-09-02
kcls,Sao,library,0.0,0.0,0.0,,0.0,,,derived,https://kcls.org/interpreters/,2026-09-02
kcls,Serbo-Croation,library,0.0,0.0,0.0,,0.0,,,derived,https://kcls.org/interpreters/,2026-09-02
kcls,Shona,library,0.0,0.0,0.0,,0.0,,,derived,https://kcls.org/interpreters/,2026-09-02
kcls,Sinhalese,library,0.0,0.0,0.0,,0.0,,,derived,https://kcls.org/interpreters/,2026-09-02
kcls,Slovenian,library,0.0,0.0,0.0,,0.0,,,derived,https://kcls.org/interpreters/,2026-09-02
kcls,Somali,library,3.0,2.0,3.0,,1.0,,unverified,derived,http://kcls.org/interpreters-so,2026-09-02
kcls,Soninke,library,0.0,0.0,0.0,,0.0,,,derived,https://kcls.org/interpreters/,2026-09-02
kcls,Sotho,library,0.0,0.0,0.0,,0.0,,,derived,https://kcls.org/interpreters/,2026-09-02
kcls,Spanish,library,3.0,2.0,3.0,,20.0,,unverified,derived,http://kcls.org/interpreters-es,2026-09-02
kcls,Swahili,library,0.0,0.0,0.0,,0.0,,,derived,https://kcls.org/interpreters/,2026-09-02
kcls,Tagalog,library,0.0,0.0,3.0,,0.0,,,derived,https://kcls.org/collections-by-language-location/,2026-09-02
kcls,Taishanese,library,0.0,0.0,0.0,,0.0,,,derived,https://kcls.org/interpreters/,2026-09-02
kcls,Tajiki,library,0.0,0.0,0.0,,0.0,,,derived,https://kcls.org/interpreters/,2026-09-02
kcls,Tamil,library,0.0,0.0,0.0,,0.0,,,derived,https://kcls.org/interpreters/,2026-09-02
kcls,Tarasco,library,0.0,0.0,0.0,,0.0,,,derived,https://kcls.org/interpreters/,2026-09-02
kcls,Tedim,library,0.0,0.0,0.0,,0.0,,,derived,https://kcls.org/interpreters/,2026-09-02
kcls,Telugu,library,0.0,0.0,0.0,,0.0,,,derived,https://kcls.org/interpreters/,2026-09-02
kcls,Thai,library,0.0,0.0,0.0,,0.0,,,derived,https://kcls.org/interpreters/,2026-09-02
kcls,Tibetan,library,0.0,0.0,0.0,,0.0,,,derived,https://kcls.org/interpreters/,2026-09-02
kcls,Tigrinya,library,0.0,0.0,0.0,,0.0,,,derived,https://kcls.org/interpreters/,2026-09-02
kcls,Tongan,library,0.0,0.0,0.0,,0.0,,,derived,https://kcls.org/interpreters/,2026-09-02
kcls,Turkish,library,0.0,0.0,0.0,,0.0,,,derived,https://kcls.org/interpreters/,2026-09-02
kcls,Twi,library,0.0,0.0,0.0,,0.0,,,derived,https://kcls.org/interpreters/,2026-09-02
kcls,Ukrainian,library,3.0,2.0,3.0,,1.0,,unverified,derived,http://kcls.org/interpreters-uk,2026-09-02
kcls,Urdu,library,0.0,0.0,0.0,,0.0,,,derived,https://kcls.org/interpreters/,2026-09-02
kcls,Uzbek,library,0.0,0.0,0.0,,0.0,,,derived,https://kcls.org/interpreters/,2026-09-02
kcls,Vietnamese,library,3.0,2.0,3.0,,1.0,,unverified,derived,http://kcls.org/interpreters-vi,2026-09-02
kcls,Wolof,library,0.0,0.0,0.0,,0.0,,,derived,https://kcls.org/interpreters/,2026-09-02
kcls,Yap,library,0.0,0.0,0.0,,0.0,,,derived,https://kcls.org/interpreters/,2026-09-02
kcls,Yoruba,library,0.0,0.0,0.0,,0.0,,,derived,https://kcls.org/interpreters/,2026-09-02
school_highline,Spanish,schools,2.0,2.0,,pathway_unspecified,0.0,,,manual,https://www.highlineschools.org/about/official-notices/website-translation,2026-09-02
school_highline,Vietnamese,schools,2.0,2.0,,pathway_unspecified,0.0,,,manual,https://www.highlineschools.org/about/official-notices/website-translation,2026-09-02
school_highline,Somali,schools,2.0,2.0,,pathway_unspecified,0.0,,,manual,https://www.highlineschools.org/about/official-notices/website-translation,2026-09-02
school_highline,Dari,schools,2.0,2.0,,pathway_unspecified,0.0,,,manual,https://www.highlineschools.org/about/official-notices/website-translation,2026-09-02
school_highline,Amharic,schools,0.0,0.0,,none,0.0,,,manual,https://www.highlineschools.org/about/official-notices/website-translation,2026-09-02
school_highline,Pashto,schools,0.0,0.0,,none,0.0,,,manual,https://www.highlineschools.org/about/official-notices/website-translation,2026-09-02
school_highline,French,schools,0.0,0.0,,none,0.0,,,manual,https://www.highlineschools.org/about/official-notices/website-translation,2026-09-02
school_highline,Arabic,schools,0.0,0.0,,none,0.0,,,manual,https://www.highlineschools.org/about/official-notices/website-translation,2026-09-02
school_highline,Tigrinya,schools,0.0,0.0,,none,0.0,,,manual,https://www.highlineschools.org/about/official-notices/website-translation,2026-09-02
school_highline,Farsi,schools,0.0,0.0,,none,0.0,,,manual,https://www.highlineschools.org/about/official-notices/website-translation,2026-09-02
school_auburn,Spanish,schools,3.0,2.0,,in_language_document,2.0,,unverified,manual,https://sites.google.com/auburn.wednet.edu/languageaccess/home,2026-09-02
school_auburn,Ukrainian,schools,3.0,2.0,,in_language_document,2.0,,unverified,manual,https://sites.google.com/auburn.wednet.edu/languageaccess/home,2026-09-02
school_auburn,Dari,schools,3.0,2.0,,in_language_document,2.0,,unverified,manual,https://sites.google.com/auburn.wednet.edu/languageaccess/home,2026-09-02
school_auburn,Marshallese,schools,3.0,2.0,,in_language_document,2.0,,unverified,manual,https://sites.google.com/auburn.wednet.edu/languageaccess/home,2026-09-02
school_auburn,Pashto,schools,3.0,2.0,,in_language_document,2.0,,unverified,manual,https://sites.google.com/auburn.wednet.edu/languageaccess/home,2026-09-02
school_auburn,Russian,schools,3.0,2.0,,in_language_document,2.0,,unverified,manual,https://sites.google.com/auburn.wednet.edu/languageaccess/home,2026-09-02
school_auburn,Punjabi,schools,3.0,2.0,,in_language_document,2.0,,unverified,manual,https://sites.google.com/auburn.wednet.edu/languageaccess/home,2026-09-02
school_auburn,Vietnamese,schools,3.0,2.0,,in_language_document,2.0,,unverified,manual,https://sites.google.com/auburn.wednet.edu/languageaccess/home,2026-09-02
school_auburn,Arabic,schools,3.0,2.0,,in_language_document,1.0,,unverified,manual,https://sites.google.com/auburn.wednet.edu/languageaccess/home,2026-09-02
school_auburn,Somali,schools,3.0,2.0,,in_language_document,2.0,,unverified,manual,https://sites.google.com/auburn.wednet.edu/languageaccess/home,2026-09-02
school_federalway,Spanish,schools,3.0,2.0,,in_language_document,2.0,,unverified,manual,https://www.fwps.org/academics/multilingual-servicesbiliteracy/language-access-plan,2026-09-02
school_federalway,Dari,schools,3.0,2.0,,in_language_document,2.0,,unverified,manual,https://www.fwps.org/academics/multilingual-servicesbiliteracy/language-access-plan,2026-09-02
school_federalway,Ukrainian,schools,3.0,2.0,,in_language_document,1.0,,unverified,manual,https://www.fwps.org/academics/multilingual-servicesbiliteracy/language-access-plan,2026-09-02
school_federalway,Pashto,schools,3.0,2.0,,in_language_document,1.0,,unverified,manual,https://www.fwps.org/academics/multilingual-servicesbiliteracy/language-access-plan,2026-09-02
school_federalway,Russian,schools,3.0,2.0,,in_language_document,1.0,,unverified,manual,https://www.fwps.org/academics/multilingual-servicesbiliteracy/language-access-plan,2026-09-02
school_federalway,Somali,schools,3.0,2.0,,in_language_document,1.0,,unverified,manual,https://www.fwps.org/academics/multilingual-servicesbiliteracy/language-access-plan,2026-09-02
school_federalway,Vietnamese,schools,3.0,2.0,,in_language_document,1.0,,unverified,manual,https://www.fwps.org/academics/multilingual-servicesbiliteracy/language-access-plan,2026-09-02
school_federalway,Arabic,schools,3.0,2.0,,in_language_document,1.0,,unverified,manual,https://www.fwps.org/academics/multilingual-servicesbiliteracy/language-access-plan,2026-09-02
school_federalway,Farsi,schools,0.0,0.0,,none,0.0,,,manual,https://www.fwps.org/academics/multilingual-servicesbiliteracy/language-access-plan,2026-09-02
school_federalway,French,schools,0.0,0.0,,none,0.0,,,manual,https://www.fwps.org/academics/multilingual-servicesbiliteracy/language-access-plan,2026-09-02
school_kent,Spanish,schools,1.0,2.0,,pathway_unspecified,0.0,,,manual,https://www.kent.k12.wa.us/page/translation-services,2026-09-02
school_kent,Dari,schools,1.0,2.0,,pathway_unspecified,0.0,,,manual,https://www.kent.k12.wa.us/page/translation-services,2026-09-02
school_kent,Ukrainian,schools,1.0,2.0,,pathway_unspecified,0.0,,,manual,https://www.kent.k12.wa.us/page/translation-services,2026-09-02
school_kent,Vietnamese,schools,1.0,2.0,,pathway_unspecified,0.0,,,manual,https://www.kent.k12.wa.us/page/translation-services,2026-09-02
school_kent,Punjabi,schools,1.0,2.0,,pathway_unspecified,0.0,,,manual,https://www.kent.k12.wa.us/page/translation-services,2026-09-02
school_kent,Somali,schools,1.0,2.0,,pathway_unspecified,0.0,,,manual,https://www.kent.k12.wa.us/page/translation-services,2026-09-02
school_kent,Russian,schools,1.0,2.0,,pathway_unspecified,0.0,,,manual,https://www.kent.k12.wa.us/page/translation-services,2026-09-02
school_kent,Pashto,schools,1.0,2.0,,pathway_unspecified,0.0,,,manual,https://www.kent.k12.wa.us/page/translation-services,2026-09-02
school_kent,Arabic,schools,1.0,2.0,,pathway_unspecified,0.0,,,manual,https://www.kent.k12.wa.us/page/translation-services,2026-09-02
school_kent,Chinese-Cantonese,schools,1.0,2.0,,pathway_unspecified,0.0,,,manual,https://www.kent.k12.wa.us/page/translation-services,2026-09-02
school_renton,Spanish,schools,3.0,2.0,,in_language_document,1.0,,unverified,manual,https://www.rentonschools.us/departments/community-relations/translation-and-interpretation-services,2026-09-02
school_renton,Vietnamese,schools,3.0,2.0,,in_language_document,1.0,,unverified,manual,https://www.rentonschools.us/departments/community-relations/translation-and-interpretation-services,2026-09-02
school_renton,Dari,schools,0.0,0.0,,none,0.0,,,manual,https://www.rentonschools.us/departments/community-relations/translation-and-interpretation-services,2026-09-02
school_renton,Chinese-Cantonese,schools,3.0,2.0,,in_language_document,1.0,,unverified,manual,https://www.rentonschools.us/departments/community-relations/translation-and-interpretation-services,2026-09-02
school_renton,Somali,schools,3.0,2.0,,in_language_document,1.0,,unverified,manual,https://www.rentonschools.us/departments/community-relations/translation-and-interpretation-services,2026-09-02
school_renton,Chinese-Mandarin,schools,3.0,2.0,,in_language_document,1.0,,unverified,manual,https://www.rentonschools.us/departments/community-relations/translation-and-interpretation-services,2026-09-02
school_renton,Russian,schools,3.0,2.0,,in_language_document,1.0,,unverified,manual,https://www.rentonschools.us/departments/community-relations/translation-and-interpretation-services,2026-09-02
school_renton,Pashto,schools,0.0,0.0,,none,0.0,,,manual,https://www.rentonschools.us/departments/community-relations/translation-and-interpretation-services,2026-09-02
school_renton,Ukrainian,schools,3.0,2.0,,in_language_document,1.0,,unverified,manual,https://www.rentonschools.us/departments/community-relations/translation-and-interpretation-services,2026-09-02
school_renton,Arabic,schools,0.0,0.0,,none,0.0,,,manual,https://www.rentonschools.us/departments/community-relations/translation-and-interpretation-services,2026-09-02
school_tukwila,Spanish,schools,3.0,3.0,,in_language_document,1.0,,unverified,manual,https://www.tukwilaschools.org/about-our-district/language-access,2026-09-02
school_tukwila,Portuguese,schools,0.0,1.0,,none,0.0,,,manual,https://www.tukwilaschools.org/about-our-district/language-access,2026-09-02
school_tukwila,Vietnamese,schools,3.0,1.0,,in_language_document,1.0,,unverified,manual,https://www.tukwilaschools.org/about-our-district/language-access,2026-09-02
school_tukwila,Dari,schools,0.0,1.0,,none,0.0,,,manual,https://www.tukwilaschools.org/about-our-district/language-access,2026-09-02
school_tukwila,Somali,schools,3.0,3.0,,in_language_document,1.0,,unverified,manual,https://www.tukwilaschools.org/about-our-district/language-access,2026-09-02
school_tukwila,Burmese,schools,0.0,3.0,,pathway_unspecified,0.0,,,manual,https://www.tukwilaschools.org/services/community-family-liaisons/,2026-09-02
school_tukwila,Pashto,schools,0.0,1.0,,none,0.0,,,manual,https://www.tukwilaschools.org/about-our-district/language-access,2026-09-02
school_tukwila,Arabic,schools,3.0,1.0,,in_language_document,1.0,,unverified,manual,https://www.tukwilaschools.org/about-our-district/language-access,2026-09-02
school_tukwila,French,schools,3.0,1.0,,in_language_document,1.0,,unverified,manual,https://www.tukwilaschools.org/about-our-district/language-access,2026-09-02
school_tukwila,Amharic,schools,3.0,1.0,,in_language_document,1.0,,unverified,manual,https://www.tukwilaschools.org/about-our-district/language-access,2026-09-02
kcmetro,Acholi,transit,1.0,2.0,,machine_widget,0.0,,,derived,https://kingcounty.gov/en/dept/metro/contact-us,2026-09-05
sound_transit,Acholi,transit,1.0,2.0,,machine_widget,0.0,,,derived,https://www.soundtransit.org/get-to-know-us/office-civil-rights-equity-inclusion/title-vi-civil-rights/registering-complaint,2026-09-05
kcmetro,Aguacateco,transit,0.0,0.0,,none,0.0,,,derived,https://kingcounty.gov/en/dept/metro/contact-us,2026-09-05
sound_transit,Aguacateco,transit,0.0,0.0,,none,0.0,,,derived,https://www.soundtransit.org/get-to-know-us/office-civil-rights-equity-inclusion/title-vi-civil-rights/registering-complaint,2026-09-05
kcmetro,Akateko,transit,0.0,0.0,,none,0.0,,,derived,https://kingcounty.gov/en/dept/metro/contact-us,2026-09-05
sound_transit,Akateko,transit,0.0,0.0,,none,0.0,,,derived,https://www.soundtransit.org/get-to-know-us/office-civil-rights-equity-inclusion/title-vi-civil-rights/registering-complaint,2026-09-05
kcmetro,Albanian,transit,1.0,2.0,,machine_widget,0.0,,,derived,https://kingcounty.gov/en/dept/metro/contact-us,2026-09-05
sound_transit,Albanian,transit,1.0,2.0,,machine_widget,0.0,,,derived,https://www.soundtransit.org/get-to-know-us/office-civil-rights-equity-inclusion/title-vi-civil-rights/registering-complaint,2026-09-05
kcmetro,American Sign Language,transit,0.0,0.0,,none,0.0,,,derived,https://kingcounty.gov/en/dept/metro/contact-us,2026-09-05
sound_transit,American Sign Language,transit,0.0,0.0,,none,0.0,,,derived,https://www.soundtransit.org/get-to-know-us/office-civil-rights-equity-inclusion/title-vi-civil-rights/registering-complaint,2026-09-05
kcmetro,Amharic,transit,1.0,2.0,,machine_widget,0.0,,,derived,https://kingcounty.gov/en/dept/metro/contact-us,2026-09-05
sound_transit,Amharic,transit,1.0,2.0,,machine_widget,0.0,,,derived,https://www.soundtransit.org/get-to-know-us/office-civil-rights-equity-inclusion/title-vi-civil-rights/registering-complaint,2026-09-05
kcmetro,Arabic,transit,1.0,2.0,,machine_widget,0.0,,,derived,https://kingcounty.gov/en/dept/metro/contact-us,2026-09-05
sound_transit,Arabic,transit,1.0,2.0,,machine_widget,0.0,,,derived,https://www.soundtransit.org/get-to-know-us/office-civil-rights-equity-inclusion/title-vi-civil-rights/registering-complaint,2026-09-05
kcmetro,Armenian,transit,1.0,2.0,,machine_widget,0.0,,,derived,https://kingcounty.gov/en/dept/metro/contact-us,2026-09-05
sound_transit,Armenian,transit,1.0,2.0,,machine_widget,0.0,,,derived,https://www.soundtransit.org/get-to-know-us/office-civil-rights-equity-inclusion/title-vi-civil-rights/registering-complaint,2026-09-05
kcmetro,Ayula-Bambara,transit,0.0,0.0,,none,0.0,,,derived,https://kingcounty.gov/en/dept/metro/contact-us,2026-09-05
sound_transit,Ayula-Bambara,transit,0.0,0.0,,none,0.0,,,derived,https://www.soundtransit.org/get-to-know-us/office-civil-rights-equity-inclusion/title-vi-civil-rights/registering-complaint,2026-09-05
kcmetro,Azerbaijani,transit,1.0,2.0,,machine_widget,0.0,,,derived,https://kingcounty.gov/en/dept/metro/contact-us,2026-09-05
sound_transit,Azerbaijani,transit,1.0,2.0,,machine_widget,0.0,,,derived,https://www.soundtransit.org/get-to-know-us/office-civil-rights-equity-inclusion/title-vi-civil-rights/registering-complaint,2026-09-05
kcmetro,Bambara,transit,1.0,2.0,,machine_widget,0.0,,,derived,https://kingcounty.gov/en/dept/metro/contact-us,2026-09-05
sound_transit,Bambara,transit,1.0,2.0,,machine_widget,0.0,,,derived,https://www.soundtransit.org/get-to-know-us/office-civil-rights-equity-inclusion/title-vi-civil-rights/registering-complaint,2026-09-05
kcmetro,Bangala,transit,0.0,0.0,,none,0.0,,,derived,https://kingcounty.gov/en/dept/metro/contact-us,2026-09-05
sound_transit,Bangala,transit,0.0,0.0,,none,0.0,,,derived,https://www.soundtransit.org/get-to-know-us/office-civil-rights-equity-inclusion/title-vi-civil-rights/registering-complaint,2026-09-05
kcmetro,Bassa,transit,0.0,0.0,,none,0.0,,,derived,https://kingcounty.gov/en/dept/metro/contact-us,2026-09-05
sound_transit,Bassa,transit,0.0,0.0,,none,0.0,,,derived,https://www.soundtransit.org/get-to-know-us/office-civil-rights-equity-inclusion/title-vi-civil-rights/registering-complaint,2026-09-05
kcmetro,Bengali,transit,1.0,2.0,,machine_widget,0.0,,,derived,https://kingcounty.gov/en/dept/metro/contact-us,2026-09-05
sound_transit,Bengali,transit,1.0,2.0,,machine_widget,0.0,,,derived,https://www.soundtransit.org/get-to-know-us/office-civil-rights-equity-inclusion/title-vi-civil-rights/registering-complaint,2026-09-05
kcmetro,Bosnian,transit,1.0,2.0,,machine_widget,0.0,,,derived,https://kingcounty.gov/en/dept/metro/contact-us,2026-09-05
sound_transit,Bosnian,transit,1.0,2.0,,machine_widget,0.0,,,derived,https://www.soundtransit.org/get-to-know-us/office-civil-rights-equity-inclusion/title-vi-civil-rights/registering-complaint,2026-09-05
kcmetro,Bulgarian,transit,1.0,2.0,,machine_widget,0.0,,,derived,https://kingcounty.gov/en/dept/metro/contact-us,2026-09-05
sound_transit,Bulgarian,transit,1.0,2.0,,machine_widget,0.0,,,derived,https://www.soundtransit.org/get-to-know-us/office-civil-rights-equity-inclusion/title-vi-civil-rights/registering-complaint,2026-09-05
kcmetro,Burmese,transit,1.0,2.0,,machine_widget,0.0,,,derived,https://kingcounty.gov/en/dept/metro/contact-us,2026-09-05
sound_transit,Burmese,transit,1.0,2.0,,machine_widget,0.0,,,derived,https://www.soundtransit.org/get-to-know-us/office-civil-rights-equity-inclusion/title-vi-civil-rights/registering-complaint,2026-09-05
kcmetro,Carolinian,transit,0.0,0.0,,none,0.0,,,derived,https://kingcounty.gov/en/dept/metro/contact-us,2026-09-05
sound_transit,Carolinian,transit,0.0,0.0,,none,0.0,,,derived,https://www.soundtransit.org/get-to-know-us/office-civil-rights-equity-inclusion/title-vi-civil-rights/registering-complaint,2026-09-05
kcmetro,Catalan,transit,1.0,2.0,,machine_widget,0.0,,,derived,https://kingcounty.gov/en/dept/metro/contact-us,2026-09-05
sound_transit,Catalan,transit,1.0,2.0,,machine_widget,0.0,,,derived,https://www.soundtransit.org/get-to-know-us/office-civil-rights-equity-inclusion/title-vi-civil-rights/registering-complaint,2026-09-05
kcmetro,Cebuano,transit,1.0,2.0,,machine_widget,0.0,,,derived,https://kingcounty.gov/en/dept/metro/contact-us,2026-09-05
sound_transit,Cebuano,transit,1.0,2.0,,machine_widget,0.0,,,derived,https://www.soundtransit.org/get-to-know-us/office-civil-rights-equity-inclusion/title-vi-civil-rights/registering-complaint,2026-09-05
kcmetro,Cham,transit,0.0,0.0,,none,0.0,,,derived,https://kingcounty.gov/en/dept/metro/contact-us,2026-09-05
sound_transit,Cham,transit,0.0,0.0,,none,0.0,,,derived,https://www.soundtransit.org/get-to-know-us/office-civil-rights-equity-inclusion/title-vi-civil-rights/registering-complaint,2026-09-05
kcmetro,Chamorro,transit,1.0,2.0,,machine_widget,0.0,,,derived,https://kingcounty.gov/en/dept/metro/contact-us,2026-09-05
sound_transit,Chamorro,transit,1.0,2.0,,machine_widget,0.0,,,derived,https://www.soundtransit.org/get-to-know-us/office-civil-rights-equity-inclusion/title-vi-civil-rights/registering-complaint,2026-09-05
kcmetro,Chin,transit,0.0,0.0,,none,0.0,,,derived,https://kingcounty.gov/en/dept/metro/contact-us,2026-09-05
sound_transit,Chin,transit,0.0,0.0,,none,0.0,,,derived,https://www.soundtransit.org/get-to-know-us/office-civil-rights-equity-inclusion/title-vi-civil-rights/registering-complaint,2026-09-05
kcmetro,Chinese-Cantonese,transit,1.0,2.0,,machine_widget,0.0,,,derived,https://kingcounty.gov/en/dept/metro/contact-us,2026-09-05
sound_transit,Chinese-Cantonese,transit,3.0,2.0,,in_language_document,2.0,,unverified,derived,https://www.soundtransit.org/sites/default/files/documents/i-speak-language-assistance-2019.pdf,2026-09-05
kcmetro,Chinese-Fukienese,transit,0.0,0.0,,none,0.0,,,derived,https://kingcounty.gov/en/dept/metro/contact-us,2026-09-05
sound_transit,Chinese-Fukienese,transit,0.0,0.0,,none,0.0,,,derived,https://www.soundtransit.org/get-to-know-us/office-civil-rights-equity-inclusion/title-vi-civil-rights/registering-complaint,2026-09-05
kcmetro,Chinese-Mandarin,transit,1.0,2.0,,machine_widget,0.0,,,derived,https://kingcounty.gov/en/dept/metro/contact-us,2026-09-05
sound_transit,Chinese-Mandarin,transit,3.0,2.0,,in_language_document,2.0,,unverified,derived,https://www.soundtransit.org/sites/default/files/documents/i-speak-language-assistance-2019.pdf,2026-09-05
kcmetro,Chinese-Taiwanese,transit,0.0,0.0,,none,0.0,,,derived,https://kingcounty.gov/en/dept/metro/contact-us,2026-09-05
sound_transit,Chinese-Taiwanese,transit,0.0,0.0,,none,0.0,,,derived,https://www.soundtransit.org/get-to-know-us/office-civil-rights-equity-inclusion/title-vi-civil-rights/registering-complaint,2026-09-05
kcmetro,Chuukese,transit,1.0,2.0,,machine_widget,0.0,,,derived,https://kingcounty.gov/en/dept/metro/contact-us,2026-09-05
sound_transit,Chuukese,transit,1.0,2.0,,machine_widget,0.0,,,derived,https://www.soundtransit.org/get-to-know-us/office-civil-rights-equity-inclusion/title-vi-civil-rights/registering-complaint,2026-09-05
kcmetro,Dari,transit,1.0,2.0,,machine_widget,0.0,,,derived,https://kingcounty.gov/en/dept/metro/contact-us,2026-09-05
sound_transit,Dari,transit,1.0,2.0,,machine_widget,0.0,,,derived,https://www.soundtransit.org/get-to-know-us/office-civil-rights-equity-inclusion/title-vi-civil-rights/registering-complaint,2026-09-05
kcmetro,Dinka,transit,1.0,2.0,,machine_widget,0.0,,,derived,https://kingcounty.gov/en/dept/metro/contact-us,2026-09-05
sound_transit,Dinka,transit,1.0,2.0,,machine_widget,0.0,,,derived,https://www.soundtransit.org/get-to-know-us/office-civil-rights-equity-inclusion/title-vi-civil-rights/registering-complaint,2026-09-05
kcmetro,Dutch,transit,1.0,2.0,,machine_widget,0.0,,,derived,https://kingcounty.gov/en/dept/metro/contact-us,2026-09-05
sound_transit,Dutch,transit,1.0,2.0,,machine_widget,0.0,,,derived,https://www.soundtransit.org/get-to-know-us/office-civil-rights-equity-inclusion/title-vi-civil-rights/registering-complaint,2026-09-05
kcmetro,Egyptian-Arabic,transit,0.0,0.0,,none,0.0,,,derived,https://kingcounty.gov/en/dept/metro/contact-us,2026-09-05
sound_transit,Egyptian-Arabic,transit,0.0,0.0,,none,0.0,,,derived,https://www.soundtransit.org/get-to-know-us/office-civil-rights-equity-inclusion/title-vi-civil-rights/registering-complaint,2026-09-05
kcmetro,Eritai,transit,0.0,0.0,,none,0.0,,,derived,https://kingcounty.gov/en/dept/metro/contact-us,2026-09-05
sound_transit,Eritai,transit,0.0,0.0,,none,0.0,,,derived,https://www.soundtransit.org/get-to-know-us/office-civil-rights-equity-inclusion/title-vi-civil-rights/registering-complaint,2026-09-05
kcmetro,Estonian,transit,1.0,2.0,,machine_widget,0.0,,,derived,https://kingcounty.gov/en/dept/metro/contact-us,2026-09-05
sound_transit,Estonian,transit,1.0,2.0,,machine_widget,0.0,,,derived,https://www.soundtransit.org/get-to-know-us/office-civil-rights-equity-inclusion/title-vi-civil-rights/registering-complaint,2026-09-05
kcmetro,Ewe,transit,1.0,2.0,,machine_widget,0.0,,,derived,https://kingcounty.gov/en/dept/metro/contact-us,2026-09-05
sound_transit,Ewe,transit,1.0,2.0,,machine_widget,0.0,,,derived,https://www.soundtransit.org/get-to-know-us/office-civil-rights-equity-inclusion/title-vi-civil-rights/registering-complaint,2026-09-05
kcmetro,Fallani,transit,0.0,0.0,,none,0.0,,,derived,https://kingcounty.gov/en/dept/metro/contact-us,2026-09-05
sound_transit,Fallani,transit,0.0,0.0,,none,0.0,,,derived,https://www.soundtransit.org/get-to-know-us/office-civil-rights-equity-inclusion/title-vi-civil-rights/registering-complaint,2026-09-05
kcmetro,Farsi,transit,1.0,2.0,,machine_widget,0.0,,,derived,https://kingcounty.gov/en/dept/metro/contact-us,2026-09-05
sound_transit,Farsi,transit,1.0,2.0,,machine_widget,0.0,,,derived,https://www.soundtransit.org/get-to-know-us/office-civil-rights-equity-inclusion/title-vi-civil-rights/registering-complaint,2026-09-05
kcmetro,French,transit,1.0,2.0,,machine_widget,0.0,,,derived,https://kingcounty.gov/en/dept/metro/contact-us,2026-09-05
sound_transit,French,transit,1.0,2.0,,machine_widget,0.0,,,derived,https://www.soundtransit.org/get-to-know-us/office-civil-rights-equity-inclusion/title-vi-civil-rights/registering-complaint,2026-09-05
kcmetro,Fula,transit,0.0,0.0,,none,0.0,,,derived,https://kingcounty.gov/en/dept/metro/contact-us,2026-09-05
sound_transit,Fula,transit,0.0,0.0,,none,0.0,,,derived,https://www.soundtransit.org/get-to-know-us/office-civil-rights-equity-inclusion/title-vi-civil-rights/registering-complaint,2026-09-05
kcmetro,Ga,transit,1.0,2.0,,machine_widget,0.0,,,derived,https://kingcounty.gov/en/dept/metro/contact-us,2026-09-05
sound_transit,Ga,transit,1.0,2.0,,machine_widget,0.0,,,derived,https://www.soundtransit.org/get-to-know-us/office-civil-rights-equity-inclusion/title-vi-civil-rights/registering-complaint,2026-09-05
kcmetro,German,transit,1.0,2.0,,machine_widget,0.0,,,derived,https://kingcounty.gov/en/dept/metro/contact-us,2026-09-05
sound_transit,German,transit,1.0,2.0,,machine_widget,0.0,,,derived,https://www.soundtransit.org/get-to-know-us/office-civil-rights-equity-inclusion/title-vi-civil-rights/registering-complaint,2026-09-05
kcmetro,"Greek, Modern",transit,0.0,0.0,,none,0.0,,,derived,https://kingcounty.gov/en/dept/metro/contact-us,2026-09-05
sound_transit,"Greek, Modern",transit,0.0,0.0,,none,0.0,,,derived,https://www.soundtransit.org/get-to-know-us/office-civil-rights-equity-inclusion/title-vi-civil-rights/registering-complaint,2026-09-05
kcmetro,Gujarati,transit,1.0,2.0,,machine_widget,0.0,,,derived,https://kingcounty.gov/en/dept/metro/contact-us,2026-09-05
sound_transit,Gujarati,transit,1.0,2.0,,machine_widget,0.0,,,derived,https://www.soundtransit.org/get-to-know-us/office-civil-rights-equity-inclusion/title-vi-civil-rights/registering-complaint,2026-09-05
kcmetro,Haitian Creole,transit,1.0,2.0,,machine_widget,0.0,,,derived,https://kingcounty.gov/en/dept/metro/contact-us,2026-09-05
sound_transit,Haitian Creole,transit,1.0,2.0,,machine_widget,0.0,,,derived,https://www.soundtransit.org/get-to-know-us/office-civil-rights-equity-inclusion/title-vi-civil-rights/registering-complaint,2026-09-05
kcmetro,Hausa,transit,1.0,2.0,,machine_widget,0.0,,,derived,https://kingcounty.gov/en/dept/metro/contact-us,2026-09-05
sound_transit,Hausa,transit,1.0,2.0,,machine_widget,0.0,,,derived,https://www.soundtransit.org/get-to-know-us/office-civil-rights-equity-inclusion/title-vi-civil-rights/registering-complaint,2026-09-05
kcmetro,Hawaiian,transit,1.0,2.0,,machine_widget,0.0,,,derived,https://kingcounty.gov/en/dept/metro/contact-us,2026-09-05
sound_transit,Hawaiian,transit,1.0,2.0,,machine_widget,0.0,,,derived,https://www.soundtransit.org/get-to-know-us/office-civil-rights-equity-inclusion/title-vi-civil-rights/registering-complaint,2026-09-05
kcmetro,Herero,transit,0.0,0.0,,none,0.0,,,derived,https://kingcounty.gov/en/dept/metro/contact-us,2026-09-05
sound_transit,Herero,transit,0.0,0.0,,none,0.0,,,derived,https://www.soundtransit.org/get-to-know-us/office-civil-rights-equity-inclusion/title-vi-civil-rights/registering-complaint,2026-09-05
kcmetro,Hindi,transit,1.0,2.0,,machine_widget,0.0,,,derived,https://kingcounty.gov/en/dept/metro/contact-us,2026-09-05
sound_transit,Hindi,transit,1.0,2.0,,machine_widget,0.0,,,derived,https://www.soundtransit.org/get-to-know-us/office-civil-rights-equity-inclusion/title-vi-civil-rights/registering-complaint,2026-09-05
kcmetro,Hmong,transit,1.0,2.0,,machine_widget,0.0,,,derived,https://kingcounty.gov/en/dept/metro/contact-us,2026-09-05
sound_transit,Hmong,transit,1.0,2.0,,machine_widget,0.0,,,derived,https://www.soundtransit.org/get-to-know-us/office-civil-rights-equity-inclusion/title-vi-civil-rights/registering-complaint,2026-09-05
kcmetro,Hungarian,transit,1.0,2.0,,machine_widget,0.0,,,derived,https://kingcounty.gov/en/dept/metro/contact-us,2026-09-05
sound_transit,Hungarian,transit,1.0,2.0,,machine_widget,0.0,,,derived,https://www.soundtransit.org/get-to-know-us/office-civil-rights-equity-inclusion/title-vi-civil-rights/registering-complaint,2026-09-05
kcmetro,Igbo,transit,1.0,2.0,,machine_widget,0.0,,,derived,https://kingcounty.gov/en/dept/metro/contact-us,2026-09-05
sound_transit,Igbo,transit,1.0,2.0,,machine_widget,0.0,,,derived,https://www.soundtransit.org/get-to-know-us/office-civil-rights-equity-inclusion/title-vi-civil-rights/registering-complaint,2026-09-05
kcmetro,Ilokano,transit,0.0,0.0,,none,0.0,,,derived,https://kingcounty.gov/en/dept/metro/contact-us,2026-09-05
sound_transit,Ilokano,transit,0.0,0.0,,none,0.0,,,derived,https://www.soundtransit.org/get-to-know-us/office-civil-rights-equity-inclusion/title-vi-civil-rights/registering-complaint,2026-09-05
kcmetro,Indonesian,transit,1.0,2.0,,machine_widget,0.0,,,derived,https://kingcounty.gov/en/dept/metro/contact-us,2026-09-05
sound_transit,Indonesian,transit,1.0,2.0,,machine_widget,0.0,,,derived,https://www.soundtransit.org/get-to-know-us/office-civil-rights-equity-inclusion/title-vi-civil-rights/registering-complaint,2026-09-05
kcmetro,Italian,transit,1.0,2.0,,machine_widget,0.0,,,derived,https://kingcounty.gov/en/dept/metro/contact-us,2026-09-05
sound_transit,Italian,transit,1.0,2.0,,machine_widget,0.0,,,derived,https://www.soundtransit.org/get-to-know-us/office-civil-rights-equity-inclusion/title-vi-civil-rights/registering-complaint,2026-09-05
kcmetro,Japanese,transit,1.0,2.0,,machine_widget,0.0,,,derived,https://kingcounty.gov/en/dept/metro/contact-us,2026-09-05
sound_transit,Japanese,transit,1.0,2.0,,machine_widget,0.0,,,derived,https://www.soundtransit.org/get-to-know-us/office-civil-rights-equity-inclusion/title-vi-civil-rights/registering-complaint,2026-09-05
kcmetro,Kakwa,transit,0.0,0.0,,none,0.0,,,derived,https://kingcounty.gov/en/dept/metro/contact-us,2026-09-05
sound_transit,Kakwa,transit,0.0,0.0,,none,0.0,,,derived,https://www.soundtransit.org/get-to-know-us/office-civil-rights-equity-inclusion/title-vi-civil-rights/registering-complaint,2026-09-05
kcmetro,Kannada,transit,1.0,2.0,,machine_widget,0.0,,,derived,https://kingcounty.gov/en/dept/metro/contact-us,2026-09-05
sound_transit,Kannada,transit,1.0,2.0,,machine_widget,0.0,,,derived,https://www.soundtransit.org/get-to-know-us/office-civil-rights-equity-inclusion/title-vi-civil-rights/registering-complaint,2026-09-05
kcmetro,Karen,transit,0.0,0.0,,none,0.0,,,derived,https://kingcounty.gov/en/dept/metro/contact-us,2026-09-05
sound_transit,Karen,transit,0.0,0.0,,none,0.0,,,derived,https://www.soundtransit.org/get-to-know-us/office-civil-rights-equity-inclusion/title-vi-civil-rights/registering-complaint,2026-09-05
kcmetro,Karenni,transit,0.0,0.0,,none,0.0,,,derived,https://kingcounty.gov/en/dept/metro/contact-us,2026-09-05
sound_transit,Karenni,transit,0.0,0.0,,none,0.0,,,derived,https://www.soundtransit.org/get-to-know-us/office-civil-rights-equity-inclusion/title-vi-civil-rights/registering-complaint,2026-09-05
kcmetro,Kazakh,transit,1.0,2.0,,machine_widget,0.0,,,derived,https://kingcounty.gov/en/dept/metro/contact-us,2026-09-05
sound_transit,Kazakh,transit,1.0,2.0,,machine_widget,0.0,,,derived,https://www.soundtransit.org/get-to-know-us/office-civil-rights-equity-inclusion/title-vi-civil-rights/registering-complaint,2026-09-05
kcmetro,Khmer,transit,1.0,2.0,,machine_widget,0.0,,,derived,https://kingcounty.gov/en/dept/metro/contact-us,2026-09-05
sound_transit,Khmer,transit,1.0,2.0,,machine_widget,0.0,,,derived,https://www.soundtransit.org/get-to-know-us/office-civil-rights-equity-inclusion/title-vi-civil-rights/registering-complaint,2026-09-05
kcmetro,Kikuyu,transit,0.0,0.0,,none,0.0,,,derived,https://kingcounty.gov/en/dept/metro/contact-us,2026-09-05
sound_transit,Kikuyu,transit,0.0,0.0,,none,0.0,,,derived,https://www.soundtransit.org/get-to-know-us/office-civil-rights-equity-inclusion/title-vi-civil-rights/registering-complaint,2026-09-05
kcmetro,Kinyarwanda,transit,1.0,2.0,,machine_widget,0.0,,,derived,https://kingcounty.gov/en/dept/metro/contact-us,2026-09-05
sound_transit,Kinyarwanda,transit,1.0,2.0,,machine_widget,0.0,,,derived,https://www.soundtransit.org/get-to-know-us/office-civil-rights-equity-inclusion/title-vi-civil-rights/registering-complaint,2026-09-05
kcmetro,Kirgiz,transit,0.0,0.0,,none,0.0,,,derived,https://kingcounty.gov/en/dept/metro/contact-us,2026-09-05
sound_transit,Kirgiz,transit,0.0,0.0,,none,0.0,,,derived,https://www.soundtransit.org/get-to-know-us/office-civil-rights-equity-inclusion/title-vi-civil-rights/registering-complaint,2026-09-05
kcmetro,Kirundi,transit,0.0,0.0,,none,0.0,,,derived,https://kingcounty.gov/en/dept/metro/contact-us,2026-09-05
sound_transit,Kirundi,transit,0.0,0.0,,none,0.0,,,derived,https://www.soundtransit.org/get-to-know-us/office-civil-rights-equity-inclusion/title-vi-civil-rights/registering-complaint,2026-09-05
kcmetro,Kmhmu,transit,0.0,0.0,,none,0.0,,,derived,https://kingcounty.gov/en/dept/metro/contact-us,2026-09-05
sound_transit,Kmhmu,transit,0.0,0.0,,none,0.0,,,derived,https://www.soundtransit.org/get-to-know-us/office-civil-rights-equity-inclusion/title-vi-civil-rights/registering-complaint,2026-09-05
kcmetro,Kongo,transit,0.0,0.0,,none,0.0,,,derived,https://kingcounty.gov/en/dept/metro/contact-us,2026-09-05
sound_transit,Kongo,transit,0.0,0.0,,none,0.0,,,derived,https://www.soundtransit.org/get-to-know-us/office-civil-rights-equity-inclusion/title-vi-civil-rights/registering-complaint,2026-09-05
kcmetro,Korean,transit,1.0,2.0,,machine_widget,0.0,,,derived,https://kingcounty.gov/en/dept/metro/contact-us,2026-09-05
sound_transit,Korean,transit,3.0,2.0,,in_language_document,2.0,,unverified,derived,https://www.soundtransit.org/sites/default/files/documents/i-speak-language-assistance-2019.pdf,2026-09-05
kcmetro,Kosraean,transit,0.0,0.0,,none,0.0,,,derived,https://kingcounty.gov/en/dept/metro/contact-us,2026-09-05
sound_transit,Kosraean,transit,0.0,0.0,,none,0.0,,,derived,https://www.soundtransit.org/get-to-know-us/office-civil-rights-equity-inclusion/title-vi-civil-rights/registering-complaint,2026-09-05
kcmetro,Krahn,transit,0.0,0.0,,none,0.0,,,derived,https://kingcounty.gov/en/dept/metro/contact-us,2026-09-05
sound_transit,Krahn,transit,0.0,0.0,,none,0.0,,,derived,https://www.soundtransit.org/get-to-know-us/office-civil-rights-equity-inclusion/title-vi-civil-rights/registering-complaint,2026-09-05
kcmetro,Krio,transit,1.0,2.0,,machine_widget,0.0,,,derived,https://kingcounty.gov/en/dept/metro/contact-us,2026-09-05
sound_transit,Krio,transit,1.0,2.0,,machine_widget,0.0,,,derived,https://www.soundtransit.org/get-to-know-us/office-civil-rights-equity-inclusion/title-vi-civil-rights/registering-complaint,2026-09-05
kcmetro,Kru,transit,0.0,0.0,,none,0.0,,,derived,https://kingcounty.gov/en/dept/metro/contact-us,2026-09-05
sound_transit,Kru,transit,0.0,0.0,,none,0.0,,,derived,https://www.soundtransit.org/get-to-know-us/office-civil-rights-equity-inclusion/title-vi-civil-rights/registering-complaint,2026-09-05
kcmetro,Kurdish,transit,0.0,0.0,,none,0.0,,,derived,https://kingcounty.gov/en/dept/metro/contact-us,2026-09-05
sound_transit,Kurdish,transit,0.0,0.0,,none,0.0,,,derived,https://www.soundtransit.org/get-to-know-us/office-civil-rights-equity-inclusion/title-vi-civil-rights/registering-complaint,2026-09-05
kcmetro,Lao,transit,1.0,2.0,,machine_widget,0.0,,,derived,https://kingcounty.gov/en/dept/metro/contact-us,2026-09-05
sound_transit,Lao,transit,1.0,2.0,,machine_widget,0.0,,,derived,https://www.soundtransit.org/get-to-know-us/office-civil-rights-equity-inclusion/title-vi-civil-rights/registering-complaint,2026-09-05
kcmetro,Latvian,transit,1.0,2.0,,machine_widget,0.0,,,derived,https://kingcounty.gov/en/dept/metro/contact-us,2026-09-05
sound_transit,Latvian,transit,1.0,2.0,,machine_widget,0.0,,,derived,https://www.soundtransit.org/get-to-know-us/office-civil-rights-equity-inclusion/title-vi-civil-rights/registering-complaint,2026-09-05
kcmetro,Lingala,transit,1.0,2.0,,machine_widget,0.0,,,derived,https://kingcounty.gov/en/dept/metro/contact-us,2026-09-05
sound_transit,Lingala,transit,1.0,2.0,,machine_widget,0.0,,,derived,https://www.soundtransit.org/get-to-know-us/office-civil-rights-equity-inclusion/title-vi-civil-rights/registering-complaint,2026-09-05
kcmetro,Luganda,transit,1.0,2.0,,machine_widget,0.0,,,derived,https://kingcounty.gov/en/dept/metro/contact-us,2026-09-05
sound_transit,Luganda,transit,1.0,2.0,,machine_widget,0.0,,,derived,https://www.soundtransit.org/get-to-know-us/office-civil-rights-equity-inclusion/title-vi-civil-rights/registering-complaint,2026-09-05
kcmetro,Maay Maay,transit,0.0,0.0,,none,0.0,,,derived,https://kingcounty.gov/en/dept/metro/contact-us,2026-09-05
sound_transit,Maay Maay,transit,0.0,0.0,,none,0.0,,,derived,https://www.soundtransit.org/get-to-know-us/office-civil-rights-equity-inclusion/title-vi-civil-rights/registering-complaint,2026-09-05
kcmetro,Malay,transit,1.0,2.0,,machine_widget,0.0,,,derived,https://kingcounty.gov/en/dept/metro/contact-us,2026-09-05
sound_transit,Malay,transit,1.0,2.0,,machine_widget,0.0,,,derived,https://www.soundtransit.org/get-to-know-us/office-civil-rights-equity-inclusion/title-vi-civil-rights/registering-complaint,2026-09-05
kcmetro,Malayalam,transit,1.0,2.0,,machine_widget,0.0,,,derived,https://kingcounty.gov/en/dept/metro/contact-us,2026-09-05
sound_transit,Malayalam,transit,1.0,2.0,,machine_widget,0.0,,,derived,https://www.soundtransit.org/get-to-know-us/office-civil-rights-equity-inclusion/title-vi-civil-rights/registering-complaint,2026-09-05
kcmetro,Mam,transit,1.0,2.0,,machine_widget,0.0,,,derived,https://kingcounty.gov/en/dept/metro/contact-us,2026-09-05
sound_transit,Mam,transit,1.0,2.0,,machine_widget,0.0,,,derived,https://www.soundtransit.org/get-to-know-us/office-civil-rights-equity-inclusion/title-vi-civil-rights/registering-complaint,2026-09-05
kcmetro,Mandingo,transit,0.0,0.0,,none,0.0,,,derived,https://kingcounty.gov/en/dept/metro/contact-us,2026-09-05
sound_transit,Mandingo,transit,0.0,0.0,,none,0.0,,,derived,https://www.soundtransit.org/get-to-know-us/office-civil-rights-equity-inclusion/title-vi-civil-rights/registering-complaint,2026-09-05
kcmetro,Mandinka,transit,0.0,0.0,,none,0.0,,,derived,https://kingcounty.gov/en/dept/metro/contact-us,2026-09-05
sound_transit,Mandinka,transit,0.0,0.0,,none,0.0,,,derived,https://www.soundtransit.org/get-to-know-us/office-civil-rights-equity-inclusion/title-vi-civil-rights/registering-complaint,2026-09-05
kcmetro,Marathi,transit,1.0,2.0,,machine_widget,0.0,,,derived,https://kingcounty.gov/en/dept/metro/contact-us,2026-09-05
sound_transit,Marathi,transit,1.0,2.0,,machine_widget,0.0,,,derived,https://www.soundtransit.org/get-to-know-us/office-civil-rights-equity-inclusion/title-vi-civil-rights/registering-complaint,2026-09-05
kcmetro,Marquesan,transit,0.0,0.0,,none,0.0,,,derived,https://kingcounty.gov/en/dept/metro/contact-us,2026-09-05
sound_transit,Marquesan,transit,0.0,0.0,,none,0.0,,,derived,https://www.soundtransit.org/get-to-know-us/office-civil-rights-equity-inclusion/title-vi-civil-rights/registering-complaint,2026-09-05
kcmetro,Marshallese,transit,1.0,2.0,,machine_widget,0.0,,,derived,https://kingcounty.gov/en/dept/metro/contact-us,2026-09-05
sound_transit,Marshallese,transit,1.0,2.0,,machine_widget,0.0,,,derived,https://www.soundtransit.org/get-to-know-us/office-civil-rights-equity-inclusion/title-vi-civil-rights/registering-complaint,2026-09-05
kcmetro,Maya-Quiche,transit,0.0,0.0,,none,0.0,,,derived,https://kingcounty.gov/en/dept/metro/contact-us,2026-09-05
sound_transit,Maya-Quiche,transit,0.0,0.0,,none,0.0,,,derived,https://www.soundtransit.org/get-to-know-us/office-civil-rights-equity-inclusion/title-vi-civil-rights/registering-complaint,2026-09-05
kcmetro,Mien,transit,0.0,0.0,,none,0.0,,,derived,https://kingcounty.gov/en/dept/metro/contact-us,2026-09-05
sound_transit,Mien,transit,0.0,0.0,,none,0.0,,,derived,https://www.soundtransit.org/get-to-know-us/office-civil-rights-equity-inclusion/title-vi-civil-rights/registering-complaint,2026-09-05
kcmetro,Mixteco,transit,0.0,0.0,,none,0.0,,,derived,https://kingcounty.gov/en/dept/metro/contact-us,2026-09-05
sound_transit,Mixteco,transit,0.0,0.0,,none,0.0,,,derived,https://www.soundtransit.org/get-to-know-us/office-civil-rights-equity-inclusion/title-vi-civil-rights/registering-complaint,2026-09-05
kcmetro,Moldavian,transit,0.0,0.0,,none,0.0,,,derived,https://kingcounty.gov/en/dept/metro/contact-us,2026-09-05
sound_transit,Moldavian,transit,0.0,0.0,,none,0.0,,,derived,https://www.soundtransit.org/get-to-know-us/office-civil-rights-equity-inclusion/title-vi-civil-rights/registering-complaint,2026-09-05
kcmetro,Mongolian,transit,1.0,2.0,,machine_widget,0.0,,,derived,https://kingcounty.gov/en/dept/metro/contact-us,2026-09-05
sound_transit,Mongolian,transit,1.0,2.0,,machine_widget,0.0,,,derived,https://www.soundtransit.org/get-to-know-us/office-civil-rights-equity-inclusion/title-vi-civil-rights/registering-complaint,2026-09-05
kcmetro,Moore,transit,0.0,0.0,,none,0.0,,,derived,https://kingcounty.gov/en/dept/metro/contact-us,2026-09-05
sound_transit,Moore,transit,0.0,0.0,,none,0.0,,,derived,https://www.soundtransit.org/get-to-know-us/office-civil-rights-equity-inclusion/title-vi-civil-rights/registering-complaint,2026-09-05
kcmetro,"Nahuatl, Guerrero region",transit,0.0,0.0,,none,0.0,,,derived,https://kingcounty.gov/en/dept/metro/contact-us,2026-09-05
sound_transit,"Nahuatl, Guerrero region",transit,0.0,0.0,,none,0.0,,,derived,https://www.soundtransit.org/get-to-know-us/office-civil-rights-equity-inclusion/title-vi-civil-rights/registering-complaint,2026-09-05
kcmetro,Nepali,transit,1.0,2.0,,machine_widget,0.0,,,derived,https://kingcounty.gov/en/dept/metro/contact-us,2026-09-05
sound_transit,Nepali,transit,1.0,2.0,,machine_widget,0.0,,,derived,https://www.soundtransit.org/get-to-know-us/office-civil-rights-equity-inclusion/title-vi-civil-rights/registering-complaint,2026-09-05
kcmetro,Nuer,transit,1.0,2.0,,machine_widget,0.0,,,derived,https://kingcounty.gov/en/dept/metro/contact-us,2026-09-05
sound_transit,Nuer,transit,1.0,2.0,,machine_widget,0.0,,,derived,https://www.soundtransit.org/get-to-know-us/office-civil-rights-equity-inclusion/title-vi-civil-rights/registering-complaint,2026-09-05
kcmetro,Oromo,transit,1.0,2.0,,machine_widget,0.0,,,derived,https://kingcounty.gov/en/dept/metro/contact-us,2026-09-05
sound_transit,Oromo,transit,1.0,2.0,,machine_widget,0.0,,,derived,https://www.soundtransit.org/get-to-know-us/office-civil-rights-equity-inclusion/title-vi-civil-rights/registering-complaint,2026-09-05
kcmetro,Palau,transit,0.0,0.0,,none,0.0,,,derived,https://kingcounty.gov/en/dept/metro/contact-us,2026-09-05
sound_transit,Palau,transit,0.0,0.0,,none,0.0,,,derived,https://www.soundtransit.org/get-to-know-us/office-civil-rights-equity-inclusion/title-vi-civil-rights/registering-complaint,2026-09-05
kcmetro,Pashai,transit,0.0,0.0,,none,0.0,,,derived,https://kingcounty.gov/en/dept/metro/contact-us,2026-09-05
sound_transit,Pashai,transit,0.0,0.0,,none,0.0,,,derived,https://www.soundtransit.org/get-to-know-us/office-civil-rights-equity-inclusion/title-vi-civil-rights/registering-complaint,2026-09-05
kcmetro,Pashto,transit,1.0,2.0,,machine_widget,0.0,,,derived,https://kingcounty.gov/en/dept/metro/contact-us,2026-09-05
sound_transit,Pashto,transit,1.0,2.0,,machine_widget,0.0,,,derived,https://www.soundtransit.org/get-to-know-us/office-civil-rights-equity-inclusion/title-vi-civil-rights/registering-complaint,2026-09-05
kcmetro,Pere,transit,0.0,0.0,,none,0.0,,,derived,https://kingcounty.gov/en/dept/metro/contact-us,2026-09-05
sound_transit,Pere,transit,0.0,0.0,,none,0.0,,,derived,https://www.soundtransit.org/get-to-know-us/office-civil-rights-equity-inclusion/title-vi-civil-rights/registering-complaint,2026-09-05
kcmetro,Polish,transit,1.0,2.0,,machine_widget,0.0,,,derived,https://kingcounty.gov/en/dept/metro/contact-us,2026-09-05
sound_transit,Polish,transit,1.0,2.0,,machine_widget,0.0,,,derived,https://www.soundtransit.org/get-to-know-us/office-civil-rights-equity-inclusion/title-vi-civil-rights/registering-complaint,2026-09-05
kcmetro,Portuguese,transit,1.0,2.0,,machine_widget,0.0,,,derived,https://kingcounty.gov/en/dept/metro/contact-us,2026-09-05
sound_transit,Portuguese,transit,1.0,2.0,,machine_widget,0.0,,,derived,https://www.soundtransit.org/get-to-know-us/office-civil-rights-equity-inclusion/title-vi-civil-rights/registering-complaint,2026-09-05
kcmetro,Punjabi,transit,1.0,2.0,,machine_widget,0.0,,,derived,https://kingcounty.gov/en/dept/metro/contact-us,2026-09-05
sound_transit,Punjabi,transit,1.0,2.0,,machine_widget,0.0,,,derived,https://www.soundtransit.org/get-to-know-us/office-civil-rights-equity-inclusion/title-vi-civil-rights/registering-complaint,2026-09-05
kcmetro,Purepecha,transit,0.0,0.0,,none,0.0,,,derived,https://kingcounty.gov/en/dept/metro/contact-us,2026-09-05
sound_transit,Purepecha,transit,0.0,0.0,,none,0.0,,,derived,https://www.soundtransit.org/get-to-know-us/office-civil-rights-equity-inclusion/title-vi-civil-rights/registering-complaint,2026-09-05
kcmetro,Rohingya,transit,0.0,0.0,,none,0.0,,,derived,https://kingcounty.gov/en/dept/metro/contact-us,2026-09-05
sound_transit,Rohingya,transit,0.0,0.0,,none,0.0,,,derived,https://www.soundtransit.org/get-to-know-us/office-civil-rights-equity-inclusion/title-vi-civil-rights/registering-complaint,2026-09-05
kcmetro,Romanian,transit,1.0,2.0,,machine_widget,0.0,,,derived,https://kingcounty.gov/en/dept/metro/contact-us,2026-09-05
sound_transit,Romanian,transit,1.0,2.0,,machine_widget,0.0,,,derived,https://www.soundtransit.org/get-to-know-us/office-civil-rights-equity-inclusion/title-vi-civil-rights/registering-complaint,2026-09-05
kcmetro,Russian,transit,1.0,2.0,,machine_widget,0.0,,,derived,https://kingcounty.gov/en/dept/metro/contact-us,2026-09-05
sound_transit,Russian,transit,3.0,2.0,,in_language_document,2.0,,unverified,derived,https://www.soundtransit.org/sites/default/files/documents/i-speak-language-assistance-2019.pdf,2026-09-05
kcmetro,Samoan,transit,1.0,2.0,,machine_widget,0.0,,,derived,https://kingcounty.gov/en/dept/metro/contact-us,2026-09-05
sound_transit,Samoan,transit,1.0,2.0,,machine_widget,0.0,,,derived,https://www.soundtransit.org/get-to-know-us/office-civil-rights-equity-inclusion/title-vi-civil-rights/registering-complaint,2026-09-05
kcmetro,Sao,transit,0.0,0.0,,none,0.0,,,derived,https://kingcounty.gov/en/dept/metro/contact-us,2026-09-05
sound_transit,Sao,transit,0.0,0.0,,none,0.0,,,derived,https://www.soundtransit.org/get-to-know-us/office-civil-rights-equity-inclusion/title-vi-civil-rights/registering-complaint,2026-09-05
kcmetro,Serbo-Croation,transit,0.0,0.0,,none,0.0,,,derived,https://kingcounty.gov/en/dept/metro/contact-us,2026-09-05
sound_transit,Serbo-Croation,transit,0.0,0.0,,none,0.0,,,derived,https://www.soundtransit.org/get-to-know-us/office-civil-rights-equity-inclusion/title-vi-civil-rights/registering-complaint,2026-09-05
kcmetro,Shona,transit,1.0,2.0,,machine_widget,0.0,,,derived,https://kingcounty.gov/en/dept/metro/contact-us,2026-09-05
sound_transit,Shona,transit,1.0,2.0,,machine_widget,0.0,,,derived,https://www.soundtransit.org/get-to-know-us/office-civil-rights-equity-inclusion/title-vi-civil-rights/registering-complaint,2026-09-05
kcmetro,Sinhalese,transit,0.0,0.0,,none,0.0,,,derived,https://kingcounty.gov/en/dept/metro/contact-us,2026-09-05
sound_transit,Sinhalese,transit,0.0,0.0,,none,0.0,,,derived,https://www.soundtransit.org/get-to-know-us/office-civil-rights-equity-inclusion/title-vi-civil-rights/registering-complaint,2026-09-05
kcmetro,Slovenian,transit,1.0,2.0,,machine_widget,0.0,,,derived,https://kingcounty.gov/en/dept/metro/contact-us,2026-09-05
sound_transit,Slovenian,transit,1.0,2.0,,machine_widget,0.0,,,derived,https://www.soundtransit.org/get-to-know-us/office-civil-rights-equity-inclusion/title-vi-civil-rights/registering-complaint,2026-09-05
kcmetro,Somali,transit,1.0,2.0,,machine_widget,0.0,,,derived,https://kingcounty.gov/en/dept/metro/contact-us,2026-09-05
sound_transit,Somali,transit,1.0,2.0,,machine_widget,0.0,,,derived,https://www.soundtransit.org/get-to-know-us/office-civil-rights-equity-inclusion/title-vi-civil-rights/registering-complaint,2026-09-05
kcmetro,Soninke,transit,0.0,0.0,,none,0.0,,,derived,https://kingcounty.gov/en/dept/metro/contact-us,2026-09-05
sound_transit,Soninke,transit,0.0,0.0,,none,0.0,,,derived,https://www.soundtransit.org/get-to-know-us/office-civil-rights-equity-inclusion/title-vi-civil-rights/registering-complaint,2026-09-05
kcmetro,Sotho,transit,0.0,0.0,,none,0.0,,,derived,https://kingcounty.gov/en/dept/metro/contact-us,2026-09-05
sound_transit,Sotho,transit,0.0,0.0,,none,0.0,,,derived,https://www.soundtransit.org/get-to-know-us/office-civil-rights-equity-inclusion/title-vi-civil-rights/registering-complaint,2026-09-05
kcmetro,Spanish,transit,1.0,2.0,,machine_widget,0.0,,,derived,https://kingcounty.gov/en/dept/metro/contact-us,2026-09-05
sound_transit,Spanish,transit,3.0,2.0,,in_language_document,2.0,,unverified,derived,https://www.soundtransit.org/sites/default/files/documents/i-speak-language-assistance-2019.pdf,2026-09-05
kcmetro,Swahili,transit,1.0,2.0,,machine_widget,0.0,,,derived,https://kingcounty.gov/en/dept/metro/contact-us,2026-09-05
sound_transit,Swahili,transit,1.0,2.0,,machine_widget,0.0,,,derived,https://www.soundtransit.org/get-to-know-us/office-civil-rights-equity-inclusion/title-vi-civil-rights/registering-complaint,2026-09-05
kcmetro,Tagalog,transit,3.0,2.0,,machine_widget,1.0,,unverified,derived,https://kingcounty.gov/en/dept/metro/programs-and-projects/future-of-paratransit/tagalog,2026-09-05
sound_transit,Tagalog,transit,3.0,2.0,,in_language_document,2.0,,unverified,derived,https://www.soundtransit.org/sites/default/files/documents/i-speak-language-assistance-2019.pdf,2026-09-05
kcmetro,Taishanese,transit,0.0,0.0,,none,0.0,,,derived,https://kingcounty.gov/en/dept/metro/contact-us,2026-09-05
sound_transit,Taishanese,transit,0.0,0.0,,none,0.0,,,derived,https://www.soundtransit.org/get-to-know-us/office-civil-rights-equity-inclusion/title-vi-civil-rights/registering-complaint,2026-09-05
kcmetro,Tajiki,transit,0.0,0.0,,none,0.0,,,derived,https://kingcounty.gov/en/dept/metro/contact-us,2026-09-05
sound_transit,Tajiki,transit,0.0,0.0,,none,0.0,,,derived,https://www.soundtransit.org/get-to-know-us/office-civil-rights-equity-inclusion/title-vi-civil-rights/registering-complaint,2026-09-05
kcmetro,Tamil,transit,1.0,2.0,,machine_widget,0.0,,,derived,https://kingcounty.gov/en/dept/metro/contact-us,2026-09-05
sound_transit,Tamil,transit,1.0,2.0,,machine_widget,0.0,,,derived,https://www.soundtransit.org/get-to-know-us/office-civil-rights-equity-inclusion/title-vi-civil-rights/registering-complaint,2026-09-05
kcmetro,Tarasco,transit,0.0,0.0,,none,0.0,,,derived,https://kingcounty.gov/en/dept/metro/contact-us,2026-09-05
sound_transit,Tarasco,transit,0.0,0.0,,none,0.0,,,derived,https://www.soundtransit.org/get-to-know-us/office-civil-rights-equity-inclusion/title-vi-civil-rights/registering-complaint,2026-09-05
kcmetro,Tedim,transit,0.0,0.0,,none,0.0,,,derived,https://kingcounty.gov/en/dept/metro/contact-us,2026-09-05
sound_transit,Tedim,transit,0.0,0.0,,none,0.0,,,derived,https://www.soundtransit.org/get-to-know-us/office-civil-rights-equity-inclusion/title-vi-civil-rights/registering-complaint,2026-09-05
kcmetro,Telugu,transit,1.0,2.0,,machine_widget,0.0,,,derived,https://kingcounty.gov/en/dept/metro/contact-us,2026-09-05
sound_transit,Telugu,transit,1.0,2.0,,machine_widget,0.0,,,derived,https://www.soundtransit.org/get-to-know-us/office-civil-rights-equity-inclusion/title-vi-civil-rights/registering-complaint,2026-09-05
kcmetro,Thai,transit,1.0,2.0,,machine_widget,0.0,,,derived,https://kingcounty.gov/en/dept/metro/contact-us,2026-09-05
sound_transit,Thai,transit,1.0,2.0,,machine_widget,0.0,,,derived,https://www.soundtransit.org/get-to-know-us/office-civil-rights-equity-inclusion/title-vi-civil-rights/registering-complaint,2026-09-05
kcmetro,Tibetan,transit,1.0,2.0,,machine_widget,0.0,,,derived,https://kingcounty.gov/en/dept/metro/contact-us,2026-09-05
sound_transit,Tibetan,transit,1.0,2.0,,machine_widget,0.0,,,derived,https://www.soundtransit.org/get-to-know-us/office-civil-rights-equity-inclusion/title-vi-civil-rights/registering-complaint,2026-09-05
kcmetro,Tigrinya,transit,1.0,2.0,,machine_widget,0.0,,,derived,https://kingcounty.gov/en/dept/metro/contact-us,2026-09-05
sound_transit,Tigrinya,transit,1.0,2.0,,machine_widget,0.0,,,derived,https://www.soundtransit.org/get-to-know-us/office-civil-rights-equity-inclusion/title-vi-civil-rights/registering-complaint,2026-09-05
kcmetro,Tongan,transit,1.0,2.0,,machine_widget,0.0,,,derived,https://kingcounty.gov/en/dept/metro/contact-us,2026-09-05
sound_transit,Tongan,transit,1.0,2.0,,machine_widget,0.0,,,derived,https://www.soundtransit.org/get-to-know-us/office-civil-rights-equity-inclusion/title-vi-civil-rights/registering-complaint,2026-09-05
kcmetro,Turkish,transit,1.0,2.0,,machine_widget,0.0,,,derived,https://kingcounty.gov/en/dept/metro/contact-us,2026-09-05
sound_transit,Turkish,transit,1.0,2.0,,machine_widget,0.0,,,derived,https://www.soundtransit.org/get-to-know-us/office-civil-rights-equity-inclusion/title-vi-civil-rights/registering-complaint,2026-09-05
kcmetro,Twi,transit,1.0,2.0,,machine_widget,0.0,,,derived,https://kingcounty.gov/en/dept/metro/contact-us,2026-09-05
sound_transit,Twi,transit,1.0,2.0,,machine_widget,0.0,,,derived,https://www.soundtransit.org/get-to-know-us/office-civil-rights-equity-inclusion/title-vi-civil-rights/registering-complaint,2026-09-05
kcmetro,Ukrainian,transit,1.0,2.0,,machine_widget,0.0,,,derived,https://kingcounty.gov/en/dept/metro/contact-us,2026-09-05
sound_transit,Ukrainian,transit,1.0,2.0,,machine_widget,0.0,,,derived,https://www.soundtransit.org/get-to-know-us/office-civil-rights-equity-inclusion/title-vi-civil-rights/registering-complaint,2026-09-05
kcmetro,Urdu,transit,1.0,2.0,,machine_widget,0.0,,,derived,https://kingcounty.gov/en/dept/metro/contact-us,2026-09-05
sound_transit,Urdu,transit,1.0,2.0,,machine_widget,0.0,,,derived,https://www.soundtransit.org/get-to-know-us/office-civil-rights-equity-inclusion/title-vi-civil-rights/registering-complaint,2026-09-05
kcmetro,Uzbek,transit,1.0,2.0,,machine_widget,0.0,,,derived,https://kingcounty.gov/en/dept/metro/contact-us,2026-09-05
sound_transit,Uzbek,transit,1.0,2.0,,machine_widget,0.0,,,derived,https://www.soundtransit.org/get-to-know-us/office-civil-rights-equity-inclusion/title-vi-civil-rights/registering-complaint,2026-09-05
kcmetro,Vietnamese,transit,1.0,2.0,,machine_widget,0.0,,,derived,https://kingcounty.gov/en/dept/metro/contact-us,2026-09-05
sound_transit,Vietnamese,transit,3.0,2.0,,in_language_document,2.0,,unverified,derived,https://www.soundtransit.org/sites/default/files/documents/i-speak-language-assistance-2019.pdf,2026-09-05
kcmetro,Wolof,transit,1.0,2.0,,machine_widget,0.0,,,derived,https://kingcounty.gov/en/dept/metro/contact-us,2026-09-05
sound_transit,Wolof,transit,1.0,2.0,,machine_widget,0.0,,,derived,https://www.soundtransit.org/get-to-know-us/office-civil-rights-equity-inclusion/title-vi-civil-rights/registering-complaint,2026-09-05
kcmetro,Yap,transit,0.0,0.0,,none,0.0,,,derived,https://kingcounty.gov/en/dept/metro/contact-us,2026-09-05
sound_transit,Yap,transit,0.0,0.0,,none,0.0,,,derived,https://www.soundtransit.org/get-to-know-us/office-civil-rights-equity-inclusion/title-vi-civil-rights/registering-complaint,2026-09-05
kcmetro,Yoruba,transit,1.0,2.0,,machine_widget,0.0,,,derived,https://kingcounty.gov/en/dept/metro/contact-us,2026-09-05
sound_transit,Yoruba,transit,1.0,2.0,,machine_widget,0.0,,,derived,https://www.soundtransit.org/get-to-know-us/office-civil-rights-equity-inclusion/title-vi-civil-rights/registering-complaint,2026-09-05
