agency_id,agency_name,sector,language,written_tier,oral_tier,collection_tier,pathway_in_language,pathway_type,widget,widget_restricted,widget_language_count,translated_page_count,translated_page_slugs,language_access_page_count,site_page_count,evidence_url,capture_date,notes,assigned_by,assignment_method
city_auburn,City of Auburn,city,Acholi,1,2,,True,machine_widget,google_translate,False,,0,,1,1029,https://www.auburnwa.gov,2026-09-05,"Unrestricted widget, machine translation only",EH,derived
city_auburn,City of Auburn,city,Aguacateco,0,0,,False,none,google_translate,False,,0,,1,1029,https://www.auburnwa.gov,2026-09-05,Widget present but does not support this language,EH,derived
city_auburn,City of Auburn,city,Akateko,0,0,,False,none,google_translate,False,,0,,1,1029,https://www.auburnwa.gov,2026-09-05,Widget present but does not support this language,EH,derived
city_auburn,City of Auburn,city,Albanian,1,2,,True,machine_widget,google_translate,False,,0,,1,1029,https://www.auburnwa.gov,2026-09-05,"Unrestricted widget, machine translation only",EH,derived
city_auburn,City of Auburn,city,American Sign Language,0,0,,False,none,google_translate,False,,0,,1,1029,https://www.auburnwa.gov,2026-09-05,Widget present but does not support this language,EH,derived
city_auburn,City of Auburn,city,Amharic,1,2,,True,machine_widget,google_translate,False,,0,,1,1029,https://www.auburnwa.gov,2026-09-05,"Unrestricted widget, machine translation only",EH,derived
city_auburn,City of Auburn,city,Arabic,1,2,,True,machine_widget,google_translate,False,,0,,1,1029,https://www.auburnwa.gov,2026-09-05,"Unrestricted widget, machine translation only",EH,derived
city_auburn,City of Auburn,city,Armenian,1,2,,True,machine_widget,google_translate,False,,0,,1,1029,https://www.auburnwa.gov,2026-09-05,"Unrestricted widget, machine translation only",EH,derived
city_auburn,City of Auburn,city,Ayula-Bambara,0,0,,False,none,google_translate,False,,0,,1,1029,https://www.auburnwa.gov,2026-09-05,Widget present but does not support this language,EH,derived
city_auburn,City of Auburn,city,Azerbaijani,1,2,,True,machine_widget,google_translate,False,,0,,1,1029,https://www.auburnwa.gov,2026-09-05,"Unrestricted widget, machine translation only",EH,derived
city_auburn,City of Auburn,city,Bambara,1,2,,True,machine_widget,google_translate,False,,0,,1,1029,https://www.auburnwa.gov,2026-09-05,"Unrestricted widget, machine translation only",EH,derived
city_auburn,City of Auburn,city,Bangala,0,0,,False,none,google_translate,False,,0,,1,1029,https://www.auburnwa.gov,2026-09-05,Widget present but does not support this language,EH,derived
city_auburn,City of Auburn,city,Bassa,0,0,,False,none,google_translate,False,,0,,1,1029,https://www.auburnwa.gov,2026-09-05,Widget present but does not support this language,EH,derived
city_auburn,City of Auburn,city,Bengali,1,2,,True,machine_widget,google_translate,False,,0,,1,1029,https://www.auburnwa.gov,2026-09-05,"Unrestricted widget, machine translation only",EH,derived
city_auburn,City of Auburn,city,Bosnian,1,2,,True,machine_widget,google_translate,False,,0,,1,1029,https://www.auburnwa.gov,2026-09-05,"Unrestricted widget, machine translation only",EH,derived
city_auburn,City of Auburn,city,Bulgarian,1,2,,True,machine_widget,google_translate,False,,0,,1,1029,https://www.auburnwa.gov,2026-09-05,"Unrestricted widget, machine translation only",EH,derived
city_auburn,City of Auburn,city,Burmese,1,2,,True,machine_widget,google_translate,False,,0,,1,1029,https://www.auburnwa.gov,2026-09-05,"Unrestricted widget, machine translation only",EH,derived
city_auburn,City of Auburn,city,Carolinian,0,0,,False,none,google_translate,False,,0,,1,1029,https://www.auburnwa.gov,2026-09-05,Widget present but does not support this language,EH,derived
city_auburn,City of Auburn,city,Catalan,1,2,,True,machine_widget,google_translate,False,,0,,1,1029,https://www.auburnwa.gov,2026-09-05,"Unrestricted widget, machine translation only",EH,derived
city_auburn,City of Auburn,city,Cebuano,1,2,,True,machine_widget,google_translate,False,,0,,1,1029,https://www.auburnwa.gov,2026-09-05,"Unrestricted widget, machine translation only",EH,derived
city_auburn,City of Auburn,city,Cham,0,0,,False,none,google_translate,False,,0,,1,1029,https://www.auburnwa.gov,2026-09-05,Widget present but does not support this language,EH,derived
city_auburn,City of Auburn,city,Chamorro,1,2,,True,machine_widget,google_translate,False,,0,,1,1029,https://www.auburnwa.gov,2026-09-05,"Unrestricted widget, machine translation only",EH,derived
city_auburn,City of Auburn,city,Chin,0,0,,False,none,google_translate,False,,0,,1,1029,https://www.auburnwa.gov,2026-09-05,Widget present but does not support this language,EH,derived
city_auburn,City of Auburn,city,Chinese-Cantonese,1,2,,True,machine_widget,google_translate,False,,0,,1,1029,https://www.auburnwa.gov,2026-09-05,"Unrestricted widget, machine translation only",EH,derived
city_auburn,City of Auburn,city,Chinese-Fukienese,0,0,,False,none,google_translate,False,,0,,1,1029,https://www.auburnwa.gov,2026-09-05,Widget present but does not support this language,EH,derived
city_auburn,City of Auburn,city,Chinese-Mandarin,1,2,,True,machine_widget,google_translate,False,,0,,1,1029,https://www.auburnwa.gov,2026-09-05,"Unrestricted widget, machine translation only",EH,derived
city_auburn,City of Auburn,city,Chinese-Taiwanese,0,0,,False,none,google_translate,False,,0,,1,1029,https://www.auburnwa.gov,2026-09-05,Widget present but does not support this language,EH,derived
city_auburn,City of Auburn,city,Chuukese,1,2,,True,machine_widget,google_translate,False,,0,,1,1029,https://www.auburnwa.gov,2026-09-05,"Unrestricted widget, machine translation only",EH,derived
city_auburn,City of Auburn,city,Dari,1,2,,True,machine_widget,google_translate,False,,0,,1,1029,https://www.auburnwa.gov,2026-09-05,"Unrestricted widget, machine translation only",EH,derived
city_auburn,City of Auburn,city,Dinka,1,2,,True,machine_widget,google_translate,False,,0,,1,1029,https://www.auburnwa.gov,2026-09-05,"Unrestricted widget, machine translation only",EH,derived
city_auburn,City of Auburn,city,Dutch,1,2,,True,machine_widget,google_translate,False,,0,,1,1029,https://www.auburnwa.gov,2026-09-05,"Unrestricted widget, machine translation only",EH,derived
city_auburn,City of Auburn,city,Egyptian-Arabic,0,0,,False,none,google_translate,False,,0,,1,1029,https://www.auburnwa.gov,2026-09-05,Widget present but does not support this language,EH,derived
city_auburn,City of Auburn,city,Eritai,0,0,,False,none,google_translate,False,,0,,1,1029,https://www.auburnwa.gov,2026-09-05,Widget present but does not support this language,EH,derived
city_auburn,City of Auburn,city,Estonian,1,2,,True,machine_widget,google_translate,False,,0,,1,1029,https://www.auburnwa.gov,2026-09-05,"Unrestricted widget, machine translation only",EH,derived
city_auburn,City of Auburn,city,Ewe,1,2,,True,machine_widget,google_translate,False,,0,,1,1029,https://www.auburnwa.gov,2026-09-05,"Unrestricted widget, machine translation only",EH,derived
city_auburn,City of Auburn,city,Fallani,0,0,,False,none,google_translate,False,,0,,1,1029,https://www.auburnwa.gov,2026-09-05,Widget present but does not support this language,EH,derived
city_auburn,City of Auburn,city,Farsi,1,2,,True,machine_widget,google_translate,False,,0,,1,1029,https://www.auburnwa.gov,2026-09-05,"Unrestricted widget, machine translation only",EH,derived
city_auburn,City of Auburn,city,French,1,2,,True,machine_widget,google_translate,False,,0,,1,1029,https://www.auburnwa.gov,2026-09-05,"Unrestricted widget, machine translation only",EH,derived
city_auburn,City of Auburn,city,Fula,0,0,,False,none,google_translate,False,,0,,1,1029,https://www.auburnwa.gov,2026-09-05,Widget present but does not support this language,EH,derived
city_auburn,City of Auburn,city,Ga,1,2,,True,machine_widget,google_translate,False,,0,,1,1029,https://www.auburnwa.gov,2026-09-05,"Unrestricted widget, machine translation only",EH,derived
city_auburn,City of Auburn,city,German,1,2,,True,machine_widget,google_translate,False,,0,,1,1029,https://www.auburnwa.gov,2026-09-05,"Unrestricted widget, machine translation only",EH,derived
city_auburn,City of Auburn,city,"Greek, Modern",0,0,,False,none,google_translate,False,,0,,1,1029,https://www.auburnwa.gov,2026-09-05,Widget present but does not support this language,EH,derived
city_auburn,City of Auburn,city,Gujarati,1,2,,True,machine_widget,google_translate,False,,0,,1,1029,https://www.auburnwa.gov,2026-09-05,"Unrestricted widget, machine translation only",EH,derived
city_auburn,City of Auburn,city,Haitian Creole,1,2,,True,machine_widget,google_translate,False,,0,,1,1029,https://www.auburnwa.gov,2026-09-05,"Unrestricted widget, machine translation only",EH,derived
city_auburn,City of Auburn,city,Hausa,1,2,,True,machine_widget,google_translate,False,,0,,1,1029,https://www.auburnwa.gov,2026-09-05,"Unrestricted widget, machine translation only",EH,derived
city_auburn,City of Auburn,city,Hawaiian,1,2,,True,machine_widget,google_translate,False,,0,,1,1029,https://www.auburnwa.gov,2026-09-05,"Unrestricted widget, machine translation only",EH,derived
city_auburn,City of Auburn,city,Herero,0,0,,False,none,google_translate,False,,0,,1,1029,https://www.auburnwa.gov,2026-09-05,Widget present but does not support this language,EH,derived
city_auburn,City of Auburn,city,Hindi,1,2,,True,machine_widget,google_translate,False,,0,,1,1029,https://www.auburnwa.gov,2026-09-05,"Unrestricted widget, machine translation only",EH,derived
city_auburn,City of Auburn,city,Hmong,1,2,,True,machine_widget,google_translate,False,,0,,1,1029,https://www.auburnwa.gov,2026-09-05,"Unrestricted widget, machine translation only",EH,derived
city_auburn,City of Auburn,city,Hungarian,1,2,,True,machine_widget,google_translate,False,,0,,1,1029,https://www.auburnwa.gov,2026-09-05,"Unrestricted widget, machine translation only",EH,derived
city_auburn,City of Auburn,city,Igbo,1,2,,True,machine_widget,google_translate,False,,0,,1,1029,https://www.auburnwa.gov,2026-09-05,"Unrestricted widget, machine translation only",EH,derived
city_auburn,City of Auburn,city,Ilokano,1,2,,True,machine_widget,google_translate,False,,0,,1,1029,https://www.auburnwa.gov,2026-09-05,"Unrestricted widget, machine translation only",EH,derived
city_auburn,City of Auburn,city,Indonesian,1,2,,True,machine_widget,google_translate,False,,0,,1,1029,https://www.auburnwa.gov,2026-09-05,"Unrestricted widget, machine translation only",EH,derived
city_auburn,City of Auburn,city,Italian,1,2,,True,machine_widget,google_translate,False,,0,,1,1029,https://www.auburnwa.gov,2026-09-05,"Unrestricted widget, machine translation only",EH,derived
city_auburn,City of Auburn,city,Japanese,1,2,,True,machine_widget,google_translate,False,,0,,1,1029,https://www.auburnwa.gov,2026-09-05,"Unrestricted widget, machine translation only",EH,derived
city_auburn,City of Auburn,city,Kakwa,0,0,,False,none,google_translate,False,,0,,1,1029,https://www.auburnwa.gov,2026-09-05,Widget present but does not support this language,EH,derived
city_auburn,City of Auburn,city,Kannada,1,2,,True,machine_widget,google_translate,False,,0,,1,1029,https://www.auburnwa.gov,2026-09-05,"Unrestricted widget, machine translation only",EH,derived
city_auburn,City of Auburn,city,Karen,0,0,,False,none,google_translate,False,,0,,1,1029,https://www.auburnwa.gov,2026-09-05,Widget present but does not support this language,EH,derived
city_auburn,City of Auburn,city,Karenni,0,0,,False,none,google_translate,False,,0,,1,1029,https://www.auburnwa.gov,2026-09-05,Widget present but does not support this language,EH,derived
city_auburn,City of Auburn,city,Kazakh,1,2,,True,machine_widget,google_translate,False,,0,,1,1029,https://www.auburnwa.gov,2026-09-05,"Unrestricted widget, machine translation only",EH,derived
city_auburn,City of Auburn,city,Khmer,1,2,,True,machine_widget,google_translate,False,,0,,1,1029,https://www.auburnwa.gov,2026-09-05,"Unrestricted widget, machine translation only",EH,derived
city_auburn,City of Auburn,city,Kikuyu,0,0,,False,none,google_translate,False,,0,,1,1029,https://www.auburnwa.gov,2026-09-05,Widget present but does not support this language,EH,derived
city_auburn,City of Auburn,city,Kinyarwanda,1,2,,True,machine_widget,google_translate,False,,0,,1,1029,https://www.auburnwa.gov,2026-09-05,"Unrestricted widget, machine translation only",EH,derived
city_auburn,City of Auburn,city,Kirgiz,0,0,,False,none,google_translate,False,,0,,1,1029,https://www.auburnwa.gov,2026-09-05,Widget present but does not support this language,EH,derived
city_auburn,City of Auburn,city,Kirundi,0,0,,False,none,google_translate,False,,0,,1,1029,https://www.auburnwa.gov,2026-09-05,Widget present but does not support this language,EH,derived
city_auburn,City of Auburn,city,Kmhmu,0,0,,False,none,google_translate,False,,0,,1,1029,https://www.auburnwa.gov,2026-09-05,Widget present but does not support this language,EH,derived
city_auburn,City of Auburn,city,Kongo,0,0,,False,none,google_translate,False,,0,,1,1029,https://www.auburnwa.gov,2026-09-05,Widget present but does not support this language,EH,derived
city_auburn,City of Auburn,city,Korean,1,2,,True,machine_widget,google_translate,False,,0,,1,1029,https://www.auburnwa.gov,2026-09-05,"Unrestricted widget, machine translation only",EH,derived
city_auburn,City of Auburn,city,Kosraean,0,0,,False,none,google_translate,False,,0,,1,1029,https://www.auburnwa.gov,2026-09-05,Widget present but does not support this language,EH,derived
city_auburn,City of Auburn,city,Krahn,0,0,,False,none,google_translate,False,,0,,1,1029,https://www.auburnwa.gov,2026-09-05,Widget present but does not support this language,EH,derived
city_auburn,City of Auburn,city,Krio,1,2,,True,machine_widget,google_translate,False,,0,,1,1029,https://www.auburnwa.gov,2026-09-05,"Unrestricted widget, machine translation only",EH,derived
city_auburn,City of Auburn,city,Kru,0,0,,False,none,google_translate,False,,0,,1,1029,https://www.auburnwa.gov,2026-09-05,Widget present but does not support this language,EH,derived
city_auburn,City of Auburn,city,Kurdish,1,2,,True,machine_widget,google_translate,False,,0,,1,1029,https://www.auburnwa.gov,2026-09-05,"Unrestricted widget, machine translation only",EH,derived
city_auburn,City of Auburn,city,Lao,1,2,,True,machine_widget,google_translate,False,,0,,1,1029,https://www.auburnwa.gov,2026-09-05,"Unrestricted widget, machine translation only",EH,derived
city_auburn,City of Auburn,city,Latvian,1,2,,True,machine_widget,google_translate,False,,0,,1,1029,https://www.auburnwa.gov,2026-09-05,"Unrestricted widget, machine translation only",EH,derived
city_auburn,City of Auburn,city,Lingala,1,2,,True,machine_widget,google_translate,False,,0,,1,1029,https://www.auburnwa.gov,2026-09-05,"Unrestricted widget, machine translation only",EH,derived
city_auburn,City of Auburn,city,Luganda,1,2,,True,machine_widget,google_translate,False,,0,,1,1029,https://www.auburnwa.gov,2026-09-05,"Unrestricted widget, machine translation only",EH,derived
city_auburn,City of Auburn,city,Maay Maay,0,0,,False,none,google_translate,False,,0,,1,1029,https://www.auburnwa.gov,2026-09-05,Widget present but does not support this language,EH,derived
city_auburn,City of Auburn,city,Malay,1,2,,True,machine_widget,google_translate,False,,0,,1,1029,https://www.auburnwa.gov,2026-09-05,"Unrestricted widget, machine translation only",EH,derived
city_auburn,City of Auburn,city,Malayalam,1,2,,True,machine_widget,google_translate,False,,0,,1,1029,https://www.auburnwa.gov,2026-09-05,"Unrestricted widget, machine translation only",EH,derived
city_auburn,City of Auburn,city,Mam,1,2,,True,machine_widget,google_translate,False,,0,,1,1029,https://www.auburnwa.gov,2026-09-05,"Unrestricted widget, machine translation only",EH,derived
city_auburn,City of Auburn,city,Mandingo,0,0,,False,none,google_translate,False,,0,,1,1029,https://www.auburnwa.gov,2026-09-05,Widget present but does not support this language,EH,derived
city_auburn,City of Auburn,city,Mandinka,0,0,,False,none,google_translate,False,,0,,1,1029,https://www.auburnwa.gov,2026-09-05,Widget present but does not support this language,EH,derived
city_auburn,City of Auburn,city,Marathi,1,2,,True,machine_widget,google_translate,False,,0,,1,1029,https://www.auburnwa.gov,2026-09-05,"Unrestricted widget, machine translation only",EH,derived
city_auburn,City of Auburn,city,Marquesan,0,0,,False,none,google_translate,False,,0,,1,1029,https://www.auburnwa.gov,2026-09-05,Widget present but does not support this language,EH,derived
city_auburn,City of Auburn,city,Marshallese,1,2,,True,machine_widget,google_translate,False,,0,,1,1029,https://www.auburnwa.gov,2026-09-05,"Unrestricted widget, machine translation only",EH,derived
city_auburn,City of Auburn,city,Maya-Quiche,0,0,,False,none,google_translate,False,,0,,1,1029,https://www.auburnwa.gov,2026-09-05,Widget present but does not support this language,EH,derived
city_auburn,City of Auburn,city,Mien,0,0,,False,none,google_translate,False,,0,,1,1029,https://www.auburnwa.gov,2026-09-05,Widget present but does not support this language,EH,derived
city_auburn,City of Auburn,city,Mixteco,0,0,,False,none,google_translate,False,,0,,1,1029,https://www.auburnwa.gov,2026-09-05,Widget present but does not support this language,EH,derived
city_auburn,City of Auburn,city,Moldavian,0,0,,False,none,google_translate,False,,0,,1,1029,https://www.auburnwa.gov,2026-09-05,Widget present but does not support this language,EH,derived
city_auburn,City of Auburn,city,Mongolian,1,2,,True,machine_widget,google_translate,False,,0,,1,1029,https://www.auburnwa.gov,2026-09-05,"Unrestricted widget, machine translation only",EH,derived
city_auburn,City of Auburn,city,Moore,0,0,,False,none,google_translate,False,,0,,1,1029,https://www.auburnwa.gov,2026-09-05,Widget present but does not support this language,EH,derived
city_auburn,City of Auburn,city,"Nahuatl, Guerrero region",0,0,,False,none,google_translate,False,,0,,1,1029,https://www.auburnwa.gov,2026-09-05,Widget present but does not support this language,EH,derived
city_auburn,City of Auburn,city,Nepali,1,2,,True,machine_widget,google_translate,False,,0,,1,1029,https://www.auburnwa.gov,2026-09-05,"Unrestricted widget, machine translation only",EH,derived
city_auburn,City of Auburn,city,Nuer,1,2,,True,machine_widget,google_translate,False,,0,,1,1029,https://www.auburnwa.gov,2026-09-05,"Unrestricted widget, machine translation only",EH,derived
city_auburn,City of Auburn,city,Oromo,1,2,,True,machine_widget,google_translate,False,,0,,1,1029,https://www.auburnwa.gov,2026-09-05,"Unrestricted widget, machine translation only",EH,derived
city_auburn,City of Auburn,city,Palau,0,0,,False,none,google_translate,False,,0,,1,1029,https://www.auburnwa.gov,2026-09-05,Widget present but does not support this language,EH,derived
city_auburn,City of Auburn,city,Pashai,0,0,,False,none,google_translate,False,,0,,1,1029,https://www.auburnwa.gov,2026-09-05,Widget present but does not support this language,EH,derived
city_auburn,City of Auburn,city,Pashto,1,2,,True,machine_widget,google_translate,False,,0,,1,1029,https://www.auburnwa.gov,2026-09-05,"Unrestricted widget, machine translation only",EH,derived
city_auburn,City of Auburn,city,Pere,0,0,,False,none,google_translate,False,,0,,1,1029,https://www.auburnwa.gov,2026-09-05,Widget present but does not support this language,EH,derived
city_auburn,City of Auburn,city,Polish,1,2,,True,machine_widget,google_translate,False,,0,,1,1029,https://www.auburnwa.gov,2026-09-05,"Unrestricted widget, machine translation only",EH,derived
city_auburn,City of Auburn,city,Portuguese,1,2,,True,machine_widget,google_translate,False,,0,,1,1029,https://www.auburnwa.gov,2026-09-05,"Unrestricted widget, machine translation only",EH,derived
city_auburn,City of Auburn,city,Punjabi,1,2,,True,machine_widget,google_translate,False,,0,,1,1029,https://www.auburnwa.gov,2026-09-05,"Unrestricted widget, machine translation only",EH,derived
city_auburn,City of Auburn,city,Purepecha,0,0,,False,none,google_translate,False,,0,,1,1029,https://www.auburnwa.gov,2026-09-05,Widget present but does not support this language,EH,derived
city_auburn,City of Auburn,city,Rohingya,0,0,,False,none,google_translate,False,,0,,1,1029,https://www.auburnwa.gov,2026-09-05,Widget present but does not support this language,EH,derived
city_auburn,City of Auburn,city,Romanian,1,2,,True,machine_widget,google_translate,False,,0,,1,1029,https://www.auburnwa.gov,2026-09-05,"Unrestricted widget, machine translation only",EH,derived
city_auburn,City of Auburn,city,Russian,1,2,,True,machine_widget,google_translate,False,,0,,1,1029,https://www.auburnwa.gov,2026-09-05,"Unrestricted widget, machine translation only",EH,derived
city_auburn,City of Auburn,city,Samoan,1,2,,True,machine_widget,google_translate,False,,0,,1,1029,https://www.auburnwa.gov,2026-09-05,"Unrestricted widget, machine translation only",EH,derived
city_auburn,City of Auburn,city,Sao,0,0,,False,none,google_translate,False,,0,,1,1029,https://www.auburnwa.gov,2026-09-05,Widget present but does not support this language,EH,derived
city_auburn,City of Auburn,city,Serbo-Croation,0,0,,False,none,google_translate,False,,0,,1,1029,https://www.auburnwa.gov,2026-09-05,Widget present but does not support this language,EH,derived
city_auburn,City of Auburn,city,Shona,1,2,,True,machine_widget,google_translate,False,,0,,1,1029,https://www.auburnwa.gov,2026-09-05,"Unrestricted widget, machine translation only",EH,derived
city_auburn,City of Auburn,city,Sinhalese,0,0,,False,none,google_translate,False,,0,,1,1029,https://www.auburnwa.gov,2026-09-05,Widget present but does not support this language,EH,derived
city_auburn,City of Auburn,city,Slovenian,1,2,,True,machine_widget,google_translate,False,,0,,1,1029,https://www.auburnwa.gov,2026-09-05,"Unrestricted widget, machine translation only",EH,derived
city_auburn,City of Auburn,city,Somali,1,2,,True,machine_widget,google_translate,False,,0,,1,1029,https://www.auburnwa.gov,2026-09-05,"Unrestricted widget, machine translation only",EH,derived
city_auburn,City of Auburn,city,Soninke,0,0,,False,none,google_translate,False,,0,,1,1029,https://www.auburnwa.gov,2026-09-05,Widget present but does not support this language,EH,derived
city_auburn,City of Auburn,city,Sotho,0,0,,False,none,google_translate,False,,0,,1,1029,https://www.auburnwa.gov,2026-09-05,Widget present but does not support this language,EH,derived
city_auburn,City of Auburn,city,Spanish,3,2,,True,in_language_document,google_translate,False,,1,_neighborhood_traffic_calming_program___spanish,1,1029,https://www.auburnwa.gov/city_hall/public_works/transportation/neighborhood_traffic_safety_program/_neighborhood_traffic_calming_program___spanish,2026-09-05,"1 page(s) published in this language | Unrestricted widget, machine translation only",EH,derived
city_auburn,City of Auburn,city,Swahili,1,2,,True,machine_widget,google_translate,False,,0,,1,1029,https://www.auburnwa.gov,2026-09-05,"Unrestricted widget, machine translation only",EH,derived
city_auburn,City of Auburn,city,Tagalog,1,2,,True,machine_widget,google_translate,False,,0,,1,1029,https://www.auburnwa.gov,2026-09-05,"Unrestricted widget, machine translation only",EH,derived
city_auburn,City of Auburn,city,Taishanese,0,0,,False,none,google_translate,False,,0,,1,1029,https://www.auburnwa.gov,2026-09-05,Widget present but does not support this language,EH,derived
city_auburn,City of Auburn,city,Tajiki,0,0,,False,none,google_translate,False,,0,,1,1029,https://www.auburnwa.gov,2026-09-05,Widget present but does not support this language,EH,derived
city_auburn,City of Auburn,city,Tamil,1,2,,True,machine_widget,google_translate,False,,0,,1,1029,https://www.auburnwa.gov,2026-09-05,"Unrestricted widget, machine translation only",EH,derived
city_auburn,City of Auburn,city,Tarasco,0,0,,False,none,google_translate,False,,0,,1,1029,https://www.auburnwa.gov,2026-09-05,Widget present but does not support this language,EH,derived
city_auburn,City of Auburn,city,Tedim,0,0,,False,none,google_translate,False,,0,,1,1029,https://www.auburnwa.gov,2026-09-05,Widget present but does not support this language,EH,derived
city_auburn,City of Auburn,city,Telugu,1,2,,True,machine_widget,google_translate,False,,0,,1,1029,https://www.auburnwa.gov,2026-09-05,"Unrestricted widget, machine translation only",EH,derived
city_auburn,City of Auburn,city,Thai,1,2,,True,machine_widget,google_translate,False,,0,,1,1029,https://www.auburnwa.gov,2026-09-05,"Unrestricted widget, machine translation only",EH,derived
city_auburn,City of Auburn,city,Tibetan,1,2,,True,machine_widget,google_translate,False,,0,,1,1029,https://www.auburnwa.gov,2026-09-05,"Unrestricted widget, machine translation only",EH,derived
city_auburn,City of Auburn,city,Tigrinya,1,2,,True,machine_widget,google_translate,False,,0,,1,1029,https://www.auburnwa.gov,2026-09-05,"Unrestricted widget, machine translation only",EH,derived
city_auburn,City of Auburn,city,Tongan,1,2,,True,machine_widget,google_translate,False,,0,,1,1029,https://www.auburnwa.gov,2026-09-05,"Unrestricted widget, machine translation only",EH,derived
city_auburn,City of Auburn,city,Turkish,1,2,,True,machine_widget,google_translate,False,,0,,1,1029,https://www.auburnwa.gov,2026-09-05,"Unrestricted widget, machine translation only",EH,derived
city_auburn,City of Auburn,city,Twi,1,2,,True,machine_widget,google_translate,False,,0,,1,1029,https://www.auburnwa.gov,2026-09-05,"Unrestricted widget, machine translation only",EH,derived
city_auburn,City of Auburn,city,Ukrainian,3,2,,True,in_language_document,google_translate,False,,1,traffic_calming_program_ukrainian,1,1029,https://www.auburnwa.gov/city_hall/public_works/transportation/neighborhood_traffic_safety_program/traffic_calming_program_ukrainian,2026-09-05,"1 page(s) published in this language | Unrestricted widget, machine translation only",EH,derived
city_auburn,City of Auburn,city,Urdu,1,2,,True,machine_widget,google_translate,False,,0,,1,1029,https://www.auburnwa.gov,2026-09-05,"Unrestricted widget, machine translation only",EH,derived
city_auburn,City of Auburn,city,Uzbek,1,2,,True,machine_widget,google_translate,False,,0,,1,1029,https://www.auburnwa.gov,2026-09-05,"Unrestricted widget, machine translation only",EH,derived
city_auburn,City of Auburn,city,Vietnamese,1,2,,True,machine_widget,google_translate,False,,0,,1,1029,https://www.auburnwa.gov,2026-09-05,"Unrestricted widget, machine translation only",EH,derived
city_auburn,City of Auburn,city,Wolof,1,2,,True,machine_widget,google_translate,False,,0,,1,1029,https://www.auburnwa.gov,2026-09-05,"Unrestricted widget, machine translation only",EH,derived
city_auburn,City of Auburn,city,Yap,0,0,,False,none,google_translate,False,,0,,1,1029,https://www.auburnwa.gov,2026-09-05,Widget present but does not support this language,EH,derived
city_auburn,City of Auburn,city,Yoruba,1,2,,True,machine_widget,google_translate,False,,0,,1,1029,https://www.auburnwa.gov,2026-09-05,"Unrestricted widget, machine translation only",EH,derived
city_burien,City of Burien,city,Acholi,1,2,,True,machine_widget,google_translate,False,,0,,2,1193,https://www.burienwa.gov,2026-09-05,"Unrestricted widget, machine translation only",EH,derived
city_burien,City of Burien,city,Aguacateco,0,0,,False,none,google_translate,False,,0,,2,1193,https://www.burienwa.gov,2026-09-05,Widget present but does not support this language,EH,derived
city_burien,City of Burien,city,Akateko,0,0,,False,none,google_translate,False,,0,,2,1193,https://www.burienwa.gov,2026-09-05,Widget present but does not support this language,EH,derived
city_burien,City of Burien,city,Albanian,1,2,,True,machine_widget,google_translate,False,,0,,2,1193,https://www.burienwa.gov,2026-09-05,"Unrestricted widget, machine translation only",EH,derived
city_burien,City of Burien,city,American Sign Language,0,0,,False,none,google_translate,False,,0,,2,1193,https://www.burienwa.gov,2026-09-05,Widget present but does not support this language,EH,derived
city_burien,City of Burien,city,Amharic,3,2,,True,in_language_document,google_translate,False,,10,community_connectors_program_launches_amharic; burien_public_safety_levy_information_amharic; emergency_information_in_amharic; severe_weather_shelter_in_amharic; summer_safety_amharic; immigration_resources_amharic; car_seat_program_amharic; community_connectors_program_amharic; burien_neighborhood_grants_program_amharic; electrify_burien_amharic,2,1193,https://www.burienwa.gov/news_events/city_newsroom/news_announcements/community_connectors_program_launches_amharic,2026-09-05,"10 page(s) published in this language | Unrestricted widget, machine translation only",EH,derived
city_burien,City of Burien,city,Arabic,1,2,,True,machine_widget,google_translate,False,,0,,2,1193,https://www.burienwa.gov,2026-09-05,"Unrestricted widget, machine translation only",EH,derived
city_burien,City of Burien,city,Armenian,1,2,,True,machine_widget,google_translate,False,,0,,2,1193,https://www.burienwa.gov,2026-09-05,"Unrestricted widget, machine translation only",EH,derived
city_burien,City of Burien,city,Ayula-Bambara,0,0,,False,none,google_translate,False,,0,,2,1193,https://www.burienwa.gov,2026-09-05,Widget present but does not support this language,EH,derived
city_burien,City of Burien,city,Azerbaijani,1,2,,True,machine_widget,google_translate,False,,0,,2,1193,https://www.burienwa.gov,2026-09-05,"Unrestricted widget, machine translation only",EH,derived
city_burien,City of Burien,city,Bambara,1,2,,True,machine_widget,google_translate,False,,0,,2,1193,https://www.burienwa.gov,2026-09-05,"Unrestricted widget, machine translation only",EH,derived
city_burien,City of Burien,city,Bangala,0,0,,False,none,google_translate,False,,0,,2,1193,https://www.burienwa.gov,2026-09-05,Widget present but does not support this language,EH,derived
city_burien,City of Burien,city,Bassa,0,0,,False,none,google_translate,False,,0,,2,1193,https://www.burienwa.gov,2026-09-05,Widget present but does not support this language,EH,derived
city_burien,City of Burien,city,Bengali,1,2,,True,machine_widget,google_translate,False,,0,,2,1193,https://www.burienwa.gov,2026-09-05,"Unrestricted widget, machine translation only",EH,derived
city_burien,City of Burien,city,Bosnian,1,2,,True,machine_widget,google_translate,False,,0,,2,1193,https://www.burienwa.gov,2026-09-05,"Unrestricted widget, machine translation only",EH,derived
city_burien,City of Burien,city,Bulgarian,1,2,,True,machine_widget,google_translate,False,,0,,2,1193,https://www.burienwa.gov,2026-09-05,"Unrestricted widget, machine translation only",EH,derived
city_burien,City of Burien,city,Burmese,1,2,,True,machine_widget,google_translate,False,,0,,2,1193,https://www.burienwa.gov,2026-09-05,"Unrestricted widget, machine translation only",EH,derived
city_burien,City of Burien,city,Carolinian,0,0,,False,none,google_translate,False,,0,,2,1193,https://www.burienwa.gov,2026-09-05,Widget present but does not support this language,EH,derived
city_burien,City of Burien,city,Catalan,1,2,,True,machine_widget,google_translate,False,,0,,2,1193,https://www.burienwa.gov,2026-09-05,"Unrestricted widget, machine translation only",EH,derived
city_burien,City of Burien,city,Cebuano,1,2,,True,machine_widget,google_translate,False,,0,,2,1193,https://www.burienwa.gov,2026-09-05,"Unrestricted widget, machine translation only",EH,derived
city_burien,City of Burien,city,Cham,0,0,,False,none,google_translate,False,,0,,2,1193,https://www.burienwa.gov,2026-09-05,Widget present but does not support this language,EH,derived
city_burien,City of Burien,city,Chamorro,1,2,,True,machine_widget,google_translate,False,,0,,2,1193,https://www.burienwa.gov,2026-09-05,"Unrestricted widget, machine translation only",EH,derived
city_burien,City of Burien,city,Chin,0,0,,False,none,google_translate,False,,0,,2,1193,https://www.burienwa.gov,2026-09-05,Widget present but does not support this language,EH,derived
city_burien,City of Burien,city,Chinese-Cantonese,1,2,,True,machine_widget,google_translate,False,,0,,2,1193,https://www.burienwa.gov,2026-09-05,"Unrestricted widget, machine translation only",EH,derived
city_burien,City of Burien,city,Chinese-Fukienese,0,0,,False,none,google_translate,False,,0,,2,1193,https://www.burienwa.gov,2026-09-05,Widget present but does not support this language,EH,derived
city_burien,City of Burien,city,Chinese-Mandarin,1,2,,True,machine_widget,google_translate,False,,0,,2,1193,https://www.burienwa.gov,2026-09-05,"Unrestricted widget, machine translation only",EH,derived
city_burien,City of Burien,city,Chinese-Taiwanese,0,0,,False,none,google_translate,False,,0,,2,1193,https://www.burienwa.gov,2026-09-05,Widget present but does not support this language,EH,derived
city_burien,City of Burien,city,Chuukese,1,2,,True,machine_widget,google_translate,False,,0,,2,1193,https://www.burienwa.gov,2026-09-05,"Unrestricted widget, machine translation only",EH,derived
city_burien,City of Burien,city,Dari,1,2,,True,machine_widget,google_translate,False,,0,,2,1193,https://www.burienwa.gov,2026-09-05,"Unrestricted widget, machine translation only",EH,derived
city_burien,City of Burien,city,Dinka,1,2,,True,machine_widget,google_translate,False,,0,,2,1193,https://www.burienwa.gov,2026-09-05,"Unrestricted widget, machine translation only",EH,derived
city_burien,City of Burien,city,Dutch,1,2,,True,machine_widget,google_translate,False,,0,,2,1193,https://www.burienwa.gov,2026-09-05,"Unrestricted widget, machine translation only",EH,derived
city_burien,City of Burien,city,Egyptian-Arabic,0,0,,False,none,google_translate,False,,0,,2,1193,https://www.burienwa.gov,2026-09-05,Widget present but does not support this language,EH,derived
city_burien,City of Burien,city,Eritai,0,0,,False,none,google_translate,False,,0,,2,1193,https://www.burienwa.gov,2026-09-05,Widget present but does not support this language,EH,derived
city_burien,City of Burien,city,Estonian,1,2,,True,machine_widget,google_translate,False,,0,,2,1193,https://www.burienwa.gov,2026-09-05,"Unrestricted widget, machine translation only",EH,derived
city_burien,City of Burien,city,Ewe,1,2,,True,machine_widget,google_translate,False,,0,,2,1193,https://www.burienwa.gov,2026-09-05,"Unrestricted widget, machine translation only",EH,derived
city_burien,City of Burien,city,Fallani,0,0,,False,none,google_translate,False,,0,,2,1193,https://www.burienwa.gov,2026-09-05,Widget present but does not support this language,EH,derived
city_burien,City of Burien,city,Farsi,1,2,,True,machine_widget,google_translate,False,,0,,2,1193,https://www.burienwa.gov,2026-09-05,"Unrestricted widget, machine translation only",EH,derived
city_burien,City of Burien,city,French,1,2,,True,machine_widget,google_translate,False,,0,,2,1193,https://www.burienwa.gov,2026-09-05,"Unrestricted widget, machine translation only",EH,derived
city_burien,City of Burien,city,Fula,0,0,,False,none,google_translate,False,,0,,2,1193,https://www.burienwa.gov,2026-09-05,Widget present but does not support this language,EH,derived
city_burien,City of Burien,city,Ga,1,2,,True,machine_widget,google_translate,False,,0,,2,1193,https://www.burienwa.gov,2026-09-05,"Unrestricted widget, machine translation only",EH,derived
city_burien,City of Burien,city,German,1,2,,True,machine_widget,google_translate,False,,0,,2,1193,https://www.burienwa.gov,2026-09-05,"Unrestricted widget, machine translation only",EH,derived
city_burien,City of Burien,city,"Greek, Modern",0,0,,False,none,google_translate,False,,0,,2,1193,https://www.burienwa.gov,2026-09-05,Widget present but does not support this language,EH,derived
city_burien,City of Burien,city,Gujarati,1,2,,True,machine_widget,google_translate,False,,0,,2,1193,https://www.burienwa.gov,2026-09-05,"Unrestricted widget, machine translation only",EH,derived
city_burien,City of Burien,city,Haitian Creole,1,2,,True,machine_widget,google_translate,False,,0,,2,1193,https://www.burienwa.gov,2026-09-05,"Unrestricted widget, machine translation only",EH,derived
city_burien,City of Burien,city,Hausa,1,2,,True,machine_widget,google_translate,False,,0,,2,1193,https://www.burienwa.gov,2026-09-05,"Unrestricted widget, machine translation only",EH,derived
city_burien,City of Burien,city,Hawaiian,1,2,,True,machine_widget,google_translate,False,,0,,2,1193,https://www.burienwa.gov,2026-09-05,"Unrestricted widget, machine translation only",EH,derived
city_burien,City of Burien,city,Herero,0,0,,False,none,google_translate,False,,0,,2,1193,https://www.burienwa.gov,2026-09-05,Widget present but does not support this language,EH,derived
city_burien,City of Burien,city,Hindi,1,2,,True,machine_widget,google_translate,False,,0,,2,1193,https://www.burienwa.gov,2026-09-05,"Unrestricted widget, machine translation only",EH,derived
city_burien,City of Burien,city,Hmong,1,2,,True,machine_widget,google_translate,False,,0,,2,1193,https://www.burienwa.gov,2026-09-05,"Unrestricted widget, machine translation only",EH,derived
city_burien,City of Burien,city,Hungarian,1,2,,True,machine_widget,google_translate,False,,0,,2,1193,https://www.burienwa.gov,2026-09-05,"Unrestricted widget, machine translation only",EH,derived
city_burien,City of Burien,city,Igbo,1,2,,True,machine_widget,google_translate,False,,0,,2,1193,https://www.burienwa.gov,2026-09-05,"Unrestricted widget, machine translation only",EH,derived
city_burien,City of Burien,city,Ilokano,1,2,,True,machine_widget,google_translate,False,,0,,2,1193,https://www.burienwa.gov,2026-09-05,"Unrestricted widget, machine translation only",EH,derived
city_burien,City of Burien,city,Indonesian,1,2,,True,machine_widget,google_translate,False,,0,,2,1193,https://www.burienwa.gov,2026-09-05,"Unrestricted widget, machine translation only",EH,derived
city_burien,City of Burien,city,Italian,1,2,,True,machine_widget,google_translate,False,,0,,2,1193,https://www.burienwa.gov,2026-09-05,"Unrestricted widget, machine translation only",EH,derived
city_burien,City of Burien,city,Japanese,1,2,,True,machine_widget,google_translate,False,,0,,2,1193,https://www.burienwa.gov,2026-09-05,"Unrestricted widget, machine translation only",EH,derived
city_burien,City of Burien,city,Kakwa,0,0,,False,none,google_translate,False,,0,,2,1193,https://www.burienwa.gov,2026-09-05,Widget present but does not support this language,EH,derived
city_burien,City of Burien,city,Kannada,1,2,,True,machine_widget,google_translate,False,,0,,2,1193,https://www.burienwa.gov,2026-09-05,"Unrestricted widget, machine translation only",EH,derived
city_burien,City of Burien,city,Karen,0,0,,False,none,google_translate,False,,0,,2,1193,https://www.burienwa.gov,2026-09-05,Widget present but does not support this language,EH,derived
city_burien,City of Burien,city,Karenni,0,0,,False,none,google_translate,False,,0,,2,1193,https://www.burienwa.gov,2026-09-05,Widget present but does not support this language,EH,derived
city_burien,City of Burien,city,Kazakh,1,2,,True,machine_widget,google_translate,False,,0,,2,1193,https://www.burienwa.gov,2026-09-05,"Unrestricted widget, machine translation only",EH,derived
city_burien,City of Burien,city,Khmer,1,2,,True,machine_widget,google_translate,False,,0,,2,1193,https://www.burienwa.gov,2026-09-05,"Unrestricted widget, machine translation only",EH,derived
city_burien,City of Burien,city,Kikuyu,0,0,,False,none,google_translate,False,,0,,2,1193,https://www.burienwa.gov,2026-09-05,Widget present but does not support this language,EH,derived
city_burien,City of Burien,city,Kinyarwanda,1,2,,True,machine_widget,google_translate,False,,0,,2,1193,https://www.burienwa.gov,2026-09-05,"Unrestricted widget, machine translation only",EH,derived
city_burien,City of Burien,city,Kirgiz,0,0,,False,none,google_translate,False,,0,,2,1193,https://www.burienwa.gov,2026-09-05,Widget present but does not support this language,EH,derived
city_burien,City of Burien,city,Kirundi,0,0,,False,none,google_translate,False,,0,,2,1193,https://www.burienwa.gov,2026-09-05,Widget present but does not support this language,EH,derived
city_burien,City of Burien,city,Kmhmu,0,0,,False,none,google_translate,False,,0,,2,1193,https://www.burienwa.gov,2026-09-05,Widget present but does not support this language,EH,derived
city_burien,City of Burien,city,Kongo,0,0,,False,none,google_translate,False,,0,,2,1193,https://www.burienwa.gov,2026-09-05,Widget present but does not support this language,EH,derived
city_burien,City of Burien,city,Korean,1,2,,True,machine_widget,google_translate,False,,0,,2,1193,https://www.burienwa.gov,2026-09-05,"Unrestricted widget, machine translation only",EH,derived
city_burien,City of Burien,city,Kosraean,0,0,,False,none,google_translate,False,,0,,2,1193,https://www.burienwa.gov,2026-09-05,Widget present but does not support this language,EH,derived
city_burien,City of Burien,city,Krahn,0,0,,False,none,google_translate,False,,0,,2,1193,https://www.burienwa.gov,2026-09-05,Widget present but does not support this language,EH,derived
city_burien,City of Burien,city,Krio,1,2,,True,machine_widget,google_translate,False,,0,,2,1193,https://www.burienwa.gov,2026-09-05,"Unrestricted widget, machine translation only",EH,derived
city_burien,City of Burien,city,Kru,0,0,,False,none,google_translate,False,,0,,2,1193,https://www.burienwa.gov,2026-09-05,Widget present but does not support this language,EH,derived
city_burien,City of Burien,city,Kurdish,1,2,,True,machine_widget,google_translate,False,,0,,2,1193,https://www.burienwa.gov,2026-09-05,"Unrestricted widget, machine translation only",EH,derived
city_burien,City of Burien,city,Lao,1,2,,True,machine_widget,google_translate,False,,0,,2,1193,https://www.burienwa.gov,2026-09-05,"Unrestricted widget, machine translation only",EH,derived
city_burien,City of Burien,city,Latvian,1,2,,True,machine_widget,google_translate,False,,0,,2,1193,https://www.burienwa.gov,2026-09-05,"Unrestricted widget, machine translation only",EH,derived
city_burien,City of Burien,city,Lingala,1,2,,True,machine_widget,google_translate,False,,0,,2,1193,https://www.burienwa.gov,2026-09-05,"Unrestricted widget, machine translation only",EH,derived
city_burien,City of Burien,city,Luganda,1,2,,True,machine_widget,google_translate,False,,0,,2,1193,https://www.burienwa.gov,2026-09-05,"Unrestricted widget, machine translation only",EH,derived
city_burien,City of Burien,city,Maay Maay,0,0,,False,none,google_translate,False,,0,,2,1193,https://www.burienwa.gov,2026-09-05,Widget present but does not support this language,EH,derived
city_burien,City of Burien,city,Malay,1,2,,True,machine_widget,google_translate,False,,0,,2,1193,https://www.burienwa.gov,2026-09-05,"Unrestricted widget, machine translation only",EH,derived
city_burien,City of Burien,city,Malayalam,1,2,,True,machine_widget,google_translate,False,,0,,2,1193,https://www.burienwa.gov,2026-09-05,"Unrestricted widget, machine translation only",EH,derived
city_burien,City of Burien,city,Mam,1,2,,True,machine_widget,google_translate,False,,0,,2,1193,https://www.burienwa.gov,2026-09-05,"Unrestricted widget, machine translation only",EH,derived
city_burien,City of Burien,city,Mandingo,0,0,,False,none,google_translate,False,,0,,2,1193,https://www.burienwa.gov,2026-09-05,Widget present but does not support this language,EH,derived
city_burien,City of Burien,city,Mandinka,0,0,,False,none,google_translate,False,,0,,2,1193,https://www.burienwa.gov,2026-09-05,Widget present but does not support this language,EH,derived
city_burien,City of Burien,city,Marathi,1,2,,True,machine_widget,google_translate,False,,0,,2,1193,https://www.burienwa.gov,2026-09-05,"Unrestricted widget, machine translation only",EH,derived
city_burien,City of Burien,city,Marquesan,0,0,,False,none,google_translate,False,,0,,2,1193,https://www.burienwa.gov,2026-09-05,Widget present but does not support this language,EH,derived
city_burien,City of Burien,city,Marshallese,1,2,,True,machine_widget,google_translate,False,,0,,2,1193,https://www.burienwa.gov,2026-09-05,"Unrestricted widget, machine translation only",EH,derived
city_burien,City of Burien,city,Maya-Quiche,0,0,,False,none,google_translate,False,,0,,2,1193,https://www.burienwa.gov,2026-09-05,Widget present but does not support this language,EH,derived
city_burien,City of Burien,city,Mien,0,0,,False,none,google_translate,False,,0,,2,1193,https://www.burienwa.gov,2026-09-05,Widget present but does not support this language,EH,derived
city_burien,City of Burien,city,Mixteco,0,0,,False,none,google_translate,False,,0,,2,1193,https://www.burienwa.gov,2026-09-05,Widget present but does not support this language,EH,derived
city_burien,City of Burien,city,Moldavian,0,0,,False,none,google_translate,False,,0,,2,1193,https://www.burienwa.gov,2026-09-05,Widget present but does not support this language,EH,derived
city_burien,City of Burien,city,Mongolian,1,2,,True,machine_widget,google_translate,False,,0,,2,1193,https://www.burienwa.gov,2026-09-05,"Unrestricted widget, machine translation only",EH,derived
city_burien,City of Burien,city,Moore,0,0,,False,none,google_translate,False,,0,,2,1193,https://www.burienwa.gov,2026-09-05,Widget present but does not support this language,EH,derived
city_burien,City of Burien,city,"Nahuatl, Guerrero region",0,0,,False,none,google_translate,False,,0,,2,1193,https://www.burienwa.gov,2026-09-05,Widget present but does not support this language,EH,derived
city_burien,City of Burien,city,Nepali,1,2,,True,machine_widget,google_translate,False,,0,,2,1193,https://www.burienwa.gov,2026-09-05,"Unrestricted widget, machine translation only",EH,derived
city_burien,City of Burien,city,Nuer,1,2,,True,machine_widget,google_translate,False,,0,,2,1193,https://www.burienwa.gov,2026-09-05,"Unrestricted widget, machine translation only",EH,derived
city_burien,City of Burien,city,Oromo,1,2,,True,machine_widget,google_translate,False,,0,,2,1193,https://www.burienwa.gov,2026-09-05,"Unrestricted widget, machine translation only",EH,derived
city_burien,City of Burien,city,Palau,0,0,,False,none,google_translate,False,,0,,2,1193,https://www.burienwa.gov,2026-09-05,Widget present but does not support this language,EH,derived
city_burien,City of Burien,city,Pashai,0,0,,False,none,google_translate,False,,0,,2,1193,https://www.burienwa.gov,2026-09-05,Widget present but does not support this language,EH,derived
city_burien,City of Burien,city,Pashto,1,2,,True,machine_widget,google_translate,False,,0,,2,1193,https://www.burienwa.gov,2026-09-05,"Unrestricted widget, machine translation only",EH,derived
city_burien,City of Burien,city,Pere,0,0,,False,none,google_translate,False,,0,,2,1193,https://www.burienwa.gov,2026-09-05,Widget present but does not support this language,EH,derived
city_burien,City of Burien,city,Polish,1,2,,True,machine_widget,google_translate,False,,0,,2,1193,https://www.burienwa.gov,2026-09-05,"Unrestricted widget, machine translation only",EH,derived
city_burien,City of Burien,city,Portuguese,1,2,,True,machine_widget,google_translate,False,,0,,2,1193,https://www.burienwa.gov,2026-09-05,"Unrestricted widget, machine translation only",EH,derived
city_burien,City of Burien,city,Punjabi,1,2,,True,machine_widget,google_translate,False,,0,,2,1193,https://www.burienwa.gov,2026-09-05,"Unrestricted widget, machine translation only",EH,derived
city_burien,City of Burien,city,Purepecha,0,0,,False,none,google_translate,False,,0,,2,1193,https://www.burienwa.gov,2026-09-05,Widget present but does not support this language,EH,derived
city_burien,City of Burien,city,Rohingya,0,0,,False,none,google_translate,False,,0,,2,1193,https://www.burienwa.gov,2026-09-05,Widget present but does not support this language,EH,derived
city_burien,City of Burien,city,Romanian,1,2,,True,machine_widget,google_translate,False,,0,,2,1193,https://www.burienwa.gov,2026-09-05,"Unrestricted widget, machine translation only",EH,derived
city_burien,City of Burien,city,Russian,1,2,,True,machine_widget,google_translate,False,,0,,2,1193,https://www.burienwa.gov,2026-09-05,"Unrestricted widget, machine translation only",EH,derived
city_burien,City of Burien,city,Samoan,1,2,,True,machine_widget,google_translate,False,,0,,2,1193,https://www.burienwa.gov,2026-09-05,"Unrestricted widget, machine translation only",EH,derived
city_burien,City of Burien,city,Sao,0,0,,False,none,google_translate,False,,0,,2,1193,https://www.burienwa.gov,2026-09-05,Widget present but does not support this language,EH,derived
city_burien,City of Burien,city,Serbo-Croation,0,0,,False,none,google_translate,False,,0,,2,1193,https://www.burienwa.gov,2026-09-05,Widget present but does not support this language,EH,derived
city_burien,City of Burien,city,Shona,1,2,,True,machine_widget,google_translate,False,,0,,2,1193,https://www.burienwa.gov,2026-09-05,"Unrestricted widget, machine translation only",EH,derived
city_burien,City of Burien,city,Sinhalese,0,0,,False,none,google_translate,False,,0,,2,1193,https://www.burienwa.gov,2026-09-05,Widget present but does not support this language,EH,derived
city_burien,City of Burien,city,Slovenian,1,2,,True,machine_widget,google_translate,False,,0,,2,1193,https://www.burienwa.gov,2026-09-05,"Unrestricted widget, machine translation only",EH,derived
city_burien,City of Burien,city,Somali,1,2,,True,machine_widget,google_translate,False,,0,,2,1193,https://www.burienwa.gov,2026-09-05,"Unrestricted widget, machine translation only",EH,derived
city_burien,City of Burien,city,Soninke,0,0,,False,none,google_translate,False,,0,,2,1193,https://www.burienwa.gov,2026-09-05,Widget present but does not support this language,EH,derived
city_burien,City of Burien,city,Sotho,0,0,,False,none,google_translate,False,,0,,2,1193,https://www.burienwa.gov,2026-09-05,Widget present but does not support this language,EH,derived
city_burien,City of Burien,city,Spanish,3,2,,True,in_language_document,google_translate,False,,1,burien_public_safety_levy_information_spanish,2,1193,https://www.burienwa.gov/residents/public_safety/burien_public_safety_levy_information_spanish,2026-09-05,"1 page(s) published in this language | Unrestricted widget, machine translation only",EH,derived
city_burien,City of Burien,city,Swahili,1,2,,True,machine_widget,google_translate,False,,0,,2,1193,https://www.burienwa.gov,2026-09-05,"Unrestricted widget, machine translation only",EH,derived
city_burien,City of Burien,city,Tagalog,1,2,,True,machine_widget,google_translate,False,,0,,2,1193,https://www.burienwa.gov,2026-09-05,"Unrestricted widget, machine translation only",EH,derived
city_burien,City of Burien,city,Taishanese,0,0,,False,none,google_translate,False,,0,,2,1193,https://www.burienwa.gov,2026-09-05,Widget present but does not support this language,EH,derived
city_burien,City of Burien,city,Tajiki,0,0,,False,none,google_translate,False,,0,,2,1193,https://www.burienwa.gov,2026-09-05,Widget present but does not support this language,EH,derived
city_burien,City of Burien,city,Tamil,1,2,,True,machine_widget,google_translate,False,,0,,2,1193,https://www.burienwa.gov,2026-09-05,"Unrestricted widget, machine translation only",EH,derived
city_burien,City of Burien,city,Tarasco,0,0,,False,none,google_translate,False,,0,,2,1193,https://www.burienwa.gov,2026-09-05,Widget present but does not support this language,EH,derived
city_burien,City of Burien,city,Tedim,0,0,,False,none,google_translate,False,,0,,2,1193,https://www.burienwa.gov,2026-09-05,Widget present but does not support this language,EH,derived
city_burien,City of Burien,city,Telugu,1,2,,True,machine_widget,google_translate,False,,0,,2,1193,https://www.burienwa.gov,2026-09-05,"Unrestricted widget, machine translation only",EH,derived
city_burien,City of Burien,city,Thai,1,2,,True,machine_widget,google_translate,False,,0,,2,1193,https://www.burienwa.gov,2026-09-05,"Unrestricted widget, machine translation only",EH,derived
city_burien,City of Burien,city,Tibetan,1,2,,True,machine_widget,google_translate,False,,0,,2,1193,https://www.burienwa.gov,2026-09-05,"Unrestricted widget, machine translation only",EH,derived
city_burien,City of Burien,city,Tigrinya,1,2,,True,machine_widget,google_translate,False,,0,,2,1193,https://www.burienwa.gov,2026-09-05,"Unrestricted widget, machine translation only",EH,derived
city_burien,City of Burien,city,Tongan,1,2,,True,machine_widget,google_translate,False,,0,,2,1193,https://www.burienwa.gov,2026-09-05,"Unrestricted widget, machine translation only",EH,derived
city_burien,City of Burien,city,Turkish,1,2,,True,machine_widget,google_translate,False,,0,,2,1193,https://www.burienwa.gov,2026-09-05,"Unrestricted widget, machine translation only",EH,derived
city_burien,City of Burien,city,Twi,1,2,,True,machine_widget,google_translate,False,,0,,2,1193,https://www.burienwa.gov,2026-09-05,"Unrestricted widget, machine translation only",EH,derived
city_burien,City of Burien,city,Ukrainian,1,2,,True,machine_widget,google_translate,False,,0,,2,1193,https://www.burienwa.gov,2026-09-05,"Unrestricted widget, machine translation only",EH,derived
city_burien,City of Burien,city,Urdu,1,2,,True,machine_widget,google_translate,False,,0,,2,1193,https://www.burienwa.gov,2026-09-05,"Unrestricted widget, machine translation only",EH,derived
city_burien,City of Burien,city,Uzbek,1,2,,True,machine_widget,google_translate,False,,0,,2,1193,https://www.burienwa.gov,2026-09-05,"Unrestricted widget, machine translation only",EH,derived
city_burien,City of Burien,city,Vietnamese,3,2,,True,in_language_document,google_translate,False,,7,housing_action_plan_forum_vietnamese; weigh_in_on_tree_regulations_vietnamese; burien_public_safety_levy_information_vietnamese; summer_safety_vietnamese; immigration_resources_vietnamese; community_connectors_program_vietnamese; Electrify_Burien_Vietnamese,2,1193,https://www.burienwa.gov/news_events/city_newsroom/news_announcements/news_announcements_archive/2020_news_announcements/housing_action_plan_forum_vietnamese,2026-09-05,"7 page(s) published in this language | Unrestricted widget, machine translation only",EH,derived
city_burien,City of Burien,city,Wolof,1,2,,True,machine_widget,google_translate,False,,0,,2,1193,https://www.burienwa.gov,2026-09-05,"Unrestricted widget, machine translation only",EH,derived
city_burien,City of Burien,city,Yap,0,0,,False,none,google_translate,False,,0,,2,1193,https://www.burienwa.gov,2026-09-05,Widget present but does not support this language,EH,derived
city_burien,City of Burien,city,Yoruba,1,2,,True,machine_widget,google_translate,False,,0,,2,1193,https://www.burienwa.gov,2026-09-05,"Unrestricted widget, machine translation only",EH,derived
city_desmoines,City of Des Moines,city,Acholi,1,0,,False,none,google_translate,False,,0,,0,196,https://www.desmoineswa.gov,2026-09-05,"Unrestricted widget, machine translation only | City publishes no language-access or interpreter page, so there is nothing for a speaker to discover",EH,derived
city_desmoines,City of Des Moines,city,Aguacateco,0,0,,False,none,google_translate,False,,0,,0,196,https://www.desmoineswa.gov,2026-09-05,"Widget present but does not support this language | City publishes no language-access or interpreter page, so there is nothing for a speaker to discover",EH,derived
city_desmoines,City of Des Moines,city,Akateko,0,0,,False,none,google_translate,False,,0,,0,196,https://www.desmoineswa.gov,2026-09-05,"Widget present but does not support this language | City publishes no language-access or interpreter page, so there is nothing for a speaker to discover",EH,derived
city_desmoines,City of Des Moines,city,Albanian,1,0,,False,none,google_translate,False,,0,,0,196,https://www.desmoineswa.gov,2026-09-05,"Unrestricted widget, machine translation only | City publishes no language-access or interpreter page, so there is nothing for a speaker to discover",EH,derived
city_desmoines,City of Des Moines,city,American Sign Language,0,0,,False,none,google_translate,False,,0,,0,196,https://www.desmoineswa.gov,2026-09-05,"Widget present but does not support this language | City publishes no language-access or interpreter page, so there is nothing for a speaker to discover",EH,derived
city_desmoines,City of Des Moines,city,Amharic,1,0,,False,none,google_translate,False,,0,,0,196,https://www.desmoineswa.gov,2026-09-05,"Unrestricted widget, machine translation only | City publishes no language-access or interpreter page, so there is nothing for a speaker to discover",EH,derived
city_desmoines,City of Des Moines,city,Arabic,1,0,,False,none,google_translate,False,,0,,0,196,https://www.desmoineswa.gov,2026-09-05,"Unrestricted widget, machine translation only | City publishes no language-access or interpreter page, so there is nothing for a speaker to discover",EH,derived
city_desmoines,City of Des Moines,city,Armenian,1,0,,False,none,google_translate,False,,0,,0,196,https://www.desmoineswa.gov,2026-09-05,"Unrestricted widget, machine translation only | City publishes no language-access or interpreter page, so there is nothing for a speaker to discover",EH,derived
city_desmoines,City of Des Moines,city,Ayula-Bambara,0,0,,False,none,google_translate,False,,0,,0,196,https://www.desmoineswa.gov,2026-09-05,"Widget present but does not support this language | City publishes no language-access or interpreter page, so there is nothing for a speaker to discover",EH,derived
city_desmoines,City of Des Moines,city,Azerbaijani,1,0,,False,none,google_translate,False,,0,,0,196,https://www.desmoineswa.gov,2026-09-05,"Unrestricted widget, machine translation only | City publishes no language-access or interpreter page, so there is nothing for a speaker to discover",EH,derived
city_desmoines,City of Des Moines,city,Bambara,1,0,,False,none,google_translate,False,,0,,0,196,https://www.desmoineswa.gov,2026-09-05,"Unrestricted widget, machine translation only | City publishes no language-access or interpreter page, so there is nothing for a speaker to discover",EH,derived
city_desmoines,City of Des Moines,city,Bangala,0,0,,False,none,google_translate,False,,0,,0,196,https://www.desmoineswa.gov,2026-09-05,"Widget present but does not support this language | City publishes no language-access or interpreter page, so there is nothing for a speaker to discover",EH,derived
city_desmoines,City of Des Moines,city,Bassa,0,0,,False,none,google_translate,False,,0,,0,196,https://www.desmoineswa.gov,2026-09-05,"Widget present but does not support this language | City publishes no language-access or interpreter page, so there is nothing for a speaker to discover",EH,derived
city_desmoines,City of Des Moines,city,Bengali,1,0,,False,none,google_translate,False,,0,,0,196,https://www.desmoineswa.gov,2026-09-05,"Unrestricted widget, machine translation only | City publishes no language-access or interpreter page, so there is nothing for a speaker to discover",EH,derived
city_desmoines,City of Des Moines,city,Bosnian,1,0,,False,none,google_translate,False,,0,,0,196,https://www.desmoineswa.gov,2026-09-05,"Unrestricted widget, machine translation only | City publishes no language-access or interpreter page, so there is nothing for a speaker to discover",EH,derived
city_desmoines,City of Des Moines,city,Bulgarian,1,0,,False,none,google_translate,False,,0,,0,196,https://www.desmoineswa.gov,2026-09-05,"Unrestricted widget, machine translation only | City publishes no language-access or interpreter page, so there is nothing for a speaker to discover",EH,derived
city_desmoines,City of Des Moines,city,Burmese,1,0,,False,none,google_translate,False,,0,,0,196,https://www.desmoineswa.gov,2026-09-05,"Unrestricted widget, machine translation only | City publishes no language-access or interpreter page, so there is nothing for a speaker to discover",EH,derived
city_desmoines,City of Des Moines,city,Carolinian,0,0,,False,none,google_translate,False,,0,,0,196,https://www.desmoineswa.gov,2026-09-05,"Widget present but does not support this language | City publishes no language-access or interpreter page, so there is nothing for a speaker to discover",EH,derived
city_desmoines,City of Des Moines,city,Catalan,1,0,,False,none,google_translate,False,,0,,0,196,https://www.desmoineswa.gov,2026-09-05,"Unrestricted widget, machine translation only | City publishes no language-access or interpreter page, so there is nothing for a speaker to discover",EH,derived
city_desmoines,City of Des Moines,city,Cebuano,1,0,,False,none,google_translate,False,,0,,0,196,https://www.desmoineswa.gov,2026-09-05,"Unrestricted widget, machine translation only | City publishes no language-access or interpreter page, so there is nothing for a speaker to discover",EH,derived
city_desmoines,City of Des Moines,city,Cham,0,0,,False,none,google_translate,False,,0,,0,196,https://www.desmoineswa.gov,2026-09-05,"Widget present but does not support this language | City publishes no language-access or interpreter page, so there is nothing for a speaker to discover",EH,derived
city_desmoines,City of Des Moines,city,Chamorro,1,0,,False,none,google_translate,False,,0,,0,196,https://www.desmoineswa.gov,2026-09-05,"Unrestricted widget, machine translation only | City publishes no language-access or interpreter page, so there is nothing for a speaker to discover",EH,derived
city_desmoines,City of Des Moines,city,Chin,0,0,,False,none,google_translate,False,,0,,0,196,https://www.desmoineswa.gov,2026-09-05,"Widget present but does not support this language | City publishes no language-access or interpreter page, so there is nothing for a speaker to discover",EH,derived
city_desmoines,City of Des Moines,city,Chinese-Cantonese,1,0,,False,none,google_translate,False,,0,,0,196,https://www.desmoineswa.gov,2026-09-05,"Unrestricted widget, machine translation only | City publishes no language-access or interpreter page, so there is nothing for a speaker to discover",EH,derived
city_desmoines,City of Des Moines,city,Chinese-Fukienese,0,0,,False,none,google_translate,False,,0,,0,196,https://www.desmoineswa.gov,2026-09-05,"Widget present but does not support this language | City publishes no language-access or interpreter page, so there is nothing for a speaker to discover",EH,derived
city_desmoines,City of Des Moines,city,Chinese-Mandarin,1,0,,False,none,google_translate,False,,0,,0,196,https://www.desmoineswa.gov,2026-09-05,"Unrestricted widget, machine translation only | City publishes no language-access or interpreter page, so there is nothing for a speaker to discover",EH,derived
city_desmoines,City of Des Moines,city,Chinese-Taiwanese,0,0,,False,none,google_translate,False,,0,,0,196,https://www.desmoineswa.gov,2026-09-05,"Widget present but does not support this language | City publishes no language-access or interpreter page, so there is nothing for a speaker to discover",EH,derived
city_desmoines,City of Des Moines,city,Chuukese,1,0,,False,none,google_translate,False,,0,,0,196,https://www.desmoineswa.gov,2026-09-05,"Unrestricted widget, machine translation only | City publishes no language-access or interpreter page, so there is nothing for a speaker to discover",EH,derived
city_desmoines,City of Des Moines,city,Dari,1,0,,False,none,google_translate,False,,0,,0,196,https://www.desmoineswa.gov,2026-09-05,"Unrestricted widget, machine translation only | City publishes no language-access or interpreter page, so there is nothing for a speaker to discover",EH,derived
city_desmoines,City of Des Moines,city,Dinka,1,0,,False,none,google_translate,False,,0,,0,196,https://www.desmoineswa.gov,2026-09-05,"Unrestricted widget, machine translation only | City publishes no language-access or interpreter page, so there is nothing for a speaker to discover",EH,derived
city_desmoines,City of Des Moines,city,Dutch,1,0,,False,none,google_translate,False,,0,,0,196,https://www.desmoineswa.gov,2026-09-05,"Unrestricted widget, machine translation only | City publishes no language-access or interpreter page, so there is nothing for a speaker to discover",EH,derived
city_desmoines,City of Des Moines,city,Egyptian-Arabic,0,0,,False,none,google_translate,False,,0,,0,196,https://www.desmoineswa.gov,2026-09-05,"Widget present but does not support this language | City publishes no language-access or interpreter page, so there is nothing for a speaker to discover",EH,derived
city_desmoines,City of Des Moines,city,Eritai,0,0,,False,none,google_translate,False,,0,,0,196,https://www.desmoineswa.gov,2026-09-05,"Widget present but does not support this language | City publishes no language-access or interpreter page, so there is nothing for a speaker to discover",EH,derived
city_desmoines,City of Des Moines,city,Estonian,1,0,,False,none,google_translate,False,,0,,0,196,https://www.desmoineswa.gov,2026-09-05,"Unrestricted widget, machine translation only | City publishes no language-access or interpreter page, so there is nothing for a speaker to discover",EH,derived
city_desmoines,City of Des Moines,city,Ewe,1,0,,False,none,google_translate,False,,0,,0,196,https://www.desmoineswa.gov,2026-09-05,"Unrestricted widget, machine translation only | City publishes no language-access or interpreter page, so there is nothing for a speaker to discover",EH,derived
city_desmoines,City of Des Moines,city,Fallani,0,0,,False,none,google_translate,False,,0,,0,196,https://www.desmoineswa.gov,2026-09-05,"Widget present but does not support this language | City publishes no language-access or interpreter page, so there is nothing for a speaker to discover",EH,derived
city_desmoines,City of Des Moines,city,Farsi,1,0,,False,none,google_translate,False,,0,,0,196,https://www.desmoineswa.gov,2026-09-05,"Unrestricted widget, machine translation only | City publishes no language-access or interpreter page, so there is nothing for a speaker to discover",EH,derived
city_desmoines,City of Des Moines,city,French,1,0,,False,none,google_translate,False,,0,,0,196,https://www.desmoineswa.gov,2026-09-05,"Unrestricted widget, machine translation only | City publishes no language-access or interpreter page, so there is nothing for a speaker to discover",EH,derived
city_desmoines,City of Des Moines,city,Fula,0,0,,False,none,google_translate,False,,0,,0,196,https://www.desmoineswa.gov,2026-09-05,"Widget present but does not support this language | City publishes no language-access or interpreter page, so there is nothing for a speaker to discover",EH,derived
city_desmoines,City of Des Moines,city,Ga,1,0,,False,none,google_translate,False,,0,,0,196,https://www.desmoineswa.gov,2026-09-05,"Unrestricted widget, machine translation only | City publishes no language-access or interpreter page, so there is nothing for a speaker to discover",EH,derived
city_desmoines,City of Des Moines,city,German,1,0,,False,none,google_translate,False,,0,,0,196,https://www.desmoineswa.gov,2026-09-05,"Unrestricted widget, machine translation only | City publishes no language-access or interpreter page, so there is nothing for a speaker to discover",EH,derived
city_desmoines,City of Des Moines,city,"Greek, Modern",0,0,,False,none,google_translate,False,,0,,0,196,https://www.desmoineswa.gov,2026-09-05,"Widget present but does not support this language | City publishes no language-access or interpreter page, so there is nothing for a speaker to discover",EH,derived
city_desmoines,City of Des Moines,city,Gujarati,1,0,,False,none,google_translate,False,,0,,0,196,https://www.desmoineswa.gov,2026-09-05,"Unrestricted widget, machine translation only | City publishes no language-access or interpreter page, so there is nothing for a speaker to discover",EH,derived
city_desmoines,City of Des Moines,city,Haitian Creole,1,0,,False,none,google_translate,False,,0,,0,196,https://www.desmoineswa.gov,2026-09-05,"Unrestricted widget, machine translation only | City publishes no language-access or interpreter page, so there is nothing for a speaker to discover",EH,derived
city_desmoines,City of Des Moines,city,Hausa,1,0,,False,none,google_translate,False,,0,,0,196,https://www.desmoineswa.gov,2026-09-05,"Unrestricted widget, machine translation only | City publishes no language-access or interpreter page, so there is nothing for a speaker to discover",EH,derived
city_desmoines,City of Des Moines,city,Hawaiian,1,0,,False,none,google_translate,False,,0,,0,196,https://www.desmoineswa.gov,2026-09-05,"Unrestricted widget, machine translation only | City publishes no language-access or interpreter page, so there is nothing for a speaker to discover",EH,derived
city_desmoines,City of Des Moines,city,Herero,0,0,,False,none,google_translate,False,,0,,0,196,https://www.desmoineswa.gov,2026-09-05,"Widget present but does not support this language | City publishes no language-access or interpreter page, so there is nothing for a speaker to discover",EH,derived
city_desmoines,City of Des Moines,city,Hindi,1,0,,False,none,google_translate,False,,0,,0,196,https://www.desmoineswa.gov,2026-09-05,"Unrestricted widget, machine translation only | City publishes no language-access or interpreter page, so there is nothing for a speaker to discover",EH,derived
city_desmoines,City of Des Moines,city,Hmong,1,0,,False,none,google_translate,False,,0,,0,196,https://www.desmoineswa.gov,2026-09-05,"Unrestricted widget, machine translation only | City publishes no language-access or interpreter page, so there is nothing for a speaker to discover",EH,derived
city_desmoines,City of Des Moines,city,Hungarian,1,0,,False,none,google_translate,False,,0,,0,196,https://www.desmoineswa.gov,2026-09-05,"Unrestricted widget, machine translation only | City publishes no language-access or interpreter page, so there is nothing for a speaker to discover",EH,derived
city_desmoines,City of Des Moines,city,Igbo,1,0,,False,none,google_translate,False,,0,,0,196,https://www.desmoineswa.gov,2026-09-05,"Unrestricted widget, machine translation only | City publishes no language-access or interpreter page, so there is nothing for a speaker to discover",EH,derived
city_desmoines,City of Des Moines,city,Ilokano,1,0,,False,none,google_translate,False,,0,,0,196,https://www.desmoineswa.gov,2026-09-05,"Unrestricted widget, machine translation only | City publishes no language-access or interpreter page, so there is nothing for a speaker to discover",EH,derived
city_desmoines,City of Des Moines,city,Indonesian,1,0,,False,none,google_translate,False,,0,,0,196,https://www.desmoineswa.gov,2026-09-05,"Unrestricted widget, machine translation only | City publishes no language-access or interpreter page, so there is nothing for a speaker to discover",EH,derived
city_desmoines,City of Des Moines,city,Italian,1,0,,False,none,google_translate,False,,0,,0,196,https://www.desmoineswa.gov,2026-09-05,"Unrestricted widget, machine translation only | City publishes no language-access or interpreter page, so there is nothing for a speaker to discover",EH,derived
city_desmoines,City of Des Moines,city,Japanese,1,0,,False,none,google_translate,False,,0,,0,196,https://www.desmoineswa.gov,2026-09-05,"Unrestricted widget, machine translation only | City publishes no language-access or interpreter page, so there is nothing for a speaker to discover",EH,derived
city_desmoines,City of Des Moines,city,Kakwa,0,0,,False,none,google_translate,False,,0,,0,196,https://www.desmoineswa.gov,2026-09-05,"Widget present but does not support this language | City publishes no language-access or interpreter page, so there is nothing for a speaker to discover",EH,derived
city_desmoines,City of Des Moines,city,Kannada,1,0,,False,none,google_translate,False,,0,,0,196,https://www.desmoineswa.gov,2026-09-05,"Unrestricted widget, machine translation only | City publishes no language-access or interpreter page, so there is nothing for a speaker to discover",EH,derived
city_desmoines,City of Des Moines,city,Karen,0,0,,False,none,google_translate,False,,0,,0,196,https://www.desmoineswa.gov,2026-09-05,"Widget present but does not support this language | City publishes no language-access or interpreter page, so there is nothing for a speaker to discover",EH,derived
city_desmoines,City of Des Moines,city,Karenni,0,0,,False,none,google_translate,False,,0,,0,196,https://www.desmoineswa.gov,2026-09-05,"Widget present but does not support this language | City publishes no language-access or interpreter page, so there is nothing for a speaker to discover",EH,derived
city_desmoines,City of Des Moines,city,Kazakh,1,0,,False,none,google_translate,False,,0,,0,196,https://www.desmoineswa.gov,2026-09-05,"Unrestricted widget, machine translation only | City publishes no language-access or interpreter page, so there is nothing for a speaker to discover",EH,derived
city_desmoines,City of Des Moines,city,Khmer,1,0,,False,none,google_translate,False,,0,,0,196,https://www.desmoineswa.gov,2026-09-05,"Unrestricted widget, machine translation only | City publishes no language-access or interpreter page, so there is nothing for a speaker to discover",EH,derived
city_desmoines,City of Des Moines,city,Kikuyu,0,0,,False,none,google_translate,False,,0,,0,196,https://www.desmoineswa.gov,2026-09-05,"Widget present but does not support this language | City publishes no language-access or interpreter page, so there is nothing for a speaker to discover",EH,derived
city_desmoines,City of Des Moines,city,Kinyarwanda,1,0,,False,none,google_translate,False,,0,,0,196,https://www.desmoineswa.gov,2026-09-05,"Unrestricted widget, machine translation only | City publishes no language-access or interpreter page, so there is nothing for a speaker to discover",EH,derived
city_desmoines,City of Des Moines,city,Kirgiz,0,0,,False,none,google_translate,False,,0,,0,196,https://www.desmoineswa.gov,2026-09-05,"Widget present but does not support this language | City publishes no language-access or interpreter page, so there is nothing for a speaker to discover",EH,derived
city_desmoines,City of Des Moines,city,Kirundi,0,0,,False,none,google_translate,False,,0,,0,196,https://www.desmoineswa.gov,2026-09-05,"Widget present but does not support this language | City publishes no language-access or interpreter page, so there is nothing for a speaker to discover",EH,derived
city_desmoines,City of Des Moines,city,Kmhmu,0,0,,False,none,google_translate,False,,0,,0,196,https://www.desmoineswa.gov,2026-09-05,"Widget present but does not support this language | City publishes no language-access or interpreter page, so there is nothing for a speaker to discover",EH,derived
city_desmoines,City of Des Moines,city,Kongo,0,0,,False,none,google_translate,False,,0,,0,196,https://www.desmoineswa.gov,2026-09-05,"Widget present but does not support this language | City publishes no language-access or interpreter page, so there is nothing for a speaker to discover",EH,derived
city_desmoines,City of Des Moines,city,Korean,1,0,,False,none,google_translate,False,,0,,0,196,https://www.desmoineswa.gov,2026-09-05,"Unrestricted widget, machine translation only | City publishes no language-access or interpreter page, so there is nothing for a speaker to discover",EH,derived
city_desmoines,City of Des Moines,city,Kosraean,0,0,,False,none,google_translate,False,,0,,0,196,https://www.desmoineswa.gov,2026-09-05,"Widget present but does not support this language | City publishes no language-access or interpreter page, so there is nothing for a speaker to discover",EH,derived
city_desmoines,City of Des Moines,city,Krahn,0,0,,False,none,google_translate,False,,0,,0,196,https://www.desmoineswa.gov,2026-09-05,"Widget present but does not support this language | City publishes no language-access or interpreter page, so there is nothing for a speaker to discover",EH,derived
city_desmoines,City of Des Moines,city,Krio,1,0,,False,none,google_translate,False,,0,,0,196,https://www.desmoineswa.gov,2026-09-05,"Unrestricted widget, machine translation only | City publishes no language-access or interpreter page, so there is nothing for a speaker to discover",EH,derived
city_desmoines,City of Des Moines,city,Kru,0,0,,False,none,google_translate,False,,0,,0,196,https://www.desmoineswa.gov,2026-09-05,"Widget present but does not support this language | City publishes no language-access or interpreter page, so there is nothing for a speaker to discover",EH,derived
city_desmoines,City of Des Moines,city,Kurdish,1,0,,False,none,google_translate,False,,0,,0,196,https://www.desmoineswa.gov,2026-09-05,"Unrestricted widget, machine translation only | City publishes no language-access or interpreter page, so there is nothing for a speaker to discover",EH,derived
city_desmoines,City of Des Moines,city,Lao,1,0,,False,none,google_translate,False,,0,,0,196,https://www.desmoineswa.gov,2026-09-05,"Unrestricted widget, machine translation only | City publishes no language-access or interpreter page, so there is nothing for a speaker to discover",EH,derived
city_desmoines,City of Des Moines,city,Latvian,1,0,,False,none,google_translate,False,,0,,0,196,https://www.desmoineswa.gov,2026-09-05,"Unrestricted widget, machine translation only | City publishes no language-access or interpreter page, so there is nothing for a speaker to discover",EH,derived
city_desmoines,City of Des Moines,city,Lingala,1,0,,False,none,google_translate,False,,0,,0,196,https://www.desmoineswa.gov,2026-09-05,"Unrestricted widget, machine translation only | City publishes no language-access or interpreter page, so there is nothing for a speaker to discover",EH,derived
city_desmoines,City of Des Moines,city,Luganda,1,0,,False,none,google_translate,False,,0,,0,196,https://www.desmoineswa.gov,2026-09-05,"Unrestricted widget, machine translation only | City publishes no language-access or interpreter page, so there is nothing for a speaker to discover",EH,derived
city_desmoines,City of Des Moines,city,Maay Maay,0,0,,False,none,google_translate,False,,0,,0,196,https://www.desmoineswa.gov,2026-09-05,"Widget present but does not support this language | City publishes no language-access or interpreter page, so there is nothing for a speaker to discover",EH,derived
city_desmoines,City of Des Moines,city,Malay,1,0,,False,none,google_translate,False,,0,,0,196,https://www.desmoineswa.gov,2026-09-05,"Unrestricted widget, machine translation only | City publishes no language-access or interpreter page, so there is nothing for a speaker to discover",EH,derived
city_desmoines,City of Des Moines,city,Malayalam,1,0,,False,none,google_translate,False,,0,,0,196,https://www.desmoineswa.gov,2026-09-05,"Unrestricted widget, machine translation only | City publishes no language-access or interpreter page, so there is nothing for a speaker to discover",EH,derived
city_desmoines,City of Des Moines,city,Mam,1,0,,False,none,google_translate,False,,0,,0,196,https://www.desmoineswa.gov,2026-09-05,"Unrestricted widget, machine translation only | City publishes no language-access or interpreter page, so there is nothing for a speaker to discover",EH,derived
city_desmoines,City of Des Moines,city,Mandingo,0,0,,False,none,google_translate,False,,0,,0,196,https://www.desmoineswa.gov,2026-09-05,"Widget present but does not support this language | City publishes no language-access or interpreter page, so there is nothing for a speaker to discover",EH,derived
city_desmoines,City of Des Moines,city,Mandinka,0,0,,False,none,google_translate,False,,0,,0,196,https://www.desmoineswa.gov,2026-09-05,"Widget present but does not support this language | City publishes no language-access or interpreter page, so there is nothing for a speaker to discover",EH,derived
city_desmoines,City of Des Moines,city,Marathi,1,0,,False,none,google_translate,False,,0,,0,196,https://www.desmoineswa.gov,2026-09-05,"Unrestricted widget, machine translation only | City publishes no language-access or interpreter page, so there is nothing for a speaker to discover",EH,derived
city_desmoines,City of Des Moines,city,Marquesan,0,0,,False,none,google_translate,False,,0,,0,196,https://www.desmoineswa.gov,2026-09-05,"Widget present but does not support this language | City publishes no language-access or interpreter page, so there is nothing for a speaker to discover",EH,derived
city_desmoines,City of Des Moines,city,Marshallese,1,0,,False,none,google_translate,False,,0,,0,196,https://www.desmoineswa.gov,2026-09-05,"Unrestricted widget, machine translation only | City publishes no language-access or interpreter page, so there is nothing for a speaker to discover",EH,derived
city_desmoines,City of Des Moines,city,Maya-Quiche,0,0,,False,none,google_translate,False,,0,,0,196,https://www.desmoineswa.gov,2026-09-05,"Widget present but does not support this language | City publishes no language-access or interpreter page, so there is nothing for a speaker to discover",EH,derived
city_desmoines,City of Des Moines,city,Mien,0,0,,False,none,google_translate,False,,0,,0,196,https://www.desmoineswa.gov,2026-09-05,"Widget present but does not support this language | City publishes no language-access or interpreter page, so there is nothing for a speaker to discover",EH,derived
city_desmoines,City of Des Moines,city,Mixteco,0,0,,False,none,google_translate,False,,0,,0,196,https://www.desmoineswa.gov,2026-09-05,"Widget present but does not support this language | City publishes no language-access or interpreter page, so there is nothing for a speaker to discover",EH,derived
city_desmoines,City of Des Moines,city,Moldavian,0,0,,False,none,google_translate,False,,0,,0,196,https://www.desmoineswa.gov,2026-09-05,"Widget present but does not support this language | City publishes no language-access or interpreter page, so there is nothing for a speaker to discover",EH,derived
city_desmoines,City of Des Moines,city,Mongolian,1,0,,False,none,google_translate,False,,0,,0,196,https://www.desmoineswa.gov,2026-09-05,"Unrestricted widget, machine translation only | City publishes no language-access or interpreter page, so there is nothing for a speaker to discover",EH,derived
city_desmoines,City of Des Moines,city,Moore,0,0,,False,none,google_translate,False,,0,,0,196,https://www.desmoineswa.gov,2026-09-05,"Widget present but does not support this language | City publishes no language-access or interpreter page, so there is nothing for a speaker to discover",EH,derived
city_desmoines,City of Des Moines,city,"Nahuatl, Guerrero region",0,0,,False,none,google_translate,False,,0,,0,196,https://www.desmoineswa.gov,2026-09-05,"Widget present but does not support this language | City publishes no language-access or interpreter page, so there is nothing for a speaker to discover",EH,derived
city_desmoines,City of Des Moines,city,Nepali,1,0,,False,none,google_translate,False,,0,,0,196,https://www.desmoineswa.gov,2026-09-05,"Unrestricted widget, machine translation only | City publishes no language-access or interpreter page, so there is nothing for a speaker to discover",EH,derived
city_desmoines,City of Des Moines,city,Nuer,1,0,,False,none,google_translate,False,,0,,0,196,https://www.desmoineswa.gov,2026-09-05,"Unrestricted widget, machine translation only | City publishes no language-access or interpreter page, so there is nothing for a speaker to discover",EH,derived
city_desmoines,City of Des Moines,city,Oromo,1,0,,False,none,google_translate,False,,0,,0,196,https://www.desmoineswa.gov,2026-09-05,"Unrestricted widget, machine translation only | City publishes no language-access or interpreter page, so there is nothing for a speaker to discover",EH,derived
city_desmoines,City of Des Moines,city,Palau,0,0,,False,none,google_translate,False,,0,,0,196,https://www.desmoineswa.gov,2026-09-05,"Widget present but does not support this language | City publishes no language-access or interpreter page, so there is nothing for a speaker to discover",EH,derived
city_desmoines,City of Des Moines,city,Pashai,0,0,,False,none,google_translate,False,,0,,0,196,https://www.desmoineswa.gov,2026-09-05,"Widget present but does not support this language | City publishes no language-access or interpreter page, so there is nothing for a speaker to discover",EH,derived
city_desmoines,City of Des Moines,city,Pashto,1,0,,False,none,google_translate,False,,0,,0,196,https://www.desmoineswa.gov,2026-09-05,"Unrestricted widget, machine translation only | City publishes no language-access or interpreter page, so there is nothing for a speaker to discover",EH,derived
city_desmoines,City of Des Moines,city,Pere,0,0,,False,none,google_translate,False,,0,,0,196,https://www.desmoineswa.gov,2026-09-05,"Widget present but does not support this language | City publishes no language-access or interpreter page, so there is nothing for a speaker to discover",EH,derived
city_desmoines,City of Des Moines,city,Polish,1,0,,False,none,google_translate,False,,0,,0,196,https://www.desmoineswa.gov,2026-09-05,"Unrestricted widget, machine translation only | City publishes no language-access or interpreter page, so there is nothing for a speaker to discover",EH,derived
city_desmoines,City of Des Moines,city,Portuguese,1,0,,False,none,google_translate,False,,0,,0,196,https://www.desmoineswa.gov,2026-09-05,"Unrestricted widget, machine translation only | City publishes no language-access or interpreter page, so there is nothing for a speaker to discover",EH,derived
city_desmoines,City of Des Moines,city,Punjabi,1,0,,False,none,google_translate,False,,0,,0,196,https://www.desmoineswa.gov,2026-09-05,"Unrestricted widget, machine translation only | City publishes no language-access or interpreter page, so there is nothing for a speaker to discover",EH,derived
city_desmoines,City of Des Moines,city,Purepecha,0,0,,False,none,google_translate,False,,0,,0,196,https://www.desmoineswa.gov,2026-09-05,"Widget present but does not support this language | City publishes no language-access or interpreter page, so there is nothing for a speaker to discover",EH,derived
city_desmoines,City of Des Moines,city,Rohingya,0,0,,False,none,google_translate,False,,0,,0,196,https://www.desmoineswa.gov,2026-09-05,"Widget present but does not support this language | City publishes no language-access or interpreter page, so there is nothing for a speaker to discover",EH,derived
city_desmoines,City of Des Moines,city,Romanian,1,0,,False,none,google_translate,False,,0,,0,196,https://www.desmoineswa.gov,2026-09-05,"Unrestricted widget, machine translation only | City publishes no language-access or interpreter page, so there is nothing for a speaker to discover",EH,derived
city_desmoines,City of Des Moines,city,Russian,1,0,,False,none,google_translate,False,,0,,0,196,https://www.desmoineswa.gov,2026-09-05,"Unrestricted widget, machine translation only | City publishes no language-access or interpreter page, so there is nothing for a speaker to discover",EH,derived
city_desmoines,City of Des Moines,city,Samoan,1,0,,False,none,google_translate,False,,0,,0,196,https://www.desmoineswa.gov,2026-09-05,"Unrestricted widget, machine translation only | City publishes no language-access or interpreter page, so there is nothing for a speaker to discover",EH,derived
city_desmoines,City of Des Moines,city,Sao,0,0,,False,none,google_translate,False,,0,,0,196,https://www.desmoineswa.gov,2026-09-05,"Widget present but does not support this language | City publishes no language-access or interpreter page, so there is nothing for a speaker to discover",EH,derived
city_desmoines,City of Des Moines,city,Serbo-Croation,0,0,,False,none,google_translate,False,,0,,0,196,https://www.desmoineswa.gov,2026-09-05,"Widget present but does not support this language | City publishes no language-access or interpreter page, so there is nothing for a speaker to discover",EH,derived
city_desmoines,City of Des Moines,city,Shona,1,0,,False,none,google_translate,False,,0,,0,196,https://www.desmoineswa.gov,2026-09-05,"Unrestricted widget, machine translation only | City publishes no language-access or interpreter page, so there is nothing for a speaker to discover",EH,derived
city_desmoines,City of Des Moines,city,Sinhalese,0,0,,False,none,google_translate,False,,0,,0,196,https://www.desmoineswa.gov,2026-09-05,"Widget present but does not support this language | City publishes no language-access or interpreter page, so there is nothing for a speaker to discover",EH,derived
city_desmoines,City of Des Moines,city,Slovenian,1,0,,False,none,google_translate,False,,0,,0,196,https://www.desmoineswa.gov,2026-09-05,"Unrestricted widget, machine translation only | City publishes no language-access or interpreter page, so there is nothing for a speaker to discover",EH,derived
city_desmoines,City of Des Moines,city,Somali,1,0,,False,none,google_translate,False,,0,,0,196,https://www.desmoineswa.gov,2026-09-05,"Unrestricted widget, machine translation only | City publishes no language-access or interpreter page, so there is nothing for a speaker to discover",EH,derived
city_desmoines,City of Des Moines,city,Soninke,0,0,,False,none,google_translate,False,,0,,0,196,https://www.desmoineswa.gov,2026-09-05,"Widget present but does not support this language | City publishes no language-access or interpreter page, so there is nothing for a speaker to discover",EH,derived
city_desmoines,City of Des Moines,city,Sotho,0,0,,False,none,google_translate,False,,0,,0,196,https://www.desmoineswa.gov,2026-09-05,"Widget present but does not support this language | City publishes no language-access or interpreter page, so there is nothing for a speaker to discover",EH,derived
city_desmoines,City of Des Moines,city,Spanish,1,0,,False,none,google_translate,False,,0,,0,196,https://www.desmoineswa.gov,2026-09-05,"Unrestricted widget, machine translation only | City publishes no language-access or interpreter page, so there is nothing for a speaker to discover",EH,derived
city_desmoines,City of Des Moines,city,Swahili,1,0,,False,none,google_translate,False,,0,,0,196,https://www.desmoineswa.gov,2026-09-05,"Unrestricted widget, machine translation only | City publishes no language-access or interpreter page, so there is nothing for a speaker to discover",EH,derived
city_desmoines,City of Des Moines,city,Tagalog,1,0,,False,none,google_translate,False,,0,,0,196,https://www.desmoineswa.gov,2026-09-05,"Unrestricted widget, machine translation only | City publishes no language-access or interpreter page, so there is nothing for a speaker to discover",EH,derived
city_desmoines,City of Des Moines,city,Taishanese,0,0,,False,none,google_translate,False,,0,,0,196,https://www.desmoineswa.gov,2026-09-05,"Widget present but does not support this language | City publishes no language-access or interpreter page, so there is nothing for a speaker to discover",EH,derived
city_desmoines,City of Des Moines,city,Tajiki,0,0,,False,none,google_translate,False,,0,,0,196,https://www.desmoineswa.gov,2026-09-05,"Widget present but does not support this language | City publishes no language-access or interpreter page, so there is nothing for a speaker to discover",EH,derived
city_desmoines,City of Des Moines,city,Tamil,1,0,,False,none,google_translate,False,,0,,0,196,https://www.desmoineswa.gov,2026-09-05,"Unrestricted widget, machine translation only | City publishes no language-access or interpreter page, so there is nothing for a speaker to discover",EH,derived
city_desmoines,City of Des Moines,city,Tarasco,0,0,,False,none,google_translate,False,,0,,0,196,https://www.desmoineswa.gov,2026-09-05,"Widget present but does not support this language | City publishes no language-access or interpreter page, so there is nothing for a speaker to discover",EH,derived
city_desmoines,City of Des Moines,city,Tedim,0,0,,False,none,google_translate,False,,0,,0,196,https://www.desmoineswa.gov,2026-09-05,"Widget present but does not support this language | City publishes no language-access or interpreter page, so there is nothing for a speaker to discover",EH,derived
city_desmoines,City of Des Moines,city,Telugu,1,0,,False,none,google_translate,False,,0,,0,196,https://www.desmoineswa.gov,2026-09-05,"Unrestricted widget, machine translation only | City publishes no language-access or interpreter page, so there is nothing for a speaker to discover",EH,derived
city_desmoines,City of Des Moines,city,Thai,1,0,,False,none,google_translate,False,,0,,0,196,https://www.desmoineswa.gov,2026-09-05,"Unrestricted widget, machine translation only | City publishes no language-access or interpreter page, so there is nothing for a speaker to discover",EH,derived
city_desmoines,City of Des Moines,city,Tibetan,1,0,,False,none,google_translate,False,,0,,0,196,https://www.desmoineswa.gov,2026-09-05,"Unrestricted widget, machine translation only | City publishes no language-access or interpreter page, so there is nothing for a speaker to discover",EH,derived
city_desmoines,City of Des Moines,city,Tigrinya,1,0,,False,none,google_translate,False,,0,,0,196,https://www.desmoineswa.gov,2026-09-05,"Unrestricted widget, machine translation only | City publishes no language-access or interpreter page, so there is nothing for a speaker to discover",EH,derived
city_desmoines,City of Des Moines,city,Tongan,1,0,,False,none,google_translate,False,,0,,0,196,https://www.desmoineswa.gov,2026-09-05,"Unrestricted widget, machine translation only | City publishes no language-access or interpreter page, so there is nothing for a speaker to discover",EH,derived
city_desmoines,City of Des Moines,city,Turkish,1,0,,False,none,google_translate,False,,0,,0,196,https://www.desmoineswa.gov,2026-09-05,"Unrestricted widget, machine translation only | City publishes no language-access or interpreter page, so there is nothing for a speaker to discover",EH,derived
city_desmoines,City of Des Moines,city,Twi,1,0,,False,none,google_translate,False,,0,,0,196,https://www.desmoineswa.gov,2026-09-05,"Unrestricted widget, machine translation only | City publishes no language-access or interpreter page, so there is nothing for a speaker to discover",EH,derived
city_desmoines,City of Des Moines,city,Ukrainian,1,0,,False,none,google_translate,False,,0,,0,196,https://www.desmoineswa.gov,2026-09-05,"Unrestricted widget, machine translation only | City publishes no language-access or interpreter page, so there is nothing for a speaker to discover",EH,derived
city_desmoines,City of Des Moines,city,Urdu,1,0,,False,none,google_translate,False,,0,,0,196,https://www.desmoineswa.gov,2026-09-05,"Unrestricted widget, machine translation only | City publishes no language-access or interpreter page, so there is nothing for a speaker to discover",EH,derived
city_desmoines,City of Des Moines,city,Uzbek,1,0,,False,none,google_translate,False,,0,,0,196,https://www.desmoineswa.gov,2026-09-05,"Unrestricted widget, machine translation only | City publishes no language-access or interpreter page, so there is nothing for a speaker to discover",EH,derived
city_desmoines,City of Des Moines,city,Vietnamese,1,0,,False,none,google_translate,False,,0,,0,196,https://www.desmoineswa.gov,2026-09-05,"Unrestricted widget, machine translation only | City publishes no language-access or interpreter page, so there is nothing for a speaker to discover",EH,derived
city_desmoines,City of Des Moines,city,Wolof,1,0,,False,none,google_translate,False,,0,,0,196,https://www.desmoineswa.gov,2026-09-05,"Unrestricted widget, machine translation only | City publishes no language-access or interpreter page, so there is nothing for a speaker to discover",EH,derived
city_desmoines,City of Des Moines,city,Yap,0,0,,False,none,google_translate,False,,0,,0,196,https://www.desmoineswa.gov,2026-09-05,"Widget present but does not support this language | City publishes no language-access or interpreter page, so there is nothing for a speaker to discover",EH,derived
city_desmoines,City of Des Moines,city,Yoruba,1,0,,False,none,google_translate,False,,0,,0,196,https://www.desmoineswa.gov,2026-09-05,"Unrestricted widget, machine translation only | City publishes no language-access or interpreter page, so there is nothing for a speaker to discover",EH,derived
city_federalway,City of Federal Way,city,Acholi,0,0,,False,none,gtranslate,True,15,0,,2,701,https://www.federalwaywa.gov,2026-09-05,Widget restricted to 15 languages; this language is NOT on the list,EH,derived
city_federalway,City of Federal Way,city,Aguacateco,0,0,,False,none,gtranslate,True,15,0,,2,701,https://www.federalwaywa.gov,2026-09-05,Widget restricted to 15 languages; this language is NOT on the list,EH,derived
city_federalway,City of Federal Way,city,Akateko,0,0,,False,none,gtranslate,True,15,0,,2,701,https://www.federalwaywa.gov,2026-09-05,Widget restricted to 15 languages; this language is NOT on the list,EH,derived
city_federalway,City of Federal Way,city,Albanian,0,0,,False,none,gtranslate,True,15,0,,2,701,https://www.federalwaywa.gov,2026-09-05,Widget restricted to 15 languages; this language is NOT on the list,EH,derived
city_federalway,City of Federal Way,city,American Sign Language,0,0,,False,none,gtranslate,True,15,0,,2,701,https://www.federalwaywa.gov,2026-09-05,Widget restricted to 15 languages; this language is NOT on the list,EH,derived
city_federalway,City of Federal Way,city,Amharic,0,0,,False,none,gtranslate,True,15,0,,2,701,https://www.federalwaywa.gov,2026-09-05,Widget restricted to 15 languages; this language is NOT on the list,EH,derived
city_federalway,City of Federal Way,city,Arabic,0,0,,False,none,gtranslate,True,15,0,,2,701,https://www.federalwaywa.gov,2026-09-05,Widget restricted to 15 languages; this language is NOT on the list,EH,derived
city_federalway,City of Federal Way,city,Armenian,0,0,,False,none,gtranslate,True,15,0,,2,701,https://www.federalwaywa.gov,2026-09-05,Widget restricted to 15 languages; this language is NOT on the list,EH,derived
city_federalway,City of Federal Way,city,Ayula-Bambara,0,0,,False,none,gtranslate,True,15,0,,2,701,https://www.federalwaywa.gov,2026-09-05,Widget restricted to 15 languages; this language is NOT on the list,EH,derived
city_federalway,City of Federal Way,city,Azerbaijani,0,0,,False,none,gtranslate,True,15,0,,2,701,https://www.federalwaywa.gov,2026-09-05,Widget restricted to 15 languages; this language is NOT on the list,EH,derived
city_federalway,City of Federal Way,city,Bambara,0,0,,False,none,gtranslate,True,15,0,,2,701,https://www.federalwaywa.gov,2026-09-05,Widget restricted to 15 languages; this language is NOT on the list,EH,derived
city_federalway,City of Federal Way,city,Bangala,0,0,,False,none,gtranslate,True,15,0,,2,701,https://www.federalwaywa.gov,2026-09-05,Widget restricted to 15 languages; this language is NOT on the list,EH,derived
city_federalway,City of Federal Way,city,Bassa,0,0,,False,none,gtranslate,True,15,0,,2,701,https://www.federalwaywa.gov,2026-09-05,Widget restricted to 15 languages; this language is NOT on the list,EH,derived
city_federalway,City of Federal Way,city,Bengali,0,0,,False,none,gtranslate,True,15,0,,2,701,https://www.federalwaywa.gov,2026-09-05,Widget restricted to 15 languages; this language is NOT on the list,EH,derived
city_federalway,City of Federal Way,city,Bosnian,0,0,,False,none,gtranslate,True,15,0,,2,701,https://www.federalwaywa.gov,2026-09-05,Widget restricted to 15 languages; this language is NOT on the list,EH,derived
city_federalway,City of Federal Way,city,Bulgarian,0,0,,False,none,gtranslate,True,15,0,,2,701,https://www.federalwaywa.gov,2026-09-05,Widget restricted to 15 languages; this language is NOT on the list,EH,derived
city_federalway,City of Federal Way,city,Burmese,0,0,,False,none,gtranslate,True,15,0,,2,701,https://www.federalwaywa.gov,2026-09-05,Widget restricted to 15 languages; this language is NOT on the list,EH,derived
city_federalway,City of Federal Way,city,Carolinian,0,0,,False,none,gtranslate,True,15,0,,2,701,https://www.federalwaywa.gov,2026-09-05,Widget restricted to 15 languages; this language is NOT on the list,EH,derived
city_federalway,City of Federal Way,city,Catalan,0,0,,False,none,gtranslate,True,15,0,,2,701,https://www.federalwaywa.gov,2026-09-05,Widget restricted to 15 languages; this language is NOT on the list,EH,derived
city_federalway,City of Federal Way,city,Cebuano,0,0,,False,none,gtranslate,True,15,0,,2,701,https://www.federalwaywa.gov,2026-09-05,Widget restricted to 15 languages; this language is NOT on the list,EH,derived
city_federalway,City of Federal Way,city,Cham,0,0,,False,none,gtranslate,True,15,0,,2,701,https://www.federalwaywa.gov,2026-09-05,Widget restricted to 15 languages; this language is NOT on the list,EH,derived
city_federalway,City of Federal Way,city,Chamorro,0,0,,False,none,gtranslate,True,15,0,,2,701,https://www.federalwaywa.gov,2026-09-05,Widget restricted to 15 languages; this language is NOT on the list,EH,derived
city_federalway,City of Federal Way,city,Chin,0,0,,False,none,gtranslate,True,15,0,,2,701,https://www.federalwaywa.gov,2026-09-05,Widget restricted to 15 languages; this language is NOT on the list,EH,derived
city_federalway,City of Federal Way,city,Chinese-Cantonese,0,0,,False,none,gtranslate,True,15,0,,2,701,https://www.federalwaywa.gov,2026-09-05,Widget restricted to 15 languages; this language is NOT on the list,EH,derived
city_federalway,City of Federal Way,city,Chinese-Fukienese,0,0,,False,none,gtranslate,True,15,0,,2,701,https://www.federalwaywa.gov,2026-09-05,Widget restricted to 15 languages; this language is NOT on the list,EH,derived
city_federalway,City of Federal Way,city,Chinese-Mandarin,0,0,,False,none,gtranslate,True,15,0,,2,701,https://www.federalwaywa.gov,2026-09-05,Widget restricted to 15 languages; this language is NOT on the list,EH,derived
city_federalway,City of Federal Way,city,Chinese-Taiwanese,0,0,,False,none,gtranslate,True,15,0,,2,701,https://www.federalwaywa.gov,2026-09-05,Widget restricted to 15 languages; this language is NOT on the list,EH,derived
city_federalway,City of Federal Way,city,Chuukese,0,0,,False,none,gtranslate,True,15,0,,2,701,https://www.federalwaywa.gov,2026-09-05,Widget restricted to 15 languages; this language is NOT on the list,EH,derived
city_federalway,City of Federal Way,city,Dari,1,2,,True,machine_widget,gtranslate,True,15,0,,2,701,https://www.federalwaywa.gov,2026-09-05,Widget restricted to 15 languages; this language is on the list,EH,derived
city_federalway,City of Federal Way,city,Dinka,0,0,,False,none,gtranslate,True,15,0,,2,701,https://www.federalwaywa.gov,2026-09-05,Widget restricted to 15 languages; this language is NOT on the list,EH,derived
city_federalway,City of Federal Way,city,Dutch,0,0,,False,none,gtranslate,True,15,0,,2,701,https://www.federalwaywa.gov,2026-09-05,Widget restricted to 15 languages; this language is NOT on the list,EH,derived
city_federalway,City of Federal Way,city,Egyptian-Arabic,0,0,,False,none,gtranslate,True,15,0,,2,701,https://www.federalwaywa.gov,2026-09-05,Widget restricted to 15 languages; this language is NOT on the list,EH,derived
city_federalway,City of Federal Way,city,Eritai,0,0,,False,none,gtranslate,True,15,0,,2,701,https://www.federalwaywa.gov,2026-09-05,Widget restricted to 15 languages; this language is NOT on the list,EH,derived
city_federalway,City of Federal Way,city,Estonian,0,0,,False,none,gtranslate,True,15,0,,2,701,https://www.federalwaywa.gov,2026-09-05,Widget restricted to 15 languages; this language is NOT on the list,EH,derived
city_federalway,City of Federal Way,city,Ewe,0,0,,False,none,gtranslate,True,15,0,,2,701,https://www.federalwaywa.gov,2026-09-05,Widget restricted to 15 languages; this language is NOT on the list,EH,derived
city_federalway,City of Federal Way,city,Fallani,0,0,,False,none,gtranslate,True,15,0,,2,701,https://www.federalwaywa.gov,2026-09-05,Widget restricted to 15 languages; this language is NOT on the list,EH,derived
city_federalway,City of Federal Way,city,Farsi,1,2,,True,machine_widget,gtranslate,True,15,0,,2,701,https://www.federalwaywa.gov,2026-09-05,Widget restricted to 15 languages; this language is on the list,EH,derived
city_federalway,City of Federal Way,city,French,1,2,,True,machine_widget,gtranslate,True,15,0,,2,701,https://www.federalwaywa.gov,2026-09-05,Widget restricted to 15 languages; this language is on the list,EH,derived
city_federalway,City of Federal Way,city,Fula,0,0,,False,none,gtranslate,True,15,0,,2,701,https://www.federalwaywa.gov,2026-09-05,Widget restricted to 15 languages; this language is NOT on the list,EH,derived
city_federalway,City of Federal Way,city,Ga,0,0,,False,none,gtranslate,True,15,0,,2,701,https://www.federalwaywa.gov,2026-09-05,Widget restricted to 15 languages; this language is NOT on the list,EH,derived
city_federalway,City of Federal Way,city,German,1,2,,True,machine_widget,gtranslate,True,15,0,,2,701,https://www.federalwaywa.gov,2026-09-05,Widget restricted to 15 languages; this language is on the list,EH,derived
city_federalway,City of Federal Way,city,"Greek, Modern",0,0,,False,none,gtranslate,True,15,0,,2,701,https://www.federalwaywa.gov,2026-09-05,Widget restricted to 15 languages; this language is NOT on the list,EH,derived
city_federalway,City of Federal Way,city,Gujarati,0,0,,False,none,gtranslate,True,15,0,,2,701,https://www.federalwaywa.gov,2026-09-05,Widget restricted to 15 languages; this language is NOT on the list,EH,derived
city_federalway,City of Federal Way,city,Haitian Creole,0,0,,False,none,gtranslate,True,15,0,,2,701,https://www.federalwaywa.gov,2026-09-05,Widget restricted to 15 languages; this language is NOT on the list,EH,derived
city_federalway,City of Federal Way,city,Hausa,0,0,,False,none,gtranslate,True,15,0,,2,701,https://www.federalwaywa.gov,2026-09-05,Widget restricted to 15 languages; this language is NOT on the list,EH,derived
city_federalway,City of Federal Way,city,Hawaiian,0,0,,False,none,gtranslate,True,15,0,,2,701,https://www.federalwaywa.gov,2026-09-05,Widget restricted to 15 languages; this language is NOT on the list,EH,derived
city_federalway,City of Federal Way,city,Herero,0,0,,False,none,gtranslate,True,15,0,,2,701,https://www.federalwaywa.gov,2026-09-05,Widget restricted to 15 languages; this language is NOT on the list,EH,derived
city_federalway,City of Federal Way,city,Hindi,0,0,,False,none,gtranslate,True,15,0,,2,701,https://www.federalwaywa.gov,2026-09-05,Widget restricted to 15 languages; this language is NOT on the list,EH,derived
city_federalway,City of Federal Way,city,Hmong,0,0,,False,none,gtranslate,True,15,0,,2,701,https://www.federalwaywa.gov,2026-09-05,Widget restricted to 15 languages; this language is NOT on the list,EH,derived
city_federalway,City of Federal Way,city,Hungarian,0,0,,False,none,gtranslate,True,15,0,,2,701,https://www.federalwaywa.gov,2026-09-05,Widget restricted to 15 languages; this language is NOT on the list,EH,derived
city_federalway,City of Federal Way,city,Igbo,0,0,,False,none,gtranslate,True,15,0,,2,701,https://www.federalwaywa.gov,2026-09-05,Widget restricted to 15 languages; this language is NOT on the list,EH,derived
city_federalway,City of Federal Way,city,Ilokano,0,0,,False,none,gtranslate,True,15,0,,2,701,https://www.federalwaywa.gov,2026-09-05,Widget restricted to 15 languages; this language is NOT on the list,EH,derived
city_federalway,City of Federal Way,city,Indonesian,0,0,,False,none,gtranslate,True,15,0,,2,701,https://www.federalwaywa.gov,2026-09-05,Widget restricted to 15 languages; this language is NOT on the list,EH,derived
city_federalway,City of Federal Way,city,Italian,1,2,,True,machine_widget,gtranslate,True,15,0,,2,701,https://www.federalwaywa.gov,2026-09-05,Widget restricted to 15 languages; this language is on the list,EH,derived
city_federalway,City of Federal Way,city,Japanese,1,2,,True,machine_widget,gtranslate,True,15,0,,2,701,https://www.federalwaywa.gov,2026-09-05,Widget restricted to 15 languages; this language is on the list,EH,derived
city_federalway,City of Federal Way,city,Kakwa,0,0,,False,none,gtranslate,True,15,0,,2,701,https://www.federalwaywa.gov,2026-09-05,Widget restricted to 15 languages; this language is NOT on the list,EH,derived
city_federalway,City of Federal Way,city,Kannada,0,0,,False,none,gtranslate,True,15,0,,2,701,https://www.federalwaywa.gov,2026-09-05,Widget restricted to 15 languages; this language is NOT on the list,EH,derived
city_federalway,City of Federal Way,city,Karen,0,0,,False,none,gtranslate,True,15,0,,2,701,https://www.federalwaywa.gov,2026-09-05,Widget restricted to 15 languages; this language is NOT on the list,EH,derived
city_federalway,City of Federal Way,city,Karenni,0,0,,False,none,gtranslate,True,15,0,,2,701,https://www.federalwaywa.gov,2026-09-05,Widget restricted to 15 languages; this language is NOT on the list,EH,derived
city_federalway,City of Federal Way,city,Kazakh,0,0,,False,none,gtranslate,True,15,0,,2,701,https://www.federalwaywa.gov,2026-09-05,Widget restricted to 15 languages; this language is NOT on the list,EH,derived
city_federalway,City of Federal Way,city,Khmer,0,0,,False,none,gtranslate,True,15,0,,2,701,https://www.federalwaywa.gov,2026-09-05,Widget restricted to 15 languages; this language is NOT on the list,EH,derived
city_federalway,City of Federal Way,city,Kikuyu,0,0,,False,none,gtranslate,True,15,0,,2,701,https://www.federalwaywa.gov,2026-09-05,Widget restricted to 15 languages; this language is NOT on the list,EH,derived
city_federalway,City of Federal Way,city,Kinyarwanda,0,0,,False,none,gtranslate,True,15,0,,2,701,https://www.federalwaywa.gov,2026-09-05,Widget restricted to 15 languages; this language is NOT on the list,EH,derived
city_federalway,City of Federal Way,city,Kirgiz,0,0,,False,none,gtranslate,True,15,0,,2,701,https://www.federalwaywa.gov,2026-09-05,Widget restricted to 15 languages; this language is NOT on the list,EH,derived
city_federalway,City of Federal Way,city,Kirundi,0,0,,False,none,gtranslate,True,15,0,,2,701,https://www.federalwaywa.gov,2026-09-05,Widget restricted to 15 languages; this language is NOT on the list,EH,derived
city_federalway,City of Federal Way,city,Kmhmu,0,0,,False,none,gtranslate,True,15,0,,2,701,https://www.federalwaywa.gov,2026-09-05,Widget restricted to 15 languages; this language is NOT on the list,EH,derived
city_federalway,City of Federal Way,city,Kongo,0,0,,False,none,gtranslate,True,15,0,,2,701,https://www.federalwaywa.gov,2026-09-05,Widget restricted to 15 languages; this language is NOT on the list,EH,derived
city_federalway,City of Federal Way,city,Korean,1,2,,True,machine_widget,gtranslate,True,15,0,,2,701,https://www.federalwaywa.gov,2026-09-05,Widget restricted to 15 languages; this language is on the list,EH,derived
city_federalway,City of Federal Way,city,Kosraean,0,0,,False,none,gtranslate,True,15,0,,2,701,https://www.federalwaywa.gov,2026-09-05,Widget restricted to 15 languages; this language is NOT on the list,EH,derived
city_federalway,City of Federal Way,city,Krahn,0,0,,False,none,gtranslate,True,15,0,,2,701,https://www.federalwaywa.gov,2026-09-05,Widget restricted to 15 languages; this language is NOT on the list,EH,derived
city_federalway,City of Federal Way,city,Krio,0,0,,False,none,gtranslate,True,15,0,,2,701,https://www.federalwaywa.gov,2026-09-05,Widget restricted to 15 languages; this language is NOT on the list,EH,derived
city_federalway,City of Federal Way,city,Kru,0,0,,False,none,gtranslate,True,15,0,,2,701,https://www.federalwaywa.gov,2026-09-05,Widget restricted to 15 languages; this language is NOT on the list,EH,derived
city_federalway,City of Federal Way,city,Kurdish,0,0,,False,none,gtranslate,True,15,0,,2,701,https://www.federalwaywa.gov,2026-09-05,Widget restricted to 15 languages; this language is NOT on the list,EH,derived
city_federalway,City of Federal Way,city,Lao,0,0,,False,none,gtranslate,True,15,0,,2,701,https://www.federalwaywa.gov,2026-09-05,Widget restricted to 15 languages; this language is NOT on the list,EH,derived
city_federalway,City of Federal Way,city,Latvian,0,0,,False,none,gtranslate,True,15,0,,2,701,https://www.federalwaywa.gov,2026-09-05,Widget restricted to 15 languages; this language is NOT on the list,EH,derived
city_federalway,City of Federal Way,city,Lingala,0,0,,False,none,gtranslate,True,15,0,,2,701,https://www.federalwaywa.gov,2026-09-05,Widget restricted to 15 languages; this language is NOT on the list,EH,derived
city_federalway,City of Federal Way,city,Luganda,0,0,,False,none,gtranslate,True,15,0,,2,701,https://www.federalwaywa.gov,2026-09-05,Widget restricted to 15 languages; this language is NOT on the list,EH,derived
city_federalway,City of Federal Way,city,Maay Maay,0,0,,False,none,gtranslate,True,15,0,,2,701,https://www.federalwaywa.gov,2026-09-05,Widget restricted to 15 languages; this language is NOT on the list,EH,derived
city_federalway,City of Federal Way,city,Malay,0,0,,False,none,gtranslate,True,15,0,,2,701,https://www.federalwaywa.gov,2026-09-05,Widget restricted to 15 languages; this language is NOT on the list,EH,derived
city_federalway,City of Federal Way,city,Malayalam,0,0,,False,none,gtranslate,True,15,0,,2,701,https://www.federalwaywa.gov,2026-09-05,Widget restricted to 15 languages; this language is NOT on the list,EH,derived
city_federalway,City of Federal Way,city,Mam,0,0,,False,none,gtranslate,True,15,0,,2,701,https://www.federalwaywa.gov,2026-09-05,Widget restricted to 15 languages; this language is NOT on the list,EH,derived
city_federalway,City of Federal Way,city,Mandingo,0,0,,False,none,gtranslate,True,15,0,,2,701,https://www.federalwaywa.gov,2026-09-05,Widget restricted to 15 languages; this language is NOT on the list,EH,derived
city_federalway,City of Federal Way,city,Mandinka,0,0,,False,none,gtranslate,True,15,0,,2,701,https://www.federalwaywa.gov,2026-09-05,Widget restricted to 15 languages; this language is NOT on the list,EH,derived
city_federalway,City of Federal Way,city,Marathi,0,0,,False,none,gtranslate,True,15,0,,2,701,https://www.federalwaywa.gov,2026-09-05,Widget restricted to 15 languages; this language is NOT on the list,EH,derived
city_federalway,City of Federal Way,city,Marquesan,0,0,,False,none,gtranslate,True,15,0,,2,701,https://www.federalwaywa.gov,2026-09-05,Widget restricted to 15 languages; this language is NOT on the list,EH,derived
city_federalway,City of Federal Way,city,Marshallese,0,0,,False,none,gtranslate,True,15,0,,2,701,https://www.federalwaywa.gov,2026-09-05,Widget restricted to 15 languages; this language is NOT on the list,EH,derived
city_federalway,City of Federal Way,city,Maya-Quiche,0,0,,False,none,gtranslate,True,15,0,,2,701,https://www.federalwaywa.gov,2026-09-05,Widget restricted to 15 languages; this language is NOT on the list,EH,derived
city_federalway,City of Federal Way,city,Mien,0,0,,False,none,gtranslate,True,15,0,,2,701,https://www.federalwaywa.gov,2026-09-05,Widget restricted to 15 languages; this language is NOT on the list,EH,derived
city_federalway,City of Federal Way,city,Mixteco,0,0,,False,none,gtranslate,True,15,0,,2,701,https://www.federalwaywa.gov,2026-09-05,Widget restricted to 15 languages; this language is NOT on the list,EH,derived
city_federalway,City of Federal Way,city,Moldavian,0,0,,False,none,gtranslate,True,15,0,,2,701,https://www.federalwaywa.gov,2026-09-05,Widget restricted to 15 languages; this language is NOT on the list,EH,derived
city_federalway,City of Federal Way,city,Mongolian,0,0,,False,none,gtranslate,True,15,0,,2,701,https://www.federalwaywa.gov,2026-09-05,Widget restricted to 15 languages; this language is NOT on the list,EH,derived
city_federalway,City of Federal Way,city,Moore,0,0,,False,none,gtranslate,True,15,0,,2,701,https://www.federalwaywa.gov,2026-09-05,Widget restricted to 15 languages; this language is NOT on the list,EH,derived
city_federalway,City of Federal Way,city,"Nahuatl, Guerrero region",0,0,,False,none,gtranslate,True,15,0,,2,701,https://www.federalwaywa.gov,2026-09-05,Widget restricted to 15 languages; this language is NOT on the list,EH,derived
city_federalway,City of Federal Way,city,Nepali,0,0,,False,none,gtranslate,True,15,0,,2,701,https://www.federalwaywa.gov,2026-09-05,Widget restricted to 15 languages; this language is NOT on the list,EH,derived
city_federalway,City of Federal Way,city,Nuer,0,0,,False,none,gtranslate,True,15,0,,2,701,https://www.federalwaywa.gov,2026-09-05,Widget restricted to 15 languages; this language is NOT on the list,EH,derived
city_federalway,City of Federal Way,city,Oromo,0,0,,False,none,gtranslate,True,15,0,,2,701,https://www.federalwaywa.gov,2026-09-05,Widget restricted to 15 languages; this language is NOT on the list,EH,derived
city_federalway,City of Federal Way,city,Palau,0,0,,False,none,gtranslate,True,15,0,,2,701,https://www.federalwaywa.gov,2026-09-05,Widget restricted to 15 languages; this language is NOT on the list,EH,derived
city_federalway,City of Federal Way,city,Pashai,0,0,,False,none,gtranslate,True,15,0,,2,701,https://www.federalwaywa.gov,2026-09-05,Widget restricted to 15 languages; this language is NOT on the list,EH,derived
city_federalway,City of Federal Way,city,Pashto,1,2,,True,machine_widget,gtranslate,True,15,0,,2,701,https://www.federalwaywa.gov,2026-09-05,Widget restricted to 15 languages; this language is on the list,EH,derived
city_federalway,City of Federal Way,city,Pere,0,0,,False,none,gtranslate,True,15,0,,2,701,https://www.federalwaywa.gov,2026-09-05,Widget restricted to 15 languages; this language is NOT on the list,EH,derived
city_federalway,City of Federal Way,city,Polish,0,0,,False,none,gtranslate,True,15,0,,2,701,https://www.federalwaywa.gov,2026-09-05,Widget restricted to 15 languages; this language is NOT on the list,EH,derived
city_federalway,City of Federal Way,city,Portuguese,1,2,,True,machine_widget,gtranslate,True,15,0,,2,701,https://www.federalwaywa.gov,2026-09-05,Widget restricted to 15 languages; this language is on the list,EH,derived
city_federalway,City of Federal Way,city,Punjabi,0,0,,False,none,gtranslate,True,15,0,,2,701,https://www.federalwaywa.gov,2026-09-05,Widget restricted to 15 languages; this language is NOT on the list,EH,derived
city_federalway,City of Federal Way,city,Purepecha,0,0,,False,none,gtranslate,True,15,0,,2,701,https://www.federalwaywa.gov,2026-09-05,Widget restricted to 15 languages; this language is NOT on the list,EH,derived
city_federalway,City of Federal Way,city,Rohingya,0,0,,False,none,gtranslate,True,15,0,,2,701,https://www.federalwaywa.gov,2026-09-05,Widget restricted to 15 languages; this language is NOT on the list,EH,derived
city_federalway,City of Federal Way,city,Romanian,0,0,,False,none,gtranslate,True,15,0,,2,701,https://www.federalwaywa.gov,2026-09-05,Widget restricted to 15 languages; this language is NOT on the list,EH,derived
city_federalway,City of Federal Way,city,Russian,1,2,,True,machine_widget,gtranslate,True,15,0,,2,701,https://www.federalwaywa.gov,2026-09-05,Widget restricted to 15 languages; this language is on the list,EH,derived
city_federalway,City of Federal Way,city,Samoan,0,0,,False,none,gtranslate,True,15,0,,2,701,https://www.federalwaywa.gov,2026-09-05,Widget restricted to 15 languages; this language is NOT on the list,EH,derived
city_federalway,City of Federal Way,city,Sao,0,0,,False,none,gtranslate,True,15,0,,2,701,https://www.federalwaywa.gov,2026-09-05,Widget restricted to 15 languages; this language is NOT on the list,EH,derived
city_federalway,City of Federal Way,city,Serbo-Croation,0,0,,False,none,gtranslate,True,15,0,,2,701,https://www.federalwaywa.gov,2026-09-05,Widget restricted to 15 languages; this language is NOT on the list,EH,derived
city_federalway,City of Federal Way,city,Shona,0,0,,False,none,gtranslate,True,15,0,,2,701,https://www.federalwaywa.gov,2026-09-05,Widget restricted to 15 languages; this language is NOT on the list,EH,derived
city_federalway,City of Federal Way,city,Sinhalese,0,0,,False,none,gtranslate,True,15,0,,2,701,https://www.federalwaywa.gov,2026-09-05,Widget restricted to 15 languages; this language is NOT on the list,EH,derived
city_federalway,City of Federal Way,city,Slovenian,0,0,,False,none,gtranslate,True,15,0,,2,701,https://www.federalwaywa.gov,2026-09-05,Widget restricted to 15 languages; this language is NOT on the list,EH,derived
city_federalway,City of Federal Way,city,Somali,1,2,,True,machine_widget,gtranslate,True,15,0,,2,701,https://www.federalwaywa.gov,2026-09-05,Widget restricted to 15 languages; this language is on the list,EH,derived
city_federalway,City of Federal Way,city,Soninke,0,0,,False,none,gtranslate,True,15,0,,2,701,https://www.federalwaywa.gov,2026-09-05,Widget restricted to 15 languages; this language is NOT on the list,EH,derived
city_federalway,City of Federal Way,city,Sotho,0,0,,False,none,gtranslate,True,15,0,,2,701,https://www.federalwaywa.gov,2026-09-05,Widget restricted to 15 languages; this language is NOT on the list,EH,derived
city_federalway,City of Federal Way,city,Spanish,1,2,,True,machine_widget,gtranslate,True,15,0,,2,701,https://www.federalwaywa.gov,2026-09-05,Widget restricted to 15 languages; this language is on the list,EH,derived
city_federalway,City of Federal Way,city,Swahili,0,0,,False,none,gtranslate,True,15,0,,2,701,https://www.federalwaywa.gov,2026-09-05,Widget restricted to 15 languages; this language is NOT on the list,EH,derived
city_federalway,City of Federal Way,city,Tagalog,1,2,,True,machine_widget,gtranslate,True,15,0,,2,701,https://www.federalwaywa.gov,2026-09-05,Widget restricted to 15 languages; this language is on the list,EH,derived
city_federalway,City of Federal Way,city,Taishanese,0,0,,False,none,gtranslate,True,15,0,,2,701,https://www.federalwaywa.gov,2026-09-05,Widget restricted to 15 languages; this language is NOT on the list,EH,derived
city_federalway,City of Federal Way,city,Tajiki,0,0,,False,none,gtranslate,True,15,0,,2,701,https://www.federalwaywa.gov,2026-09-05,Widget restricted to 15 languages; this language is NOT on the list,EH,derived
city_federalway,City of Federal Way,city,Tamil,0,0,,False,none,gtranslate,True,15,0,,2,701,https://www.federalwaywa.gov,2026-09-05,Widget restricted to 15 languages; this language is NOT on the list,EH,derived
city_federalway,City of Federal Way,city,Tarasco,0,0,,False,none,gtranslate,True,15,0,,2,701,https://www.federalwaywa.gov,2026-09-05,Widget restricted to 15 languages; this language is NOT on the list,EH,derived
city_federalway,City of Federal Way,city,Tedim,0,0,,False,none,gtranslate,True,15,0,,2,701,https://www.federalwaywa.gov,2026-09-05,Widget restricted to 15 languages; this language is NOT on the list,EH,derived
city_federalway,City of Federal Way,city,Telugu,0,0,,False,none,gtranslate,True,15,0,,2,701,https://www.federalwaywa.gov,2026-09-05,Widget restricted to 15 languages; this language is NOT on the list,EH,derived
city_federalway,City of Federal Way,city,Thai,0,0,,False,none,gtranslate,True,15,0,,2,701,https://www.federalwaywa.gov,2026-09-05,Widget restricted to 15 languages; this language is NOT on the list,EH,derived
city_federalway,City of Federal Way,city,Tibetan,0,0,,False,none,gtranslate,True,15,0,,2,701,https://www.federalwaywa.gov,2026-09-05,Widget restricted to 15 languages; this language is NOT on the list,EH,derived
city_federalway,City of Federal Way,city,Tigrinya,0,0,,False,none,gtranslate,True,15,0,,2,701,https://www.federalwaywa.gov,2026-09-05,Widget restricted to 15 languages; this language is NOT on the list,EH,derived
city_federalway,City of Federal Way,city,Tongan,0,0,,False,none,gtranslate,True,15,0,,2,701,https://www.federalwaywa.gov,2026-09-05,Widget restricted to 15 languages; this language is NOT on the list,EH,derived
city_federalway,City of Federal Way,city,Turkish,0,0,,False,none,gtranslate,True,15,0,,2,701,https://www.federalwaywa.gov,2026-09-05,Widget restricted to 15 languages; this language is NOT on the list,EH,derived
city_federalway,City of Federal Way,city,Twi,0,0,,False,none,gtranslate,True,15,0,,2,701,https://www.federalwaywa.gov,2026-09-05,Widget restricted to 15 languages; this language is NOT on the list,EH,derived
city_federalway,City of Federal Way,city,Ukrainian,1,2,,True,machine_widget,gtranslate,True,15,0,,2,701,https://www.federalwaywa.gov,2026-09-05,Widget restricted to 15 languages; this language is on the list,EH,derived
city_federalway,City of Federal Way,city,Urdu,0,0,,False,none,gtranslate,True,15,0,,2,701,https://www.federalwaywa.gov,2026-09-05,Widget restricted to 15 languages; this language is NOT on the list,EH,derived
city_federalway,City of Federal Way,city,Uzbek,0,0,,False,none,gtranslate,True,15,0,,2,701,https://www.federalwaywa.gov,2026-09-05,Widget restricted to 15 languages; this language is NOT on the list,EH,derived
city_federalway,City of Federal Way,city,Vietnamese,1,2,,True,machine_widget,gtranslate,True,15,0,,2,701,https://www.federalwaywa.gov,2026-09-05,Widget restricted to 15 languages; this language is on the list,EH,derived
city_federalway,City of Federal Way,city,Wolof,0,0,,False,none,gtranslate,True,15,0,,2,701,https://www.federalwaywa.gov,2026-09-05,Widget restricted to 15 languages; this language is NOT on the list,EH,derived
city_federalway,City of Federal Way,city,Yap,0,0,,False,none,gtranslate,True,15,0,,2,701,https://www.federalwaywa.gov,2026-09-05,Widget restricted to 15 languages; this language is NOT on the list,EH,derived
city_federalway,City of Federal Way,city,Yoruba,0,0,,False,none,gtranslate,True,15,0,,2,701,https://www.federalwaywa.gov,2026-09-05,Widget restricted to 15 languages; this language is NOT on the list,EH,derived
city_kent,City of Kent,city,Acholi,1,2,,True,machine_widget,google_translate,False,,0,,2,3818,https://www.kentwa.gov,2026-09-05,"Unrestricted widget, machine translation only",EH,derived
city_kent,City of Kent,city,Aguacateco,0,0,,False,none,google_translate,False,,0,,2,3818,https://www.kentwa.gov,2026-09-05,Widget present but does not support this language,EH,derived
city_kent,City of Kent,city,Akateko,0,0,,False,none,google_translate,False,,0,,2,3818,https://www.kentwa.gov,2026-09-05,Widget present but does not support this language,EH,derived
city_kent,City of Kent,city,Albanian,1,2,,True,machine_widget,google_translate,False,,0,,2,3818,https://www.kentwa.gov,2026-09-05,"Unrestricted widget, machine translation only",EH,derived
city_kent,City of Kent,city,American Sign Language,0,0,,False,none,google_translate,False,,0,,2,3818,https://www.kentwa.gov,2026-09-05,Widget present but does not support this language,EH,derived
city_kent,City of Kent,city,Amharic,1,2,,True,machine_widget,google_translate,False,,0,,2,3818,https://www.kentwa.gov,2026-09-05,"Unrestricted widget, machine translation only",EH,derived
city_kent,City of Kent,city,Arabic,1,2,,True,machine_widget,google_translate,False,,0,,2,3818,https://www.kentwa.gov,2026-09-05,"Unrestricted widget, machine translation only",EH,derived
city_kent,City of Kent,city,Armenian,1,2,,True,machine_widget,google_translate,False,,0,,2,3818,https://www.kentwa.gov,2026-09-05,"Unrestricted widget, machine translation only",EH,derived
city_kent,City of Kent,city,Ayula-Bambara,0,0,,False,none,google_translate,False,,0,,2,3818,https://www.kentwa.gov,2026-09-05,Widget present but does not support this language,EH,derived
city_kent,City of Kent,city,Azerbaijani,1,2,,True,machine_widget,google_translate,False,,0,,2,3818,https://www.kentwa.gov,2026-09-05,"Unrestricted widget, machine translation only",EH,derived
city_kent,City of Kent,city,Bambara,1,2,,True,machine_widget,google_translate,False,,0,,2,3818,https://www.kentwa.gov,2026-09-05,"Unrestricted widget, machine translation only",EH,derived
city_kent,City of Kent,city,Bangala,0,0,,False,none,google_translate,False,,0,,2,3818,https://www.kentwa.gov,2026-09-05,Widget present but does not support this language,EH,derived
city_kent,City of Kent,city,Bassa,0,0,,False,none,google_translate,False,,0,,2,3818,https://www.kentwa.gov,2026-09-05,Widget present but does not support this language,EH,derived
city_kent,City of Kent,city,Bengali,1,2,,True,machine_widget,google_translate,False,,0,,2,3818,https://www.kentwa.gov,2026-09-05,"Unrestricted widget, machine translation only",EH,derived
city_kent,City of Kent,city,Bosnian,1,2,,True,machine_widget,google_translate,False,,0,,2,3818,https://www.kentwa.gov,2026-09-05,"Unrestricted widget, machine translation only",EH,derived
city_kent,City of Kent,city,Bulgarian,1,2,,True,machine_widget,google_translate,False,,0,,2,3818,https://www.kentwa.gov,2026-09-05,"Unrestricted widget, machine translation only",EH,derived
city_kent,City of Kent,city,Burmese,1,2,,True,machine_widget,google_translate,False,,0,,2,3818,https://www.kentwa.gov,2026-09-05,"Unrestricted widget, machine translation only",EH,derived
city_kent,City of Kent,city,Carolinian,0,0,,False,none,google_translate,False,,0,,2,3818,https://www.kentwa.gov,2026-09-05,Widget present but does not support this language,EH,derived
city_kent,City of Kent,city,Catalan,1,2,,True,machine_widget,google_translate,False,,0,,2,3818,https://www.kentwa.gov,2026-09-05,"Unrestricted widget, machine translation only",EH,derived
city_kent,City of Kent,city,Cebuano,1,2,,True,machine_widget,google_translate,False,,0,,2,3818,https://www.kentwa.gov,2026-09-05,"Unrestricted widget, machine translation only",EH,derived
city_kent,City of Kent,city,Cham,0,0,,False,none,google_translate,False,,0,,2,3818,https://www.kentwa.gov,2026-09-05,Widget present but does not support this language,EH,derived
city_kent,City of Kent,city,Chamorro,1,2,,True,machine_widget,google_translate,False,,0,,2,3818,https://www.kentwa.gov,2026-09-05,"Unrestricted widget, machine translation only",EH,derived
city_kent,City of Kent,city,Chin,0,0,,False,none,google_translate,False,,0,,2,3818,https://www.kentwa.gov,2026-09-05,Widget present but does not support this language,EH,derived
city_kent,City of Kent,city,Chinese-Cantonese,1,2,,True,machine_widget,google_translate,False,,0,,2,3818,https://www.kentwa.gov,2026-09-05,"Unrestricted widget, machine translation only",EH,derived
city_kent,City of Kent,city,Chinese-Fukienese,0,0,,False,none,google_translate,False,,0,,2,3818,https://www.kentwa.gov,2026-09-05,Widget present but does not support this language,EH,derived
city_kent,City of Kent,city,Chinese-Mandarin,1,2,,True,machine_widget,google_translate,False,,0,,2,3818,https://www.kentwa.gov,2026-09-05,"Unrestricted widget, machine translation only",EH,derived
city_kent,City of Kent,city,Chinese-Taiwanese,0,0,,False,none,google_translate,False,,0,,2,3818,https://www.kentwa.gov,2026-09-05,Widget present but does not support this language,EH,derived
city_kent,City of Kent,city,Chuukese,1,2,,True,machine_widget,google_translate,False,,0,,2,3818,https://www.kentwa.gov,2026-09-05,"Unrestricted widget, machine translation only",EH,derived
city_kent,City of Kent,city,Dari,1,2,,True,machine_widget,google_translate,False,,0,,2,3818,https://www.kentwa.gov,2026-09-05,"Unrestricted widget, machine translation only",EH,derived
city_kent,City of Kent,city,Dinka,1,2,,True,machine_widget,google_translate,False,,0,,2,3818,https://www.kentwa.gov,2026-09-05,"Unrestricted widget, machine translation only",EH,derived
city_kent,City of Kent,city,Dutch,1,2,,True,machine_widget,google_translate,False,,0,,2,3818,https://www.kentwa.gov,2026-09-05,"Unrestricted widget, machine translation only",EH,derived
city_kent,City of Kent,city,Egyptian-Arabic,0,0,,False,none,google_translate,False,,0,,2,3818,https://www.kentwa.gov,2026-09-05,Widget present but does not support this language,EH,derived
city_kent,City of Kent,city,Eritai,0,0,,False,none,google_translate,False,,0,,2,3818,https://www.kentwa.gov,2026-09-05,Widget present but does not support this language,EH,derived
city_kent,City of Kent,city,Estonian,1,2,,True,machine_widget,google_translate,False,,0,,2,3818,https://www.kentwa.gov,2026-09-05,"Unrestricted widget, machine translation only",EH,derived
city_kent,City of Kent,city,Ewe,1,2,,True,machine_widget,google_translate,False,,0,,2,3818,https://www.kentwa.gov,2026-09-05,"Unrestricted widget, machine translation only",EH,derived
city_kent,City of Kent,city,Fallani,0,0,,False,none,google_translate,False,,0,,2,3818,https://www.kentwa.gov,2026-09-05,Widget present but does not support this language,EH,derived
city_kent,City of Kent,city,Farsi,1,2,,True,machine_widget,google_translate,False,,0,,2,3818,https://www.kentwa.gov,2026-09-05,"Unrestricted widget, machine translation only",EH,derived
city_kent,City of Kent,city,French,1,2,,True,machine_widget,google_translate,False,,0,,2,3818,https://www.kentwa.gov,2026-09-05,"Unrestricted widget, machine translation only",EH,derived
city_kent,City of Kent,city,Fula,0,0,,False,none,google_translate,False,,0,,2,3818,https://www.kentwa.gov,2026-09-05,Widget present but does not support this language,EH,derived
city_kent,City of Kent,city,Ga,1,2,,True,machine_widget,google_translate,False,,0,,2,3818,https://www.kentwa.gov,2026-09-05,"Unrestricted widget, machine translation only",EH,derived
city_kent,City of Kent,city,German,1,2,,True,machine_widget,google_translate,False,,0,,2,3818,https://www.kentwa.gov,2026-09-05,"Unrestricted widget, machine translation only",EH,derived
city_kent,City of Kent,city,"Greek, Modern",0,0,,False,none,google_translate,False,,0,,2,3818,https://www.kentwa.gov,2026-09-05,Widget present but does not support this language,EH,derived
city_kent,City of Kent,city,Gujarati,1,2,,True,machine_widget,google_translate,False,,0,,2,3818,https://www.kentwa.gov,2026-09-05,"Unrestricted widget, machine translation only",EH,derived
city_kent,City of Kent,city,Haitian Creole,1,2,,True,machine_widget,google_translate,False,,0,,2,3818,https://www.kentwa.gov,2026-09-05,"Unrestricted widget, machine translation only",EH,derived
city_kent,City of Kent,city,Hausa,1,2,,True,machine_widget,google_translate,False,,0,,2,3818,https://www.kentwa.gov,2026-09-05,"Unrestricted widget, machine translation only",EH,derived
city_kent,City of Kent,city,Hawaiian,1,2,,True,machine_widget,google_translate,False,,0,,2,3818,https://www.kentwa.gov,2026-09-05,"Unrestricted widget, machine translation only",EH,derived
city_kent,City of Kent,city,Herero,0,0,,False,none,google_translate,False,,0,,2,3818,https://www.kentwa.gov,2026-09-05,Widget present but does not support this language,EH,derived
city_kent,City of Kent,city,Hindi,1,2,,True,machine_widget,google_translate,False,,0,,2,3818,https://www.kentwa.gov,2026-09-05,"Unrestricted widget, machine translation only",EH,derived
city_kent,City of Kent,city,Hmong,1,2,,True,machine_widget,google_translate,False,,0,,2,3818,https://www.kentwa.gov,2026-09-05,"Unrestricted widget, machine translation only",EH,derived
city_kent,City of Kent,city,Hungarian,1,2,,True,machine_widget,google_translate,False,,0,,2,3818,https://www.kentwa.gov,2026-09-05,"Unrestricted widget, machine translation only",EH,derived
city_kent,City of Kent,city,Igbo,1,2,,True,machine_widget,google_translate,False,,0,,2,3818,https://www.kentwa.gov,2026-09-05,"Unrestricted widget, machine translation only",EH,derived
city_kent,City of Kent,city,Ilokano,1,2,,True,machine_widget,google_translate,False,,0,,2,3818,https://www.kentwa.gov,2026-09-05,"Unrestricted widget, machine translation only",EH,derived
city_kent,City of Kent,city,Indonesian,1,2,,True,machine_widget,google_translate,False,,0,,2,3818,https://www.kentwa.gov,2026-09-05,"Unrestricted widget, machine translation only",EH,derived
city_kent,City of Kent,city,Italian,1,2,,True,machine_widget,google_translate,False,,0,,2,3818,https://www.kentwa.gov,2026-09-05,"Unrestricted widget, machine translation only",EH,derived
city_kent,City of Kent,city,Japanese,1,2,,True,machine_widget,google_translate,False,,0,,2,3818,https://www.kentwa.gov,2026-09-05,"Unrestricted widget, machine translation only",EH,derived
city_kent,City of Kent,city,Kakwa,0,0,,False,none,google_translate,False,,0,,2,3818,https://www.kentwa.gov,2026-09-05,Widget present but does not support this language,EH,derived
city_kent,City of Kent,city,Kannada,1,2,,True,machine_widget,google_translate,False,,0,,2,3818,https://www.kentwa.gov,2026-09-05,"Unrestricted widget, machine translation only",EH,derived
city_kent,City of Kent,city,Karen,0,0,,False,none,google_translate,False,,0,,2,3818,https://www.kentwa.gov,2026-09-05,Widget present but does not support this language,EH,derived
city_kent,City of Kent,city,Karenni,0,0,,False,none,google_translate,False,,0,,2,3818,https://www.kentwa.gov,2026-09-05,Widget present but does not support this language,EH,derived
city_kent,City of Kent,city,Kazakh,1,2,,True,machine_widget,google_translate,False,,0,,2,3818,https://www.kentwa.gov,2026-09-05,"Unrestricted widget, machine translation only",EH,derived
city_kent,City of Kent,city,Khmer,1,2,,True,machine_widget,google_translate,False,,0,,2,3818,https://www.kentwa.gov,2026-09-05,"Unrestricted widget, machine translation only",EH,derived
city_kent,City of Kent,city,Kikuyu,0,0,,False,none,google_translate,False,,0,,2,3818,https://www.kentwa.gov,2026-09-05,Widget present but does not support this language,EH,derived
city_kent,City of Kent,city,Kinyarwanda,1,2,,True,machine_widget,google_translate,False,,0,,2,3818,https://www.kentwa.gov,2026-09-05,"Unrestricted widget, machine translation only",EH,derived
city_kent,City of Kent,city,Kirgiz,0,0,,False,none,google_translate,False,,0,,2,3818,https://www.kentwa.gov,2026-09-05,Widget present but does not support this language,EH,derived
city_kent,City of Kent,city,Kirundi,0,0,,False,none,google_translate,False,,0,,2,3818,https://www.kentwa.gov,2026-09-05,Widget present but does not support this language,EH,derived
city_kent,City of Kent,city,Kmhmu,0,0,,False,none,google_translate,False,,0,,2,3818,https://www.kentwa.gov,2026-09-05,Widget present but does not support this language,EH,derived
city_kent,City of Kent,city,Kongo,0,0,,False,none,google_translate,False,,0,,2,3818,https://www.kentwa.gov,2026-09-05,Widget present but does not support this language,EH,derived
city_kent,City of Kent,city,Korean,1,2,,True,machine_widget,google_translate,False,,0,,2,3818,https://www.kentwa.gov,2026-09-05,"Unrestricted widget, machine translation only",EH,derived
city_kent,City of Kent,city,Kosraean,0,0,,False,none,google_translate,False,,0,,2,3818,https://www.kentwa.gov,2026-09-05,Widget present but does not support this language,EH,derived
city_kent,City of Kent,city,Krahn,0,0,,False,none,google_translate,False,,0,,2,3818,https://www.kentwa.gov,2026-09-05,Widget present but does not support this language,EH,derived
city_kent,City of Kent,city,Krio,1,2,,True,machine_widget,google_translate,False,,0,,2,3818,https://www.kentwa.gov,2026-09-05,"Unrestricted widget, machine translation only",EH,derived
city_kent,City of Kent,city,Kru,0,0,,False,none,google_translate,False,,0,,2,3818,https://www.kentwa.gov,2026-09-05,Widget present but does not support this language,EH,derived
city_kent,City of Kent,city,Kurdish,1,2,,True,machine_widget,google_translate,False,,0,,2,3818,https://www.kentwa.gov,2026-09-05,"Unrestricted widget, machine translation only",EH,derived
city_kent,City of Kent,city,Lao,1,2,,True,machine_widget,google_translate,False,,0,,2,3818,https://www.kentwa.gov,2026-09-05,"Unrestricted widget, machine translation only",EH,derived
city_kent,City of Kent,city,Latvian,1,2,,True,machine_widget,google_translate,False,,0,,2,3818,https://www.kentwa.gov,2026-09-05,"Unrestricted widget, machine translation only",EH,derived
city_kent,City of Kent,city,Lingala,1,2,,True,machine_widget,google_translate,False,,0,,2,3818,https://www.kentwa.gov,2026-09-05,"Unrestricted widget, machine translation only",EH,derived
city_kent,City of Kent,city,Luganda,1,2,,True,machine_widget,google_translate,False,,0,,2,3818,https://www.kentwa.gov,2026-09-05,"Unrestricted widget, machine translation only",EH,derived
city_kent,City of Kent,city,Maay Maay,0,0,,False,none,google_translate,False,,0,,2,3818,https://www.kentwa.gov,2026-09-05,Widget present but does not support this language,EH,derived
city_kent,City of Kent,city,Malay,1,2,,True,machine_widget,google_translate,False,,0,,2,3818,https://www.kentwa.gov,2026-09-05,"Unrestricted widget, machine translation only",EH,derived
city_kent,City of Kent,city,Malayalam,1,2,,True,machine_widget,google_translate,False,,0,,2,3818,https://www.kentwa.gov,2026-09-05,"Unrestricted widget, machine translation only",EH,derived
city_kent,City of Kent,city,Mam,1,2,,True,machine_widget,google_translate,False,,0,,2,3818,https://www.kentwa.gov,2026-09-05,"Unrestricted widget, machine translation only",EH,derived
city_kent,City of Kent,city,Mandingo,0,0,,False,none,google_translate,False,,0,,2,3818,https://www.kentwa.gov,2026-09-05,Widget present but does not support this language,EH,derived
city_kent,City of Kent,city,Mandinka,0,0,,False,none,google_translate,False,,0,,2,3818,https://www.kentwa.gov,2026-09-05,Widget present but does not support this language,EH,derived
city_kent,City of Kent,city,Marathi,1,2,,True,machine_widget,google_translate,False,,0,,2,3818,https://www.kentwa.gov,2026-09-05,"Unrestricted widget, machine translation only",EH,derived
city_kent,City of Kent,city,Marquesan,0,0,,False,none,google_translate,False,,0,,2,3818,https://www.kentwa.gov,2026-09-05,Widget present but does not support this language,EH,derived
city_kent,City of Kent,city,Marshallese,1,2,,True,machine_widget,google_translate,False,,0,,2,3818,https://www.kentwa.gov,2026-09-05,"Unrestricted widget, machine translation only",EH,derived
city_kent,City of Kent,city,Maya-Quiche,0,0,,False,none,google_translate,False,,0,,2,3818,https://www.kentwa.gov,2026-09-05,Widget present but does not support this language,EH,derived
city_kent,City of Kent,city,Mien,0,0,,False,none,google_translate,False,,0,,2,3818,https://www.kentwa.gov,2026-09-05,Widget present but does not support this language,EH,derived
city_kent,City of Kent,city,Mixteco,0,0,,False,none,google_translate,False,,0,,2,3818,https://www.kentwa.gov,2026-09-05,Widget present but does not support this language,EH,derived
city_kent,City of Kent,city,Moldavian,0,0,,False,none,google_translate,False,,0,,2,3818,https://www.kentwa.gov,2026-09-05,Widget present but does not support this language,EH,derived
city_kent,City of Kent,city,Mongolian,1,2,,True,machine_widget,google_translate,False,,0,,2,3818,https://www.kentwa.gov,2026-09-05,"Unrestricted widget, machine translation only",EH,derived
city_kent,City of Kent,city,Moore,0,0,,False,none,google_translate,False,,0,,2,3818,https://www.kentwa.gov,2026-09-05,Widget present but does not support this language,EH,derived
city_kent,City of Kent,city,"Nahuatl, Guerrero region",0,0,,False,none,google_translate,False,,0,,2,3818,https://www.kentwa.gov,2026-09-05,Widget present but does not support this language,EH,derived
city_kent,City of Kent,city,Nepali,1,2,,True,machine_widget,google_translate,False,,0,,2,3818,https://www.kentwa.gov,2026-09-05,"Unrestricted widget, machine translation only",EH,derived
city_kent,City of Kent,city,Nuer,1,2,,True,machine_widget,google_translate,False,,0,,2,3818,https://www.kentwa.gov,2026-09-05,"Unrestricted widget, machine translation only",EH,derived
city_kent,City of Kent,city,Oromo,1,2,,True,machine_widget,google_translate,False,,0,,2,3818,https://www.kentwa.gov,2026-09-05,"Unrestricted widget, machine translation only",EH,derived
city_kent,City of Kent,city,Palau,0,0,,False,none,google_translate,False,,0,,2,3818,https://www.kentwa.gov,2026-09-05,Widget present but does not support this language,EH,derived
city_kent,City of Kent,city,Pashai,0,0,,False,none,google_translate,False,,0,,2,3818,https://www.kentwa.gov,2026-09-05,Widget present but does not support this language,EH,derived
city_kent,City of Kent,city,Pashto,1,2,,True,machine_widget,google_translate,False,,0,,2,3818,https://www.kentwa.gov,2026-09-05,"Unrestricted widget, machine translation only",EH,derived
city_kent,City of Kent,city,Pere,0,0,,False,none,google_translate,False,,0,,2,3818,https://www.kentwa.gov,2026-09-05,Widget present but does not support this language,EH,derived
city_kent,City of Kent,city,Polish,1,2,,True,machine_widget,google_translate,False,,0,,2,3818,https://www.kentwa.gov,2026-09-05,"Unrestricted widget, machine translation only",EH,derived
city_kent,City of Kent,city,Portuguese,1,2,,True,machine_widget,google_translate,False,,0,,2,3818,https://www.kentwa.gov,2026-09-05,"Unrestricted widget, machine translation only",EH,derived
city_kent,City of Kent,city,Punjabi,1,2,,True,machine_widget,google_translate,False,,0,,2,3818,https://www.kentwa.gov,2026-09-05,"Unrestricted widget, machine translation only",EH,derived
city_kent,City of Kent,city,Purepecha,0,0,,False,none,google_translate,False,,0,,2,3818,https://www.kentwa.gov,2026-09-05,Widget present but does not support this language,EH,derived
city_kent,City of Kent,city,Rohingya,0,0,,False,none,google_translate,False,,0,,2,3818,https://www.kentwa.gov,2026-09-05,Widget present but does not support this language,EH,derived
city_kent,City of Kent,city,Romanian,1,2,,True,machine_widget,google_translate,False,,0,,2,3818,https://www.kentwa.gov,2026-09-05,"Unrestricted widget, machine translation only",EH,derived
city_kent,City of Kent,city,Russian,1,2,,True,machine_widget,google_translate,False,,0,,2,3818,https://www.kentwa.gov,2026-09-05,"Unrestricted widget, machine translation only",EH,derived
city_kent,City of Kent,city,Samoan,1,2,,True,machine_widget,google_translate,False,,0,,2,3818,https://www.kentwa.gov,2026-09-05,"Unrestricted widget, machine translation only",EH,derived
city_kent,City of Kent,city,Sao,0,0,,False,none,google_translate,False,,0,,2,3818,https://www.kentwa.gov,2026-09-05,Widget present but does not support this language,EH,derived
city_kent,City of Kent,city,Serbo-Croation,0,0,,False,none,google_translate,False,,0,,2,3818,https://www.kentwa.gov,2026-09-05,Widget present but does not support this language,EH,derived
city_kent,City of Kent,city,Shona,1,2,,True,machine_widget,google_translate,False,,0,,2,3818,https://www.kentwa.gov,2026-09-05,"Unrestricted widget, machine translation only",EH,derived
city_kent,City of Kent,city,Sinhalese,0,0,,False,none,google_translate,False,,0,,2,3818,https://www.kentwa.gov,2026-09-05,Widget present but does not support this language,EH,derived
city_kent,City of Kent,city,Slovenian,1,2,,True,machine_widget,google_translate,False,,0,,2,3818,https://www.kentwa.gov,2026-09-05,"Unrestricted widget, machine translation only",EH,derived
city_kent,City of Kent,city,Somali,1,2,,True,machine_widget,google_translate,False,,0,,2,3818,https://www.kentwa.gov,2026-09-05,"Unrestricted widget, machine translation only",EH,derived
city_kent,City of Kent,city,Soninke,0,0,,False,none,google_translate,False,,0,,2,3818,https://www.kentwa.gov,2026-09-05,Widget present but does not support this language,EH,derived
city_kent,City of Kent,city,Sotho,0,0,,False,none,google_translate,False,,0,,2,3818,https://www.kentwa.gov,2026-09-05,Widget present but does not support this language,EH,derived
city_kent,City of Kent,city,Spanish,1,2,,True,machine_widget,google_translate,False,,0,,2,3818,https://www.kentwa.gov,2026-09-05,"Unrestricted widget, machine translation only",EH,derived
city_kent,City of Kent,city,Swahili,1,2,,True,machine_widget,google_translate,False,,0,,2,3818,https://www.kentwa.gov,2026-09-05,"Unrestricted widget, machine translation only",EH,derived
city_kent,City of Kent,city,Tagalog,1,2,,True,machine_widget,google_translate,False,,0,,2,3818,https://www.kentwa.gov,2026-09-05,"Unrestricted widget, machine translation only",EH,derived
city_kent,City of Kent,city,Taishanese,0,0,,False,none,google_translate,False,,0,,2,3818,https://www.kentwa.gov,2026-09-05,Widget present but does not support this language,EH,derived
city_kent,City of Kent,city,Tajiki,0,0,,False,none,google_translate,False,,0,,2,3818,https://www.kentwa.gov,2026-09-05,Widget present but does not support this language,EH,derived
city_kent,City of Kent,city,Tamil,1,2,,True,machine_widget,google_translate,False,,0,,2,3818,https://www.kentwa.gov,2026-09-05,"Unrestricted widget, machine translation only",EH,derived
city_kent,City of Kent,city,Tarasco,0,0,,False,none,google_translate,False,,0,,2,3818,https://www.kentwa.gov,2026-09-05,Widget present but does not support this language,EH,derived
city_kent,City of Kent,city,Tedim,0,0,,False,none,google_translate,False,,0,,2,3818,https://www.kentwa.gov,2026-09-05,Widget present but does not support this language,EH,derived
city_kent,City of Kent,city,Telugu,1,2,,True,machine_widget,google_translate,False,,0,,2,3818,https://www.kentwa.gov,2026-09-05,"Unrestricted widget, machine translation only",EH,derived
city_kent,City of Kent,city,Thai,1,2,,True,machine_widget,google_translate,False,,0,,2,3818,https://www.kentwa.gov,2026-09-05,"Unrestricted widget, machine translation only",EH,derived
city_kent,City of Kent,city,Tibetan,1,2,,True,machine_widget,google_translate,False,,0,,2,3818,https://www.kentwa.gov,2026-09-05,"Unrestricted widget, machine translation only",EH,derived
city_kent,City of Kent,city,Tigrinya,1,2,,True,machine_widget,google_translate,False,,0,,2,3818,https://www.kentwa.gov,2026-09-05,"Unrestricted widget, machine translation only",EH,derived
city_kent,City of Kent,city,Tongan,1,2,,True,machine_widget,google_translate,False,,0,,2,3818,https://www.kentwa.gov,2026-09-05,"Unrestricted widget, machine translation only",EH,derived
city_kent,City of Kent,city,Turkish,1,2,,True,machine_widget,google_translate,False,,0,,2,3818,https://www.kentwa.gov,2026-09-05,"Unrestricted widget, machine translation only",EH,derived
city_kent,City of Kent,city,Twi,1,2,,True,machine_widget,google_translate,False,,0,,2,3818,https://www.kentwa.gov,2026-09-05,"Unrestricted widget, machine translation only",EH,derived
city_kent,City of Kent,city,Ukrainian,1,2,,True,machine_widget,google_translate,False,,0,,2,3818,https://www.kentwa.gov,2026-09-05,"Unrestricted widget, machine translation only",EH,derived
city_kent,City of Kent,city,Urdu,1,2,,True,machine_widget,google_translate,False,,0,,2,3818,https://www.kentwa.gov,2026-09-05,"Unrestricted widget, machine translation only",EH,derived
city_kent,City of Kent,city,Uzbek,1,2,,True,machine_widget,google_translate,False,,0,,2,3818,https://www.kentwa.gov,2026-09-05,"Unrestricted widget, machine translation only",EH,derived
city_kent,City of Kent,city,Vietnamese,1,2,,True,machine_widget,google_translate,False,,0,,2,3818,https://www.kentwa.gov,2026-09-05,"Unrestricted widget, machine translation only",EH,derived
city_kent,City of Kent,city,Wolof,1,2,,True,machine_widget,google_translate,False,,0,,2,3818,https://www.kentwa.gov,2026-09-05,"Unrestricted widget, machine translation only",EH,derived
city_kent,City of Kent,city,Yap,0,0,,False,none,google_translate,False,,0,,2,3818,https://www.kentwa.gov,2026-09-05,Widget present but does not support this language,EH,derived
city_kent,City of Kent,city,Yoruba,1,2,,True,machine_widget,google_translate,False,,0,,2,3818,https://www.kentwa.gov,2026-09-05,"Unrestricted widget, machine translation only",EH,derived
city_renton,City of Renton,city,Acholi,0,0,,False,none,opencities_oc_lang,True,17,0,,2,1128,https://www.rentonwa.gov/Home,2026-09-05,Widget restricted to 17 languages; this language is NOT on the list,EH,derived
city_renton,City of Renton,city,Aguacateco,0,0,,False,none,opencities_oc_lang,True,17,0,,2,1128,https://www.rentonwa.gov/Home,2026-09-05,Widget restricted to 17 languages; this language is NOT on the list,EH,derived
city_renton,City of Renton,city,Akateko,0,0,,False,none,opencities_oc_lang,True,17,0,,2,1128,https://www.rentonwa.gov/Home,2026-09-05,Widget restricted to 17 languages; this language is NOT on the list,EH,derived
city_renton,City of Renton,city,Albanian,0,0,,False,none,opencities_oc_lang,True,17,0,,2,1128,https://www.rentonwa.gov/Home,2026-09-05,Widget restricted to 17 languages; this language is NOT on the list,EH,derived
city_renton,City of Renton,city,American Sign Language,0,0,,False,none,opencities_oc_lang,True,17,0,,2,1128,https://www.rentonwa.gov/Home,2026-09-05,Widget restricted to 17 languages; this language is NOT on the list,EH,derived
city_renton,City of Renton,city,Amharic,0,0,,False,none,opencities_oc_lang,True,17,0,,2,1128,https://www.rentonwa.gov/Home,2026-09-05,Widget restricted to 17 languages; this language is NOT on the list,EH,derived
city_renton,City of Renton,city,Arabic,1,2,,True,machine_widget,opencities_oc_lang,True,17,0,,2,1128,https://www.rentonwa.gov/Home,2026-09-05,Widget restricted to 17 languages; this language is on the list,EH,derived
city_renton,City of Renton,city,Armenian,0,0,,False,none,opencities_oc_lang,True,17,0,,2,1128,https://www.rentonwa.gov/Home,2026-09-05,Widget restricted to 17 languages; this language is NOT on the list,EH,derived
city_renton,City of Renton,city,Ayula-Bambara,0,0,,False,none,opencities_oc_lang,True,17,0,,2,1128,https://www.rentonwa.gov/Home,2026-09-05,Widget restricted to 17 languages; this language is NOT on the list,EH,derived
city_renton,City of Renton,city,Azerbaijani,0,0,,False,none,opencities_oc_lang,True,17,0,,2,1128,https://www.rentonwa.gov/Home,2026-09-05,Widget restricted to 17 languages; this language is NOT on the list,EH,derived
city_renton,City of Renton,city,Bambara,0,0,,False,none,opencities_oc_lang,True,17,0,,2,1128,https://www.rentonwa.gov/Home,2026-09-05,Widget restricted to 17 languages; this language is NOT on the list,EH,derived
city_renton,City of Renton,city,Bangala,0,0,,False,none,opencities_oc_lang,True,17,0,,2,1128,https://www.rentonwa.gov/Home,2026-09-05,Widget restricted to 17 languages; this language is NOT on the list,EH,derived
city_renton,City of Renton,city,Bassa,0,0,,False,none,opencities_oc_lang,True,17,0,,2,1128,https://www.rentonwa.gov/Home,2026-09-05,Widget restricted to 17 languages; this language is NOT on the list,EH,derived
city_renton,City of Renton,city,Bengali,0,0,,False,none,opencities_oc_lang,True,17,0,,2,1128,https://www.rentonwa.gov/Home,2026-09-05,Widget restricted to 17 languages; this language is NOT on the list,EH,derived
city_renton,City of Renton,city,Bosnian,0,0,,False,none,opencities_oc_lang,True,17,0,,2,1128,https://www.rentonwa.gov/Home,2026-09-05,Widget restricted to 17 languages; this language is NOT on the list,EH,derived
city_renton,City of Renton,city,Bulgarian,0,0,,False,none,opencities_oc_lang,True,17,0,,2,1128,https://www.rentonwa.gov/Home,2026-09-05,Widget restricted to 17 languages; this language is NOT on the list,EH,derived
city_renton,City of Renton,city,Burmese,0,0,,False,none,opencities_oc_lang,True,17,0,,2,1128,https://www.rentonwa.gov/Home,2026-09-05,Widget restricted to 17 languages; this language is NOT on the list,EH,derived
city_renton,City of Renton,city,Carolinian,0,0,,False,none,opencities_oc_lang,True,17,0,,2,1128,https://www.rentonwa.gov/Home,2026-09-05,Widget restricted to 17 languages; this language is NOT on the list,EH,derived
city_renton,City of Renton,city,Catalan,0,0,,False,none,opencities_oc_lang,True,17,0,,2,1128,https://www.rentonwa.gov/Home,2026-09-05,Widget restricted to 17 languages; this language is NOT on the list,EH,derived
city_renton,City of Renton,city,Cebuano,0,0,,False,none,opencities_oc_lang,True,17,0,,2,1128,https://www.rentonwa.gov/Home,2026-09-05,Widget restricted to 17 languages; this language is NOT on the list,EH,derived
city_renton,City of Renton,city,Cham,0,0,,False,none,opencities_oc_lang,True,17,0,,2,1128,https://www.rentonwa.gov/Home,2026-09-05,Widget restricted to 17 languages; this language is NOT on the list,EH,derived
city_renton,City of Renton,city,Chamorro,0,0,,False,none,opencities_oc_lang,True,17,0,,2,1128,https://www.rentonwa.gov/Home,2026-09-05,Widget restricted to 17 languages; this language is NOT on the list,EH,derived
city_renton,City of Renton,city,Chin,0,0,,False,none,opencities_oc_lang,True,17,0,,2,1128,https://www.rentonwa.gov/Home,2026-09-05,Widget restricted to 17 languages; this language is NOT on the list,EH,derived
city_renton,City of Renton,city,Chinese-Cantonese,0,0,,False,none,opencities_oc_lang,True,17,0,,2,1128,https://www.rentonwa.gov/Home,2026-09-05,Widget restricted to 17 languages; this language is NOT on the list,EH,derived
city_renton,City of Renton,city,Chinese-Fukienese,0,0,,False,none,opencities_oc_lang,True,17,0,,2,1128,https://www.rentonwa.gov/Home,2026-09-05,Widget restricted to 17 languages; this language is NOT on the list,EH,derived
city_renton,City of Renton,city,Chinese-Mandarin,1,2,,True,machine_widget,opencities_oc_lang,True,17,0,,2,1128,https://www.rentonwa.gov/Home,2026-09-05,Widget restricted to 17 languages; this language is on the list,EH,derived
city_renton,City of Renton,city,Chinese-Taiwanese,0,0,,False,none,opencities_oc_lang,True,17,0,,2,1128,https://www.rentonwa.gov/Home,2026-09-05,Widget restricted to 17 languages; this language is NOT on the list,EH,derived
city_renton,City of Renton,city,Chuukese,0,0,,False,none,opencities_oc_lang,True,17,0,,2,1128,https://www.rentonwa.gov/Home,2026-09-05,Widget restricted to 17 languages; this language is NOT on the list,EH,derived
city_renton,City of Renton,city,Dari,0,0,,False,none,opencities_oc_lang,True,17,0,,2,1128,https://www.rentonwa.gov/Home,2026-09-05,Widget restricted to 17 languages; this language is NOT on the list,EH,derived
city_renton,City of Renton,city,Dinka,0,0,,False,none,opencities_oc_lang,True,17,0,,2,1128,https://www.rentonwa.gov/Home,2026-09-05,Widget restricted to 17 languages; this language is NOT on the list,EH,derived
city_renton,City of Renton,city,Dutch,0,0,,False,none,opencities_oc_lang,True,17,0,,2,1128,https://www.rentonwa.gov/Home,2026-09-05,Widget restricted to 17 languages; this language is NOT on the list,EH,derived
city_renton,City of Renton,city,Egyptian-Arabic,0,0,,False,none,opencities_oc_lang,True,17,0,,2,1128,https://www.rentonwa.gov/Home,2026-09-05,Widget restricted to 17 languages; this language is NOT on the list,EH,derived
city_renton,City of Renton,city,Eritai,0,0,,False,none,opencities_oc_lang,True,17,0,,2,1128,https://www.rentonwa.gov/Home,2026-09-05,Widget restricted to 17 languages; this language is NOT on the list,EH,derived
city_renton,City of Renton,city,Estonian,0,0,,False,none,opencities_oc_lang,True,17,0,,2,1128,https://www.rentonwa.gov/Home,2026-09-05,Widget restricted to 17 languages; this language is NOT on the list,EH,derived
city_renton,City of Renton,city,Ewe,0,0,,False,none,opencities_oc_lang,True,17,0,,2,1128,https://www.rentonwa.gov/Home,2026-09-05,Widget restricted to 17 languages; this language is NOT on the list,EH,derived
city_renton,City of Renton,city,Fallani,0,0,,False,none,opencities_oc_lang,True,17,0,,2,1128,https://www.rentonwa.gov/Home,2026-09-05,Widget restricted to 17 languages; this language is NOT on the list,EH,derived
city_renton,City of Renton,city,Farsi,0,0,,False,none,opencities_oc_lang,True,17,0,,2,1128,https://www.rentonwa.gov/Home,2026-09-05,Widget restricted to 17 languages; this language is NOT on the list,EH,derived
city_renton,City of Renton,city,French,1,2,,True,machine_widget,opencities_oc_lang,True,17,0,,2,1128,https://www.rentonwa.gov/Home,2026-09-05,Widget restricted to 17 languages; this language is on the list,EH,derived
city_renton,City of Renton,city,Fula,0,0,,False,none,opencities_oc_lang,True,17,0,,2,1128,https://www.rentonwa.gov/Home,2026-09-05,Widget restricted to 17 languages; this language is NOT on the list,EH,derived
city_renton,City of Renton,city,Ga,0,0,,False,none,opencities_oc_lang,True,17,0,,2,1128,https://www.rentonwa.gov/Home,2026-09-05,Widget restricted to 17 languages; this language is NOT on the list,EH,derived
city_renton,City of Renton,city,German,0,0,,False,none,opencities_oc_lang,True,17,0,,2,1128,https://www.rentonwa.gov/Home,2026-09-05,Widget restricted to 17 languages; this language is NOT on the list,EH,derived
city_renton,City of Renton,city,"Greek, Modern",0,0,,False,none,opencities_oc_lang,True,17,0,,2,1128,https://www.rentonwa.gov/Home,2026-09-05,Widget restricted to 17 languages; this language is NOT on the list,EH,derived
city_renton,City of Renton,city,Gujarati,0,0,,False,none,opencities_oc_lang,True,17,0,,2,1128,https://www.rentonwa.gov/Home,2026-09-05,Widget restricted to 17 languages; this language is NOT on the list,EH,derived
city_renton,City of Renton,city,Haitian Creole,0,0,,False,none,opencities_oc_lang,True,17,0,,2,1128,https://www.rentonwa.gov/Home,2026-09-05,Widget restricted to 17 languages; this language is NOT on the list,EH,derived
city_renton,City of Renton,city,Hausa,0,0,,False,none,opencities_oc_lang,True,17,0,,2,1128,https://www.rentonwa.gov/Home,2026-09-05,Widget restricted to 17 languages; this language is NOT on the list,EH,derived
city_renton,City of Renton,city,Hawaiian,0,0,,False,none,opencities_oc_lang,True,17,0,,2,1128,https://www.rentonwa.gov/Home,2026-09-05,Widget restricted to 17 languages; this language is NOT on the list,EH,derived
city_renton,City of Renton,city,Herero,0,0,,False,none,opencities_oc_lang,True,17,0,,2,1128,https://www.rentonwa.gov/Home,2026-09-05,Widget restricted to 17 languages; this language is NOT on the list,EH,derived
city_renton,City of Renton,city,Hindi,1,2,,True,machine_widget,opencities_oc_lang,True,17,0,,2,1128,https://www.rentonwa.gov/Home,2026-09-05,Widget restricted to 17 languages; this language is on the list,EH,derived
city_renton,City of Renton,city,Hmong,0,0,,False,none,opencities_oc_lang,True,17,0,,2,1128,https://www.rentonwa.gov/Home,2026-09-05,Widget restricted to 17 languages; this language is NOT on the list,EH,derived
city_renton,City of Renton,city,Hungarian,0,0,,False,none,opencities_oc_lang,True,17,0,,2,1128,https://www.rentonwa.gov/Home,2026-09-05,Widget restricted to 17 languages; this language is NOT on the list,EH,derived
city_renton,City of Renton,city,Igbo,0,0,,False,none,opencities_oc_lang,True,17,0,,2,1128,https://www.rentonwa.gov/Home,2026-09-05,Widget restricted to 17 languages; this language is NOT on the list,EH,derived
city_renton,City of Renton,city,Ilokano,0,0,,False,none,opencities_oc_lang,True,17,0,,2,1128,https://www.rentonwa.gov/Home,2026-09-05,Widget restricted to 17 languages; this language is NOT on the list,EH,derived
city_renton,City of Renton,city,Indonesian,1,2,,True,machine_widget,opencities_oc_lang,True,17,0,,2,1128,https://www.rentonwa.gov/Home,2026-09-05,Widget restricted to 17 languages; this language is on the list,EH,derived
city_renton,City of Renton,city,Italian,1,2,,True,machine_widget,opencities_oc_lang,True,17,0,,2,1128,https://www.rentonwa.gov/Home,2026-09-05,Widget restricted to 17 languages; this language is on the list,EH,derived
city_renton,City of Renton,city,Japanese,1,2,,True,machine_widget,opencities_oc_lang,True,17,0,,2,1128,https://www.rentonwa.gov/Home,2026-09-05,Widget restricted to 17 languages; this language is on the list,EH,derived
city_renton,City of Renton,city,Kakwa,0,0,,False,none,opencities_oc_lang,True,17,0,,2,1128,https://www.rentonwa.gov/Home,2026-09-05,Widget restricted to 17 languages; this language is NOT on the list,EH,derived
city_renton,City of Renton,city,Kannada,0,0,,False,none,opencities_oc_lang,True,17,0,,2,1128,https://www.rentonwa.gov/Home,2026-09-05,Widget restricted to 17 languages; this language is NOT on the list,EH,derived
city_renton,City of Renton,city,Karen,0,0,,False,none,opencities_oc_lang,True,17,0,,2,1128,https://www.rentonwa.gov/Home,2026-09-05,Widget restricted to 17 languages; this language is NOT on the list,EH,derived
city_renton,City of Renton,city,Karenni,0,0,,False,none,opencities_oc_lang,True,17,0,,2,1128,https://www.rentonwa.gov/Home,2026-09-05,Widget restricted to 17 languages; this language is NOT on the list,EH,derived
city_renton,City of Renton,city,Kazakh,0,0,,False,none,opencities_oc_lang,True,17,0,,2,1128,https://www.rentonwa.gov/Home,2026-09-05,Widget restricted to 17 languages; this language is NOT on the list,EH,derived
city_renton,City of Renton,city,Khmer,0,0,,False,none,opencities_oc_lang,True,17,0,,2,1128,https://www.rentonwa.gov/Home,2026-09-05,Widget restricted to 17 languages; this language is NOT on the list,EH,derived
city_renton,City of Renton,city,Kikuyu,0,0,,False,none,opencities_oc_lang,True,17,0,,2,1128,https://www.rentonwa.gov/Home,2026-09-05,Widget restricted to 17 languages; this language is NOT on the list,EH,derived
city_renton,City of Renton,city,Kinyarwanda,0,0,,False,none,opencities_oc_lang,True,17,0,,2,1128,https://www.rentonwa.gov/Home,2026-09-05,Widget restricted to 17 languages; this language is NOT on the list,EH,derived
city_renton,City of Renton,city,Kirgiz,0,0,,False,none,opencities_oc_lang,True,17,0,,2,1128,https://www.rentonwa.gov/Home,2026-09-05,Widget restricted to 17 languages; this language is NOT on the list,EH,derived
city_renton,City of Renton,city,Kirundi,0,0,,False,none,opencities_oc_lang,True,17,0,,2,1128,https://www.rentonwa.gov/Home,2026-09-05,Widget restricted to 17 languages; this language is NOT on the list,EH,derived
city_renton,City of Renton,city,Kmhmu,0,0,,False,none,opencities_oc_lang,True,17,0,,2,1128,https://www.rentonwa.gov/Home,2026-09-05,Widget restricted to 17 languages; this language is NOT on the list,EH,derived
city_renton,City of Renton,city,Kongo,0,0,,False,none,opencities_oc_lang,True,17,0,,2,1128,https://www.rentonwa.gov/Home,2026-09-05,Widget restricted to 17 languages; this language is NOT on the list,EH,derived
city_renton,City of Renton,city,Korean,1,2,,True,machine_widget,opencities_oc_lang,True,17,0,,2,1128,https://www.rentonwa.gov/Home,2026-09-05,Widget restricted to 17 languages; this language is on the list,EH,derived
city_renton,City of Renton,city,Kosraean,0,0,,False,none,opencities_oc_lang,True,17,0,,2,1128,https://www.rentonwa.gov/Home,2026-09-05,Widget restricted to 17 languages; this language is NOT on the list,EH,derived
city_renton,City of Renton,city,Krahn,0,0,,False,none,opencities_oc_lang,True,17,0,,2,1128,https://www.rentonwa.gov/Home,2026-09-05,Widget restricted to 17 languages; this language is NOT on the list,EH,derived
city_renton,City of Renton,city,Krio,0,0,,False,none,opencities_oc_lang,True,17,0,,2,1128,https://www.rentonwa.gov/Home,2026-09-05,Widget restricted to 17 languages; this language is NOT on the list,EH,derived
city_renton,City of Renton,city,Kru,0,0,,False,none,opencities_oc_lang,True,17,0,,2,1128,https://www.rentonwa.gov/Home,2026-09-05,Widget restricted to 17 languages; this language is NOT on the list,EH,derived
city_renton,City of Renton,city,Kurdish,0,0,,False,none,opencities_oc_lang,True,17,0,,2,1128,https://www.rentonwa.gov/Home,2026-09-05,Widget restricted to 17 languages; this language is NOT on the list,EH,derived
city_renton,City of Renton,city,Lao,0,0,,False,none,opencities_oc_lang,True,17,0,,2,1128,https://www.rentonwa.gov/Home,2026-09-05,Widget restricted to 17 languages; this language is NOT on the list,EH,derived
city_renton,City of Renton,city,Latvian,0,0,,False,none,opencities_oc_lang,True,17,0,,2,1128,https://www.rentonwa.gov/Home,2026-09-05,Widget restricted to 17 languages; this language is NOT on the list,EH,derived
city_renton,City of Renton,city,Lingala,0,0,,False,none,opencities_oc_lang,True,17,0,,2,1128,https://www.rentonwa.gov/Home,2026-09-05,Widget restricted to 17 languages; this language is NOT on the list,EH,derived
city_renton,City of Renton,city,Luganda,0,0,,False,none,opencities_oc_lang,True,17,0,,2,1128,https://www.rentonwa.gov/Home,2026-09-05,Widget restricted to 17 languages; this language is NOT on the list,EH,derived
city_renton,City of Renton,city,Maay Maay,0,0,,False,none,opencities_oc_lang,True,17,0,,2,1128,https://www.rentonwa.gov/Home,2026-09-05,Widget restricted to 17 languages; this language is NOT on the list,EH,derived
city_renton,City of Renton,city,Malay,0,0,,False,none,opencities_oc_lang,True,17,0,,2,1128,https://www.rentonwa.gov/Home,2026-09-05,Widget restricted to 17 languages; this language is NOT on the list,EH,derived
city_renton,City of Renton,city,Malayalam,0,0,,False,none,opencities_oc_lang,True,17,0,,2,1128,https://www.rentonwa.gov/Home,2026-09-05,Widget restricted to 17 languages; this language is NOT on the list,EH,derived
city_renton,City of Renton,city,Mam,0,0,,False,none,opencities_oc_lang,True,17,0,,2,1128,https://www.rentonwa.gov/Home,2026-09-05,Widget restricted to 17 languages; this language is NOT on the list,EH,derived
city_renton,City of Renton,city,Mandingo,0,0,,False,none,opencities_oc_lang,True,17,0,,2,1128,https://www.rentonwa.gov/Home,2026-09-05,Widget restricted to 17 languages; this language is NOT on the list,EH,derived
city_renton,City of Renton,city,Mandinka,0,0,,False,none,opencities_oc_lang,True,17,0,,2,1128,https://www.rentonwa.gov/Home,2026-09-05,Widget restricted to 17 languages; this language is NOT on the list,EH,derived
city_renton,City of Renton,city,Marathi,0,0,,False,none,opencities_oc_lang,True,17,0,,2,1128,https://www.rentonwa.gov/Home,2026-09-05,Widget restricted to 17 languages; this language is NOT on the list,EH,derived
city_renton,City of Renton,city,Marquesan,0,0,,False,none,opencities_oc_lang,True,17,0,,2,1128,https://www.rentonwa.gov/Home,2026-09-05,Widget restricted to 17 languages; this language is NOT on the list,EH,derived
city_renton,City of Renton,city,Marshallese,0,0,,False,none,opencities_oc_lang,True,17,0,,2,1128,https://www.rentonwa.gov/Home,2026-09-05,Widget restricted to 17 languages; this language is NOT on the list,EH,derived
city_renton,City of Renton,city,Maya-Quiche,0,0,,False,none,opencities_oc_lang,True,17,0,,2,1128,https://www.rentonwa.gov/Home,2026-09-05,Widget restricted to 17 languages; this language is NOT on the list,EH,derived
city_renton,City of Renton,city,Mien,0,0,,False,none,opencities_oc_lang,True,17,0,,2,1128,https://www.rentonwa.gov/Home,2026-09-05,Widget restricted to 17 languages; this language is NOT on the list,EH,derived
city_renton,City of Renton,city,Mixteco,0,0,,False,none,opencities_oc_lang,True,17,0,,2,1128,https://www.rentonwa.gov/Home,2026-09-05,Widget restricted to 17 languages; this language is NOT on the list,EH,derived
city_renton,City of Renton,city,Moldavian,0,0,,False,none,opencities_oc_lang,True,17,0,,2,1128,https://www.rentonwa.gov/Home,2026-09-05,Widget restricted to 17 languages; this language is NOT on the list,EH,derived
city_renton,City of Renton,city,Mongolian,0,0,,False,none,opencities_oc_lang,True,17,0,,2,1128,https://www.rentonwa.gov/Home,2026-09-05,Widget restricted to 17 languages; this language is NOT on the list,EH,derived
city_renton,City of Renton,city,Moore,0,0,,False,none,opencities_oc_lang,True,17,0,,2,1128,https://www.rentonwa.gov/Home,2026-09-05,Widget restricted to 17 languages; this language is NOT on the list,EH,derived
city_renton,City of Renton,city,"Nahuatl, Guerrero region",0,0,,False,none,opencities_oc_lang,True,17,0,,2,1128,https://www.rentonwa.gov/Home,2026-09-05,Widget restricted to 17 languages; this language is NOT on the list,EH,derived
city_renton,City of Renton,city,Nepali,1,2,,True,machine_widget,opencities_oc_lang,True,17,0,,2,1128,https://www.rentonwa.gov/Home,2026-09-05,Widget restricted to 17 languages; this language is on the list,EH,derived
city_renton,City of Renton,city,Nuer,0,0,,False,none,opencities_oc_lang,True,17,0,,2,1128,https://www.rentonwa.gov/Home,2026-09-05,Widget restricted to 17 languages; this language is NOT on the list,EH,derived
city_renton,City of Renton,city,Oromo,0,0,,False,none,opencities_oc_lang,True,17,0,,2,1128,https://www.rentonwa.gov/Home,2026-09-05,Widget restricted to 17 languages; this language is NOT on the list,EH,derived
city_renton,City of Renton,city,Palau,0,0,,False,none,opencities_oc_lang,True,17,0,,2,1128,https://www.rentonwa.gov/Home,2026-09-05,Widget restricted to 17 languages; this language is NOT on the list,EH,derived
city_renton,City of Renton,city,Pashai,0,0,,False,none,opencities_oc_lang,True,17,0,,2,1128,https://www.rentonwa.gov/Home,2026-09-05,Widget restricted to 17 languages; this language is NOT on the list,EH,derived
city_renton,City of Renton,city,Pashto,0,0,,False,none,opencities_oc_lang,True,17,0,,2,1128,https://www.rentonwa.gov/Home,2026-09-05,Widget restricted to 17 languages; this language is NOT on the list,EH,derived
city_renton,City of Renton,city,Pere,0,0,,False,none,opencities_oc_lang,True,17,0,,2,1128,https://www.rentonwa.gov/Home,2026-09-05,Widget restricted to 17 languages; this language is NOT on the list,EH,derived
city_renton,City of Renton,city,Polish,0,0,,False,none,opencities_oc_lang,True,17,0,,2,1128,https://www.rentonwa.gov/Home,2026-09-05,Widget restricted to 17 languages; this language is NOT on the list,EH,derived
city_renton,City of Renton,city,Portuguese,1,2,,True,machine_widget,opencities_oc_lang,True,17,0,,2,1128,https://www.rentonwa.gov/Home,2026-09-05,Widget restricted to 17 languages; this language is on the list,EH,derived
city_renton,City of Renton,city,Punjabi,1,2,,True,machine_widget,opencities_oc_lang,True,17,0,,2,1128,https://www.rentonwa.gov/Home,2026-09-05,Widget restricted to 17 languages; this language is on the list,EH,derived
city_renton,City of Renton,city,Purepecha,0,0,,False,none,opencities_oc_lang,True,17,0,,2,1128,https://www.rentonwa.gov/Home,2026-09-05,Widget restricted to 17 languages; this language is NOT on the list,EH,derived
city_renton,City of Renton,city,Rohingya,0,0,,False,none,opencities_oc_lang,True,17,0,,2,1128,https://www.rentonwa.gov/Home,2026-09-05,Widget restricted to 17 languages; this language is NOT on the list,EH,derived
city_renton,City of Renton,city,Romanian,0,0,,False,none,opencities_oc_lang,True,17,0,,2,1128,https://www.rentonwa.gov/Home,2026-09-05,Widget restricted to 17 languages; this language is NOT on the list,EH,derived
city_renton,City of Renton,city,Russian,1,2,,True,machine_widget,opencities_oc_lang,True,17,0,,2,1128,https://www.rentonwa.gov/Home,2026-09-05,Widget restricted to 17 languages; this language is on the list,EH,derived
city_renton,City of Renton,city,Samoan,0,0,,False,none,opencities_oc_lang,True,17,0,,2,1128,https://www.rentonwa.gov/Home,2026-09-05,Widget restricted to 17 languages; this language is NOT on the list,EH,derived
city_renton,City of Renton,city,Sao,0,0,,False,none,opencities_oc_lang,True,17,0,,2,1128,https://www.rentonwa.gov/Home,2026-09-05,Widget restricted to 17 languages; this language is NOT on the list,EH,derived
city_renton,City of Renton,city,Serbo-Croation,0,0,,False,none,opencities_oc_lang,True,17,0,,2,1128,https://www.rentonwa.gov/Home,2026-09-05,Widget restricted to 17 languages; this language is NOT on the list,EH,derived
city_renton,City of Renton,city,Shona,0,0,,False,none,opencities_oc_lang,True,17,0,,2,1128,https://www.rentonwa.gov/Home,2026-09-05,Widget restricted to 17 languages; this language is NOT on the list,EH,derived
city_renton,City of Renton,city,Sinhalese,0,0,,False,none,opencities_oc_lang,True,17,0,,2,1128,https://www.rentonwa.gov/Home,2026-09-05,Widget restricted to 17 languages; this language is NOT on the list,EH,derived
city_renton,City of Renton,city,Slovenian,0,0,,False,none,opencities_oc_lang,True,17,0,,2,1128,https://www.rentonwa.gov/Home,2026-09-05,Widget restricted to 17 languages; this language is NOT on the list,EH,derived
city_renton,City of Renton,city,Somali,1,2,,True,machine_widget,opencities_oc_lang,True,17,0,,2,1128,https://www.rentonwa.gov/Home,2026-09-05,Widget restricted to 17 languages; this language is on the list,EH,derived
city_renton,City of Renton,city,Soninke,0,0,,False,none,opencities_oc_lang,True,17,0,,2,1128,https://www.rentonwa.gov/Home,2026-09-05,Widget restricted to 17 languages; this language is NOT on the list,EH,derived
city_renton,City of Renton,city,Sotho,0,0,,False,none,opencities_oc_lang,True,17,0,,2,1128,https://www.rentonwa.gov/Home,2026-09-05,Widget restricted to 17 languages; this language is NOT on the list,EH,derived
city_renton,City of Renton,city,Spanish,1,2,,True,machine_widget,opencities_oc_lang,True,17,0,,2,1128,https://www.rentonwa.gov/Home,2026-09-05,Widget restricted to 17 languages; this language is on the list,EH,derived
city_renton,City of Renton,city,Swahili,0,0,,False,none,opencities_oc_lang,True,17,0,,2,1128,https://www.rentonwa.gov/Home,2026-09-05,Widget restricted to 17 languages; this language is NOT on the list,EH,derived
city_renton,City of Renton,city,Tagalog,1,2,,True,machine_widget,opencities_oc_lang,True,17,0,,2,1128,https://www.rentonwa.gov/Home,2026-09-05,Widget restricted to 17 languages; this language is on the list,EH,derived
city_renton,City of Renton,city,Taishanese,0,0,,False,none,opencities_oc_lang,True,17,0,,2,1128,https://www.rentonwa.gov/Home,2026-09-05,Widget restricted to 17 languages; this language is NOT on the list,EH,derived
city_renton,City of Renton,city,Tajiki,0,0,,False,none,opencities_oc_lang,True,17,0,,2,1128,https://www.rentonwa.gov/Home,2026-09-05,Widget restricted to 17 languages; this language is NOT on the list,EH,derived
city_renton,City of Renton,city,Tamil,0,0,,False,none,opencities_oc_lang,True,17,0,,2,1128,https://www.rentonwa.gov/Home,2026-09-05,Widget restricted to 17 languages; this language is NOT on the list,EH,derived
city_renton,City of Renton,city,Tarasco,0,0,,False,none,opencities_oc_lang,True,17,0,,2,1128,https://www.rentonwa.gov/Home,2026-09-05,Widget restricted to 17 languages; this language is NOT on the list,EH,derived
city_renton,City of Renton,city,Tedim,0,0,,False,none,opencities_oc_lang,True,17,0,,2,1128,https://www.rentonwa.gov/Home,2026-09-05,Widget restricted to 17 languages; this language is NOT on the list,EH,derived
city_renton,City of Renton,city,Telugu,0,0,,False,none,opencities_oc_lang,True,17,0,,2,1128,https://www.rentonwa.gov/Home,2026-09-05,Widget restricted to 17 languages; this language is NOT on the list,EH,derived
city_renton,City of Renton,city,Thai,0,0,,False,none,opencities_oc_lang,True,17,0,,2,1128,https://www.rentonwa.gov/Home,2026-09-05,Widget restricted to 17 languages; this language is NOT on the list,EH,derived
city_renton,City of Renton,city,Tibetan,0,0,,False,none,opencities_oc_lang,True,17,0,,2,1128,https://www.rentonwa.gov/Home,2026-09-05,Widget restricted to 17 languages; this language is NOT on the list,EH,derived
city_renton,City of Renton,city,Tigrinya,0,0,,False,none,opencities_oc_lang,True,17,0,,2,1128,https://www.rentonwa.gov/Home,2026-09-05,Widget restricted to 17 languages; this language is NOT on the list,EH,derived
city_renton,City of Renton,city,Tongan,0,0,,False,none,opencities_oc_lang,True,17,0,,2,1128,https://www.rentonwa.gov/Home,2026-09-05,Widget restricted to 17 languages; this language is NOT on the list,EH,derived
city_renton,City of Renton,city,Turkish,0,0,,False,none,opencities_oc_lang,True,17,0,,2,1128,https://www.rentonwa.gov/Home,2026-09-05,Widget restricted to 17 languages; this language is NOT on the list,EH,derived
city_renton,City of Renton,city,Twi,0,0,,False,none,opencities_oc_lang,True,17,0,,2,1128,https://www.rentonwa.gov/Home,2026-09-05,Widget restricted to 17 languages; this language is NOT on the list,EH,derived
city_renton,City of Renton,city,Ukrainian,1,2,,True,machine_widget,opencities_oc_lang,True,17,0,,2,1128,https://www.rentonwa.gov/Home,2026-09-05,Widget restricted to 17 languages; this language is on the list,EH,derived
city_renton,City of Renton,city,Urdu,0,0,,False,none,opencities_oc_lang,True,17,0,,2,1128,https://www.rentonwa.gov/Home,2026-09-05,Widget restricted to 17 languages; this language is NOT on the list,EH,derived
city_renton,City of Renton,city,Uzbek,0,0,,False,none,opencities_oc_lang,True,17,0,,2,1128,https://www.rentonwa.gov/Home,2026-09-05,Widget restricted to 17 languages; this language is NOT on the list,EH,derived
city_renton,City of Renton,city,Vietnamese,1,2,,True,machine_widget,opencities_oc_lang,True,17,0,,2,1128,https://www.rentonwa.gov/Home,2026-09-05,Widget restricted to 17 languages; this language is on the list,EH,derived
city_renton,City of Renton,city,Wolof,0,0,,False,none,opencities_oc_lang,True,17,0,,2,1128,https://www.rentonwa.gov/Home,2026-09-05,Widget restricted to 17 languages; this language is NOT on the list,EH,derived
city_renton,City of Renton,city,Yap,0,0,,False,none,opencities_oc_lang,True,17,0,,2,1128,https://www.rentonwa.gov/Home,2026-09-05,Widget restricted to 17 languages; this language is NOT on the list,EH,derived
city_renton,City of Renton,city,Yoruba,0,0,,False,none,opencities_oc_lang,True,17,0,,2,1128,https://www.rentonwa.gov/Home,2026-09-05,Widget restricted to 17 languages; this language is NOT on the list,EH,derived
city_seatac,City of SeaTac,city,Acholi,1,2,,True,machine_widget,google_translate,False,,0,,3,6719,https://www.seatacwa.gov,2026-09-05,"Unrestricted widget, machine translation only",EH,derived
city_seatac,City of SeaTac,city,Aguacateco,0,0,,False,none,google_translate,False,,0,,3,6719,https://www.seatacwa.gov,2026-09-05,Widget present but does not support this language,EH,derived
city_seatac,City of SeaTac,city,Akateko,0,0,,False,none,google_translate,False,,0,,3,6719,https://www.seatacwa.gov,2026-09-05,Widget present but does not support this language,EH,derived
city_seatac,City of SeaTac,city,Albanian,1,2,,True,machine_widget,google_translate,False,,0,,3,6719,https://www.seatacwa.gov,2026-09-05,"Unrestricted widget, machine translation only",EH,derived
city_seatac,City of SeaTac,city,American Sign Language,0,0,,False,none,google_translate,False,,0,,3,6719,https://www.seatacwa.gov,2026-09-05,Widget present but does not support this language,EH,derived
city_seatac,City of SeaTac,city,Amharic,1,2,,True,machine_widget,google_translate,False,,0,,3,6719,https://www.seatacwa.gov,2026-09-05,"Unrestricted widget, machine translation only",EH,derived
city_seatac,City of SeaTac,city,Arabic,1,2,,True,machine_widget,google_translate,False,,0,,3,6719,https://www.seatacwa.gov,2026-09-05,"Unrestricted widget, machine translation only",EH,derived
city_seatac,City of SeaTac,city,Armenian,1,2,,True,machine_widget,google_translate,False,,0,,3,6719,https://www.seatacwa.gov,2026-09-05,"Unrestricted widget, machine translation only",EH,derived
city_seatac,City of SeaTac,city,Ayula-Bambara,0,0,,False,none,google_translate,False,,0,,3,6719,https://www.seatacwa.gov,2026-09-05,Widget present but does not support this language,EH,derived
city_seatac,City of SeaTac,city,Azerbaijani,1,2,,True,machine_widget,google_translate,False,,0,,3,6719,https://www.seatacwa.gov,2026-09-05,"Unrestricted widget, machine translation only",EH,derived
city_seatac,City of SeaTac,city,Bambara,1,2,,True,machine_widget,google_translate,False,,0,,3,6719,https://www.seatacwa.gov,2026-09-05,"Unrestricted widget, machine translation only",EH,derived
city_seatac,City of SeaTac,city,Bangala,0,0,,False,none,google_translate,False,,0,,3,6719,https://www.seatacwa.gov,2026-09-05,Widget present but does not support this language,EH,derived
city_seatac,City of SeaTac,city,Bassa,0,0,,False,none,google_translate,False,,0,,3,6719,https://www.seatacwa.gov,2026-09-05,Widget present but does not support this language,EH,derived
city_seatac,City of SeaTac,city,Bengali,1,2,,True,machine_widget,google_translate,False,,0,,3,6719,https://www.seatacwa.gov,2026-09-05,"Unrestricted widget, machine translation only",EH,derived
city_seatac,City of SeaTac,city,Bosnian,1,2,,True,machine_widget,google_translate,False,,0,,3,6719,https://www.seatacwa.gov,2026-09-05,"Unrestricted widget, machine translation only",EH,derived
city_seatac,City of SeaTac,city,Bulgarian,1,2,,True,machine_widget,google_translate,False,,0,,3,6719,https://www.seatacwa.gov,2026-09-05,"Unrestricted widget, machine translation only",EH,derived
city_seatac,City of SeaTac,city,Burmese,1,2,,True,machine_widget,google_translate,False,,0,,3,6719,https://www.seatacwa.gov,2026-09-05,"Unrestricted widget, machine translation only",EH,derived
city_seatac,City of SeaTac,city,Carolinian,0,0,,False,none,google_translate,False,,0,,3,6719,https://www.seatacwa.gov,2026-09-05,Widget present but does not support this language,EH,derived
city_seatac,City of SeaTac,city,Catalan,1,2,,True,machine_widget,google_translate,False,,0,,3,6719,https://www.seatacwa.gov,2026-09-05,"Unrestricted widget, machine translation only",EH,derived
city_seatac,City of SeaTac,city,Cebuano,1,2,,True,machine_widget,google_translate,False,,0,,3,6719,https://www.seatacwa.gov,2026-09-05,"Unrestricted widget, machine translation only",EH,derived
city_seatac,City of SeaTac,city,Cham,0,0,,False,none,google_translate,False,,0,,3,6719,https://www.seatacwa.gov,2026-09-05,Widget present but does not support this language,EH,derived
city_seatac,City of SeaTac,city,Chamorro,1,2,,True,machine_widget,google_translate,False,,0,,3,6719,https://www.seatacwa.gov,2026-09-05,"Unrestricted widget, machine translation only",EH,derived
city_seatac,City of SeaTac,city,Chin,0,0,,False,none,google_translate,False,,0,,3,6719,https://www.seatacwa.gov,2026-09-05,Widget present but does not support this language,EH,derived
city_seatac,City of SeaTac,city,Chinese-Cantonese,1,2,,True,machine_widget,google_translate,False,,0,,3,6719,https://www.seatacwa.gov,2026-09-05,"Unrestricted widget, machine translation only",EH,derived
city_seatac,City of SeaTac,city,Chinese-Fukienese,0,0,,False,none,google_translate,False,,0,,3,6719,https://www.seatacwa.gov,2026-09-05,Widget present but does not support this language,EH,derived
city_seatac,City of SeaTac,city,Chinese-Mandarin,1,2,,True,machine_widget,google_translate,False,,0,,3,6719,https://www.seatacwa.gov,2026-09-05,"Unrestricted widget, machine translation only",EH,derived
city_seatac,City of SeaTac,city,Chinese-Taiwanese,0,0,,False,none,google_translate,False,,0,,3,6719,https://www.seatacwa.gov,2026-09-05,Widget present but does not support this language,EH,derived
city_seatac,City of SeaTac,city,Chuukese,1,2,,True,machine_widget,google_translate,False,,0,,3,6719,https://www.seatacwa.gov,2026-09-05,"Unrestricted widget, machine translation only",EH,derived
city_seatac,City of SeaTac,city,Dari,1,2,,True,machine_widget,google_translate,False,,0,,3,6719,https://www.seatacwa.gov,2026-09-05,"Unrestricted widget, machine translation only",EH,derived
city_seatac,City of SeaTac,city,Dinka,1,2,,True,machine_widget,google_translate,False,,0,,3,6719,https://www.seatacwa.gov,2026-09-05,"Unrestricted widget, machine translation only",EH,derived
city_seatac,City of SeaTac,city,Dutch,1,2,,True,machine_widget,google_translate,False,,0,,3,6719,https://www.seatacwa.gov,2026-09-05,"Unrestricted widget, machine translation only",EH,derived
city_seatac,City of SeaTac,city,Egyptian-Arabic,0,0,,False,none,google_translate,False,,0,,3,6719,https://www.seatacwa.gov,2026-09-05,Widget present but does not support this language,EH,derived
city_seatac,City of SeaTac,city,Eritai,0,0,,False,none,google_translate,False,,0,,3,6719,https://www.seatacwa.gov,2026-09-05,Widget present but does not support this language,EH,derived
city_seatac,City of SeaTac,city,Estonian,1,2,,True,machine_widget,google_translate,False,,0,,3,6719,https://www.seatacwa.gov,2026-09-05,"Unrestricted widget, machine translation only",EH,derived
city_seatac,City of SeaTac,city,Ewe,1,2,,True,machine_widget,google_translate,False,,0,,3,6719,https://www.seatacwa.gov,2026-09-05,"Unrestricted widget, machine translation only",EH,derived
city_seatac,City of SeaTac,city,Fallani,0,0,,False,none,google_translate,False,,0,,3,6719,https://www.seatacwa.gov,2026-09-05,Widget present but does not support this language,EH,derived
city_seatac,City of SeaTac,city,Farsi,1,2,,True,machine_widget,google_translate,False,,0,,3,6719,https://www.seatacwa.gov,2026-09-05,"Unrestricted widget, machine translation only",EH,derived
city_seatac,City of SeaTac,city,French,1,2,,True,machine_widget,google_translate,False,,0,,3,6719,https://www.seatacwa.gov,2026-09-05,"Unrestricted widget, machine translation only",EH,derived
city_seatac,City of SeaTac,city,Fula,0,0,,False,none,google_translate,False,,0,,3,6719,https://www.seatacwa.gov,2026-09-05,Widget present but does not support this language,EH,derived
city_seatac,City of SeaTac,city,Ga,1,2,,True,machine_widget,google_translate,False,,0,,3,6719,https://www.seatacwa.gov,2026-09-05,"Unrestricted widget, machine translation only",EH,derived
city_seatac,City of SeaTac,city,German,1,2,,True,machine_widget,google_translate,False,,0,,3,6719,https://www.seatacwa.gov,2026-09-05,"Unrestricted widget, machine translation only",EH,derived
city_seatac,City of SeaTac,city,"Greek, Modern",0,0,,False,none,google_translate,False,,0,,3,6719,https://www.seatacwa.gov,2026-09-05,Widget present but does not support this language,EH,derived
city_seatac,City of SeaTac,city,Gujarati,1,2,,True,machine_widget,google_translate,False,,0,,3,6719,https://www.seatacwa.gov,2026-09-05,"Unrestricted widget, machine translation only",EH,derived
city_seatac,City of SeaTac,city,Haitian Creole,1,2,,True,machine_widget,google_translate,False,,0,,3,6719,https://www.seatacwa.gov,2026-09-05,"Unrestricted widget, machine translation only",EH,derived
city_seatac,City of SeaTac,city,Hausa,1,2,,True,machine_widget,google_translate,False,,0,,3,6719,https://www.seatacwa.gov,2026-09-05,"Unrestricted widget, machine translation only",EH,derived
city_seatac,City of SeaTac,city,Hawaiian,1,2,,True,machine_widget,google_translate,False,,0,,3,6719,https://www.seatacwa.gov,2026-09-05,"Unrestricted widget, machine translation only",EH,derived
city_seatac,City of SeaTac,city,Herero,0,0,,False,none,google_translate,False,,0,,3,6719,https://www.seatacwa.gov,2026-09-05,Widget present but does not support this language,EH,derived
city_seatac,City of SeaTac,city,Hindi,1,2,,True,machine_widget,google_translate,False,,0,,3,6719,https://www.seatacwa.gov,2026-09-05,"Unrestricted widget, machine translation only",EH,derived
city_seatac,City of SeaTac,city,Hmong,1,2,,True,machine_widget,google_translate,False,,0,,3,6719,https://www.seatacwa.gov,2026-09-05,"Unrestricted widget, machine translation only",EH,derived
city_seatac,City of SeaTac,city,Hungarian,1,2,,True,machine_widget,google_translate,False,,0,,3,6719,https://www.seatacwa.gov,2026-09-05,"Unrestricted widget, machine translation only",EH,derived
city_seatac,City of SeaTac,city,Igbo,1,2,,True,machine_widget,google_translate,False,,0,,3,6719,https://www.seatacwa.gov,2026-09-05,"Unrestricted widget, machine translation only",EH,derived
city_seatac,City of SeaTac,city,Ilokano,1,2,,True,machine_widget,google_translate,False,,0,,3,6719,https://www.seatacwa.gov,2026-09-05,"Unrestricted widget, machine translation only",EH,derived
city_seatac,City of SeaTac,city,Indonesian,1,2,,True,machine_widget,google_translate,False,,0,,3,6719,https://www.seatacwa.gov,2026-09-05,"Unrestricted widget, machine translation only",EH,derived
city_seatac,City of SeaTac,city,Italian,1,2,,True,machine_widget,google_translate,False,,0,,3,6719,https://www.seatacwa.gov,2026-09-05,"Unrestricted widget, machine translation only",EH,derived
city_seatac,City of SeaTac,city,Japanese,1,2,,True,machine_widget,google_translate,False,,0,,3,6719,https://www.seatacwa.gov,2026-09-05,"Unrestricted widget, machine translation only",EH,derived
city_seatac,City of SeaTac,city,Kakwa,0,0,,False,none,google_translate,False,,0,,3,6719,https://www.seatacwa.gov,2026-09-05,Widget present but does not support this language,EH,derived
city_seatac,City of SeaTac,city,Kannada,1,2,,True,machine_widget,google_translate,False,,0,,3,6719,https://www.seatacwa.gov,2026-09-05,"Unrestricted widget, machine translation only",EH,derived
city_seatac,City of SeaTac,city,Karen,0,0,,False,none,google_translate,False,,0,,3,6719,https://www.seatacwa.gov,2026-09-05,Widget present but does not support this language,EH,derived
city_seatac,City of SeaTac,city,Karenni,0,0,,False,none,google_translate,False,,0,,3,6719,https://www.seatacwa.gov,2026-09-05,Widget present but does not support this language,EH,derived
city_seatac,City of SeaTac,city,Kazakh,1,2,,True,machine_widget,google_translate,False,,0,,3,6719,https://www.seatacwa.gov,2026-09-05,"Unrestricted widget, machine translation only",EH,derived
city_seatac,City of SeaTac,city,Khmer,1,2,,True,machine_widget,google_translate,False,,0,,3,6719,https://www.seatacwa.gov,2026-09-05,"Unrestricted widget, machine translation only",EH,derived
city_seatac,City of SeaTac,city,Kikuyu,0,0,,False,none,google_translate,False,,0,,3,6719,https://www.seatacwa.gov,2026-09-05,Widget present but does not support this language,EH,derived
city_seatac,City of SeaTac,city,Kinyarwanda,1,2,,True,machine_widget,google_translate,False,,0,,3,6719,https://www.seatacwa.gov,2026-09-05,"Unrestricted widget, machine translation only",EH,derived
city_seatac,City of SeaTac,city,Kirgiz,0,0,,False,none,google_translate,False,,0,,3,6719,https://www.seatacwa.gov,2026-09-05,Widget present but does not support this language,EH,derived
city_seatac,City of SeaTac,city,Kirundi,0,0,,False,none,google_translate,False,,0,,3,6719,https://www.seatacwa.gov,2026-09-05,Widget present but does not support this language,EH,derived
city_seatac,City of SeaTac,city,Kmhmu,0,0,,False,none,google_translate,False,,0,,3,6719,https://www.seatacwa.gov,2026-09-05,Widget present but does not support this language,EH,derived
city_seatac,City of SeaTac,city,Kongo,0,0,,False,none,google_translate,False,,0,,3,6719,https://www.seatacwa.gov,2026-09-05,Widget present but does not support this language,EH,derived
city_seatac,City of SeaTac,city,Korean,1,2,,True,machine_widget,google_translate,False,,0,,3,6719,https://www.seatacwa.gov,2026-09-05,"Unrestricted widget, machine translation only",EH,derived
city_seatac,City of SeaTac,city,Kosraean,0,0,,False,none,google_translate,False,,0,,3,6719,https://www.seatacwa.gov,2026-09-05,Widget present but does not support this language,EH,derived
city_seatac,City of SeaTac,city,Krahn,0,0,,False,none,google_translate,False,,0,,3,6719,https://www.seatacwa.gov,2026-09-05,Widget present but does not support this language,EH,derived
city_seatac,City of SeaTac,city,Krio,1,2,,True,machine_widget,google_translate,False,,0,,3,6719,https://www.seatacwa.gov,2026-09-05,"Unrestricted widget, machine translation only",EH,derived
city_seatac,City of SeaTac,city,Kru,0,0,,False,none,google_translate,False,,0,,3,6719,https://www.seatacwa.gov,2026-09-05,Widget present but does not support this language,EH,derived
city_seatac,City of SeaTac,city,Kurdish,1,2,,True,machine_widget,google_translate,False,,0,,3,6719,https://www.seatacwa.gov,2026-09-05,"Unrestricted widget, machine translation only",EH,derived
city_seatac,City of SeaTac,city,Lao,1,2,,True,machine_widget,google_translate,False,,0,,3,6719,https://www.seatacwa.gov,2026-09-05,"Unrestricted widget, machine translation only",EH,derived
city_seatac,City of SeaTac,city,Latvian,1,2,,True,machine_widget,google_translate,False,,0,,3,6719,https://www.seatacwa.gov,2026-09-05,"Unrestricted widget, machine translation only",EH,derived
city_seatac,City of SeaTac,city,Lingala,1,2,,True,machine_widget,google_translate,False,,0,,3,6719,https://www.seatacwa.gov,2026-09-05,"Unrestricted widget, machine translation only",EH,derived
city_seatac,City of SeaTac,city,Luganda,1,2,,True,machine_widget,google_translate,False,,0,,3,6719,https://www.seatacwa.gov,2026-09-05,"Unrestricted widget, machine translation only",EH,derived
city_seatac,City of SeaTac,city,Maay Maay,0,0,,False,none,google_translate,False,,0,,3,6719,https://www.seatacwa.gov,2026-09-05,Widget present but does not support this language,EH,derived
city_seatac,City of SeaTac,city,Malay,1,2,,True,machine_widget,google_translate,False,,0,,3,6719,https://www.seatacwa.gov,2026-09-05,"Unrestricted widget, machine translation only",EH,derived
city_seatac,City of SeaTac,city,Malayalam,1,2,,True,machine_widget,google_translate,False,,0,,3,6719,https://www.seatacwa.gov,2026-09-05,"Unrestricted widget, machine translation only",EH,derived
city_seatac,City of SeaTac,city,Mam,1,2,,True,machine_widget,google_translate,False,,0,,3,6719,https://www.seatacwa.gov,2026-09-05,"Unrestricted widget, machine translation only",EH,derived
city_seatac,City of SeaTac,city,Mandingo,0,0,,False,none,google_translate,False,,0,,3,6719,https://www.seatacwa.gov,2026-09-05,Widget present but does not support this language,EH,derived
city_seatac,City of SeaTac,city,Mandinka,0,0,,False,none,google_translate,False,,0,,3,6719,https://www.seatacwa.gov,2026-09-05,Widget present but does not support this language,EH,derived
city_seatac,City of SeaTac,city,Marathi,1,2,,True,machine_widget,google_translate,False,,0,,3,6719,https://www.seatacwa.gov,2026-09-05,"Unrestricted widget, machine translation only",EH,derived
city_seatac,City of SeaTac,city,Marquesan,0,0,,False,none,google_translate,False,,0,,3,6719,https://www.seatacwa.gov,2026-09-05,Widget present but does not support this language,EH,derived
city_seatac,City of SeaTac,city,Marshallese,1,2,,True,machine_widget,google_translate,False,,0,,3,6719,https://www.seatacwa.gov,2026-09-05,"Unrestricted widget, machine translation only",EH,derived
city_seatac,City of SeaTac,city,Maya-Quiche,0,0,,False,none,google_translate,False,,0,,3,6719,https://www.seatacwa.gov,2026-09-05,Widget present but does not support this language,EH,derived
city_seatac,City of SeaTac,city,Mien,0,0,,False,none,google_translate,False,,0,,3,6719,https://www.seatacwa.gov,2026-09-05,Widget present but does not support this language,EH,derived
city_seatac,City of SeaTac,city,Mixteco,0,0,,False,none,google_translate,False,,0,,3,6719,https://www.seatacwa.gov,2026-09-05,Widget present but does not support this language,EH,derived
city_seatac,City of SeaTac,city,Moldavian,0,0,,False,none,google_translate,False,,0,,3,6719,https://www.seatacwa.gov,2026-09-05,Widget present but does not support this language,EH,derived
city_seatac,City of SeaTac,city,Mongolian,1,2,,True,machine_widget,google_translate,False,,0,,3,6719,https://www.seatacwa.gov,2026-09-05,"Unrestricted widget, machine translation only",EH,derived
city_seatac,City of SeaTac,city,Moore,0,0,,False,none,google_translate,False,,0,,3,6719,https://www.seatacwa.gov,2026-09-05,Widget present but does not support this language,EH,derived
city_seatac,City of SeaTac,city,"Nahuatl, Guerrero region",0,0,,False,none,google_translate,False,,0,,3,6719,https://www.seatacwa.gov,2026-09-05,Widget present but does not support this language,EH,derived
city_seatac,City of SeaTac,city,Nepali,1,2,,True,machine_widget,google_translate,False,,0,,3,6719,https://www.seatacwa.gov,2026-09-05,"Unrestricted widget, machine translation only",EH,derived
city_seatac,City of SeaTac,city,Nuer,1,2,,True,machine_widget,google_translate,False,,0,,3,6719,https://www.seatacwa.gov,2026-09-05,"Unrestricted widget, machine translation only",EH,derived
city_seatac,City of SeaTac,city,Oromo,1,2,,True,machine_widget,google_translate,False,,0,,3,6719,https://www.seatacwa.gov,2026-09-05,"Unrestricted widget, machine translation only",EH,derived
city_seatac,City of SeaTac,city,Palau,0,0,,False,none,google_translate,False,,0,,3,6719,https://www.seatacwa.gov,2026-09-05,Widget present but does not support this language,EH,derived
city_seatac,City of SeaTac,city,Pashai,0,0,,False,none,google_translate,False,,0,,3,6719,https://www.seatacwa.gov,2026-09-05,Widget present but does not support this language,EH,derived
city_seatac,City of SeaTac,city,Pashto,1,2,,True,machine_widget,google_translate,False,,0,,3,6719,https://www.seatacwa.gov,2026-09-05,"Unrestricted widget, machine translation only",EH,derived
city_seatac,City of SeaTac,city,Pere,0,0,,False,none,google_translate,False,,0,,3,6719,https://www.seatacwa.gov,2026-09-05,Widget present but does not support this language,EH,derived
city_seatac,City of SeaTac,city,Polish,1,2,,True,machine_widget,google_translate,False,,0,,3,6719,https://www.seatacwa.gov,2026-09-05,"Unrestricted widget, machine translation only",EH,derived
city_seatac,City of SeaTac,city,Portuguese,1,2,,True,machine_widget,google_translate,False,,0,,3,6719,https://www.seatacwa.gov,2026-09-05,"Unrestricted widget, machine translation only",EH,derived
city_seatac,City of SeaTac,city,Punjabi,1,2,,True,machine_widget,google_translate,False,,0,,3,6719,https://www.seatacwa.gov,2026-09-05,"Unrestricted widget, machine translation only",EH,derived
city_seatac,City of SeaTac,city,Purepecha,0,0,,False,none,google_translate,False,,0,,3,6719,https://www.seatacwa.gov,2026-09-05,Widget present but does not support this language,EH,derived
city_seatac,City of SeaTac,city,Rohingya,0,0,,False,none,google_translate,False,,0,,3,6719,https://www.seatacwa.gov,2026-09-05,Widget present but does not support this language,EH,derived
city_seatac,City of SeaTac,city,Romanian,1,2,,True,machine_widget,google_translate,False,,0,,3,6719,https://www.seatacwa.gov,2026-09-05,"Unrestricted widget, machine translation only",EH,derived
city_seatac,City of SeaTac,city,Russian,1,2,,True,machine_widget,google_translate,False,,0,,3,6719,https://www.seatacwa.gov,2026-09-05,"Unrestricted widget, machine translation only",EH,derived
city_seatac,City of SeaTac,city,Samoan,1,2,,True,machine_widget,google_translate,False,,0,,3,6719,https://www.seatacwa.gov,2026-09-05,"Unrestricted widget, machine translation only",EH,derived
city_seatac,City of SeaTac,city,Sao,0,0,,False,none,google_translate,False,,0,,3,6719,https://www.seatacwa.gov,2026-09-05,Widget present but does not support this language,EH,derived
city_seatac,City of SeaTac,city,Serbo-Croation,0,0,,False,none,google_translate,False,,0,,3,6719,https://www.seatacwa.gov,2026-09-05,Widget present but does not support this language,EH,derived
city_seatac,City of SeaTac,city,Shona,1,2,,True,machine_widget,google_translate,False,,0,,3,6719,https://www.seatacwa.gov,2026-09-05,"Unrestricted widget, machine translation only",EH,derived
city_seatac,City of SeaTac,city,Sinhalese,0,0,,False,none,google_translate,False,,0,,3,6719,https://www.seatacwa.gov,2026-09-05,Widget present but does not support this language,EH,derived
city_seatac,City of SeaTac,city,Slovenian,1,2,,True,machine_widget,google_translate,False,,0,,3,6719,https://www.seatacwa.gov,2026-09-05,"Unrestricted widget, machine translation only",EH,derived
city_seatac,City of SeaTac,city,Somali,1,2,,True,machine_widget,google_translate,False,,0,,3,6719,https://www.seatacwa.gov,2026-09-05,"Unrestricted widget, machine translation only",EH,derived
city_seatac,City of SeaTac,city,Soninke,0,0,,False,none,google_translate,False,,0,,3,6719,https://www.seatacwa.gov,2026-09-05,Widget present but does not support this language,EH,derived
city_seatac,City of SeaTac,city,Sotho,0,0,,False,none,google_translate,False,,0,,3,6719,https://www.seatacwa.gov,2026-09-05,Widget present but does not support this language,EH,derived
city_seatac,City of SeaTac,city,Spanish,1,2,,True,machine_widget,google_translate,False,,0,,3,6719,https://www.seatacwa.gov,2026-09-05,"Unrestricted widget, machine translation only",EH,derived
city_seatac,City of SeaTac,city,Swahili,1,2,,True,machine_widget,google_translate,False,,0,,3,6719,https://www.seatacwa.gov,2026-09-05,"Unrestricted widget, machine translation only",EH,derived
city_seatac,City of SeaTac,city,Tagalog,1,2,,True,machine_widget,google_translate,False,,0,,3,6719,https://www.seatacwa.gov,2026-09-05,"Unrestricted widget, machine translation only",EH,derived
city_seatac,City of SeaTac,city,Taishanese,0,0,,False,none,google_translate,False,,0,,3,6719,https://www.seatacwa.gov,2026-09-05,Widget present but does not support this language,EH,derived
city_seatac,City of SeaTac,city,Tajiki,0,0,,False,none,google_translate,False,,0,,3,6719,https://www.seatacwa.gov,2026-09-05,Widget present but does not support this language,EH,derived
city_seatac,City of SeaTac,city,Tamil,1,2,,True,machine_widget,google_translate,False,,0,,3,6719,https://www.seatacwa.gov,2026-09-05,"Unrestricted widget, machine translation only",EH,derived
city_seatac,City of SeaTac,city,Tarasco,0,0,,False,none,google_translate,False,,0,,3,6719,https://www.seatacwa.gov,2026-09-05,Widget present but does not support this language,EH,derived
city_seatac,City of SeaTac,city,Tedim,0,0,,False,none,google_translate,False,,0,,3,6719,https://www.seatacwa.gov,2026-09-05,Widget present but does not support this language,EH,derived
city_seatac,City of SeaTac,city,Telugu,1,2,,True,machine_widget,google_translate,False,,0,,3,6719,https://www.seatacwa.gov,2026-09-05,"Unrestricted widget, machine translation only",EH,derived
city_seatac,City of SeaTac,city,Thai,1,2,,True,machine_widget,google_translate,False,,0,,3,6719,https://www.seatacwa.gov,2026-09-05,"Unrestricted widget, machine translation only",EH,derived
city_seatac,City of SeaTac,city,Tibetan,1,2,,True,machine_widget,google_translate,False,,0,,3,6719,https://www.seatacwa.gov,2026-09-05,"Unrestricted widget, machine translation only",EH,derived
city_seatac,City of SeaTac,city,Tigrinya,1,2,,True,machine_widget,google_translate,False,,0,,3,6719,https://www.seatacwa.gov,2026-09-05,"Unrestricted widget, machine translation only",EH,derived
city_seatac,City of SeaTac,city,Tongan,1,2,,True,machine_widget,google_translate,False,,0,,3,6719,https://www.seatacwa.gov,2026-09-05,"Unrestricted widget, machine translation only",EH,derived
city_seatac,City of SeaTac,city,Turkish,1,2,,True,machine_widget,google_translate,False,,0,,3,6719,https://www.seatacwa.gov,2026-09-05,"Unrestricted widget, machine translation only",EH,derived
city_seatac,City of SeaTac,city,Twi,1,2,,True,machine_widget,google_translate,False,,0,,3,6719,https://www.seatacwa.gov,2026-09-05,"Unrestricted widget, machine translation only",EH,derived
city_seatac,City of SeaTac,city,Ukrainian,1,2,,True,machine_widget,google_translate,False,,0,,3,6719,https://www.seatacwa.gov,2026-09-05,"Unrestricted widget, machine translation only",EH,derived
city_seatac,City of SeaTac,city,Urdu,1,2,,True,machine_widget,google_translate,False,,0,,3,6719,https://www.seatacwa.gov,2026-09-05,"Unrestricted widget, machine translation only",EH,derived
city_seatac,City of SeaTac,city,Uzbek,1,2,,True,machine_widget,google_translate,False,,0,,3,6719,https://www.seatacwa.gov,2026-09-05,"Unrestricted widget, machine translation only",EH,derived
city_seatac,City of SeaTac,city,Vietnamese,1,2,,True,machine_widget,google_translate,False,,0,,3,6719,https://www.seatacwa.gov,2026-09-05,"Unrestricted widget, machine translation only",EH,derived
city_seatac,City of SeaTac,city,Wolof,1,2,,True,machine_widget,google_translate,False,,0,,3,6719,https://www.seatacwa.gov,2026-09-05,"Unrestricted widget, machine translation only",EH,derived
city_seatac,City of SeaTac,city,Yap,0,0,,False,none,google_translate,False,,0,,3,6719,https://www.seatacwa.gov,2026-09-05,Widget present but does not support this language,EH,derived
city_seatac,City of SeaTac,city,Yoruba,1,2,,True,machine_widget,google_translate,False,,0,,3,6719,https://www.seatacwa.gov,2026-09-05,"Unrestricted widget, machine translation only",EH,derived
city_tukwila,City of Tukwila,city,Acholi,0,0,,False,none,gtranslate,True,15,0,,14,7008,https://www.tukwilawa.gov,2026-09-05,Widget restricted to 15 languages; this language is NOT on the list,EH,derived
city_tukwila,City of Tukwila,city,Aguacateco,0,0,,False,none,gtranslate,True,15,0,,14,7008,https://www.tukwilawa.gov,2026-09-05,Widget restricted to 15 languages; this language is NOT on the list,EH,derived
city_tukwila,City of Tukwila,city,Akateko,0,0,,False,none,gtranslate,True,15,0,,14,7008,https://www.tukwilawa.gov,2026-09-05,Widget restricted to 15 languages; this language is NOT on the list,EH,derived
city_tukwila,City of Tukwila,city,Albanian,0,0,,False,none,gtranslate,True,15,0,,14,7008,https://www.tukwilawa.gov,2026-09-05,Widget restricted to 15 languages; this language is NOT on the list,EH,derived
city_tukwila,City of Tukwila,city,American Sign Language,0,0,,False,none,gtranslate,True,15,0,,14,7008,https://www.tukwilawa.gov,2026-09-05,Widget restricted to 15 languages; this language is NOT on the list,EH,derived
city_tukwila,City of Tukwila,city,Amharic,1,2,,True,machine_widget,gtranslate,True,15,0,,14,7008,https://www.tukwilawa.gov,2026-09-05,Widget restricted to 15 languages; this language is on the list,EH,derived
city_tukwila,City of Tukwila,city,Arabic,1,2,,True,machine_widget,gtranslate,True,15,0,,14,7008,https://www.tukwilawa.gov,2026-09-05,Widget restricted to 15 languages; this language is on the list,EH,derived
city_tukwila,City of Tukwila,city,Armenian,0,0,,False,none,gtranslate,True,15,0,,14,7008,https://www.tukwilawa.gov,2026-09-05,Widget restricted to 15 languages; this language is NOT on the list,EH,derived
city_tukwila,City of Tukwila,city,Ayula-Bambara,0,0,,False,none,gtranslate,True,15,0,,14,7008,https://www.tukwilawa.gov,2026-09-05,Widget restricted to 15 languages; this language is NOT on the list,EH,derived
city_tukwila,City of Tukwila,city,Azerbaijani,0,0,,False,none,gtranslate,True,15,0,,14,7008,https://www.tukwilawa.gov,2026-09-05,Widget restricted to 15 languages; this language is NOT on the list,EH,derived
city_tukwila,City of Tukwila,city,Bambara,0,0,,False,none,gtranslate,True,15,0,,14,7008,https://www.tukwilawa.gov,2026-09-05,Widget restricted to 15 languages; this language is NOT on the list,EH,derived
city_tukwila,City of Tukwila,city,Bangala,0,0,,False,none,gtranslate,True,15,0,,14,7008,https://www.tukwilawa.gov,2026-09-05,Widget restricted to 15 languages; this language is NOT on the list,EH,derived
city_tukwila,City of Tukwila,city,Bassa,0,0,,False,none,gtranslate,True,15,0,,14,7008,https://www.tukwilawa.gov,2026-09-05,Widget restricted to 15 languages; this language is NOT on the list,EH,derived
city_tukwila,City of Tukwila,city,Bengali,0,0,,False,none,gtranslate,True,15,0,,14,7008,https://www.tukwilawa.gov,2026-09-05,Widget restricted to 15 languages; this language is NOT on the list,EH,derived
city_tukwila,City of Tukwila,city,Bosnian,0,0,,False,none,gtranslate,True,15,0,,14,7008,https://www.tukwilawa.gov,2026-09-05,Widget restricted to 15 languages; this language is NOT on the list,EH,derived
city_tukwila,City of Tukwila,city,Bulgarian,0,0,,False,none,gtranslate,True,15,0,,14,7008,https://www.tukwilawa.gov,2026-09-05,Widget restricted to 15 languages; this language is NOT on the list,EH,derived
city_tukwila,City of Tukwila,city,Burmese,3,2,,True,in_language_document,gtranslate,True,15,1,2023-fall-rec-guide_burmese,14,7008,https://www.tukwilawa.gov/departments/parks-and-recreation/events/2023-fall-rec-guide_burmese/,2026-09-05,1 page(s) published in this language | Widget restricted to 15 languages; this language is on the list,EH,derived
city_tukwila,City of Tukwila,city,Carolinian,0,0,,False,none,gtranslate,True,15,0,,14,7008,https://www.tukwilawa.gov,2026-09-05,Widget restricted to 15 languages; this language is NOT on the list,EH,derived
city_tukwila,City of Tukwila,city,Catalan,0,0,,False,none,gtranslate,True,15,0,,14,7008,https://www.tukwilawa.gov,2026-09-05,Widget restricted to 15 languages; this language is NOT on the list,EH,derived
city_tukwila,City of Tukwila,city,Cebuano,0,0,,False,none,gtranslate,True,15,0,,14,7008,https://www.tukwilawa.gov,2026-09-05,Widget restricted to 15 languages; this language is NOT on the list,EH,derived
city_tukwila,City of Tukwila,city,Cham,0,0,,False,none,gtranslate,True,15,0,,14,7008,https://www.tukwilawa.gov,2026-09-05,Widget restricted to 15 languages; this language is NOT on the list,EH,derived
city_tukwila,City of Tukwila,city,Chamorro,0,0,,False,none,gtranslate,True,15,0,,14,7008,https://www.tukwilawa.gov,2026-09-05,Widget restricted to 15 languages; this language is NOT on the list,EH,derived
city_tukwila,City of Tukwila,city,Chin,0,0,,False,none,gtranslate,True,15,0,,14,7008,https://www.tukwilawa.gov,2026-09-05,Widget restricted to 15 languages; this language is NOT on the list,EH,derived
city_tukwila,City of Tukwila,city,Chinese-Cantonese,0,0,,False,none,gtranslate,True,15,0,,14,7008,https://www.tukwilawa.gov,2026-09-05,Widget restricted to 15 languages; this language is NOT on the list,EH,derived
city_tukwila,City of Tukwila,city,Chinese-Fukienese,0,0,,False,none,gtranslate,True,15,0,,14,7008,https://www.tukwilawa.gov,2026-09-05,Widget restricted to 15 languages; this language is NOT on the list,EH,derived
city_tukwila,City of Tukwila,city,Chinese-Mandarin,0,0,,False,none,gtranslate,True,15,0,,14,7008,https://www.tukwilawa.gov,2026-09-05,Widget restricted to 15 languages; this language is NOT on the list,EH,derived
city_tukwila,City of Tukwila,city,Chinese-Taiwanese,0,0,,False,none,gtranslate,True,15,0,,14,7008,https://www.tukwilawa.gov,2026-09-05,Widget restricted to 15 languages; this language is NOT on the list,EH,derived
city_tukwila,City of Tukwila,city,Chuukese,0,0,,False,none,gtranslate,True,15,0,,14,7008,https://www.tukwilawa.gov,2026-09-05,Widget restricted to 15 languages; this language is NOT on the list,EH,derived
city_tukwila,City of Tukwila,city,Dari,3,2,,True,in_language_document,gtranslate,True,15,1,2023-fall-rec-guide_dari,14,7008,https://www.tukwilawa.gov/departments/parks-and-recreation/events/2023-fall-rec-guide_dari/,2026-09-05,1 page(s) published in this language | Widget restricted to 15 languages; this language is on the list,EH,derived
city_tukwila,City of Tukwila,city,Dinka,0,0,,False,none,gtranslate,True,15,0,,14,7008,https://www.tukwilawa.gov,2026-09-05,Widget restricted to 15 languages; this language is NOT on the list,EH,derived
city_tukwila,City of Tukwila,city,Dutch,0,0,,False,none,gtranslate,True,15,0,,14,7008,https://www.tukwilawa.gov,2026-09-05,Widget restricted to 15 languages; this language is NOT on the list,EH,derived
city_tukwila,City of Tukwila,city,Egyptian-Arabic,0,0,,False,none,gtranslate,True,15,0,,14,7008,https://www.tukwilawa.gov,2026-09-05,Widget restricted to 15 languages; this language is NOT on the list,EH,derived
city_tukwila,City of Tukwila,city,Eritai,0,0,,False,none,gtranslate,True,15,0,,14,7008,https://www.tukwilawa.gov,2026-09-05,Widget restricted to 15 languages; this language is NOT on the list,EH,derived
city_tukwila,City of Tukwila,city,Estonian,0,0,,False,none,gtranslate,True,15,0,,14,7008,https://www.tukwilawa.gov,2026-09-05,Widget restricted to 15 languages; this language is NOT on the list,EH,derived
city_tukwila,City of Tukwila,city,Ewe,0,0,,False,none,gtranslate,True,15,0,,14,7008,https://www.tukwilawa.gov,2026-09-05,Widget restricted to 15 languages; this language is NOT on the list,EH,derived
city_tukwila,City of Tukwila,city,Fallani,0,0,,False,none,gtranslate,True,15,0,,14,7008,https://www.tukwilawa.gov,2026-09-05,Widget restricted to 15 languages; this language is NOT on the list,EH,derived
city_tukwila,City of Tukwila,city,Farsi,1,2,,True,machine_widget,gtranslate,True,15,0,,14,7008,https://www.tukwilawa.gov,2026-09-05,Widget restricted to 15 languages; this language is on the list,EH,derived
city_tukwila,City of Tukwila,city,French,1,2,,True,machine_widget,gtranslate,True,15,0,,14,7008,https://www.tukwilawa.gov,2026-09-05,Widget restricted to 15 languages; this language is on the list,EH,derived
city_tukwila,City of Tukwila,city,Fula,0,0,,False,none,gtranslate,True,15,0,,14,7008,https://www.tukwilawa.gov,2026-09-05,Widget restricted to 15 languages; this language is NOT on the list,EH,derived
city_tukwila,City of Tukwila,city,Ga,0,0,,False,none,gtranslate,True,15,0,,14,7008,https://www.tukwilawa.gov,2026-09-05,Widget restricted to 15 languages; this language is NOT on the list,EH,derived
city_tukwila,City of Tukwila,city,German,1,2,,True,machine_widget,gtranslate,True,15,0,,14,7008,https://www.tukwilawa.gov,2026-09-05,Widget restricted to 15 languages; this language is on the list,EH,derived
city_tukwila,City of Tukwila,city,"Greek, Modern",0,0,,False,none,gtranslate,True,15,0,,14,7008,https://www.tukwilawa.gov,2026-09-05,Widget restricted to 15 languages; this language is NOT on the list,EH,derived
city_tukwila,City of Tukwila,city,Gujarati,0,0,,False,none,gtranslate,True,15,0,,14,7008,https://www.tukwilawa.gov,2026-09-05,Widget restricted to 15 languages; this language is NOT on the list,EH,derived
city_tukwila,City of Tukwila,city,Haitian Creole,0,0,,False,none,gtranslate,True,15,0,,14,7008,https://www.tukwilawa.gov,2026-09-05,Widget restricted to 15 languages; this language is NOT on the list,EH,derived
city_tukwila,City of Tukwila,city,Hausa,0,0,,False,none,gtranslate,True,15,0,,14,7008,https://www.tukwilawa.gov,2026-09-05,Widget restricted to 15 languages; this language is NOT on the list,EH,derived
city_tukwila,City of Tukwila,city,Hawaiian,0,0,,False,none,gtranslate,True,15,0,,14,7008,https://www.tukwilawa.gov,2026-09-05,Widget restricted to 15 languages; this language is NOT on the list,EH,derived
city_tukwila,City of Tukwila,city,Herero,0,0,,False,none,gtranslate,True,15,0,,14,7008,https://www.tukwilawa.gov,2026-09-05,Widget restricted to 15 languages; this language is NOT on the list,EH,derived
city_tukwila,City of Tukwila,city,Hindi,1,2,,True,machine_widget,gtranslate,True,15,0,,14,7008,https://www.tukwilawa.gov,2026-09-05,Widget restricted to 15 languages; this language is on the list,EH,derived
city_tukwila,City of Tukwila,city,Hmong,0,0,,False,none,gtranslate,True,15,0,,14,7008,https://www.tukwilawa.gov,2026-09-05,Widget restricted to 15 languages; this language is NOT on the list,EH,derived
city_tukwila,City of Tukwila,city,Hungarian,0,0,,False,none,gtranslate,True,15,0,,14,7008,https://www.tukwilawa.gov,2026-09-05,Widget restricted to 15 languages; this language is NOT on the list,EH,derived
city_tukwila,City of Tukwila,city,Igbo,0,0,,False,none,gtranslate,True,15,0,,14,7008,https://www.tukwilawa.gov,2026-09-05,Widget restricted to 15 languages; this language is NOT on the list,EH,derived
city_tukwila,City of Tukwila,city,Ilokano,0,0,,False,none,gtranslate,True,15,0,,14,7008,https://www.tukwilawa.gov,2026-09-05,Widget restricted to 15 languages; this language is NOT on the list,EH,derived
city_tukwila,City of Tukwila,city,Indonesian,0,0,,False,none,gtranslate,True,15,0,,14,7008,https://www.tukwilawa.gov,2026-09-05,Widget restricted to 15 languages; this language is NOT on the list,EH,derived
city_tukwila,City of Tukwila,city,Italian,1,2,,True,machine_widget,gtranslate,True,15,0,,14,7008,https://www.tukwilawa.gov,2026-09-05,Widget restricted to 15 languages; this language is on the list,EH,derived
city_tukwila,City of Tukwila,city,Japanese,0,0,,False,none,gtranslate,True,15,0,,14,7008,https://www.tukwilawa.gov,2026-09-05,Widget restricted to 15 languages; this language is NOT on the list,EH,derived
city_tukwila,City of Tukwila,city,Kakwa,0,0,,False,none,gtranslate,True,15,0,,14,7008,https://www.tukwilawa.gov,2026-09-05,Widget restricted to 15 languages; this language is NOT on the list,EH,derived
city_tukwila,City of Tukwila,city,Kannada,0,0,,False,none,gtranslate,True,15,0,,14,7008,https://www.tukwilawa.gov,2026-09-05,Widget restricted to 15 languages; this language is NOT on the list,EH,derived
city_tukwila,City of Tukwila,city,Karen,0,0,,False,none,gtranslate,True,15,0,,14,7008,https://www.tukwilawa.gov,2026-09-05,Widget restricted to 15 languages; this language is NOT on the list,EH,derived
city_tukwila,City of Tukwila,city,Karenni,0,0,,False,none,gtranslate,True,15,0,,14,7008,https://www.tukwilawa.gov,2026-09-05,Widget restricted to 15 languages; this language is NOT on the list,EH,derived
city_tukwila,City of Tukwila,city,Kazakh,0,0,,False,none,gtranslate,True,15,0,,14,7008,https://www.tukwilawa.gov,2026-09-05,Widget restricted to 15 languages; this language is NOT on the list,EH,derived
city_tukwila,City of Tukwila,city,Khmer,0,0,,False,none,gtranslate,True,15,0,,14,7008,https://www.tukwilawa.gov,2026-09-05,Widget restricted to 15 languages; this language is NOT on the list,EH,derived
city_tukwila,City of Tukwila,city,Kikuyu,0,0,,False,none,gtranslate,True,15,0,,14,7008,https://www.tukwilawa.gov,2026-09-05,Widget restricted to 15 languages; this language is NOT on the list,EH,derived
city_tukwila,City of Tukwila,city,Kinyarwanda,0,0,,False,none,gtranslate,True,15,0,,14,7008,https://www.tukwilawa.gov,2026-09-05,Widget restricted to 15 languages; this language is NOT on the list,EH,derived
city_tukwila,City of Tukwila,city,Kirgiz,0,0,,False,none,gtranslate,True,15,0,,14,7008,https://www.tukwilawa.gov,2026-09-05,Widget restricted to 15 languages; this language is NOT on the list,EH,derived
city_tukwila,City of Tukwila,city,Kirundi,0,0,,False,none,gtranslate,True,15,0,,14,7008,https://www.tukwilawa.gov,2026-09-05,Widget restricted to 15 languages; this language is NOT on the list,EH,derived
city_tukwila,City of Tukwila,city,Kmhmu,0,0,,False,none,gtranslate,True,15,0,,14,7008,https://www.tukwilawa.gov,2026-09-05,Widget restricted to 15 languages; this language is NOT on the list,EH,derived
city_tukwila,City of Tukwila,city,Kongo,0,0,,False,none,gtranslate,True,15,0,,14,7008,https://www.tukwilawa.gov,2026-09-05,Widget restricted to 15 languages; this language is NOT on the list,EH,derived
city_tukwila,City of Tukwila,city,Korean,1,2,,True,machine_widget,gtranslate,True,15,0,,14,7008,https://www.tukwilawa.gov,2026-09-05,Widget restricted to 15 languages; this language is on the list,EH,derived
city_tukwila,City of Tukwila,city,Kosraean,0,0,,False,none,gtranslate,True,15,0,,14,7008,https://www.tukwilawa.gov,2026-09-05,Widget restricted to 15 languages; this language is NOT on the list,EH,derived
city_tukwila,City of Tukwila,city,Krahn,0,0,,False,none,gtranslate,True,15,0,,14,7008,https://www.tukwilawa.gov,2026-09-05,Widget restricted to 15 languages; this language is NOT on the list,EH,derived
city_tukwila,City of Tukwila,city,Krio,0,0,,False,none,gtranslate,True,15,0,,14,7008,https://www.tukwilawa.gov,2026-09-05,Widget restricted to 15 languages; this language is NOT on the list,EH,derived
city_tukwila,City of Tukwila,city,Kru,0,0,,False,none,gtranslate,True,15,0,,14,7008,https://www.tukwilawa.gov,2026-09-05,Widget restricted to 15 languages; this language is NOT on the list,EH,derived
city_tukwila,City of Tukwila,city,Kurdish,0,0,,False,none,gtranslate,True,15,0,,14,7008,https://www.tukwilawa.gov,2026-09-05,Widget restricted to 15 languages; this language is NOT on the list,EH,derived
city_tukwila,City of Tukwila,city,Lao,0,0,,False,none,gtranslate,True,15,0,,14,7008,https://www.tukwilawa.gov,2026-09-05,Widget restricted to 15 languages; this language is NOT on the list,EH,derived
city_tukwila,City of Tukwila,city,Latvian,0,0,,False,none,gtranslate,True,15,0,,14,7008,https://www.tukwilawa.gov,2026-09-05,Widget restricted to 15 languages; this language is NOT on the list,EH,derived
city_tukwila,City of Tukwila,city,Lingala,0,0,,False,none,gtranslate,True,15,0,,14,7008,https://www.tukwilawa.gov,2026-09-05,Widget restricted to 15 languages; this language is NOT on the list,EH,derived
city_tukwila,City of Tukwila,city,Luganda,0,0,,False,none,gtranslate,True,15,0,,14,7008,https://www.tukwilawa.gov,2026-09-05,Widget restricted to 15 languages; this language is NOT on the list,EH,derived
city_tukwila,City of Tukwila,city,Maay Maay,0,0,,False,none,gtranslate,True,15,0,,14,7008,https://www.tukwilawa.gov,2026-09-05,Widget restricted to 15 languages; this language is NOT on the list,EH,derived
city_tukwila,City of Tukwila,city,Malay,0,0,,False,none,gtranslate,True,15,0,,14,7008,https://www.tukwilawa.gov,2026-09-05,Widget restricted to 15 languages; this language is NOT on the list,EH,derived
city_tukwila,City of Tukwila,city,Malayalam,0,0,,False,none,gtranslate,True,15,0,,14,7008,https://www.tukwilawa.gov,2026-09-05,Widget restricted to 15 languages; this language is NOT on the list,EH,derived
city_tukwila,City of Tukwila,city,Mam,0,0,,False,none,gtranslate,True,15,0,,14,7008,https://www.tukwilawa.gov,2026-09-05,Widget restricted to 15 languages; this language is NOT on the list,EH,derived
city_tukwila,City of Tukwila,city,Mandingo,0,0,,False,none,gtranslate,True,15,0,,14,7008,https://www.tukwilawa.gov,2026-09-05,Widget restricted to 15 languages; this language is NOT on the list,EH,derived
city_tukwila,City of Tukwila,city,Mandinka,0,0,,False,none,gtranslate,True,15,0,,14,7008,https://www.tukwilawa.gov,2026-09-05,Widget restricted to 15 languages; this language is NOT on the list,EH,derived
city_tukwila,City of Tukwila,city,Marathi,0,0,,False,none,gtranslate,True,15,0,,14,7008,https://www.tukwilawa.gov,2026-09-05,Widget restricted to 15 languages; this language is NOT on the list,EH,derived
city_tukwila,City of Tukwila,city,Marquesan,0,0,,False,none,gtranslate,True,15,0,,14,7008,https://www.tukwilawa.gov,2026-09-05,Widget restricted to 15 languages; this language is NOT on the list,EH,derived
city_tukwila,City of Tukwila,city,Marshallese,0,0,,False,none,gtranslate,True,15,0,,14,7008,https://www.tukwilawa.gov,2026-09-05,Widget restricted to 15 languages; this language is NOT on the list,EH,derived
city_tukwila,City of Tukwila,city,Maya-Quiche,0,0,,False,none,gtranslate,True,15,0,,14,7008,https://www.tukwilawa.gov,2026-09-05,Widget restricted to 15 languages; this language is NOT on the list,EH,derived
city_tukwila,City of Tukwila,city,Mien,0,0,,False,none,gtranslate,True,15,0,,14,7008,https://www.tukwilawa.gov,2026-09-05,Widget restricted to 15 languages; this language is NOT on the list,EH,derived
city_tukwila,City of Tukwila,city,Mixteco,0,0,,False,none,gtranslate,True,15,0,,14,7008,https://www.tukwilawa.gov,2026-09-05,Widget restricted to 15 languages; this language is NOT on the list,EH,derived
city_tukwila,City of Tukwila,city,Moldavian,0,0,,False,none,gtranslate,True,15,0,,14,7008,https://www.tukwilawa.gov,2026-09-05,Widget restricted to 15 languages; this language is NOT on the list,EH,derived
city_tukwila,City of Tukwila,city,Mongolian,0,0,,False,none,gtranslate,True,15,0,,14,7008,https://www.tukwilawa.gov,2026-09-05,Widget restricted to 15 languages; this language is NOT on the list,EH,derived
city_tukwila,City of Tukwila,city,Moore,0,0,,False,none,gtranslate,True,15,0,,14,7008,https://www.tukwilawa.gov,2026-09-05,Widget restricted to 15 languages; this language is NOT on the list,EH,derived
city_tukwila,City of Tukwila,city,"Nahuatl, Guerrero region",0,0,,False,none,gtranslate,True,15,0,,14,7008,https://www.tukwilawa.gov,2026-09-05,Widget restricted to 15 languages; this language is NOT on the list,EH,derived
city_tukwila,City of Tukwila,city,Nepali,3,2,,True,in_language_document,gtranslate,True,15,1,2023-fall-rec-guide_nepali,14,7008,https://www.tukwilawa.gov/departments/parks-and-recreation/events/2023-fall-rec-guide_nepali/,2026-09-05,1 page(s) published in this language | Widget restricted to 15 languages; this language is on the list,EH,derived
city_tukwila,City of Tukwila,city,Nuer,0,0,,False,none,gtranslate,True,15,0,,14,7008,https://www.tukwilawa.gov,2026-09-05,Widget restricted to 15 languages; this language is NOT on the list,EH,derived
city_tukwila,City of Tukwila,city,Oromo,0,0,,False,none,gtranslate,True,15,0,,14,7008,https://www.tukwilawa.gov,2026-09-05,Widget restricted to 15 languages; this language is NOT on the list,EH,derived
city_tukwila,City of Tukwila,city,Palau,0,0,,False,none,gtranslate,True,15,0,,14,7008,https://www.tukwilawa.gov,2026-09-05,Widget restricted to 15 languages; this language is NOT on the list,EH,derived
city_tukwila,City of Tukwila,city,Pashai,0,0,,False,none,gtranslate,True,15,0,,14,7008,https://www.tukwilawa.gov,2026-09-05,Widget restricted to 15 languages; this language is NOT on the list,EH,derived
city_tukwila,City of Tukwila,city,Pashto,0,0,,False,none,gtranslate,True,15,0,,14,7008,https://www.tukwilawa.gov,2026-09-05,Widget restricted to 15 languages; this language is NOT on the list,EH,derived
city_tukwila,City of Tukwila,city,Pere,0,0,,False,none,gtranslate,True,15,0,,14,7008,https://www.tukwilawa.gov,2026-09-05,Widget restricted to 15 languages; this language is NOT on the list,EH,derived
city_tukwila,City of Tukwila,city,Polish,0,0,,False,none,gtranslate,True,15,0,,14,7008,https://www.tukwilawa.gov,2026-09-05,Widget restricted to 15 languages; this language is NOT on the list,EH,derived
city_tukwila,City of Tukwila,city,Portuguese,0,0,,False,none,gtranslate,True,15,0,,14,7008,https://www.tukwilawa.gov,2026-09-05,Widget restricted to 15 languages; this language is NOT on the list,EH,derived
city_tukwila,City of Tukwila,city,Punjabi,0,0,,False,none,gtranslate,True,15,0,,14,7008,https://www.tukwilawa.gov,2026-09-05,Widget restricted to 15 languages; this language is NOT on the list,EH,derived
city_tukwila,City of Tukwila,city,Purepecha,0,0,,False,none,gtranslate,True,15,0,,14,7008,https://www.tukwilawa.gov,2026-09-05,Widget restricted to 15 languages; this language is NOT on the list,EH,derived
city_tukwila,City of Tukwila,city,Rohingya,0,0,,False,none,gtranslate,True,15,0,,14,7008,https://www.tukwilawa.gov,2026-09-05,Widget restricted to 15 languages; this language is NOT on the list,EH,derived
city_tukwila,City of Tukwila,city,Romanian,0,0,,False,none,gtranslate,True,15,0,,14,7008,https://www.tukwilawa.gov,2026-09-05,Widget restricted to 15 languages; this language is NOT on the list,EH,derived
city_tukwila,City of Tukwila,city,Russian,0,0,,False,none,gtranslate,True,15,0,,14,7008,https://www.tukwilawa.gov,2026-09-05,Widget restricted to 15 languages; this language is NOT on the list,EH,derived
city_tukwila,City of Tukwila,city,Samoan,0,0,,False,none,gtranslate,True,15,0,,14,7008,https://www.tukwilawa.gov,2026-09-05,Widget restricted to 15 languages; this language is NOT on the list,EH,derived
city_tukwila,City of Tukwila,city,Sao,0,0,,False,none,gtranslate,True,15,0,,14,7008,https://www.tukwilawa.gov,2026-09-05,Widget restricted to 15 languages; this language is NOT on the list,EH,derived
city_tukwila,City of Tukwila,city,Serbo-Croation,0,0,,False,none,gtranslate,True,15,0,,14,7008,https://www.tukwilawa.gov,2026-09-05,Widget restricted to 15 languages; this language is NOT on the list,EH,derived
city_tukwila,City of Tukwila,city,Shona,0,0,,False,none,gtranslate,True,15,0,,14,7008,https://www.tukwilawa.gov,2026-09-05,Widget restricted to 15 languages; this language is NOT on the list,EH,derived
city_tukwila,City of Tukwila,city,Sinhalese,0,0,,False,none,gtranslate,True,15,0,,14,7008,https://www.tukwilawa.gov,2026-09-05,Widget restricted to 15 languages; this language is NOT on the list,EH,derived
city_tukwila,City of Tukwila,city,Slovenian,0,0,,False,none,gtranslate,True,15,0,,14,7008,https://www.tukwilawa.gov,2026-09-05,Widget restricted to 15 languages; this language is NOT on the list,EH,derived
city_tukwila,City of Tukwila,city,Somali,3,2,,True,in_language_document,gtranslate,True,15,5,2024-tls-notice-to-employees-somali; 2024-tls-poster-somali; tls-poster-somali; 2023-fall-rec-guide_somali; pw-tukwila_wiretheft_flyer-somali,14,7008,https://www.tukwilawa.gov/departments/finance/2024-tls-notice-to-employees-somali/,2026-09-05,5 page(s) published in this language | Widget restricted to 15 languages; this language is on the list,EH,derived
city_tukwila,City of Tukwila,city,Soninke,0,0,,False,none,gtranslate,True,15,0,,14,7008,https://www.tukwilawa.gov,2026-09-05,Widget restricted to 15 languages; this language is NOT on the list,EH,derived
city_tukwila,City of Tukwila,city,Sotho,0,0,,False,none,gtranslate,True,15,0,,14,7008,https://www.tukwilawa.gov,2026-09-05,Widget restricted to 15 languages; this language is NOT on the list,EH,derived
city_tukwila,City of Tukwila,city,Spanish,3,2,,True,in_language_document,gtranslate,True,15,8,tukwila-connectors-flyer-spanish; 2024-tls-notice-to-employees-spanish; 2024-tls-poster-spanish; tls-notice-to-employees-spanish; tls-poster-spanish; spanish; 2023-fall-rec-guide_spanish; pw-tukwila_wiretheft_flyer-spanish,14,7008,https://www.tukwilawa.gov/become-tukwila-community-connector/tukwila-connectors-flyer-spanish/,2026-09-05,8 page(s) published in this language | Widget restricted to 15 languages; this language is on the list,EH,derived
city_tukwila,City of Tukwila,city,Swahili,0,0,,False,none,gtranslate,True,15,0,,14,7008,https://www.tukwilawa.gov,2026-09-05,Widget restricted to 15 languages; this language is NOT on the list,EH,derived
city_tukwila,City of Tukwila,city,Tagalog,1,2,,True,machine_widget,gtranslate,True,15,0,,14,7008,https://www.tukwilawa.gov,2026-09-05,Widget restricted to 15 languages; this language is on the list,EH,derived
city_tukwila,City of Tukwila,city,Taishanese,0,0,,False,none,gtranslate,True,15,0,,14,7008,https://www.tukwilawa.gov,2026-09-05,Widget restricted to 15 languages; this language is NOT on the list,EH,derived
city_tukwila,City of Tukwila,city,Tajiki,0,0,,False,none,gtranslate,True,15,0,,14,7008,https://www.tukwilawa.gov,2026-09-05,Widget restricted to 15 languages; this language is NOT on the list,EH,derived
city_tukwila,City of Tukwila,city,Tamil,0,0,,False,none,gtranslate,True,15,0,,14,7008,https://www.tukwilawa.gov,2026-09-05,Widget restricted to 15 languages; this language is NOT on the list,EH,derived
city_tukwila,City of Tukwila,city,Tarasco,0,0,,False,none,gtranslate,True,15,0,,14,7008,https://www.tukwilawa.gov,2026-09-05,Widget restricted to 15 languages; this language is NOT on the list,EH,derived
city_tukwila,City of Tukwila,city,Tedim,0,0,,False,none,gtranslate,True,15,0,,14,7008,https://www.tukwilawa.gov,2026-09-05,Widget restricted to 15 languages; this language is NOT on the list,EH,derived
city_tukwila,City of Tukwila,city,Telugu,0,0,,False,none,gtranslate,True,15,0,,14,7008,https://www.tukwilawa.gov,2026-09-05,Widget restricted to 15 languages; this language is NOT on the list,EH,derived
city_tukwila,City of Tukwila,city,Thai,0,0,,False,none,gtranslate,True,15,0,,14,7008,https://www.tukwilawa.gov,2026-09-05,Widget restricted to 15 languages; this language is NOT on the list,EH,derived
city_tukwila,City of Tukwila,city,Tibetan,0,0,,False,none,gtranslate,True,15,0,,14,7008,https://www.tukwilawa.gov,2026-09-05,Widget restricted to 15 languages; this language is NOT on the list,EH,derived
city_tukwila,City of Tukwila,city,Tigrinya,0,0,,False,none,gtranslate,True,15,0,,14,7008,https://www.tukwilawa.gov,2026-09-05,Widget restricted to 15 languages; this language is NOT on the list,EH,derived
city_tukwila,City of Tukwila,city,Tongan,0,0,,False,none,gtranslate,True,15,0,,14,7008,https://www.tukwilawa.gov,2026-09-05,Widget restricted to 15 languages; this language is NOT on the list,EH,derived
city_tukwila,City of Tukwila,city,Turkish,0,0,,False,none,gtranslate,True,15,0,,14,7008,https://www.tukwilawa.gov,2026-09-05,Widget restricted to 15 languages; this language is NOT on the list,EH,derived
city_tukwila,City of Tukwila,city,Twi,0,0,,False,none,gtranslate,True,15,0,,14,7008,https://www.tukwilawa.gov,2026-09-05,Widget restricted to 15 languages; this language is NOT on the list,EH,derived
city_tukwila,City of Tukwila,city,Ukrainian,0,0,,False,none,gtranslate,True,15,0,,14,7008,https://www.tukwilawa.gov,2026-09-05,Widget restricted to 15 languages; this language is NOT on the list,EH,derived
city_tukwila,City of Tukwila,city,Urdu,0,0,,False,none,gtranslate,True,15,0,,14,7008,https://www.tukwilawa.gov,2026-09-05,Widget restricted to 15 languages; this language is NOT on the list,EH,derived
city_tukwila,City of Tukwila,city,Uzbek,0,0,,False,none,gtranslate,True,15,0,,14,7008,https://www.tukwilawa.gov,2026-09-05,Widget restricted to 15 languages; this language is NOT on the list,EH,derived
city_tukwila,City of Tukwila,city,Vietnamese,3,2,,True,in_language_document,gtranslate,True,15,6,2024-tls-notice-to-employees-vietnamese; 2024-tls-poster-vietnamese; tls-notice-to-employees-vietnamese; tls-poster-vietnamese; 2023-fall-rec-guide_vietnamese; pw-tukwila_wiretheft_flyer-vietnamese,14,7008,https://www.tukwilawa.gov/departments/finance/2024-tls-notice-to-employees-vietnamese/,2026-09-05,6 page(s) published in this language | Widget restricted to 15 languages; this language is on the list,EH,derived
city_tukwila,City of Tukwila,city,Wolof,0,0,,False,none,gtranslate,True,15,0,,14,7008,https://www.tukwilawa.gov,2026-09-05,Widget restricted to 15 languages; this language is NOT on the list,EH,derived
city_tukwila,City of Tukwila,city,Yap,0,0,,False,none,gtranslate,True,15,0,,14,7008,https://www.tukwilawa.gov,2026-09-05,Widget restricted to 15 languages; this language is NOT on the list,EH,derived
city_tukwila,City of Tukwila,city,Yoruba,0,0,,False,none,gtranslate,True,15,0,,14,7008,https://www.tukwilawa.gov,2026-09-05,Widget restricted to 15 languages; this language is NOT on the list,EH,derived
