agency_id,agency_name,sector,language,written_tier,oral_tier,collection_tier,pathway_in_language,pathway_type,translated_page_count,translated_page_slugs,is_state_channel,dshs_client_households,evidence_url,capture_date,quality_verdict,notes,assigned_by,assignment_method
food_auburn,The Auburn Food Bank,food,Acholi,0,0,,False,none,0,,False,,https://www.theauburnfoodbank.org,2026-09-06,,"No translation mechanism and no translated documents found on the site | Food bank. Groceries can be collected without a shared language, so a web-only assessment understates this sector more than any other. Read the tier as a measure of published information, not of whether someone is fed",EH,derived
food_auburn,The Auburn Food Bank,food,Aguacateco,0,0,,False,none,0,,False,,https://www.theauburnfoodbank.org,2026-09-06,,"No translation mechanism and no translated documents found on the site | Food bank. Groceries can be collected without a shared language, so a web-only assessment understates this sector more than any other. Read the tier as a measure of published information, not of whether someone is fed",EH,derived
food_auburn,The Auburn Food Bank,food,Akateko,0,0,,False,none,0,,False,,https://www.theauburnfoodbank.org,2026-09-06,,"No translation mechanism and no translated documents found on the site | Food bank. Groceries can be collected without a shared language, so a web-only assessment understates this sector more than any other. Read the tier as a measure of published information, not of whether someone is fed",EH,derived
food_auburn,The Auburn Food Bank,food,Albanian,0,0,,False,none,0,,False,,https://www.theauburnfoodbank.org,2026-09-06,,"No translation mechanism and no translated documents found on the site | Food bank. Groceries can be collected without a shared language, so a web-only assessment understates this sector more than any other. Read the tier as a measure of published information, not of whether someone is fed",EH,derived
food_auburn,The Auburn Food Bank,food,American Sign Language,0,0,,False,none,0,,False,298,https://www.theauburnfoodbank.org,2026-09-06,,"No translation mechanism and no translated documents found on the site | Food bank. Groceries can be collected without a shared language, so a web-only assessment understates this sector more than any other. Read the tier as a measure of published information, not of whether someone is fed",EH,derived
food_auburn,The Auburn Food Bank,food,Amharic,0,0,,False,none,0,,False,1615,https://www.theauburnfoodbank.org,2026-09-06,,"No translation mechanism and no translated documents found on the site | Food bank. Groceries can be collected without a shared language, so a web-only assessment understates this sector more than any other. Read the tier as a measure of published information, not of whether someone is fed",EH,derived
food_auburn,The Auburn Food Bank,food,Arabic,0,0,,False,none,0,,False,2447,https://www.theauburnfoodbank.org,2026-09-06,,"No translation mechanism and no translated documents found on the site | Food bank. Groceries can be collected without a shared language, so a web-only assessment understates this sector more than any other. Read the tier as a measure of published information, not of whether someone is fed",EH,derived
food_auburn,The Auburn Food Bank,food,Armenian,0,0,,False,none,0,,False,,https://www.theauburnfoodbank.org,2026-09-06,,"No translation mechanism and no translated documents found on the site | Food bank. Groceries can be collected without a shared language, so a web-only assessment understates this sector more than any other. Read the tier as a measure of published information, not of whether someone is fed",EH,derived
food_auburn,The Auburn Food Bank,food,Ayula-Bambara,0,0,,False,none,0,,False,,https://www.theauburnfoodbank.org,2026-09-06,,"No translation mechanism and no translated documents found on the site | Food bank. Groceries can be collected without a shared language, so a web-only assessment understates this sector more than any other. Read the tier as a measure of published information, not of whether someone is fed",EH,derived
food_auburn,The Auburn Food Bank,food,Azerbaijani,0,0,,False,none,0,,False,,https://www.theauburnfoodbank.org,2026-09-06,,"No translation mechanism and no translated documents found on the site | Food bank. Groceries can be collected without a shared language, so a web-only assessment understates this sector more than any other. Read the tier as a measure of published information, not of whether someone is fed",EH,derived
food_auburn,The Auburn Food Bank,food,Bambara,0,0,,False,none,0,,False,,https://www.theauburnfoodbank.org,2026-09-06,,"No translation mechanism and no translated documents found on the site | Food bank. Groceries can be collected without a shared language, so a web-only assessment understates this sector more than any other. Read the tier as a measure of published information, not of whether someone is fed",EH,derived
food_auburn,The Auburn Food Bank,food,Bangala,0,0,,False,none,0,,False,,https://www.theauburnfoodbank.org,2026-09-06,,"No translation mechanism and no translated documents found on the site | Food bank. Groceries can be collected without a shared language, so a web-only assessment understates this sector more than any other. Read the tier as a measure of published information, not of whether someone is fed",EH,derived
food_auburn,The Auburn Food Bank,food,Bassa,0,0,,False,none,0,,False,,https://www.theauburnfoodbank.org,2026-09-06,,"No translation mechanism and no translated documents found on the site | Food bank. Groceries can be collected without a shared language, so a web-only assessment understates this sector more than any other. Read the tier as a measure of published information, not of whether someone is fed",EH,derived
food_auburn,The Auburn Food Bank,food,Bengali,0,0,,False,none,0,,False,,https://www.theauburnfoodbank.org,2026-09-06,,"No translation mechanism and no translated documents found on the site | Food bank. Groceries can be collected without a shared language, so a web-only assessment understates this sector more than any other. Read the tier as a measure of published information, not of whether someone is fed",EH,derived
food_auburn,The Auburn Food Bank,food,Bosnian,0,0,,False,none,0,,False,,https://www.theauburnfoodbank.org,2026-09-06,,"No translation mechanism and no translated documents found on the site | Food bank. Groceries can be collected without a shared language, so a web-only assessment understates this sector more than any other. Read the tier as a measure of published information, not of whether someone is fed",EH,derived
food_auburn,The Auburn Food Bank,food,Bulgarian,0,0,,False,none,0,,False,,https://www.theauburnfoodbank.org,2026-09-06,,"No translation mechanism and no translated documents found on the site | Food bank. Groceries can be collected without a shared language, so a web-only assessment understates this sector more than any other. Read the tier as a measure of published information, not of whether someone is fed",EH,derived
food_auburn,The Auburn Food Bank,food,Burmese,0,0,,False,none,0,,False,349,https://www.theauburnfoodbank.org,2026-09-06,,"No translation mechanism and no translated documents found on the site | Food bank. Groceries can be collected without a shared language, so a web-only assessment understates this sector more than any other. Read the tier as a measure of published information, not of whether someone is fed",EH,derived
food_auburn,The Auburn Food Bank,food,Carolinian,0,0,,False,none,0,,False,,https://www.theauburnfoodbank.org,2026-09-06,,"No translation mechanism and no translated documents found on the site | Food bank. Groceries can be collected without a shared language, so a web-only assessment understates this sector more than any other. Read the tier as a measure of published information, not of whether someone is fed",EH,derived
food_auburn,The Auburn Food Bank,food,Catalan,0,0,,False,none,0,,False,,https://www.theauburnfoodbank.org,2026-09-06,,"No translation mechanism and no translated documents found on the site | Food bank. Groceries can be collected without a shared language, so a web-only assessment understates this sector more than any other. Read the tier as a measure of published information, not of whether someone is fed",EH,derived
food_auburn,The Auburn Food Bank,food,Cebuano,0,0,,False,none,0,,False,,https://www.theauburnfoodbank.org,2026-09-06,,"No translation mechanism and no translated documents found on the site | Food bank. Groceries can be collected without a shared language, so a web-only assessment understates this sector more than any other. Read the tier as a measure of published information, not of whether someone is fed",EH,derived
food_auburn,The Auburn Food Bank,food,Cham,0,0,,False,none,0,,False,,https://www.theauburnfoodbank.org,2026-09-06,,"No translation mechanism and no translated documents found on the site | Food bank. Groceries can be collected without a shared language, so a web-only assessment understates this sector more than any other. Read the tier as a measure of published information, not of whether someone is fed",EH,derived
food_auburn,The Auburn Food Bank,food,Chamorro,0,0,,False,none,0,,False,,https://www.theauburnfoodbank.org,2026-09-06,,"No translation mechanism and no translated documents found on the site | Food bank. Groceries can be collected without a shared language, so a web-only assessment understates this sector more than any other. Read the tier as a measure of published information, not of whether someone is fed",EH,derived
food_auburn,The Auburn Food Bank,food,Chin,0,0,,False,none,0,,False,,https://www.theauburnfoodbank.org,2026-09-06,,"No translation mechanism and no translated documents found on the site | Food bank. Groceries can be collected without a shared language, so a web-only assessment understates this sector more than any other. Read the tier as a measure of published information, not of whether someone is fed",EH,derived
food_auburn,The Auburn Food Bank,food,Chinese-Cantonese,0,0,,False,none,0,,False,,https://www.theauburnfoodbank.org,2026-09-06,,"No translation mechanism and no translated documents found on the site | Food bank. Groceries can be collected without a shared language, so a web-only assessment understates this sector more than any other. Read the tier as a measure of published information, not of whether someone is fed",EH,derived
food_auburn,The Auburn Food Bank,food,Chinese-Fukienese,0,0,,False,none,0,,False,,https://www.theauburnfoodbank.org,2026-09-06,,"No translation mechanism and no translated documents found on the site | Food bank. Groceries can be collected without a shared language, so a web-only assessment understates this sector more than any other. Read the tier as a measure of published information, not of whether someone is fed",EH,derived
food_auburn,The Auburn Food Bank,food,Chinese-Mandarin,0,0,,False,none,0,,False,,https://www.theauburnfoodbank.org,2026-09-06,,"No translation mechanism and no translated documents found on the site | Food bank. Groceries can be collected without a shared language, so a web-only assessment understates this sector more than any other. Read the tier as a measure of published information, not of whether someone is fed",EH,derived
food_auburn,The Auburn Food Bank,food,Chinese-Taiwanese,0,0,,False,none,0,,False,,https://www.theauburnfoodbank.org,2026-09-06,,"No translation mechanism and no translated documents found on the site | Food bank. Groceries can be collected without a shared language, so a web-only assessment understates this sector more than any other. Read the tier as a measure of published information, not of whether someone is fed",EH,derived
food_auburn,The Auburn Food Bank,food,Chuukese,0,0,,False,none,0,,False,677,https://www.theauburnfoodbank.org,2026-09-06,,"No translation mechanism and no translated documents found on the site | Food bank. Groceries can be collected without a shared language, so a web-only assessment understates this sector more than any other. Read the tier as a measure of published information, not of whether someone is fed",EH,derived
food_auburn,The Auburn Food Bank,food,Dari,0,0,,False,none,0,,False,2702,https://www.theauburnfoodbank.org,2026-09-06,,"No translation mechanism and no translated documents found on the site | Food bank. Groceries can be collected without a shared language, so a web-only assessment understates this sector more than any other. Read the tier as a measure of published information, not of whether someone is fed",EH,derived
food_auburn,The Auburn Food Bank,food,Dinka,0,0,,False,none,0,,False,,https://www.theauburnfoodbank.org,2026-09-06,,"No translation mechanism and no translated documents found on the site | Food bank. Groceries can be collected without a shared language, so a web-only assessment understates this sector more than any other. Read the tier as a measure of published information, not of whether someone is fed",EH,derived
food_auburn,The Auburn Food Bank,food,Dutch,0,0,,False,none,0,,False,,https://www.theauburnfoodbank.org,2026-09-06,,"No translation mechanism and no translated documents found on the site | Food bank. Groceries can be collected without a shared language, so a web-only assessment understates this sector more than any other. Read the tier as a measure of published information, not of whether someone is fed",EH,derived
food_auburn,The Auburn Food Bank,food,Egyptian-Arabic,0,0,,False,none,0,,False,,https://www.theauburnfoodbank.org,2026-09-06,,"No translation mechanism and no translated documents found on the site | Food bank. Groceries can be collected without a shared language, so a web-only assessment understates this sector more than any other. Read the tier as a measure of published information, not of whether someone is fed",EH,derived
food_auburn,The Auburn Food Bank,food,Eritai,0,0,,False,none,0,,False,,https://www.theauburnfoodbank.org,2026-09-06,,"No translation mechanism and no translated documents found on the site | Food bank. Groceries can be collected without a shared language, so a web-only assessment understates this sector more than any other. Read the tier as a measure of published information, not of whether someone is fed",EH,derived
food_auburn,The Auburn Food Bank,food,Estonian,0,0,,False,none,0,,False,,https://www.theauburnfoodbank.org,2026-09-06,,"No translation mechanism and no translated documents found on the site | Food bank. Groceries can be collected without a shared language, so a web-only assessment understates this sector more than any other. Read the tier as a measure of published information, not of whether someone is fed",EH,derived
food_auburn,The Auburn Food Bank,food,Ewe,0,0,,False,none,0,,False,,https://www.theauburnfoodbank.org,2026-09-06,,"No translation mechanism and no translated documents found on the site | Food bank. Groceries can be collected without a shared language, so a web-only assessment understates this sector more than any other. Read the tier as a measure of published information, not of whether someone is fed",EH,derived
food_auburn,The Auburn Food Bank,food,Fallani,0,0,,False,none,0,,False,,https://www.theauburnfoodbank.org,2026-09-06,,"No translation mechanism and no translated documents found on the site | Food bank. Groceries can be collected without a shared language, so a web-only assessment understates this sector more than any other. Read the tier as a measure of published information, not of whether someone is fed",EH,derived
food_auburn,The Auburn Food Bank,food,Farsi,0,0,,False,none,0,,False,990,https://www.theauburnfoodbank.org,2026-09-06,,"No translation mechanism and no translated documents found on the site | Food bank. Groceries can be collected without a shared language, so a web-only assessment understates this sector more than any other. Read the tier as a measure of published information, not of whether someone is fed",EH,derived
food_auburn,The Auburn Food Bank,food,French,0,0,,False,none,0,,False,994,https://www.theauburnfoodbank.org,2026-09-06,,"No translation mechanism and no translated documents found on the site | Food bank. Groceries can be collected without a shared language, so a web-only assessment understates this sector more than any other. Read the tier as a measure of published information, not of whether someone is fed",EH,derived
food_auburn,The Auburn Food Bank,food,Fula,0,0,,False,none,0,,False,,https://www.theauburnfoodbank.org,2026-09-06,,"No translation mechanism and no translated documents found on the site | Food bank. Groceries can be collected without a shared language, so a web-only assessment understates this sector more than any other. Read the tier as a measure of published information, not of whether someone is fed",EH,derived
food_auburn,The Auburn Food Bank,food,Ga,0,0,,False,none,0,,False,,https://www.theauburnfoodbank.org,2026-09-06,,"No translation mechanism and no translated documents found on the site | Food bank. Groceries can be collected without a shared language, so a web-only assessment understates this sector more than any other. Read the tier as a measure of published information, not of whether someone is fed",EH,derived
food_auburn,The Auburn Food Bank,food,German,0,0,,False,none,0,,False,,https://www.theauburnfoodbank.org,2026-09-06,,"No translation mechanism and no translated documents found on the site | Food bank. Groceries can be collected without a shared language, so a web-only assessment understates this sector more than any other. Read the tier as a measure of published information, not of whether someone is fed",EH,derived
food_auburn,The Auburn Food Bank,food,"Greek, Modern",0,0,,False,none,0,,False,,https://www.theauburnfoodbank.org,2026-09-06,,"No translation mechanism and no translated documents found on the site | Food bank. Groceries can be collected without a shared language, so a web-only assessment understates this sector more than any other. Read the tier as a measure of published information, not of whether someone is fed",EH,derived
food_auburn,The Auburn Food Bank,food,Gujarati,0,0,,False,none,0,,False,,https://www.theauburnfoodbank.org,2026-09-06,,"No translation mechanism and no translated documents found on the site | Food bank. Groceries can be collected without a shared language, so a web-only assessment understates this sector more than any other. Read the tier as a measure of published information, not of whether someone is fed",EH,derived
food_auburn,The Auburn Food Bank,food,Haitian Creole,0,0,,False,none,0,,False,317,https://www.theauburnfoodbank.org,2026-09-06,,"No translation mechanism and no translated documents found on the site | Food bank. Groceries can be collected without a shared language, so a web-only assessment understates this sector more than any other. Read the tier as a measure of published information, not of whether someone is fed",EH,derived
food_auburn,The Auburn Food Bank,food,Hausa,0,0,,False,none,0,,False,,https://www.theauburnfoodbank.org,2026-09-06,,"No translation mechanism and no translated documents found on the site | Food bank. Groceries can be collected without a shared language, so a web-only assessment understates this sector more than any other. Read the tier as a measure of published information, not of whether someone is fed",EH,derived
food_auburn,The Auburn Food Bank,food,Hawaiian,0,0,,False,none,0,,False,,https://www.theauburnfoodbank.org,2026-09-06,,"No translation mechanism and no translated documents found on the site | Food bank. Groceries can be collected without a shared language, so a web-only assessment understates this sector more than any other. Read the tier as a measure of published information, not of whether someone is fed",EH,derived
food_auburn,The Auburn Food Bank,food,Herero,0,0,,False,none,0,,False,,https://www.theauburnfoodbank.org,2026-09-06,,"No translation mechanism and no translated documents found on the site | Food bank. Groceries can be collected without a shared language, so a web-only assessment understates this sector more than any other. Read the tier as a measure of published information, not of whether someone is fed",EH,derived
food_auburn,The Auburn Food Bank,food,Hindi,0,0,,False,none,0,,False,212,https://www.theauburnfoodbank.org,2026-09-06,,"No translation mechanism and no translated documents found on the site | Food bank. Groceries can be collected without a shared language, so a web-only assessment understates this sector more than any other. Read the tier as a measure of published information, not of whether someone is fed",EH,derived
food_auburn,The Auburn Food Bank,food,Hmong,0,0,,False,none,0,,False,,https://www.theauburnfoodbank.org,2026-09-06,,"No translation mechanism and no translated documents found on the site | Food bank. Groceries can be collected without a shared language, so a web-only assessment understates this sector more than any other. Read the tier as a measure of published information, not of whether someone is fed",EH,derived
food_auburn,The Auburn Food Bank,food,Hungarian,0,0,,False,none,0,,False,,https://www.theauburnfoodbank.org,2026-09-06,,"No translation mechanism and no translated documents found on the site | Food bank. Groceries can be collected without a shared language, so a web-only assessment understates this sector more than any other. Read the tier as a measure of published information, not of whether someone is fed",EH,derived
food_auburn,The Auburn Food Bank,food,Igbo,0,0,,False,none,0,,False,,https://www.theauburnfoodbank.org,2026-09-06,,"No translation mechanism and no translated documents found on the site | Food bank. Groceries can be collected without a shared language, so a web-only assessment understates this sector more than any other. Read the tier as a measure of published information, not of whether someone is fed",EH,derived
food_auburn,The Auburn Food Bank,food,Ilokano,0,0,,False,none,0,,False,,https://www.theauburnfoodbank.org,2026-09-06,,"No translation mechanism and no translated documents found on the site | Food bank. Groceries can be collected without a shared language, so a web-only assessment understates this sector more than any other. Read the tier as a measure of published information, not of whether someone is fed",EH,derived
food_auburn,The Auburn Food Bank,food,Indonesian,0,0,,False,none,0,,False,,https://www.theauburnfoodbank.org,2026-09-06,,"No translation mechanism and no translated documents found on the site | Food bank. Groceries can be collected without a shared language, so a web-only assessment understates this sector more than any other. Read the tier as a measure of published information, not of whether someone is fed",EH,derived
food_auburn,The Auburn Food Bank,food,Italian,0,0,,False,none,0,,False,,https://www.theauburnfoodbank.org,2026-09-06,,"No translation mechanism and no translated documents found on the site | Food bank. Groceries can be collected without a shared language, so a web-only assessment understates this sector more than any other. Read the tier as a measure of published information, not of whether someone is fed",EH,derived
food_auburn,The Auburn Food Bank,food,Japanese,0,0,,False,none,0,,False,,https://www.theauburnfoodbank.org,2026-09-06,,"No translation mechanism and no translated documents found on the site | Food bank. Groceries can be collected without a shared language, so a web-only assessment understates this sector more than any other. Read the tier as a measure of published information, not of whether someone is fed",EH,derived
food_auburn,The Auburn Food Bank,food,Kakwa,0,0,,False,none,0,,False,,https://www.theauburnfoodbank.org,2026-09-06,,"No translation mechanism and no translated documents found on the site | Food bank. Groceries can be collected without a shared language, so a web-only assessment understates this sector more than any other. Read the tier as a measure of published information, not of whether someone is fed",EH,derived
food_auburn,The Auburn Food Bank,food,Kannada,0,0,,False,none,0,,False,,https://www.theauburnfoodbank.org,2026-09-06,,"No translation mechanism and no translated documents found on the site | Food bank. Groceries can be collected without a shared language, so a web-only assessment understates this sector more than any other. Read the tier as a measure of published information, not of whether someone is fed",EH,derived
food_auburn,The Auburn Food Bank,food,Karen,0,0,,False,none,0,,False,,https://www.theauburnfoodbank.org,2026-09-06,,"No translation mechanism and no translated documents found on the site | Food bank. Groceries can be collected without a shared language, so a web-only assessment understates this sector more than any other. Read the tier as a measure of published information, not of whether someone is fed",EH,derived
food_auburn,The Auburn Food Bank,food,Karenni,0,0,,False,none,0,,False,,https://www.theauburnfoodbank.org,2026-09-06,,"No translation mechanism and no translated documents found on the site | Food bank. Groceries can be collected without a shared language, so a web-only assessment understates this sector more than any other. Read the tier as a measure of published information, not of whether someone is fed",EH,derived
food_auburn,The Auburn Food Bank,food,Kazakh,0,0,,False,none,0,,False,,https://www.theauburnfoodbank.org,2026-09-06,,"No translation mechanism and no translated documents found on the site | Food bank. Groceries can be collected without a shared language, so a web-only assessment understates this sector more than any other. Read the tier as a measure of published information, not of whether someone is fed",EH,derived
food_auburn,The Auburn Food Bank,food,Khmer,0,0,,False,none,0,,False,1645,https://www.theauburnfoodbank.org,2026-09-06,,"No translation mechanism and no translated documents found on the site | Food bank. Groceries can be collected without a shared language, so a web-only assessment understates this sector more than any other. Read the tier as a measure of published information, not of whether someone is fed",EH,derived
food_auburn,The Auburn Food Bank,food,Kikuyu,0,0,,False,none,0,,False,,https://www.theauburnfoodbank.org,2026-09-06,,"No translation mechanism and no translated documents found on the site | Food bank. Groceries can be collected without a shared language, so a web-only assessment understates this sector more than any other. Read the tier as a measure of published information, not of whether someone is fed",EH,derived
food_auburn,The Auburn Food Bank,food,Kinyarwanda,0,0,,False,none,0,,False,,https://www.theauburnfoodbank.org,2026-09-06,,"No translation mechanism and no translated documents found on the site | Food bank. Groceries can be collected without a shared language, so a web-only assessment understates this sector more than any other. Read the tier as a measure of published information, not of whether someone is fed",EH,derived
food_auburn,The Auburn Food Bank,food,Kirgiz,0,0,,False,none,0,,False,,https://www.theauburnfoodbank.org,2026-09-06,,"No translation mechanism and no translated documents found on the site | Food bank. Groceries can be collected without a shared language, so a web-only assessment understates this sector more than any other. Read the tier as a measure of published information, not of whether someone is fed",EH,derived
food_auburn,The Auburn Food Bank,food,Kirundi,0,0,,False,none,0,,False,,https://www.theauburnfoodbank.org,2026-09-06,,"No translation mechanism and no translated documents found on the site | Food bank. Groceries can be collected without a shared language, so a web-only assessment understates this sector more than any other. Read the tier as a measure of published information, not of whether someone is fed",EH,derived
food_auburn,The Auburn Food Bank,food,Kmhmu,0,0,,False,none,0,,False,,https://www.theauburnfoodbank.org,2026-09-06,,"No translation mechanism and no translated documents found on the site | Food bank. Groceries can be collected without a shared language, so a web-only assessment understates this sector more than any other. Read the tier as a measure of published information, not of whether someone is fed",EH,derived
food_auburn,The Auburn Food Bank,food,Kongo,0,0,,False,none,0,,False,,https://www.theauburnfoodbank.org,2026-09-06,,"No translation mechanism and no translated documents found on the site | Food bank. Groceries can be collected without a shared language, so a web-only assessment understates this sector more than any other. Read the tier as a measure of published information, not of whether someone is fed",EH,derived
food_auburn,The Auburn Food Bank,food,Korean,0,0,,False,none,0,,False,3625,https://www.theauburnfoodbank.org,2026-09-06,,"No translation mechanism and no translated documents found on the site | Food bank. Groceries can be collected without a shared language, so a web-only assessment understates this sector more than any other. Read the tier as a measure of published information, not of whether someone is fed",EH,derived
food_auburn,The Auburn Food Bank,food,Kosraean,0,0,,False,none,0,,False,,https://www.theauburnfoodbank.org,2026-09-06,,"No translation mechanism and no translated documents found on the site | Food bank. Groceries can be collected without a shared language, so a web-only assessment understates this sector more than any other. Read the tier as a measure of published information, not of whether someone is fed",EH,derived
food_auburn,The Auburn Food Bank,food,Krahn,0,0,,False,none,0,,False,,https://www.theauburnfoodbank.org,2026-09-06,,"No translation mechanism and no translated documents found on the site | Food bank. Groceries can be collected without a shared language, so a web-only assessment understates this sector more than any other. Read the tier as a measure of published information, not of whether someone is fed",EH,derived
food_auburn,The Auburn Food Bank,food,Krio,0,0,,False,none,0,,False,,https://www.theauburnfoodbank.org,2026-09-06,,"No translation mechanism and no translated documents found on the site | Food bank. Groceries can be collected without a shared language, so a web-only assessment understates this sector more than any other. Read the tier as a measure of published information, not of whether someone is fed",EH,derived
food_auburn,The Auburn Food Bank,food,Kru,0,0,,False,none,0,,False,,https://www.theauburnfoodbank.org,2026-09-06,,"No translation mechanism and no translated documents found on the site | Food bank. Groceries can be collected without a shared language, so a web-only assessment understates this sector more than any other. Read the tier as a measure of published information, not of whether someone is fed",EH,derived
food_auburn,The Auburn Food Bank,food,Kurdish,0,0,,False,none,0,,False,,https://www.theauburnfoodbank.org,2026-09-06,,"No translation mechanism and no translated documents found on the site | Food bank. Groceries can be collected without a shared language, so a web-only assessment understates this sector more than any other. Read the tier as a measure of published information, not of whether someone is fed",EH,derived
food_auburn,The Auburn Food Bank,food,Lao,0,0,,False,none,0,,False,399,https://www.theauburnfoodbank.org,2026-09-06,,"No translation mechanism and no translated documents found on the site | Food bank. Groceries can be collected without a shared language, so a web-only assessment understates this sector more than any other. Read the tier as a measure of published information, not of whether someone is fed",EH,derived
food_auburn,The Auburn Food Bank,food,Latvian,0,0,,False,none,0,,False,,https://www.theauburnfoodbank.org,2026-09-06,,"No translation mechanism and no translated documents found on the site | Food bank. Groceries can be collected without a shared language, so a web-only assessment understates this sector more than any other. Read the tier as a measure of published information, not of whether someone is fed",EH,derived
food_auburn,The Auburn Food Bank,food,Lingala,0,0,,False,none,0,,False,,https://www.theauburnfoodbank.org,2026-09-06,,"No translation mechanism and no translated documents found on the site | Food bank. Groceries can be collected without a shared language, so a web-only assessment understates this sector more than any other. Read the tier as a measure of published information, not of whether someone is fed",EH,derived
food_auburn,The Auburn Food Bank,food,Luganda,0,0,,False,none,0,,False,,https://www.theauburnfoodbank.org,2026-09-06,,"No translation mechanism and no translated documents found on the site | Food bank. Groceries can be collected without a shared language, so a web-only assessment understates this sector more than any other. Read the tier as a measure of published information, not of whether someone is fed",EH,derived
food_auburn,The Auburn Food Bank,food,Maay Maay,0,0,,False,none,0,,False,,https://www.theauburnfoodbank.org,2026-09-06,,"No translation mechanism and no translated documents found on the site | Food bank. Groceries can be collected without a shared language, so a web-only assessment understates this sector more than any other. Read the tier as a measure of published information, not of whether someone is fed",EH,derived
food_auburn,The Auburn Food Bank,food,Malay,0,0,,False,none,0,,False,,https://www.theauburnfoodbank.org,2026-09-06,,"No translation mechanism and no translated documents found on the site | Food bank. Groceries can be collected without a shared language, so a web-only assessment understates this sector more than any other. Read the tier as a measure of published information, not of whether someone is fed",EH,derived
food_auburn,The Auburn Food Bank,food,Malayalam,0,0,,False,none,0,,False,,https://www.theauburnfoodbank.org,2026-09-06,,"No translation mechanism and no translated documents found on the site | Food bank. Groceries can be collected without a shared language, so a web-only assessment understates this sector more than any other. Read the tier as a measure of published information, not of whether someone is fed",EH,derived
food_auburn,The Auburn Food Bank,food,Mam,0,0,,False,none,0,,False,,https://www.theauburnfoodbank.org,2026-09-06,,"No translation mechanism and no translated documents found on the site | Food bank. Groceries can be collected without a shared language, so a web-only assessment understates this sector more than any other. Read the tier as a measure of published information, not of whether someone is fed",EH,derived
food_auburn,The Auburn Food Bank,food,Mandingo,0,0,,False,none,0,,False,,https://www.theauburnfoodbank.org,2026-09-06,,"No translation mechanism and no translated documents found on the site | Food bank. Groceries can be collected without a shared language, so a web-only assessment understates this sector more than any other. Read the tier as a measure of published information, not of whether someone is fed",EH,derived
food_auburn,The Auburn Food Bank,food,Mandinka,0,0,,False,none,0,,False,,https://www.theauburnfoodbank.org,2026-09-06,,"No translation mechanism and no translated documents found on the site | Food bank. Groceries can be collected without a shared language, so a web-only assessment understates this sector more than any other. Read the tier as a measure of published information, not of whether someone is fed",EH,derived
food_auburn,The Auburn Food Bank,food,Marathi,0,0,,False,none,0,,False,,https://www.theauburnfoodbank.org,2026-09-06,,"No translation mechanism and no translated documents found on the site | Food bank. Groceries can be collected without a shared language, so a web-only assessment understates this sector more than any other. Read the tier as a measure of published information, not of whether someone is fed",EH,derived
food_auburn,The Auburn Food Bank,food,Marquesan,0,0,,False,none,0,,False,,https://www.theauburnfoodbank.org,2026-09-06,,"No translation mechanism and no translated documents found on the site | Food bank. Groceries can be collected without a shared language, so a web-only assessment understates this sector more than any other. Read the tier as a measure of published information, not of whether someone is fed",EH,derived
food_auburn,The Auburn Food Bank,food,Marshallese,0,0,,False,none,0,,False,,https://www.theauburnfoodbank.org,2026-09-06,,"No translation mechanism and no translated documents found on the site | Food bank. Groceries can be collected without a shared language, so a web-only assessment understates this sector more than any other. Read the tier as a measure of published information, not of whether someone is fed",EH,derived
food_auburn,The Auburn Food Bank,food,Maya-Quiche,0,0,,False,none,0,,False,,https://www.theauburnfoodbank.org,2026-09-06,,"No translation mechanism and no translated documents found on the site | Food bank. Groceries can be collected without a shared language, so a web-only assessment understates this sector more than any other. Read the tier as a measure of published information, not of whether someone is fed",EH,derived
food_auburn,The Auburn Food Bank,food,Mien,0,0,,False,none,0,,False,,https://www.theauburnfoodbank.org,2026-09-06,,"No translation mechanism and no translated documents found on the site | Food bank. Groceries can be collected without a shared language, so a web-only assessment understates this sector more than any other. Read the tier as a measure of published information, not of whether someone is fed",EH,derived
food_auburn,The Auburn Food Bank,food,Mixteco,0,0,,False,none,0,,False,,https://www.theauburnfoodbank.org,2026-09-06,,"No translation mechanism and no translated documents found on the site | Food bank. Groceries can be collected without a shared language, so a web-only assessment understates this sector more than any other. Read the tier as a measure of published information, not of whether someone is fed",EH,derived
food_auburn,The Auburn Food Bank,food,Moldavian,0,0,,False,none,0,,False,,https://www.theauburnfoodbank.org,2026-09-06,,"No translation mechanism and no translated documents found on the site | Food bank. Groceries can be collected without a shared language, so a web-only assessment understates this sector more than any other. Read the tier as a measure of published information, not of whether someone is fed",EH,derived
food_auburn,The Auburn Food Bank,food,Mongolian,0,0,,False,none,0,,False,,https://www.theauburnfoodbank.org,2026-09-06,,"No translation mechanism and no translated documents found on the site | Food bank. Groceries can be collected without a shared language, so a web-only assessment understates this sector more than any other. Read the tier as a measure of published information, not of whether someone is fed",EH,derived
food_auburn,The Auburn Food Bank,food,Moore,0,0,,False,none,0,,False,,https://www.theauburnfoodbank.org,2026-09-06,,"No translation mechanism and no translated documents found on the site | Food bank. Groceries can be collected without a shared language, so a web-only assessment understates this sector more than any other. Read the tier as a measure of published information, not of whether someone is fed",EH,derived
food_auburn,The Auburn Food Bank,food,"Nahuatl, Guerrero region",0,0,,False,none,0,,False,,https://www.theauburnfoodbank.org,2026-09-06,,"No translation mechanism and no translated documents found on the site | Food bank. Groceries can be collected without a shared language, so a web-only assessment understates this sector more than any other. Read the tier as a measure of published information, not of whether someone is fed",EH,derived
food_auburn,The Auburn Food Bank,food,Nepali,0,0,,False,none,0,,False,,https://www.theauburnfoodbank.org,2026-09-06,,"No translation mechanism and no translated documents found on the site | Food bank. Groceries can be collected without a shared language, so a web-only assessment understates this sector more than any other. Read the tier as a measure of published information, not of whether someone is fed",EH,derived
food_auburn,The Auburn Food Bank,food,Nuer,0,0,,False,none,0,,False,,https://www.theauburnfoodbank.org,2026-09-06,,"No translation mechanism and no translated documents found on the site | Food bank. Groceries can be collected without a shared language, so a web-only assessment understates this sector more than any other. Read the tier as a measure of published information, not of whether someone is fed",EH,derived
food_auburn,The Auburn Food Bank,food,Oromo,0,0,,False,none,0,,False,252,https://www.theauburnfoodbank.org,2026-09-06,,"No translation mechanism and no translated documents found on the site | Food bank. Groceries can be collected without a shared language, so a web-only assessment understates this sector more than any other. Read the tier as a measure of published information, not of whether someone is fed",EH,derived
food_auburn,The Auburn Food Bank,food,Palau,0,0,,False,none,0,,False,,https://www.theauburnfoodbank.org,2026-09-06,,"No translation mechanism and no translated documents found on the site | Food bank. Groceries can be collected without a shared language, so a web-only assessment understates this sector more than any other. Read the tier as a measure of published information, not of whether someone is fed",EH,derived
food_auburn,The Auburn Food Bank,food,Pashai,0,0,,False,none,0,,False,,https://www.theauburnfoodbank.org,2026-09-06,,"No translation mechanism and no translated documents found on the site | Food bank. Groceries can be collected without a shared language, so a web-only assessment understates this sector more than any other. Read the tier as a measure of published information, not of whether someone is fed",EH,derived
food_auburn,The Auburn Food Bank,food,Pashto,0,0,,False,none,0,,False,680,https://www.theauburnfoodbank.org,2026-09-06,,"No translation mechanism and no translated documents found on the site | Food bank. Groceries can be collected without a shared language, so a web-only assessment understates this sector more than any other. Read the tier as a measure of published information, not of whether someone is fed",EH,derived
food_auburn,The Auburn Food Bank,food,Pere,0,0,,False,none,0,,False,,https://www.theauburnfoodbank.org,2026-09-06,,"No translation mechanism and no translated documents found on the site | Food bank. Groceries can be collected without a shared language, so a web-only assessment understates this sector more than any other. Read the tier as a measure of published information, not of whether someone is fed",EH,derived
food_auburn,The Auburn Food Bank,food,Polish,0,0,,False,none,0,,False,,https://www.theauburnfoodbank.org,2026-09-06,,"No translation mechanism and no translated documents found on the site | Food bank. Groceries can be collected without a shared language, so a web-only assessment understates this sector more than any other. Read the tier as a measure of published information, not of whether someone is fed",EH,derived
food_auburn,The Auburn Food Bank,food,Portuguese,0,0,,False,none,0,,False,1449,https://www.theauburnfoodbank.org,2026-09-06,,"No translation mechanism and no translated documents found on the site | Food bank. Groceries can be collected without a shared language, so a web-only assessment understates this sector more than any other. Read the tier as a measure of published information, not of whether someone is fed",EH,derived
food_auburn,The Auburn Food Bank,food,Punjabi,0,0,,False,none,0,,False,1632,https://www.theauburnfoodbank.org,2026-09-06,,"No translation mechanism and no translated documents found on the site | Food bank. Groceries can be collected without a shared language, so a web-only assessment understates this sector more than any other. Read the tier as a measure of published information, not of whether someone is fed",EH,derived
food_auburn,The Auburn Food Bank,food,Purepecha,0,0,,False,none,0,,False,,https://www.theauburnfoodbank.org,2026-09-06,,"No translation mechanism and no translated documents found on the site | Food bank. Groceries can be collected without a shared language, so a web-only assessment understates this sector more than any other. Read the tier as a measure of published information, not of whether someone is fed",EH,derived
food_auburn,The Auburn Food Bank,food,Rohingya,0,0,,False,none,0,,False,,https://www.theauburnfoodbank.org,2026-09-06,,"No translation mechanism and no translated documents found on the site | Food bank. Groceries can be collected without a shared language, so a web-only assessment understates this sector more than any other. Read the tier as a measure of published information, not of whether someone is fed",EH,derived
food_auburn,The Auburn Food Bank,food,Romanian,0,0,,False,none,0,,False,453,https://www.theauburnfoodbank.org,2026-09-06,,"No translation mechanism and no translated documents found on the site | Food bank. Groceries can be collected without a shared language, so a web-only assessment understates this sector more than any other. Read the tier as a measure of published information, not of whether someone is fed",EH,derived
food_auburn,The Auburn Food Bank,food,Russian,0,0,,False,none,0,,False,12029,https://www.theauburnfoodbank.org,2026-09-06,,"No translation mechanism and no translated documents found on the site | Food bank. Groceries can be collected without a shared language, so a web-only assessment understates this sector more than any other. Read the tier as a measure of published information, not of whether someone is fed",EH,derived
food_auburn,The Auburn Food Bank,food,Samoan,0,0,,False,none,0,,False,261,https://www.theauburnfoodbank.org,2026-09-06,,"No translation mechanism and no translated documents found on the site | Food bank. Groceries can be collected without a shared language, so a web-only assessment understates this sector more than any other. Read the tier as a measure of published information, not of whether someone is fed",EH,derived
food_auburn,The Auburn Food Bank,food,Sao,0,0,,False,none,0,,False,,https://www.theauburnfoodbank.org,2026-09-06,,"No translation mechanism and no translated documents found on the site | Food bank. Groceries can be collected without a shared language, so a web-only assessment understates this sector more than any other. Read the tier as a measure of published information, not of whether someone is fed",EH,derived
food_auburn,The Auburn Food Bank,food,Serbo-Croation,0,0,,False,none,0,,False,,https://www.theauburnfoodbank.org,2026-09-06,,"No translation mechanism and no translated documents found on the site | Food bank. Groceries can be collected without a shared language, so a web-only assessment understates this sector more than any other. Read the tier as a measure of published information, not of whether someone is fed",EH,derived
food_auburn,The Auburn Food Bank,food,Shona,0,0,,False,none,0,,False,,https://www.theauburnfoodbank.org,2026-09-06,,"No translation mechanism and no translated documents found on the site | Food bank. Groceries can be collected without a shared language, so a web-only assessment understates this sector more than any other. Read the tier as a measure of published information, not of whether someone is fed",EH,derived
food_auburn,The Auburn Food Bank,food,Sinhalese,0,0,,False,none,0,,False,,https://www.theauburnfoodbank.org,2026-09-06,,"No translation mechanism and no translated documents found on the site | Food bank. Groceries can be collected without a shared language, so a web-only assessment understates this sector more than any other. Read the tier as a measure of published information, not of whether someone is fed",EH,derived
food_auburn,The Auburn Food Bank,food,Slovenian,0,0,,False,none,0,,False,,https://www.theauburnfoodbank.org,2026-09-06,,"No translation mechanism and no translated documents found on the site | Food bank. Groceries can be collected without a shared language, so a web-only assessment understates this sector more than any other. Read the tier as a measure of published information, not of whether someone is fed",EH,derived
food_auburn,The Auburn Food Bank,food,Somali,0,0,,False,none,0,,False,1417,https://www.theauburnfoodbank.org,2026-09-06,,"No translation mechanism and no translated documents found on the site | Food bank. Groceries can be collected without a shared language, so a web-only assessment understates this sector more than any other. Read the tier as a measure of published information, not of whether someone is fed",EH,derived
food_auburn,The Auburn Food Bank,food,Soninke,0,0,,False,none,0,,False,,https://www.theauburnfoodbank.org,2026-09-06,,"No translation mechanism and no translated documents found on the site | Food bank. Groceries can be collected without a shared language, so a web-only assessment understates this sector more than any other. Read the tier as a measure of published information, not of whether someone is fed",EH,derived
food_auburn,The Auburn Food Bank,food,Sotho,0,0,,False,none,0,,False,,https://www.theauburnfoodbank.org,2026-09-06,,"No translation mechanism and no translated documents found on the site | Food bank. Groceries can be collected without a shared language, so a web-only assessment understates this sector more than any other. Read the tier as a measure of published information, not of whether someone is fed",EH,derived
food_auburn,The Auburn Food Bank,food,Spanish,0,0,,False,none,0,,False,105998,https://www.theauburnfoodbank.org,2026-09-06,,"No translation mechanism and no translated documents found on the site | Food bank. Groceries can be collected without a shared language, so a web-only assessment understates this sector more than any other. Read the tier as a measure of published information, not of whether someone is fed",EH,derived
food_auburn,The Auburn Food Bank,food,Swahili,0,0,,False,none,0,,False,324,https://www.theauburnfoodbank.org,2026-09-06,,"No translation mechanism and no translated documents found on the site | Food bank. Groceries can be collected without a shared language, so a web-only assessment understates this sector more than any other. Read the tier as a measure of published information, not of whether someone is fed",EH,derived
food_auburn,The Auburn Food Bank,food,Tagalog,0,0,,False,none,0,,False,871,https://www.theauburnfoodbank.org,2026-09-06,,"No translation mechanism and no translated documents found on the site | Food bank. Groceries can be collected without a shared language, so a web-only assessment understates this sector more than any other. Read the tier as a measure of published information, not of whether someone is fed",EH,derived
food_auburn,The Auburn Food Bank,food,Taishanese,0,0,,False,none,0,,False,,https://www.theauburnfoodbank.org,2026-09-06,,"No translation mechanism and no translated documents found on the site | Food bank. Groceries can be collected without a shared language, so a web-only assessment understates this sector more than any other. Read the tier as a measure of published information, not of whether someone is fed",EH,derived
food_auburn,The Auburn Food Bank,food,Tajiki,0,0,,False,none,0,,False,,https://www.theauburnfoodbank.org,2026-09-06,,"No translation mechanism and no translated documents found on the site | Food bank. Groceries can be collected without a shared language, so a web-only assessment understates this sector more than any other. Read the tier as a measure of published information, not of whether someone is fed",EH,derived
food_auburn,The Auburn Food Bank,food,Tamil,0,0,,False,none,0,,False,,https://www.theauburnfoodbank.org,2026-09-06,,"No translation mechanism and no translated documents found on the site | Food bank. Groceries can be collected without a shared language, so a web-only assessment understates this sector more than any other. Read the tier as a measure of published information, not of whether someone is fed",EH,derived
food_auburn,The Auburn Food Bank,food,Tarasco,0,0,,False,none,0,,False,,https://www.theauburnfoodbank.org,2026-09-06,,"No translation mechanism and no translated documents found on the site | Food bank. Groceries can be collected without a shared language, so a web-only assessment understates this sector more than any other. Read the tier as a measure of published information, not of whether someone is fed",EH,derived
food_auburn,The Auburn Food Bank,food,Tedim,0,0,,False,none,0,,False,,https://www.theauburnfoodbank.org,2026-09-06,,"No translation mechanism and no translated documents found on the site | Food bank. Groceries can be collected without a shared language, so a web-only assessment understates this sector more than any other. Read the tier as a measure of published information, not of whether someone is fed",EH,derived
food_auburn,The Auburn Food Bank,food,Telugu,0,0,,False,none,0,,False,,https://www.theauburnfoodbank.org,2026-09-06,,"No translation mechanism and no translated documents found on the site | Food bank. Groceries can be collected without a shared language, so a web-only assessment understates this sector more than any other. Read the tier as a measure of published information, not of whether someone is fed",EH,derived
food_auburn,The Auburn Food Bank,food,Thai,0,0,,False,none,0,,False,232,https://www.theauburnfoodbank.org,2026-09-06,,"No translation mechanism and no translated documents found on the site | Food bank. Groceries can be collected without a shared language, so a web-only assessment understates this sector more than any other. Read the tier as a measure of published information, not of whether someone is fed",EH,derived
food_auburn,The Auburn Food Bank,food,Tibetan,0,0,,False,none,0,,False,,https://www.theauburnfoodbank.org,2026-09-06,,"No translation mechanism and no translated documents found on the site | Food bank. Groceries can be collected without a shared language, so a web-only assessment understates this sector more than any other. Read the tier as a measure of published information, not of whether someone is fed",EH,derived
food_auburn,The Auburn Food Bank,food,Tigrinya,0,0,,False,none,0,,False,1144,https://www.theauburnfoodbank.org,2026-09-06,,"No translation mechanism and no translated documents found on the site | Food bank. Groceries can be collected without a shared language, so a web-only assessment understates this sector more than any other. Read the tier as a measure of published information, not of whether someone is fed",EH,derived
food_auburn,The Auburn Food Bank,food,Tongan,0,0,,False,none,0,,False,,https://www.theauburnfoodbank.org,2026-09-06,,"No translation mechanism and no translated documents found on the site | Food bank. Groceries can be collected without a shared language, so a web-only assessment understates this sector more than any other. Read the tier as a measure of published information, not of whether someone is fed",EH,derived
food_auburn,The Auburn Food Bank,food,Turkish,0,0,,False,none,0,,False,,https://www.theauburnfoodbank.org,2026-09-06,,"No translation mechanism and no translated documents found on the site | Food bank. Groceries can be collected without a shared language, so a web-only assessment understates this sector more than any other. Read the tier as a measure of published information, not of whether someone is fed",EH,derived
food_auburn,The Auburn Food Bank,food,Twi,0,0,,False,none,0,,False,,https://www.theauburnfoodbank.org,2026-09-06,,"No translation mechanism and no translated documents found on the site | Food bank. Groceries can be collected without a shared language, so a web-only assessment understates this sector more than any other. Read the tier as a measure of published information, not of whether someone is fed",EH,derived
food_auburn,The Auburn Food Bank,food,Ukrainian,0,0,,False,none,0,,False,5881,https://www.theauburnfoodbank.org,2026-09-06,,"No translation mechanism and no translated documents found on the site | Food bank. Groceries can be collected without a shared language, so a web-only assessment understates this sector more than any other. Read the tier as a measure of published information, not of whether someone is fed",EH,derived
food_auburn,The Auburn Food Bank,food,Urdu,0,0,,False,none,0,,False,,https://www.theauburnfoodbank.org,2026-09-06,,"No translation mechanism and no translated documents found on the site | Food bank. Groceries can be collected without a shared language, so a web-only assessment understates this sector more than any other. Read the tier as a measure of published information, not of whether someone is fed",EH,derived
food_auburn,The Auburn Food Bank,food,Uzbek,0,0,,False,none,0,,False,,https://www.theauburnfoodbank.org,2026-09-06,,"No translation mechanism and no translated documents found on the site | Food bank. Groceries can be collected without a shared language, so a web-only assessment understates this sector more than any other. Read the tier as a measure of published information, not of whether someone is fed",EH,derived
food_auburn,The Auburn Food Bank,food,Vietnamese,0,0,,False,none,0,,False,9202,https://www.theauburnfoodbank.org,2026-09-06,,"No translation mechanism and no translated documents found on the site | Food bank. Groceries can be collected without a shared language, so a web-only assessment understates this sector more than any other. Read the tier as a measure of published information, not of whether someone is fed",EH,derived
food_auburn,The Auburn Food Bank,food,Wolof,0,0,,False,none,0,,False,,https://www.theauburnfoodbank.org,2026-09-06,,"No translation mechanism and no translated documents found on the site | Food bank. Groceries can be collected without a shared language, so a web-only assessment understates this sector more than any other. Read the tier as a measure of published information, not of whether someone is fed",EH,derived
food_auburn,The Auburn Food Bank,food,Yap,0,0,,False,none,0,,False,,https://www.theauburnfoodbank.org,2026-09-06,,"No translation mechanism and no translated documents found on the site | Food bank. Groceries can be collected without a shared language, so a web-only assessment understates this sector more than any other. Read the tier as a measure of published information, not of whether someone is fed",EH,derived
food_auburn,The Auburn Food Bank,food,Yoruba,0,0,,False,none,0,,False,,https://www.theauburnfoodbank.org,2026-09-06,,"No translation mechanism and no translated documents found on the site | Food bank. Groceries can be collected without a shared language, so a web-only assessment understates this sector more than any other. Read the tier as a measure of published information, not of whether someone is fed",EH,derived
food_kent,Kent Food Bank and Emergency Services,food,Acholi,,,,,not_assessed,,,False,,https://kentfoodbank.org,2026-09-06,,"Site did not return a usable response under any header set tried. Not assessed. Tiers are blank, not zero",EH,unreachable
food_kent,Kent Food Bank and Emergency Services,food,Aguacateco,,,,,not_assessed,,,False,,https://kentfoodbank.org,2026-09-06,,"Site did not return a usable response under any header set tried. Not assessed. Tiers are blank, not zero",EH,unreachable
food_kent,Kent Food Bank and Emergency Services,food,Akateko,,,,,not_assessed,,,False,,https://kentfoodbank.org,2026-09-06,,"Site did not return a usable response under any header set tried. Not assessed. Tiers are blank, not zero",EH,unreachable
food_kent,Kent Food Bank and Emergency Services,food,Albanian,,,,,not_assessed,,,False,,https://kentfoodbank.org,2026-09-06,,"Site did not return a usable response under any header set tried. Not assessed. Tiers are blank, not zero",EH,unreachable
food_kent,Kent Food Bank and Emergency Services,food,American Sign Language,,,,,not_assessed,,,False,298,https://kentfoodbank.org,2026-09-06,,"Site did not return a usable response under any header set tried. Not assessed. Tiers are blank, not zero",EH,unreachable
food_kent,Kent Food Bank and Emergency Services,food,Amharic,,,,,not_assessed,,,False,1615,https://kentfoodbank.org,2026-09-06,,"Site did not return a usable response under any header set tried. Not assessed. Tiers are blank, not zero",EH,unreachable
food_kent,Kent Food Bank and Emergency Services,food,Arabic,,,,,not_assessed,,,False,2447,https://kentfoodbank.org,2026-09-06,,"Site did not return a usable response under any header set tried. Not assessed. Tiers are blank, not zero",EH,unreachable
food_kent,Kent Food Bank and Emergency Services,food,Armenian,,,,,not_assessed,,,False,,https://kentfoodbank.org,2026-09-06,,"Site did not return a usable response under any header set tried. Not assessed. Tiers are blank, not zero",EH,unreachable
food_kent,Kent Food Bank and Emergency Services,food,Ayula-Bambara,,,,,not_assessed,,,False,,https://kentfoodbank.org,2026-09-06,,"Site did not return a usable response under any header set tried. Not assessed. Tiers are blank, not zero",EH,unreachable
food_kent,Kent Food Bank and Emergency Services,food,Azerbaijani,,,,,not_assessed,,,False,,https://kentfoodbank.org,2026-09-06,,"Site did not return a usable response under any header set tried. Not assessed. Tiers are blank, not zero",EH,unreachable
food_kent,Kent Food Bank and Emergency Services,food,Bambara,,,,,not_assessed,,,False,,https://kentfoodbank.org,2026-09-06,,"Site did not return a usable response under any header set tried. Not assessed. Tiers are blank, not zero",EH,unreachable
food_kent,Kent Food Bank and Emergency Services,food,Bangala,,,,,not_assessed,,,False,,https://kentfoodbank.org,2026-09-06,,"Site did not return a usable response under any header set tried. Not assessed. Tiers are blank, not zero",EH,unreachable
food_kent,Kent Food Bank and Emergency Services,food,Bassa,,,,,not_assessed,,,False,,https://kentfoodbank.org,2026-09-06,,"Site did not return a usable response under any header set tried. Not assessed. Tiers are blank, not zero",EH,unreachable
food_kent,Kent Food Bank and Emergency Services,food,Bengali,,,,,not_assessed,,,False,,https://kentfoodbank.org,2026-09-06,,"Site did not return a usable response under any header set tried. Not assessed. Tiers are blank, not zero",EH,unreachable
food_kent,Kent Food Bank and Emergency Services,food,Bosnian,,,,,not_assessed,,,False,,https://kentfoodbank.org,2026-09-06,,"Site did not return a usable response under any header set tried. Not assessed. Tiers are blank, not zero",EH,unreachable
food_kent,Kent Food Bank and Emergency Services,food,Bulgarian,,,,,not_assessed,,,False,,https://kentfoodbank.org,2026-09-06,,"Site did not return a usable response under any header set tried. Not assessed. Tiers are blank, not zero",EH,unreachable
food_kent,Kent Food Bank and Emergency Services,food,Burmese,,,,,not_assessed,,,False,349,https://kentfoodbank.org,2026-09-06,,"Site did not return a usable response under any header set tried. Not assessed. Tiers are blank, not zero",EH,unreachable
food_kent,Kent Food Bank and Emergency Services,food,Carolinian,,,,,not_assessed,,,False,,https://kentfoodbank.org,2026-09-06,,"Site did not return a usable response under any header set tried. Not assessed. Tiers are blank, not zero",EH,unreachable
food_kent,Kent Food Bank and Emergency Services,food,Catalan,,,,,not_assessed,,,False,,https://kentfoodbank.org,2026-09-06,,"Site did not return a usable response under any header set tried. Not assessed. Tiers are blank, not zero",EH,unreachable
food_kent,Kent Food Bank and Emergency Services,food,Cebuano,,,,,not_assessed,,,False,,https://kentfoodbank.org,2026-09-06,,"Site did not return a usable response under any header set tried. Not assessed. Tiers are blank, not zero",EH,unreachable
food_kent,Kent Food Bank and Emergency Services,food,Cham,,,,,not_assessed,,,False,,https://kentfoodbank.org,2026-09-06,,"Site did not return a usable response under any header set tried. Not assessed. Tiers are blank, not zero",EH,unreachable
food_kent,Kent Food Bank and Emergency Services,food,Chamorro,,,,,not_assessed,,,False,,https://kentfoodbank.org,2026-09-06,,"Site did not return a usable response under any header set tried. Not assessed. Tiers are blank, not zero",EH,unreachable
food_kent,Kent Food Bank and Emergency Services,food,Chin,,,,,not_assessed,,,False,,https://kentfoodbank.org,2026-09-06,,"Site did not return a usable response under any header set tried. Not assessed. Tiers are blank, not zero",EH,unreachable
food_kent,Kent Food Bank and Emergency Services,food,Chinese-Cantonese,,,,,not_assessed,,,False,,https://kentfoodbank.org,2026-09-06,,"Site did not return a usable response under any header set tried. Not assessed. Tiers are blank, not zero",EH,unreachable
food_kent,Kent Food Bank and Emergency Services,food,Chinese-Fukienese,,,,,not_assessed,,,False,,https://kentfoodbank.org,2026-09-06,,"Site did not return a usable response under any header set tried. Not assessed. Tiers are blank, not zero",EH,unreachable
food_kent,Kent Food Bank and Emergency Services,food,Chinese-Mandarin,,,,,not_assessed,,,False,,https://kentfoodbank.org,2026-09-06,,"Site did not return a usable response under any header set tried. Not assessed. Tiers are blank, not zero",EH,unreachable
food_kent,Kent Food Bank and Emergency Services,food,Chinese-Taiwanese,,,,,not_assessed,,,False,,https://kentfoodbank.org,2026-09-06,,"Site did not return a usable response under any header set tried. Not assessed. Tiers are blank, not zero",EH,unreachable
food_kent,Kent Food Bank and Emergency Services,food,Chuukese,,,,,not_assessed,,,False,677,https://kentfoodbank.org,2026-09-06,,"Site did not return a usable response under any header set tried. Not assessed. Tiers are blank, not zero",EH,unreachable
food_kent,Kent Food Bank and Emergency Services,food,Dari,,,,,not_assessed,,,False,2702,https://kentfoodbank.org,2026-09-06,,"Site did not return a usable response under any header set tried. Not assessed. Tiers are blank, not zero",EH,unreachable
food_kent,Kent Food Bank and Emergency Services,food,Dinka,,,,,not_assessed,,,False,,https://kentfoodbank.org,2026-09-06,,"Site did not return a usable response under any header set tried. Not assessed. Tiers are blank, not zero",EH,unreachable
food_kent,Kent Food Bank and Emergency Services,food,Dutch,,,,,not_assessed,,,False,,https://kentfoodbank.org,2026-09-06,,"Site did not return a usable response under any header set tried. Not assessed. Tiers are blank, not zero",EH,unreachable
food_kent,Kent Food Bank and Emergency Services,food,Egyptian-Arabic,,,,,not_assessed,,,False,,https://kentfoodbank.org,2026-09-06,,"Site did not return a usable response under any header set tried. Not assessed. Tiers are blank, not zero",EH,unreachable
food_kent,Kent Food Bank and Emergency Services,food,Eritai,,,,,not_assessed,,,False,,https://kentfoodbank.org,2026-09-06,,"Site did not return a usable response under any header set tried. Not assessed. Tiers are blank, not zero",EH,unreachable
food_kent,Kent Food Bank and Emergency Services,food,Estonian,,,,,not_assessed,,,False,,https://kentfoodbank.org,2026-09-06,,"Site did not return a usable response under any header set tried. Not assessed. Tiers are blank, not zero",EH,unreachable
food_kent,Kent Food Bank and Emergency Services,food,Ewe,,,,,not_assessed,,,False,,https://kentfoodbank.org,2026-09-06,,"Site did not return a usable response under any header set tried. Not assessed. Tiers are blank, not zero",EH,unreachable
food_kent,Kent Food Bank and Emergency Services,food,Fallani,,,,,not_assessed,,,False,,https://kentfoodbank.org,2026-09-06,,"Site did not return a usable response under any header set tried. Not assessed. Tiers are blank, not zero",EH,unreachable
food_kent,Kent Food Bank and Emergency Services,food,Farsi,,,,,not_assessed,,,False,990,https://kentfoodbank.org,2026-09-06,,"Site did not return a usable response under any header set tried. Not assessed. Tiers are blank, not zero",EH,unreachable
food_kent,Kent Food Bank and Emergency Services,food,French,,,,,not_assessed,,,False,994,https://kentfoodbank.org,2026-09-06,,"Site did not return a usable response under any header set tried. Not assessed. Tiers are blank, not zero",EH,unreachable
food_kent,Kent Food Bank and Emergency Services,food,Fula,,,,,not_assessed,,,False,,https://kentfoodbank.org,2026-09-06,,"Site did not return a usable response under any header set tried. Not assessed. Tiers are blank, not zero",EH,unreachable
food_kent,Kent Food Bank and Emergency Services,food,Ga,,,,,not_assessed,,,False,,https://kentfoodbank.org,2026-09-06,,"Site did not return a usable response under any header set tried. Not assessed. Tiers are blank, not zero",EH,unreachable
food_kent,Kent Food Bank and Emergency Services,food,German,,,,,not_assessed,,,False,,https://kentfoodbank.org,2026-09-06,,"Site did not return a usable response under any header set tried. Not assessed. Tiers are blank, not zero",EH,unreachable
food_kent,Kent Food Bank and Emergency Services,food,"Greek, Modern",,,,,not_assessed,,,False,,https://kentfoodbank.org,2026-09-06,,"Site did not return a usable response under any header set tried. Not assessed. Tiers are blank, not zero",EH,unreachable
food_kent,Kent Food Bank and Emergency Services,food,Gujarati,,,,,not_assessed,,,False,,https://kentfoodbank.org,2026-09-06,,"Site did not return a usable response under any header set tried. Not assessed. Tiers are blank, not zero",EH,unreachable
food_kent,Kent Food Bank and Emergency Services,food,Haitian Creole,,,,,not_assessed,,,False,317,https://kentfoodbank.org,2026-09-06,,"Site did not return a usable response under any header set tried. Not assessed. Tiers are blank, not zero",EH,unreachable
food_kent,Kent Food Bank and Emergency Services,food,Hausa,,,,,not_assessed,,,False,,https://kentfoodbank.org,2026-09-06,,"Site did not return a usable response under any header set tried. Not assessed. Tiers are blank, not zero",EH,unreachable
food_kent,Kent Food Bank and Emergency Services,food,Hawaiian,,,,,not_assessed,,,False,,https://kentfoodbank.org,2026-09-06,,"Site did not return a usable response under any header set tried. Not assessed. Tiers are blank, not zero",EH,unreachable
food_kent,Kent Food Bank and Emergency Services,food,Herero,,,,,not_assessed,,,False,,https://kentfoodbank.org,2026-09-06,,"Site did not return a usable response under any header set tried. Not assessed. Tiers are blank, not zero",EH,unreachable
food_kent,Kent Food Bank and Emergency Services,food,Hindi,,,,,not_assessed,,,False,212,https://kentfoodbank.org,2026-09-06,,"Site did not return a usable response under any header set tried. Not assessed. Tiers are blank, not zero",EH,unreachable
food_kent,Kent Food Bank and Emergency Services,food,Hmong,,,,,not_assessed,,,False,,https://kentfoodbank.org,2026-09-06,,"Site did not return a usable response under any header set tried. Not assessed. Tiers are blank, not zero",EH,unreachable
food_kent,Kent Food Bank and Emergency Services,food,Hungarian,,,,,not_assessed,,,False,,https://kentfoodbank.org,2026-09-06,,"Site did not return a usable response under any header set tried. Not assessed. Tiers are blank, not zero",EH,unreachable
food_kent,Kent Food Bank and Emergency Services,food,Igbo,,,,,not_assessed,,,False,,https://kentfoodbank.org,2026-09-06,,"Site did not return a usable response under any header set tried. Not assessed. Tiers are blank, not zero",EH,unreachable
food_kent,Kent Food Bank and Emergency Services,food,Ilokano,,,,,not_assessed,,,False,,https://kentfoodbank.org,2026-09-06,,"Site did not return a usable response under any header set tried. Not assessed. Tiers are blank, not zero",EH,unreachable
food_kent,Kent Food Bank and Emergency Services,food,Indonesian,,,,,not_assessed,,,False,,https://kentfoodbank.org,2026-09-06,,"Site did not return a usable response under any header set tried. Not assessed. Tiers are blank, not zero",EH,unreachable
food_kent,Kent Food Bank and Emergency Services,food,Italian,,,,,not_assessed,,,False,,https://kentfoodbank.org,2026-09-06,,"Site did not return a usable response under any header set tried. Not assessed. Tiers are blank, not zero",EH,unreachable
food_kent,Kent Food Bank and Emergency Services,food,Japanese,,,,,not_assessed,,,False,,https://kentfoodbank.org,2026-09-06,,"Site did not return a usable response under any header set tried. Not assessed. Tiers are blank, not zero",EH,unreachable
food_kent,Kent Food Bank and Emergency Services,food,Kakwa,,,,,not_assessed,,,False,,https://kentfoodbank.org,2026-09-06,,"Site did not return a usable response under any header set tried. Not assessed. Tiers are blank, not zero",EH,unreachable
food_kent,Kent Food Bank and Emergency Services,food,Kannada,,,,,not_assessed,,,False,,https://kentfoodbank.org,2026-09-06,,"Site did not return a usable response under any header set tried. Not assessed. Tiers are blank, not zero",EH,unreachable
food_kent,Kent Food Bank and Emergency Services,food,Karen,,,,,not_assessed,,,False,,https://kentfoodbank.org,2026-09-06,,"Site did not return a usable response under any header set tried. Not assessed. Tiers are blank, not zero",EH,unreachable
food_kent,Kent Food Bank and Emergency Services,food,Karenni,,,,,not_assessed,,,False,,https://kentfoodbank.org,2026-09-06,,"Site did not return a usable response under any header set tried. Not assessed. Tiers are blank, not zero",EH,unreachable
food_kent,Kent Food Bank and Emergency Services,food,Kazakh,,,,,not_assessed,,,False,,https://kentfoodbank.org,2026-09-06,,"Site did not return a usable response under any header set tried. Not assessed. Tiers are blank, not zero",EH,unreachable
food_kent,Kent Food Bank and Emergency Services,food,Khmer,,,,,not_assessed,,,False,1645,https://kentfoodbank.org,2026-09-06,,"Site did not return a usable response under any header set tried. Not assessed. Tiers are blank, not zero",EH,unreachable
food_kent,Kent Food Bank and Emergency Services,food,Kikuyu,,,,,not_assessed,,,False,,https://kentfoodbank.org,2026-09-06,,"Site did not return a usable response under any header set tried. Not assessed. Tiers are blank, not zero",EH,unreachable
food_kent,Kent Food Bank and Emergency Services,food,Kinyarwanda,,,,,not_assessed,,,False,,https://kentfoodbank.org,2026-09-06,,"Site did not return a usable response under any header set tried. Not assessed. Tiers are blank, not zero",EH,unreachable
food_kent,Kent Food Bank and Emergency Services,food,Kirgiz,,,,,not_assessed,,,False,,https://kentfoodbank.org,2026-09-06,,"Site did not return a usable response under any header set tried. Not assessed. Tiers are blank, not zero",EH,unreachable
food_kent,Kent Food Bank and Emergency Services,food,Kirundi,,,,,not_assessed,,,False,,https://kentfoodbank.org,2026-09-06,,"Site did not return a usable response under any header set tried. Not assessed. Tiers are blank, not zero",EH,unreachable
food_kent,Kent Food Bank and Emergency Services,food,Kmhmu,,,,,not_assessed,,,False,,https://kentfoodbank.org,2026-09-06,,"Site did not return a usable response under any header set tried. Not assessed. Tiers are blank, not zero",EH,unreachable
food_kent,Kent Food Bank and Emergency Services,food,Kongo,,,,,not_assessed,,,False,,https://kentfoodbank.org,2026-09-06,,"Site did not return a usable response under any header set tried. Not assessed. Tiers are blank, not zero",EH,unreachable
food_kent,Kent Food Bank and Emergency Services,food,Korean,,,,,not_assessed,,,False,3625,https://kentfoodbank.org,2026-09-06,,"Site did not return a usable response under any header set tried. Not assessed. Tiers are blank, not zero",EH,unreachable
food_kent,Kent Food Bank and Emergency Services,food,Kosraean,,,,,not_assessed,,,False,,https://kentfoodbank.org,2026-09-06,,"Site did not return a usable response under any header set tried. Not assessed. Tiers are blank, not zero",EH,unreachable
food_kent,Kent Food Bank and Emergency Services,food,Krahn,,,,,not_assessed,,,False,,https://kentfoodbank.org,2026-09-06,,"Site did not return a usable response under any header set tried. Not assessed. Tiers are blank, not zero",EH,unreachable
food_kent,Kent Food Bank and Emergency Services,food,Krio,,,,,not_assessed,,,False,,https://kentfoodbank.org,2026-09-06,,"Site did not return a usable response under any header set tried. Not assessed. Tiers are blank, not zero",EH,unreachable
food_kent,Kent Food Bank and Emergency Services,food,Kru,,,,,not_assessed,,,False,,https://kentfoodbank.org,2026-09-06,,"Site did not return a usable response under any header set tried. Not assessed. Tiers are blank, not zero",EH,unreachable
food_kent,Kent Food Bank and Emergency Services,food,Kurdish,,,,,not_assessed,,,False,,https://kentfoodbank.org,2026-09-06,,"Site did not return a usable response under any header set tried. Not assessed. Tiers are blank, not zero",EH,unreachable
food_kent,Kent Food Bank and Emergency Services,food,Lao,,,,,not_assessed,,,False,399,https://kentfoodbank.org,2026-09-06,,"Site did not return a usable response under any header set tried. Not assessed. Tiers are blank, not zero",EH,unreachable
food_kent,Kent Food Bank and Emergency Services,food,Latvian,,,,,not_assessed,,,False,,https://kentfoodbank.org,2026-09-06,,"Site did not return a usable response under any header set tried. Not assessed. Tiers are blank, not zero",EH,unreachable
food_kent,Kent Food Bank and Emergency Services,food,Lingala,,,,,not_assessed,,,False,,https://kentfoodbank.org,2026-09-06,,"Site did not return a usable response under any header set tried. Not assessed. Tiers are blank, not zero",EH,unreachable
food_kent,Kent Food Bank and Emergency Services,food,Luganda,,,,,not_assessed,,,False,,https://kentfoodbank.org,2026-09-06,,"Site did not return a usable response under any header set tried. Not assessed. Tiers are blank, not zero",EH,unreachable
food_kent,Kent Food Bank and Emergency Services,food,Maay Maay,,,,,not_assessed,,,False,,https://kentfoodbank.org,2026-09-06,,"Site did not return a usable response under any header set tried. Not assessed. Tiers are blank, not zero",EH,unreachable
food_kent,Kent Food Bank and Emergency Services,food,Malay,,,,,not_assessed,,,False,,https://kentfoodbank.org,2026-09-06,,"Site did not return a usable response under any header set tried. Not assessed. Tiers are blank, not zero",EH,unreachable
food_kent,Kent Food Bank and Emergency Services,food,Malayalam,,,,,not_assessed,,,False,,https://kentfoodbank.org,2026-09-06,,"Site did not return a usable response under any header set tried. Not assessed. Tiers are blank, not zero",EH,unreachable
food_kent,Kent Food Bank and Emergency Services,food,Mam,,,,,not_assessed,,,False,,https://kentfoodbank.org,2026-09-06,,"Site did not return a usable response under any header set tried. Not assessed. Tiers are blank, not zero",EH,unreachable
food_kent,Kent Food Bank and Emergency Services,food,Mandingo,,,,,not_assessed,,,False,,https://kentfoodbank.org,2026-09-06,,"Site did not return a usable response under any header set tried. Not assessed. Tiers are blank, not zero",EH,unreachable
food_kent,Kent Food Bank and Emergency Services,food,Mandinka,,,,,not_assessed,,,False,,https://kentfoodbank.org,2026-09-06,,"Site did not return a usable response under any header set tried. Not assessed. Tiers are blank, not zero",EH,unreachable
food_kent,Kent Food Bank and Emergency Services,food,Marathi,,,,,not_assessed,,,False,,https://kentfoodbank.org,2026-09-06,,"Site did not return a usable response under any header set tried. Not assessed. Tiers are blank, not zero",EH,unreachable
food_kent,Kent Food Bank and Emergency Services,food,Marquesan,,,,,not_assessed,,,False,,https://kentfoodbank.org,2026-09-06,,"Site did not return a usable response under any header set tried. Not assessed. Tiers are blank, not zero",EH,unreachable
food_kent,Kent Food Bank and Emergency Services,food,Marshallese,,,,,not_assessed,,,False,,https://kentfoodbank.org,2026-09-06,,"Site did not return a usable response under any header set tried. Not assessed. Tiers are blank, not zero",EH,unreachable
food_kent,Kent Food Bank and Emergency Services,food,Maya-Quiche,,,,,not_assessed,,,False,,https://kentfoodbank.org,2026-09-06,,"Site did not return a usable response under any header set tried. Not assessed. Tiers are blank, not zero",EH,unreachable
food_kent,Kent Food Bank and Emergency Services,food,Mien,,,,,not_assessed,,,False,,https://kentfoodbank.org,2026-09-06,,"Site did not return a usable response under any header set tried. Not assessed. Tiers are blank, not zero",EH,unreachable
food_kent,Kent Food Bank and Emergency Services,food,Mixteco,,,,,not_assessed,,,False,,https://kentfoodbank.org,2026-09-06,,"Site did not return a usable response under any header set tried. Not assessed. Tiers are blank, not zero",EH,unreachable
food_kent,Kent Food Bank and Emergency Services,food,Moldavian,,,,,not_assessed,,,False,,https://kentfoodbank.org,2026-09-06,,"Site did not return a usable response under any header set tried. Not assessed. Tiers are blank, not zero",EH,unreachable
food_kent,Kent Food Bank and Emergency Services,food,Mongolian,,,,,not_assessed,,,False,,https://kentfoodbank.org,2026-09-06,,"Site did not return a usable response under any header set tried. Not assessed. Tiers are blank, not zero",EH,unreachable
food_kent,Kent Food Bank and Emergency Services,food,Moore,,,,,not_assessed,,,False,,https://kentfoodbank.org,2026-09-06,,"Site did not return a usable response under any header set tried. Not assessed. Tiers are blank, not zero",EH,unreachable
food_kent,Kent Food Bank and Emergency Services,food,"Nahuatl, Guerrero region",,,,,not_assessed,,,False,,https://kentfoodbank.org,2026-09-06,,"Site did not return a usable response under any header set tried. Not assessed. Tiers are blank, not zero",EH,unreachable
food_kent,Kent Food Bank and Emergency Services,food,Nepali,,,,,not_assessed,,,False,,https://kentfoodbank.org,2026-09-06,,"Site did not return a usable response under any header set tried. Not assessed. Tiers are blank, not zero",EH,unreachable
food_kent,Kent Food Bank and Emergency Services,food,Nuer,,,,,not_assessed,,,False,,https://kentfoodbank.org,2026-09-06,,"Site did not return a usable response under any header set tried. Not assessed. Tiers are blank, not zero",EH,unreachable
food_kent,Kent Food Bank and Emergency Services,food,Oromo,,,,,not_assessed,,,False,252,https://kentfoodbank.org,2026-09-06,,"Site did not return a usable response under any header set tried. Not assessed. Tiers are blank, not zero",EH,unreachable
food_kent,Kent Food Bank and Emergency Services,food,Palau,,,,,not_assessed,,,False,,https://kentfoodbank.org,2026-09-06,,"Site did not return a usable response under any header set tried. Not assessed. Tiers are blank, not zero",EH,unreachable
food_kent,Kent Food Bank and Emergency Services,food,Pashai,,,,,not_assessed,,,False,,https://kentfoodbank.org,2026-09-06,,"Site did not return a usable response under any header set tried. Not assessed. Tiers are blank, not zero",EH,unreachable
food_kent,Kent Food Bank and Emergency Services,food,Pashto,,,,,not_assessed,,,False,680,https://kentfoodbank.org,2026-09-06,,"Site did not return a usable response under any header set tried. Not assessed. Tiers are blank, not zero",EH,unreachable
food_kent,Kent Food Bank and Emergency Services,food,Pere,,,,,not_assessed,,,False,,https://kentfoodbank.org,2026-09-06,,"Site did not return a usable response under any header set tried. Not assessed. Tiers are blank, not zero",EH,unreachable
food_kent,Kent Food Bank and Emergency Services,food,Polish,,,,,not_assessed,,,False,,https://kentfoodbank.org,2026-09-06,,"Site did not return a usable response under any header set tried. Not assessed. Tiers are blank, not zero",EH,unreachable
food_kent,Kent Food Bank and Emergency Services,food,Portuguese,,,,,not_assessed,,,False,1449,https://kentfoodbank.org,2026-09-06,,"Site did not return a usable response under any header set tried. Not assessed. Tiers are blank, not zero",EH,unreachable
food_kent,Kent Food Bank and Emergency Services,food,Punjabi,,,,,not_assessed,,,False,1632,https://kentfoodbank.org,2026-09-06,,"Site did not return a usable response under any header set tried. Not assessed. Tiers are blank, not zero",EH,unreachable
food_kent,Kent Food Bank and Emergency Services,food,Purepecha,,,,,not_assessed,,,False,,https://kentfoodbank.org,2026-09-06,,"Site did not return a usable response under any header set tried. Not assessed. Tiers are blank, not zero",EH,unreachable
food_kent,Kent Food Bank and Emergency Services,food,Rohingya,,,,,not_assessed,,,False,,https://kentfoodbank.org,2026-09-06,,"Site did not return a usable response under any header set tried. Not assessed. Tiers are blank, not zero",EH,unreachable
food_kent,Kent Food Bank and Emergency Services,food,Romanian,,,,,not_assessed,,,False,453,https://kentfoodbank.org,2026-09-06,,"Site did not return a usable response under any header set tried. Not assessed. Tiers are blank, not zero",EH,unreachable
food_kent,Kent Food Bank and Emergency Services,food,Russian,,,,,not_assessed,,,False,12029,https://kentfoodbank.org,2026-09-06,,"Site did not return a usable response under any header set tried. Not assessed. Tiers are blank, not zero",EH,unreachable
food_kent,Kent Food Bank and Emergency Services,food,Samoan,,,,,not_assessed,,,False,261,https://kentfoodbank.org,2026-09-06,,"Site did not return a usable response under any header set tried. Not assessed. Tiers are blank, not zero",EH,unreachable
food_kent,Kent Food Bank and Emergency Services,food,Sao,,,,,not_assessed,,,False,,https://kentfoodbank.org,2026-09-06,,"Site did not return a usable response under any header set tried. Not assessed. Tiers are blank, not zero",EH,unreachable
food_kent,Kent Food Bank and Emergency Services,food,Serbo-Croation,,,,,not_assessed,,,False,,https://kentfoodbank.org,2026-09-06,,"Site did not return a usable response under any header set tried. Not assessed. Tiers are blank, not zero",EH,unreachable
food_kent,Kent Food Bank and Emergency Services,food,Shona,,,,,not_assessed,,,False,,https://kentfoodbank.org,2026-09-06,,"Site did not return a usable response under any header set tried. Not assessed. Tiers are blank, not zero",EH,unreachable
food_kent,Kent Food Bank and Emergency Services,food,Sinhalese,,,,,not_assessed,,,False,,https://kentfoodbank.org,2026-09-06,,"Site did not return a usable response under any header set tried. Not assessed. Tiers are blank, not zero",EH,unreachable
food_kent,Kent Food Bank and Emergency Services,food,Slovenian,,,,,not_assessed,,,False,,https://kentfoodbank.org,2026-09-06,,"Site did not return a usable response under any header set tried. Not assessed. Tiers are blank, not zero",EH,unreachable
food_kent,Kent Food Bank and Emergency Services,food,Somali,,,,,not_assessed,,,False,1417,https://kentfoodbank.org,2026-09-06,,"Site did not return a usable response under any header set tried. Not assessed. Tiers are blank, not zero",EH,unreachable
food_kent,Kent Food Bank and Emergency Services,food,Soninke,,,,,not_assessed,,,False,,https://kentfoodbank.org,2026-09-06,,"Site did not return a usable response under any header set tried. Not assessed. Tiers are blank, not zero",EH,unreachable
food_kent,Kent Food Bank and Emergency Services,food,Sotho,,,,,not_assessed,,,False,,https://kentfoodbank.org,2026-09-06,,"Site did not return a usable response under any header set tried. Not assessed. Tiers are blank, not zero",EH,unreachable
food_kent,Kent Food Bank and Emergency Services,food,Spanish,,,,,not_assessed,,,False,105998,https://kentfoodbank.org,2026-09-06,,"Site did not return a usable response under any header set tried. Not assessed. Tiers are blank, not zero",EH,unreachable
food_kent,Kent Food Bank and Emergency Services,food,Swahili,,,,,not_assessed,,,False,324,https://kentfoodbank.org,2026-09-06,,"Site did not return a usable response under any header set tried. Not assessed. Tiers are blank, not zero",EH,unreachable
food_kent,Kent Food Bank and Emergency Services,food,Tagalog,,,,,not_assessed,,,False,871,https://kentfoodbank.org,2026-09-06,,"Site did not return a usable response under any header set tried. Not assessed. Tiers are blank, not zero",EH,unreachable
food_kent,Kent Food Bank and Emergency Services,food,Taishanese,,,,,not_assessed,,,False,,https://kentfoodbank.org,2026-09-06,,"Site did not return a usable response under any header set tried. Not assessed. Tiers are blank, not zero",EH,unreachable
food_kent,Kent Food Bank and Emergency Services,food,Tajiki,,,,,not_assessed,,,False,,https://kentfoodbank.org,2026-09-06,,"Site did not return a usable response under any header set tried. Not assessed. Tiers are blank, not zero",EH,unreachable
food_kent,Kent Food Bank and Emergency Services,food,Tamil,,,,,not_assessed,,,False,,https://kentfoodbank.org,2026-09-06,,"Site did not return a usable response under any header set tried. Not assessed. Tiers are blank, not zero",EH,unreachable
food_kent,Kent Food Bank and Emergency Services,food,Tarasco,,,,,not_assessed,,,False,,https://kentfoodbank.org,2026-09-06,,"Site did not return a usable response under any header set tried. Not assessed. Tiers are blank, not zero",EH,unreachable
food_kent,Kent Food Bank and Emergency Services,food,Tedim,,,,,not_assessed,,,False,,https://kentfoodbank.org,2026-09-06,,"Site did not return a usable response under any header set tried. Not assessed. Tiers are blank, not zero",EH,unreachable
food_kent,Kent Food Bank and Emergency Services,food,Telugu,,,,,not_assessed,,,False,,https://kentfoodbank.org,2026-09-06,,"Site did not return a usable response under any header set tried. Not assessed. Tiers are blank, not zero",EH,unreachable
food_kent,Kent Food Bank and Emergency Services,food,Thai,,,,,not_assessed,,,False,232,https://kentfoodbank.org,2026-09-06,,"Site did not return a usable response under any header set tried. Not assessed. Tiers are blank, not zero",EH,unreachable
food_kent,Kent Food Bank and Emergency Services,food,Tibetan,,,,,not_assessed,,,False,,https://kentfoodbank.org,2026-09-06,,"Site did not return a usable response under any header set tried. Not assessed. Tiers are blank, not zero",EH,unreachable
food_kent,Kent Food Bank and Emergency Services,food,Tigrinya,,,,,not_assessed,,,False,1144,https://kentfoodbank.org,2026-09-06,,"Site did not return a usable response under any header set tried. Not assessed. Tiers are blank, not zero",EH,unreachable
food_kent,Kent Food Bank and Emergency Services,food,Tongan,,,,,not_assessed,,,False,,https://kentfoodbank.org,2026-09-06,,"Site did not return a usable response under any header set tried. Not assessed. Tiers are blank, not zero",EH,unreachable
food_kent,Kent Food Bank and Emergency Services,food,Turkish,,,,,not_assessed,,,False,,https://kentfoodbank.org,2026-09-06,,"Site did not return a usable response under any header set tried. Not assessed. Tiers are blank, not zero",EH,unreachable
food_kent,Kent Food Bank and Emergency Services,food,Twi,,,,,not_assessed,,,False,,https://kentfoodbank.org,2026-09-06,,"Site did not return a usable response under any header set tried. Not assessed. Tiers are blank, not zero",EH,unreachable
food_kent,Kent Food Bank and Emergency Services,food,Ukrainian,,,,,not_assessed,,,False,5881,https://kentfoodbank.org,2026-09-06,,"Site did not return a usable response under any header set tried. Not assessed. Tiers are blank, not zero",EH,unreachable
food_kent,Kent Food Bank and Emergency Services,food,Urdu,,,,,not_assessed,,,False,,https://kentfoodbank.org,2026-09-06,,"Site did not return a usable response under any header set tried. Not assessed. Tiers are blank, not zero",EH,unreachable
food_kent,Kent Food Bank and Emergency Services,food,Uzbek,,,,,not_assessed,,,False,,https://kentfoodbank.org,2026-09-06,,"Site did not return a usable response under any header set tried. Not assessed. Tiers are blank, not zero",EH,unreachable
food_kent,Kent Food Bank and Emergency Services,food,Vietnamese,,,,,not_assessed,,,False,9202,https://kentfoodbank.org,2026-09-06,,"Site did not return a usable response under any header set tried. Not assessed. Tiers are blank, not zero",EH,unreachable
food_kent,Kent Food Bank and Emergency Services,food,Wolof,,,,,not_assessed,,,False,,https://kentfoodbank.org,2026-09-06,,"Site did not return a usable response under any header set tried. Not assessed. Tiers are blank, not zero",EH,unreachable
food_kent,Kent Food Bank and Emergency Services,food,Yap,,,,,not_assessed,,,False,,https://kentfoodbank.org,2026-09-06,,"Site did not return a usable response under any header set tried. Not assessed. Tiers are blank, not zero",EH,unreachable
food_kent,Kent Food Bank and Emergency Services,food,Yoruba,,,,,not_assessed,,,False,,https://kentfoodbank.org,2026-09-06,,"Site did not return a usable response under any header set tried. Not assessed. Tiers are blank, not zero",EH,unreachable
food_desmoines,Des Moines Area Food Bank,food,Acholi,0,0,,False,none,0,,False,,https://myfoodbank.org,2026-09-06,,"No translation mechanism and no translated documents found on the site | Food bank. Groceries can be collected without a shared language, so a web-only assessment understates this sector more than any other. Read the tier as a measure of published information, not of whether someone is fed",EH,derived
food_desmoines,Des Moines Area Food Bank,food,Aguacateco,0,0,,False,none,0,,False,,https://myfoodbank.org,2026-09-06,,"No translation mechanism and no translated documents found on the site | Food bank. Groceries can be collected without a shared language, so a web-only assessment understates this sector more than any other. Read the tier as a measure of published information, not of whether someone is fed",EH,derived
food_desmoines,Des Moines Area Food Bank,food,Akateko,0,0,,False,none,0,,False,,https://myfoodbank.org,2026-09-06,,"No translation mechanism and no translated documents found on the site | Food bank. Groceries can be collected without a shared language, so a web-only assessment understates this sector more than any other. Read the tier as a measure of published information, not of whether someone is fed",EH,derived
food_desmoines,Des Moines Area Food Bank,food,Albanian,0,0,,False,none,0,,False,,https://myfoodbank.org,2026-09-06,,"No translation mechanism and no translated documents found on the site | Food bank. Groceries can be collected without a shared language, so a web-only assessment understates this sector more than any other. Read the tier as a measure of published information, not of whether someone is fed",EH,derived
food_desmoines,Des Moines Area Food Bank,food,American Sign Language,0,0,,False,none,0,,False,298,https://myfoodbank.org,2026-09-06,,"No translation mechanism and no translated documents found on the site | Food bank. Groceries can be collected without a shared language, so a web-only assessment understates this sector more than any other. Read the tier as a measure of published information, not of whether someone is fed",EH,derived
food_desmoines,Des Moines Area Food Bank,food,Amharic,0,0,,False,none,0,,False,1615,https://myfoodbank.org,2026-09-06,,"No translation mechanism and no translated documents found on the site | Food bank. Groceries can be collected without a shared language, so a web-only assessment understates this sector more than any other. Read the tier as a measure of published information, not of whether someone is fed",EH,derived
food_desmoines,Des Moines Area Food Bank,food,Arabic,0,0,,False,none,0,,False,2447,https://myfoodbank.org,2026-09-06,,"No translation mechanism and no translated documents found on the site | Food bank. Groceries can be collected without a shared language, so a web-only assessment understates this sector more than any other. Read the tier as a measure of published information, not of whether someone is fed",EH,derived
food_desmoines,Des Moines Area Food Bank,food,Armenian,0,0,,False,none,0,,False,,https://myfoodbank.org,2026-09-06,,"No translation mechanism and no translated documents found on the site | Food bank. Groceries can be collected without a shared language, so a web-only assessment understates this sector more than any other. Read the tier as a measure of published information, not of whether someone is fed",EH,derived
food_desmoines,Des Moines Area Food Bank,food,Ayula-Bambara,0,0,,False,none,0,,False,,https://myfoodbank.org,2026-09-06,,"No translation mechanism and no translated documents found on the site | Food bank. Groceries can be collected without a shared language, so a web-only assessment understates this sector more than any other. Read the tier as a measure of published information, not of whether someone is fed",EH,derived
food_desmoines,Des Moines Area Food Bank,food,Azerbaijani,0,0,,False,none,0,,False,,https://myfoodbank.org,2026-09-06,,"No translation mechanism and no translated documents found on the site | Food bank. Groceries can be collected without a shared language, so a web-only assessment understates this sector more than any other. Read the tier as a measure of published information, not of whether someone is fed",EH,derived
food_desmoines,Des Moines Area Food Bank,food,Bambara,0,0,,False,none,0,,False,,https://myfoodbank.org,2026-09-06,,"No translation mechanism and no translated documents found on the site | Food bank. Groceries can be collected without a shared language, so a web-only assessment understates this sector more than any other. Read the tier as a measure of published information, not of whether someone is fed",EH,derived
food_desmoines,Des Moines Area Food Bank,food,Bangala,0,0,,False,none,0,,False,,https://myfoodbank.org,2026-09-06,,"No translation mechanism and no translated documents found on the site | Food bank. Groceries can be collected without a shared language, so a web-only assessment understates this sector more than any other. Read the tier as a measure of published information, not of whether someone is fed",EH,derived
food_desmoines,Des Moines Area Food Bank,food,Bassa,0,0,,False,none,0,,False,,https://myfoodbank.org,2026-09-06,,"No translation mechanism and no translated documents found on the site | Food bank. Groceries can be collected without a shared language, so a web-only assessment understates this sector more than any other. Read the tier as a measure of published information, not of whether someone is fed",EH,derived
food_desmoines,Des Moines Area Food Bank,food,Bengali,0,0,,False,none,0,,False,,https://myfoodbank.org,2026-09-06,,"No translation mechanism and no translated documents found on the site | Food bank. Groceries can be collected without a shared language, so a web-only assessment understates this sector more than any other. Read the tier as a measure of published information, not of whether someone is fed",EH,derived
food_desmoines,Des Moines Area Food Bank,food,Bosnian,0,0,,False,none,0,,False,,https://myfoodbank.org,2026-09-06,,"No translation mechanism and no translated documents found on the site | Food bank. Groceries can be collected without a shared language, so a web-only assessment understates this sector more than any other. Read the tier as a measure of published information, not of whether someone is fed",EH,derived
food_desmoines,Des Moines Area Food Bank,food,Bulgarian,0,0,,False,none,0,,False,,https://myfoodbank.org,2026-09-06,,"No translation mechanism and no translated documents found on the site | Food bank. Groceries can be collected without a shared language, so a web-only assessment understates this sector more than any other. Read the tier as a measure of published information, not of whether someone is fed",EH,derived
food_desmoines,Des Moines Area Food Bank,food,Burmese,0,0,,False,none,0,,False,349,https://myfoodbank.org,2026-09-06,,"No translation mechanism and no translated documents found on the site | Food bank. Groceries can be collected without a shared language, so a web-only assessment understates this sector more than any other. Read the tier as a measure of published information, not of whether someone is fed",EH,derived
food_desmoines,Des Moines Area Food Bank,food,Carolinian,0,0,,False,none,0,,False,,https://myfoodbank.org,2026-09-06,,"No translation mechanism and no translated documents found on the site | Food bank. Groceries can be collected without a shared language, so a web-only assessment understates this sector more than any other. Read the tier as a measure of published information, not of whether someone is fed",EH,derived
food_desmoines,Des Moines Area Food Bank,food,Catalan,0,0,,False,none,0,,False,,https://myfoodbank.org,2026-09-06,,"No translation mechanism and no translated documents found on the site | Food bank. Groceries can be collected without a shared language, so a web-only assessment understates this sector more than any other. Read the tier as a measure of published information, not of whether someone is fed",EH,derived
food_desmoines,Des Moines Area Food Bank,food,Cebuano,0,0,,False,none,0,,False,,https://myfoodbank.org,2026-09-06,,"No translation mechanism and no translated documents found on the site | Food bank. Groceries can be collected without a shared language, so a web-only assessment understates this sector more than any other. Read the tier as a measure of published information, not of whether someone is fed",EH,derived
food_desmoines,Des Moines Area Food Bank,food,Cham,0,0,,False,none,0,,False,,https://myfoodbank.org,2026-09-06,,"No translation mechanism and no translated documents found on the site | Food bank. Groceries can be collected without a shared language, so a web-only assessment understates this sector more than any other. Read the tier as a measure of published information, not of whether someone is fed",EH,derived
food_desmoines,Des Moines Area Food Bank,food,Chamorro,0,0,,False,none,0,,False,,https://myfoodbank.org,2026-09-06,,"No translation mechanism and no translated documents found on the site | Food bank. Groceries can be collected without a shared language, so a web-only assessment understates this sector more than any other. Read the tier as a measure of published information, not of whether someone is fed",EH,derived
food_desmoines,Des Moines Area Food Bank,food,Chin,0,0,,False,none,0,,False,,https://myfoodbank.org,2026-09-06,,"No translation mechanism and no translated documents found on the site | Food bank. Groceries can be collected without a shared language, so a web-only assessment understates this sector more than any other. Read the tier as a measure of published information, not of whether someone is fed",EH,derived
food_desmoines,Des Moines Area Food Bank,food,Chinese-Cantonese,0,0,,False,none,0,,False,,https://myfoodbank.org,2026-09-06,,"No translation mechanism and no translated documents found on the site | Food bank. Groceries can be collected without a shared language, so a web-only assessment understates this sector more than any other. Read the tier as a measure of published information, not of whether someone is fed",EH,derived
food_desmoines,Des Moines Area Food Bank,food,Chinese-Fukienese,0,0,,False,none,0,,False,,https://myfoodbank.org,2026-09-06,,"No translation mechanism and no translated documents found on the site | Food bank. Groceries can be collected without a shared language, so a web-only assessment understates this sector more than any other. Read the tier as a measure of published information, not of whether someone is fed",EH,derived
food_desmoines,Des Moines Area Food Bank,food,Chinese-Mandarin,0,0,,False,none,0,,False,,https://myfoodbank.org,2026-09-06,,"No translation mechanism and no translated documents found on the site | Food bank. Groceries can be collected without a shared language, so a web-only assessment understates this sector more than any other. Read the tier as a measure of published information, not of whether someone is fed",EH,derived
food_desmoines,Des Moines Area Food Bank,food,Chinese-Taiwanese,0,0,,False,none,0,,False,,https://myfoodbank.org,2026-09-06,,"No translation mechanism and no translated documents found on the site | Food bank. Groceries can be collected without a shared language, so a web-only assessment understates this sector more than any other. Read the tier as a measure of published information, not of whether someone is fed",EH,derived
food_desmoines,Des Moines Area Food Bank,food,Chuukese,0,0,,False,none,0,,False,677,https://myfoodbank.org,2026-09-06,,"No translation mechanism and no translated documents found on the site | Food bank. Groceries can be collected without a shared language, so a web-only assessment understates this sector more than any other. Read the tier as a measure of published information, not of whether someone is fed",EH,derived
food_desmoines,Des Moines Area Food Bank,food,Dari,0,0,,False,none,0,,False,2702,https://myfoodbank.org,2026-09-06,,"No translation mechanism and no translated documents found on the site | Food bank. Groceries can be collected without a shared language, so a web-only assessment understates this sector more than any other. Read the tier as a measure of published information, not of whether someone is fed",EH,derived
food_desmoines,Des Moines Area Food Bank,food,Dinka,0,0,,False,none,0,,False,,https://myfoodbank.org,2026-09-06,,"No translation mechanism and no translated documents found on the site | Food bank. Groceries can be collected without a shared language, so a web-only assessment understates this sector more than any other. Read the tier as a measure of published information, not of whether someone is fed",EH,derived
food_desmoines,Des Moines Area Food Bank,food,Dutch,0,0,,False,none,0,,False,,https://myfoodbank.org,2026-09-06,,"No translation mechanism and no translated documents found on the site | Food bank. Groceries can be collected without a shared language, so a web-only assessment understates this sector more than any other. Read the tier as a measure of published information, not of whether someone is fed",EH,derived
food_desmoines,Des Moines Area Food Bank,food,Egyptian-Arabic,0,0,,False,none,0,,False,,https://myfoodbank.org,2026-09-06,,"No translation mechanism and no translated documents found on the site | Food bank. Groceries can be collected without a shared language, so a web-only assessment understates this sector more than any other. Read the tier as a measure of published information, not of whether someone is fed",EH,derived
food_desmoines,Des Moines Area Food Bank,food,Eritai,0,0,,False,none,0,,False,,https://myfoodbank.org,2026-09-06,,"No translation mechanism and no translated documents found on the site | Food bank. Groceries can be collected without a shared language, so a web-only assessment understates this sector more than any other. Read the tier as a measure of published information, not of whether someone is fed",EH,derived
food_desmoines,Des Moines Area Food Bank,food,Estonian,0,0,,False,none,0,,False,,https://myfoodbank.org,2026-09-06,,"No translation mechanism and no translated documents found on the site | Food bank. Groceries can be collected without a shared language, so a web-only assessment understates this sector more than any other. Read the tier as a measure of published information, not of whether someone is fed",EH,derived
food_desmoines,Des Moines Area Food Bank,food,Ewe,0,0,,False,none,0,,False,,https://myfoodbank.org,2026-09-06,,"No translation mechanism and no translated documents found on the site | Food bank. Groceries can be collected without a shared language, so a web-only assessment understates this sector more than any other. Read the tier as a measure of published information, not of whether someone is fed",EH,derived
food_desmoines,Des Moines Area Food Bank,food,Fallani,0,0,,False,none,0,,False,,https://myfoodbank.org,2026-09-06,,"No translation mechanism and no translated documents found on the site | Food bank. Groceries can be collected without a shared language, so a web-only assessment understates this sector more than any other. Read the tier as a measure of published information, not of whether someone is fed",EH,derived
food_desmoines,Des Moines Area Food Bank,food,Farsi,0,0,,False,none,0,,False,990,https://myfoodbank.org,2026-09-06,,"No translation mechanism and no translated documents found on the site | Food bank. Groceries can be collected without a shared language, so a web-only assessment understates this sector more than any other. Read the tier as a measure of published information, not of whether someone is fed",EH,derived
food_desmoines,Des Moines Area Food Bank,food,French,0,0,,False,none,0,,False,994,https://myfoodbank.org,2026-09-06,,"No translation mechanism and no translated documents found on the site | Food bank. Groceries can be collected without a shared language, so a web-only assessment understates this sector more than any other. Read the tier as a measure of published information, not of whether someone is fed",EH,derived
food_desmoines,Des Moines Area Food Bank,food,Fula,0,0,,False,none,0,,False,,https://myfoodbank.org,2026-09-06,,"No translation mechanism and no translated documents found on the site | Food bank. Groceries can be collected without a shared language, so a web-only assessment understates this sector more than any other. Read the tier as a measure of published information, not of whether someone is fed",EH,derived
food_desmoines,Des Moines Area Food Bank,food,Ga,0,0,,False,none,0,,False,,https://myfoodbank.org,2026-09-06,,"No translation mechanism and no translated documents found on the site | Food bank. Groceries can be collected without a shared language, so a web-only assessment understates this sector more than any other. Read the tier as a measure of published information, not of whether someone is fed",EH,derived
food_desmoines,Des Moines Area Food Bank,food,German,0,0,,False,none,0,,False,,https://myfoodbank.org,2026-09-06,,"No translation mechanism and no translated documents found on the site | Food bank. Groceries can be collected without a shared language, so a web-only assessment understates this sector more than any other. Read the tier as a measure of published information, not of whether someone is fed",EH,derived
food_desmoines,Des Moines Area Food Bank,food,"Greek, Modern",0,0,,False,none,0,,False,,https://myfoodbank.org,2026-09-06,,"No translation mechanism and no translated documents found on the site | Food bank. Groceries can be collected without a shared language, so a web-only assessment understates this sector more than any other. Read the tier as a measure of published information, not of whether someone is fed",EH,derived
food_desmoines,Des Moines Area Food Bank,food,Gujarati,0,0,,False,none,0,,False,,https://myfoodbank.org,2026-09-06,,"No translation mechanism and no translated documents found on the site | Food bank. Groceries can be collected without a shared language, so a web-only assessment understates this sector more than any other. Read the tier as a measure of published information, not of whether someone is fed",EH,derived
food_desmoines,Des Moines Area Food Bank,food,Haitian Creole,0,0,,False,none,0,,False,317,https://myfoodbank.org,2026-09-06,,"No translation mechanism and no translated documents found on the site | Food bank. Groceries can be collected without a shared language, so a web-only assessment understates this sector more than any other. Read the tier as a measure of published information, not of whether someone is fed",EH,derived
food_desmoines,Des Moines Area Food Bank,food,Hausa,0,0,,False,none,0,,False,,https://myfoodbank.org,2026-09-06,,"No translation mechanism and no translated documents found on the site | Food bank. Groceries can be collected without a shared language, so a web-only assessment understates this sector more than any other. Read the tier as a measure of published information, not of whether someone is fed",EH,derived
food_desmoines,Des Moines Area Food Bank,food,Hawaiian,0,0,,False,none,0,,False,,https://myfoodbank.org,2026-09-06,,"No translation mechanism and no translated documents found on the site | Food bank. Groceries can be collected without a shared language, so a web-only assessment understates this sector more than any other. Read the tier as a measure of published information, not of whether someone is fed",EH,derived
food_desmoines,Des Moines Area Food Bank,food,Herero,0,0,,False,none,0,,False,,https://myfoodbank.org,2026-09-06,,"No translation mechanism and no translated documents found on the site | Food bank. Groceries can be collected without a shared language, so a web-only assessment understates this sector more than any other. Read the tier as a measure of published information, not of whether someone is fed",EH,derived
food_desmoines,Des Moines Area Food Bank,food,Hindi,0,0,,False,none,0,,False,212,https://myfoodbank.org,2026-09-06,,"No translation mechanism and no translated documents found on the site | Food bank. Groceries can be collected without a shared language, so a web-only assessment understates this sector more than any other. Read the tier as a measure of published information, not of whether someone is fed",EH,derived
food_desmoines,Des Moines Area Food Bank,food,Hmong,0,0,,False,none,0,,False,,https://myfoodbank.org,2026-09-06,,"No translation mechanism and no translated documents found on the site | Food bank. Groceries can be collected without a shared language, so a web-only assessment understates this sector more than any other. Read the tier as a measure of published information, not of whether someone is fed",EH,derived
food_desmoines,Des Moines Area Food Bank,food,Hungarian,0,0,,False,none,0,,False,,https://myfoodbank.org,2026-09-06,,"No translation mechanism and no translated documents found on the site | Food bank. Groceries can be collected without a shared language, so a web-only assessment understates this sector more than any other. Read the tier as a measure of published information, not of whether someone is fed",EH,derived
food_desmoines,Des Moines Area Food Bank,food,Igbo,0,0,,False,none,0,,False,,https://myfoodbank.org,2026-09-06,,"No translation mechanism and no translated documents found on the site | Food bank. Groceries can be collected without a shared language, so a web-only assessment understates this sector more than any other. Read the tier as a measure of published information, not of whether someone is fed",EH,derived
food_desmoines,Des Moines Area Food Bank,food,Ilokano,0,0,,False,none,0,,False,,https://myfoodbank.org,2026-09-06,,"No translation mechanism and no translated documents found on the site | Food bank. Groceries can be collected without a shared language, so a web-only assessment understates this sector more than any other. Read the tier as a measure of published information, not of whether someone is fed",EH,derived
food_desmoines,Des Moines Area Food Bank,food,Indonesian,0,0,,False,none,0,,False,,https://myfoodbank.org,2026-09-06,,"No translation mechanism and no translated documents found on the site | Food bank. Groceries can be collected without a shared language, so a web-only assessment understates this sector more than any other. Read the tier as a measure of published information, not of whether someone is fed",EH,derived
food_desmoines,Des Moines Area Food Bank,food,Italian,0,0,,False,none,0,,False,,https://myfoodbank.org,2026-09-06,,"No translation mechanism and no translated documents found on the site | Food bank. Groceries can be collected without a shared language, so a web-only assessment understates this sector more than any other. Read the tier as a measure of published information, not of whether someone is fed",EH,derived
food_desmoines,Des Moines Area Food Bank,food,Japanese,0,0,,False,none,0,,False,,https://myfoodbank.org,2026-09-06,,"No translation mechanism and no translated documents found on the site | Food bank. Groceries can be collected without a shared language, so a web-only assessment understates this sector more than any other. Read the tier as a measure of published information, not of whether someone is fed",EH,derived
food_desmoines,Des Moines Area Food Bank,food,Kakwa,0,0,,False,none,0,,False,,https://myfoodbank.org,2026-09-06,,"No translation mechanism and no translated documents found on the site | Food bank. Groceries can be collected without a shared language, so a web-only assessment understates this sector more than any other. Read the tier as a measure of published information, not of whether someone is fed",EH,derived
food_desmoines,Des Moines Area Food Bank,food,Kannada,0,0,,False,none,0,,False,,https://myfoodbank.org,2026-09-06,,"No translation mechanism and no translated documents found on the site | Food bank. Groceries can be collected without a shared language, so a web-only assessment understates this sector more than any other. Read the tier as a measure of published information, not of whether someone is fed",EH,derived
food_desmoines,Des Moines Area Food Bank,food,Karen,0,0,,False,none,0,,False,,https://myfoodbank.org,2026-09-06,,"No translation mechanism and no translated documents found on the site | Food bank. Groceries can be collected without a shared language, so a web-only assessment understates this sector more than any other. Read the tier as a measure of published information, not of whether someone is fed",EH,derived
food_desmoines,Des Moines Area Food Bank,food,Karenni,0,0,,False,none,0,,False,,https://myfoodbank.org,2026-09-06,,"No translation mechanism and no translated documents found on the site | Food bank. Groceries can be collected without a shared language, so a web-only assessment understates this sector more than any other. Read the tier as a measure of published information, not of whether someone is fed",EH,derived
food_desmoines,Des Moines Area Food Bank,food,Kazakh,0,0,,False,none,0,,False,,https://myfoodbank.org,2026-09-06,,"No translation mechanism and no translated documents found on the site | Food bank. Groceries can be collected without a shared language, so a web-only assessment understates this sector more than any other. Read the tier as a measure of published information, not of whether someone is fed",EH,derived
food_desmoines,Des Moines Area Food Bank,food,Khmer,0,0,,False,none,0,,False,1645,https://myfoodbank.org,2026-09-06,,"No translation mechanism and no translated documents found on the site | Food bank. Groceries can be collected without a shared language, so a web-only assessment understates this sector more than any other. Read the tier as a measure of published information, not of whether someone is fed",EH,derived
food_desmoines,Des Moines Area Food Bank,food,Kikuyu,0,0,,False,none,0,,False,,https://myfoodbank.org,2026-09-06,,"No translation mechanism and no translated documents found on the site | Food bank. Groceries can be collected without a shared language, so a web-only assessment understates this sector more than any other. Read the tier as a measure of published information, not of whether someone is fed",EH,derived
food_desmoines,Des Moines Area Food Bank,food,Kinyarwanda,0,0,,False,none,0,,False,,https://myfoodbank.org,2026-09-06,,"No translation mechanism and no translated documents found on the site | Food bank. Groceries can be collected without a shared language, so a web-only assessment understates this sector more than any other. Read the tier as a measure of published information, not of whether someone is fed",EH,derived
food_desmoines,Des Moines Area Food Bank,food,Kirgiz,0,0,,False,none,0,,False,,https://myfoodbank.org,2026-09-06,,"No translation mechanism and no translated documents found on the site | Food bank. Groceries can be collected without a shared language, so a web-only assessment understates this sector more than any other. Read the tier as a measure of published information, not of whether someone is fed",EH,derived
food_desmoines,Des Moines Area Food Bank,food,Kirundi,0,0,,False,none,0,,False,,https://myfoodbank.org,2026-09-06,,"No translation mechanism and no translated documents found on the site | Food bank. Groceries can be collected without a shared language, so a web-only assessment understates this sector more than any other. Read the tier as a measure of published information, not of whether someone is fed",EH,derived
food_desmoines,Des Moines Area Food Bank,food,Kmhmu,0,0,,False,none,0,,False,,https://myfoodbank.org,2026-09-06,,"No translation mechanism and no translated documents found on the site | Food bank. Groceries can be collected without a shared language, so a web-only assessment understates this sector more than any other. Read the tier as a measure of published information, not of whether someone is fed",EH,derived
food_desmoines,Des Moines Area Food Bank,food,Kongo,0,0,,False,none,0,,False,,https://myfoodbank.org,2026-09-06,,"No translation mechanism and no translated documents found on the site | Food bank. Groceries can be collected without a shared language, so a web-only assessment understates this sector more than any other. Read the tier as a measure of published information, not of whether someone is fed",EH,derived
food_desmoines,Des Moines Area Food Bank,food,Korean,0,0,,False,none,0,,False,3625,https://myfoodbank.org,2026-09-06,,"No translation mechanism and no translated documents found on the site | Food bank. Groceries can be collected without a shared language, so a web-only assessment understates this sector more than any other. Read the tier as a measure of published information, not of whether someone is fed",EH,derived
food_desmoines,Des Moines Area Food Bank,food,Kosraean,0,0,,False,none,0,,False,,https://myfoodbank.org,2026-09-06,,"No translation mechanism and no translated documents found on the site | Food bank. Groceries can be collected without a shared language, so a web-only assessment understates this sector more than any other. Read the tier as a measure of published information, not of whether someone is fed",EH,derived
food_desmoines,Des Moines Area Food Bank,food,Krahn,0,0,,False,none,0,,False,,https://myfoodbank.org,2026-09-06,,"No translation mechanism and no translated documents found on the site | Food bank. Groceries can be collected without a shared language, so a web-only assessment understates this sector more than any other. Read the tier as a measure of published information, not of whether someone is fed",EH,derived
food_desmoines,Des Moines Area Food Bank,food,Krio,0,0,,False,none,0,,False,,https://myfoodbank.org,2026-09-06,,"No translation mechanism and no translated documents found on the site | Food bank. Groceries can be collected without a shared language, so a web-only assessment understates this sector more than any other. Read the tier as a measure of published information, not of whether someone is fed",EH,derived
food_desmoines,Des Moines Area Food Bank,food,Kru,0,0,,False,none,0,,False,,https://myfoodbank.org,2026-09-06,,"No translation mechanism and no translated documents found on the site | Food bank. Groceries can be collected without a shared language, so a web-only assessment understates this sector more than any other. Read the tier as a measure of published information, not of whether someone is fed",EH,derived
food_desmoines,Des Moines Area Food Bank,food,Kurdish,0,0,,False,none,0,,False,,https://myfoodbank.org,2026-09-06,,"No translation mechanism and no translated documents found on the site | Food bank. Groceries can be collected without a shared language, so a web-only assessment understates this sector more than any other. Read the tier as a measure of published information, not of whether someone is fed",EH,derived
food_desmoines,Des Moines Area Food Bank,food,Lao,0,0,,False,none,0,,False,399,https://myfoodbank.org,2026-09-06,,"No translation mechanism and no translated documents found on the site | Food bank. Groceries can be collected without a shared language, so a web-only assessment understates this sector more than any other. Read the tier as a measure of published information, not of whether someone is fed",EH,derived
food_desmoines,Des Moines Area Food Bank,food,Latvian,0,0,,False,none,0,,False,,https://myfoodbank.org,2026-09-06,,"No translation mechanism and no translated documents found on the site | Food bank. Groceries can be collected without a shared language, so a web-only assessment understates this sector more than any other. Read the tier as a measure of published information, not of whether someone is fed",EH,derived
food_desmoines,Des Moines Area Food Bank,food,Lingala,0,0,,False,none,0,,False,,https://myfoodbank.org,2026-09-06,,"No translation mechanism and no translated documents found on the site | Food bank. Groceries can be collected without a shared language, so a web-only assessment understates this sector more than any other. Read the tier as a measure of published information, not of whether someone is fed",EH,derived
food_desmoines,Des Moines Area Food Bank,food,Luganda,0,0,,False,none,0,,False,,https://myfoodbank.org,2026-09-06,,"No translation mechanism and no translated documents found on the site | Food bank. Groceries can be collected without a shared language, so a web-only assessment understates this sector more than any other. Read the tier as a measure of published information, not of whether someone is fed",EH,derived
food_desmoines,Des Moines Area Food Bank,food,Maay Maay,0,0,,False,none,0,,False,,https://myfoodbank.org,2026-09-06,,"No translation mechanism and no translated documents found on the site | Food bank. Groceries can be collected without a shared language, so a web-only assessment understates this sector more than any other. Read the tier as a measure of published information, not of whether someone is fed",EH,derived
food_desmoines,Des Moines Area Food Bank,food,Malay,0,0,,False,none,0,,False,,https://myfoodbank.org,2026-09-06,,"No translation mechanism and no translated documents found on the site | Food bank. Groceries can be collected without a shared language, so a web-only assessment understates this sector more than any other. Read the tier as a measure of published information, not of whether someone is fed",EH,derived
food_desmoines,Des Moines Area Food Bank,food,Malayalam,0,0,,False,none,0,,False,,https://myfoodbank.org,2026-09-06,,"No translation mechanism and no translated documents found on the site | Food bank. Groceries can be collected without a shared language, so a web-only assessment understates this sector more than any other. Read the tier as a measure of published information, not of whether someone is fed",EH,derived
food_desmoines,Des Moines Area Food Bank,food,Mam,0,0,,False,none,0,,False,,https://myfoodbank.org,2026-09-06,,"No translation mechanism and no translated documents found on the site | Food bank. Groceries can be collected without a shared language, so a web-only assessment understates this sector more than any other. Read the tier as a measure of published information, not of whether someone is fed",EH,derived
food_desmoines,Des Moines Area Food Bank,food,Mandingo,0,0,,False,none,0,,False,,https://myfoodbank.org,2026-09-06,,"No translation mechanism and no translated documents found on the site | Food bank. Groceries can be collected without a shared language, so a web-only assessment understates this sector more than any other. Read the tier as a measure of published information, not of whether someone is fed",EH,derived
food_desmoines,Des Moines Area Food Bank,food,Mandinka,0,0,,False,none,0,,False,,https://myfoodbank.org,2026-09-06,,"No translation mechanism and no translated documents found on the site | Food bank. Groceries can be collected without a shared language, so a web-only assessment understates this sector more than any other. Read the tier as a measure of published information, not of whether someone is fed",EH,derived
food_desmoines,Des Moines Area Food Bank,food,Marathi,0,0,,False,none,0,,False,,https://myfoodbank.org,2026-09-06,,"No translation mechanism and no translated documents found on the site | Food bank. Groceries can be collected without a shared language, so a web-only assessment understates this sector more than any other. Read the tier as a measure of published information, not of whether someone is fed",EH,derived
food_desmoines,Des Moines Area Food Bank,food,Marquesan,0,0,,False,none,0,,False,,https://myfoodbank.org,2026-09-06,,"No translation mechanism and no translated documents found on the site | Food bank. Groceries can be collected without a shared language, so a web-only assessment understates this sector more than any other. Read the tier as a measure of published information, not of whether someone is fed",EH,derived
food_desmoines,Des Moines Area Food Bank,food,Marshallese,0,0,,False,none,0,,False,,https://myfoodbank.org,2026-09-06,,"No translation mechanism and no translated documents found on the site | Food bank. Groceries can be collected without a shared language, so a web-only assessment understates this sector more than any other. Read the tier as a measure of published information, not of whether someone is fed",EH,derived
food_desmoines,Des Moines Area Food Bank,food,Maya-Quiche,0,0,,False,none,0,,False,,https://myfoodbank.org,2026-09-06,,"No translation mechanism and no translated documents found on the site | Food bank. Groceries can be collected without a shared language, so a web-only assessment understates this sector more than any other. Read the tier as a measure of published information, not of whether someone is fed",EH,derived
food_desmoines,Des Moines Area Food Bank,food,Mien,0,0,,False,none,0,,False,,https://myfoodbank.org,2026-09-06,,"No translation mechanism and no translated documents found on the site | Food bank. Groceries can be collected without a shared language, so a web-only assessment understates this sector more than any other. Read the tier as a measure of published information, not of whether someone is fed",EH,derived
food_desmoines,Des Moines Area Food Bank,food,Mixteco,0,0,,False,none,0,,False,,https://myfoodbank.org,2026-09-06,,"No translation mechanism and no translated documents found on the site | Food bank. Groceries can be collected without a shared language, so a web-only assessment understates this sector more than any other. Read the tier as a measure of published information, not of whether someone is fed",EH,derived
food_desmoines,Des Moines Area Food Bank,food,Moldavian,0,0,,False,none,0,,False,,https://myfoodbank.org,2026-09-06,,"No translation mechanism and no translated documents found on the site | Food bank. Groceries can be collected without a shared language, so a web-only assessment understates this sector more than any other. Read the tier as a measure of published information, not of whether someone is fed",EH,derived
food_desmoines,Des Moines Area Food Bank,food,Mongolian,0,0,,False,none,0,,False,,https://myfoodbank.org,2026-09-06,,"No translation mechanism and no translated documents found on the site | Food bank. Groceries can be collected without a shared language, so a web-only assessment understates this sector more than any other. Read the tier as a measure of published information, not of whether someone is fed",EH,derived
food_desmoines,Des Moines Area Food Bank,food,Moore,0,0,,False,none,0,,False,,https://myfoodbank.org,2026-09-06,,"No translation mechanism and no translated documents found on the site | Food bank. Groceries can be collected without a shared language, so a web-only assessment understates this sector more than any other. Read the tier as a measure of published information, not of whether someone is fed",EH,derived
food_desmoines,Des Moines Area Food Bank,food,"Nahuatl, Guerrero region",0,0,,False,none,0,,False,,https://myfoodbank.org,2026-09-06,,"No translation mechanism and no translated documents found on the site | Food bank. Groceries can be collected without a shared language, so a web-only assessment understates this sector more than any other. Read the tier as a measure of published information, not of whether someone is fed",EH,derived
food_desmoines,Des Moines Area Food Bank,food,Nepali,0,0,,False,none,0,,False,,https://myfoodbank.org,2026-09-06,,"No translation mechanism and no translated documents found on the site | Food bank. Groceries can be collected without a shared language, so a web-only assessment understates this sector more than any other. Read the tier as a measure of published information, not of whether someone is fed",EH,derived
food_desmoines,Des Moines Area Food Bank,food,Nuer,0,0,,False,none,0,,False,,https://myfoodbank.org,2026-09-06,,"No translation mechanism and no translated documents found on the site | Food bank. Groceries can be collected without a shared language, so a web-only assessment understates this sector more than any other. Read the tier as a measure of published information, not of whether someone is fed",EH,derived
food_desmoines,Des Moines Area Food Bank,food,Oromo,0,0,,False,none,0,,False,252,https://myfoodbank.org,2026-09-06,,"No translation mechanism and no translated documents found on the site | Food bank. Groceries can be collected without a shared language, so a web-only assessment understates this sector more than any other. Read the tier as a measure of published information, not of whether someone is fed",EH,derived
food_desmoines,Des Moines Area Food Bank,food,Palau,0,0,,False,none,0,,False,,https://myfoodbank.org,2026-09-06,,"No translation mechanism and no translated documents found on the site | Food bank. Groceries can be collected without a shared language, so a web-only assessment understates this sector more than any other. Read the tier as a measure of published information, not of whether someone is fed",EH,derived
food_desmoines,Des Moines Area Food Bank,food,Pashai,0,0,,False,none,0,,False,,https://myfoodbank.org,2026-09-06,,"No translation mechanism and no translated documents found on the site | Food bank. Groceries can be collected without a shared language, so a web-only assessment understates this sector more than any other. Read the tier as a measure of published information, not of whether someone is fed",EH,derived
food_desmoines,Des Moines Area Food Bank,food,Pashto,0,0,,False,none,0,,False,680,https://myfoodbank.org,2026-09-06,,"No translation mechanism and no translated documents found on the site | Food bank. Groceries can be collected without a shared language, so a web-only assessment understates this sector more than any other. Read the tier as a measure of published information, not of whether someone is fed",EH,derived
food_desmoines,Des Moines Area Food Bank,food,Pere,0,0,,False,none,0,,False,,https://myfoodbank.org,2026-09-06,,"No translation mechanism and no translated documents found on the site | Food bank. Groceries can be collected without a shared language, so a web-only assessment understates this sector more than any other. Read the tier as a measure of published information, not of whether someone is fed",EH,derived
food_desmoines,Des Moines Area Food Bank,food,Polish,0,0,,False,none,0,,False,,https://myfoodbank.org,2026-09-06,,"No translation mechanism and no translated documents found on the site | Food bank. Groceries can be collected without a shared language, so a web-only assessment understates this sector more than any other. Read the tier as a measure of published information, not of whether someone is fed",EH,derived
food_desmoines,Des Moines Area Food Bank,food,Portuguese,0,0,,False,none,0,,False,1449,https://myfoodbank.org,2026-09-06,,"No translation mechanism and no translated documents found on the site | Food bank. Groceries can be collected without a shared language, so a web-only assessment understates this sector more than any other. Read the tier as a measure of published information, not of whether someone is fed",EH,derived
food_desmoines,Des Moines Area Food Bank,food,Punjabi,0,0,,False,none,0,,False,1632,https://myfoodbank.org,2026-09-06,,"No translation mechanism and no translated documents found on the site | Food bank. Groceries can be collected without a shared language, so a web-only assessment understates this sector more than any other. Read the tier as a measure of published information, not of whether someone is fed",EH,derived
food_desmoines,Des Moines Area Food Bank,food,Purepecha,0,0,,False,none,0,,False,,https://myfoodbank.org,2026-09-06,,"No translation mechanism and no translated documents found on the site | Food bank. Groceries can be collected without a shared language, so a web-only assessment understates this sector more than any other. Read the tier as a measure of published information, not of whether someone is fed",EH,derived
food_desmoines,Des Moines Area Food Bank,food,Rohingya,0,0,,False,none,0,,False,,https://myfoodbank.org,2026-09-06,,"No translation mechanism and no translated documents found on the site | Food bank. Groceries can be collected without a shared language, so a web-only assessment understates this sector more than any other. Read the tier as a measure of published information, not of whether someone is fed",EH,derived
food_desmoines,Des Moines Area Food Bank,food,Romanian,0,0,,False,none,0,,False,453,https://myfoodbank.org,2026-09-06,,"No translation mechanism and no translated documents found on the site | Food bank. Groceries can be collected without a shared language, so a web-only assessment understates this sector more than any other. Read the tier as a measure of published information, not of whether someone is fed",EH,derived
food_desmoines,Des Moines Area Food Bank,food,Russian,0,0,,False,none,0,,False,12029,https://myfoodbank.org,2026-09-06,,"No translation mechanism and no translated documents found on the site | Food bank. Groceries can be collected without a shared language, so a web-only assessment understates this sector more than any other. Read the tier as a measure of published information, not of whether someone is fed",EH,derived
food_desmoines,Des Moines Area Food Bank,food,Samoan,0,0,,False,none,0,,False,261,https://myfoodbank.org,2026-09-06,,"No translation mechanism and no translated documents found on the site | Food bank. Groceries can be collected without a shared language, so a web-only assessment understates this sector more than any other. Read the tier as a measure of published information, not of whether someone is fed",EH,derived
food_desmoines,Des Moines Area Food Bank,food,Sao,0,0,,False,none,0,,False,,https://myfoodbank.org,2026-09-06,,"No translation mechanism and no translated documents found on the site | Food bank. Groceries can be collected without a shared language, so a web-only assessment understates this sector more than any other. Read the tier as a measure of published information, not of whether someone is fed",EH,derived
food_desmoines,Des Moines Area Food Bank,food,Serbo-Croation,0,0,,False,none,0,,False,,https://myfoodbank.org,2026-09-06,,"No translation mechanism and no translated documents found on the site | Food bank. Groceries can be collected without a shared language, so a web-only assessment understates this sector more than any other. Read the tier as a measure of published information, not of whether someone is fed",EH,derived
food_desmoines,Des Moines Area Food Bank,food,Shona,0,0,,False,none,0,,False,,https://myfoodbank.org,2026-09-06,,"No translation mechanism and no translated documents found on the site | Food bank. Groceries can be collected without a shared language, so a web-only assessment understates this sector more than any other. Read the tier as a measure of published information, not of whether someone is fed",EH,derived
food_desmoines,Des Moines Area Food Bank,food,Sinhalese,0,0,,False,none,0,,False,,https://myfoodbank.org,2026-09-06,,"No translation mechanism and no translated documents found on the site | Food bank. Groceries can be collected without a shared language, so a web-only assessment understates this sector more than any other. Read the tier as a measure of published information, not of whether someone is fed",EH,derived
food_desmoines,Des Moines Area Food Bank,food,Slovenian,0,0,,False,none,0,,False,,https://myfoodbank.org,2026-09-06,,"No translation mechanism and no translated documents found on the site | Food bank. Groceries can be collected without a shared language, so a web-only assessment understates this sector more than any other. Read the tier as a measure of published information, not of whether someone is fed",EH,derived
food_desmoines,Des Moines Area Food Bank,food,Somali,0,0,,False,none,0,,False,1417,https://myfoodbank.org,2026-09-06,,"No translation mechanism and no translated documents found on the site | Food bank. Groceries can be collected without a shared language, so a web-only assessment understates this sector more than any other. Read the tier as a measure of published information, not of whether someone is fed",EH,derived
food_desmoines,Des Moines Area Food Bank,food,Soninke,0,0,,False,none,0,,False,,https://myfoodbank.org,2026-09-06,,"No translation mechanism and no translated documents found on the site | Food bank. Groceries can be collected without a shared language, so a web-only assessment understates this sector more than any other. Read the tier as a measure of published information, not of whether someone is fed",EH,derived
food_desmoines,Des Moines Area Food Bank,food,Sotho,0,0,,False,none,0,,False,,https://myfoodbank.org,2026-09-06,,"No translation mechanism and no translated documents found on the site | Food bank. Groceries can be collected without a shared language, so a web-only assessment understates this sector more than any other. Read the tier as a measure of published information, not of whether someone is fed",EH,derived
food_desmoines,Des Moines Area Food Bank,food,Spanish,0,0,,False,none,0,,False,105998,https://myfoodbank.org,2026-09-06,,"No translation mechanism and no translated documents found on the site | Food bank. Groceries can be collected without a shared language, so a web-only assessment understates this sector more than any other. Read the tier as a measure of published information, not of whether someone is fed",EH,derived
food_desmoines,Des Moines Area Food Bank,food,Swahili,0,0,,False,none,0,,False,324,https://myfoodbank.org,2026-09-06,,"No translation mechanism and no translated documents found on the site | Food bank. Groceries can be collected without a shared language, so a web-only assessment understates this sector more than any other. Read the tier as a measure of published information, not of whether someone is fed",EH,derived
food_desmoines,Des Moines Area Food Bank,food,Tagalog,0,0,,False,none,0,,False,871,https://myfoodbank.org,2026-09-06,,"No translation mechanism and no translated documents found on the site | Food bank. Groceries can be collected without a shared language, so a web-only assessment understates this sector more than any other. Read the tier as a measure of published information, not of whether someone is fed",EH,derived
food_desmoines,Des Moines Area Food Bank,food,Taishanese,0,0,,False,none,0,,False,,https://myfoodbank.org,2026-09-06,,"No translation mechanism and no translated documents found on the site | Food bank. Groceries can be collected without a shared language, so a web-only assessment understates this sector more than any other. Read the tier as a measure of published information, not of whether someone is fed",EH,derived
food_desmoines,Des Moines Area Food Bank,food,Tajiki,0,0,,False,none,0,,False,,https://myfoodbank.org,2026-09-06,,"No translation mechanism and no translated documents found on the site | Food bank. Groceries can be collected without a shared language, so a web-only assessment understates this sector more than any other. Read the tier as a measure of published information, not of whether someone is fed",EH,derived
food_desmoines,Des Moines Area Food Bank,food,Tamil,0,0,,False,none,0,,False,,https://myfoodbank.org,2026-09-06,,"No translation mechanism and no translated documents found on the site | Food bank. Groceries can be collected without a shared language, so a web-only assessment understates this sector more than any other. Read the tier as a measure of published information, not of whether someone is fed",EH,derived
food_desmoines,Des Moines Area Food Bank,food,Tarasco,0,0,,False,none,0,,False,,https://myfoodbank.org,2026-09-06,,"No translation mechanism and no translated documents found on the site | Food bank. Groceries can be collected without a shared language, so a web-only assessment understates this sector more than any other. Read the tier as a measure of published information, not of whether someone is fed",EH,derived
food_desmoines,Des Moines Area Food Bank,food,Tedim,0,0,,False,none,0,,False,,https://myfoodbank.org,2026-09-06,,"No translation mechanism and no translated documents found on the site | Food bank. Groceries can be collected without a shared language, so a web-only assessment understates this sector more than any other. Read the tier as a measure of published information, not of whether someone is fed",EH,derived
food_desmoines,Des Moines Area Food Bank,food,Telugu,0,0,,False,none,0,,False,,https://myfoodbank.org,2026-09-06,,"No translation mechanism and no translated documents found on the site | Food bank. Groceries can be collected without a shared language, so a web-only assessment understates this sector more than any other. Read the tier as a measure of published information, not of whether someone is fed",EH,derived
food_desmoines,Des Moines Area Food Bank,food,Thai,0,0,,False,none,0,,False,232,https://myfoodbank.org,2026-09-06,,"No translation mechanism and no translated documents found on the site | Food bank. Groceries can be collected without a shared language, so a web-only assessment understates this sector more than any other. Read the tier as a measure of published information, not of whether someone is fed",EH,derived
food_desmoines,Des Moines Area Food Bank,food,Tibetan,0,0,,False,none,0,,False,,https://myfoodbank.org,2026-09-06,,"No translation mechanism and no translated documents found on the site | Food bank. Groceries can be collected without a shared language, so a web-only assessment understates this sector more than any other. Read the tier as a measure of published information, not of whether someone is fed",EH,derived
food_desmoines,Des Moines Area Food Bank,food,Tigrinya,0,0,,False,none,0,,False,1144,https://myfoodbank.org,2026-09-06,,"No translation mechanism and no translated documents found on the site | Food bank. Groceries can be collected without a shared language, so a web-only assessment understates this sector more than any other. Read the tier as a measure of published information, not of whether someone is fed",EH,derived
food_desmoines,Des Moines Area Food Bank,food,Tongan,0,0,,False,none,0,,False,,https://myfoodbank.org,2026-09-06,,"No translation mechanism and no translated documents found on the site | Food bank. Groceries can be collected without a shared language, so a web-only assessment understates this sector more than any other. Read the tier as a measure of published information, not of whether someone is fed",EH,derived
food_desmoines,Des Moines Area Food Bank,food,Turkish,0,0,,False,none,0,,False,,https://myfoodbank.org,2026-09-06,,"No translation mechanism and no translated documents found on the site | Food bank. Groceries can be collected without a shared language, so a web-only assessment understates this sector more than any other. Read the tier as a measure of published information, not of whether someone is fed",EH,derived
food_desmoines,Des Moines Area Food Bank,food,Twi,0,0,,False,none,0,,False,,https://myfoodbank.org,2026-09-06,,"No translation mechanism and no translated documents found on the site | Food bank. Groceries can be collected without a shared language, so a web-only assessment understates this sector more than any other. Read the tier as a measure of published information, not of whether someone is fed",EH,derived
food_desmoines,Des Moines Area Food Bank,food,Ukrainian,0,0,,False,none,0,,False,5881,https://myfoodbank.org,2026-09-06,,"No translation mechanism and no translated documents found on the site | Food bank. Groceries can be collected without a shared language, so a web-only assessment understates this sector more than any other. Read the tier as a measure of published information, not of whether someone is fed",EH,derived
food_desmoines,Des Moines Area Food Bank,food,Urdu,0,0,,False,none,0,,False,,https://myfoodbank.org,2026-09-06,,"No translation mechanism and no translated documents found on the site | Food bank. Groceries can be collected without a shared language, so a web-only assessment understates this sector more than any other. Read the tier as a measure of published information, not of whether someone is fed",EH,derived
food_desmoines,Des Moines Area Food Bank,food,Uzbek,0,0,,False,none,0,,False,,https://myfoodbank.org,2026-09-06,,"No translation mechanism and no translated documents found on the site | Food bank. Groceries can be collected without a shared language, so a web-only assessment understates this sector more than any other. Read the tier as a measure of published information, not of whether someone is fed",EH,derived
food_desmoines,Des Moines Area Food Bank,food,Vietnamese,0,0,,False,none,0,,False,9202,https://myfoodbank.org,2026-09-06,,"No translation mechanism and no translated documents found on the site | Food bank. Groceries can be collected without a shared language, so a web-only assessment understates this sector more than any other. Read the tier as a measure of published information, not of whether someone is fed",EH,derived
food_desmoines,Des Moines Area Food Bank,food,Wolof,0,0,,False,none,0,,False,,https://myfoodbank.org,2026-09-06,,"No translation mechanism and no translated documents found on the site | Food bank. Groceries can be collected without a shared language, so a web-only assessment understates this sector more than any other. Read the tier as a measure of published information, not of whether someone is fed",EH,derived
food_desmoines,Des Moines Area Food Bank,food,Yap,0,0,,False,none,0,,False,,https://myfoodbank.org,2026-09-06,,"No translation mechanism and no translated documents found on the site | Food bank. Groceries can be collected without a shared language, so a web-only assessment understates this sector more than any other. Read the tier as a measure of published information, not of whether someone is fed",EH,derived
food_desmoines,Des Moines Area Food Bank,food,Yoruba,0,0,,False,none,0,,False,,https://myfoodbank.org,2026-09-06,,"No translation mechanism and no translated documents found on the site | Food bank. Groceries can be collected without a shared language, so a web-only assessment understates this sector more than any other. Read the tier as a measure of published information, not of whether someone is fed",EH,derived
food_msc,Multi-Service Center (Federal Way),food,Acholi,0,0,,False,none,0,,False,,https://mschelps.org,2026-09-06,,"No translation mechanism and no translated documents found on the site | Food bank. Groceries can be collected without a shared language, so a web-only assessment understates this sector more than any other. Read the tier as a measure of published information, not of whether someone is fed",EH,derived
food_msc,Multi-Service Center (Federal Way),food,Aguacateco,0,0,,False,none,0,,False,,https://mschelps.org,2026-09-06,,"No translation mechanism and no translated documents found on the site | Food bank. Groceries can be collected without a shared language, so a web-only assessment understates this sector more than any other. Read the tier as a measure of published information, not of whether someone is fed",EH,derived
food_msc,Multi-Service Center (Federal Way),food,Akateko,0,0,,False,none,0,,False,,https://mschelps.org,2026-09-06,,"No translation mechanism and no translated documents found on the site | Food bank. Groceries can be collected without a shared language, so a web-only assessment understates this sector more than any other. Read the tier as a measure of published information, not of whether someone is fed",EH,derived
food_msc,Multi-Service Center (Federal Way),food,Albanian,0,0,,False,none,0,,False,,https://mschelps.org,2026-09-06,,"No translation mechanism and no translated documents found on the site | Food bank. Groceries can be collected without a shared language, so a web-only assessment understates this sector more than any other. Read the tier as a measure of published information, not of whether someone is fed",EH,derived
food_msc,Multi-Service Center (Federal Way),food,American Sign Language,0,0,,False,none,0,,False,298,https://mschelps.org,2026-09-06,,"No translation mechanism and no translated documents found on the site | Food bank. Groceries can be collected without a shared language, so a web-only assessment understates this sector more than any other. Read the tier as a measure of published information, not of whether someone is fed",EH,derived
food_msc,Multi-Service Center (Federal Way),food,Amharic,0,0,,False,none,0,,False,1615,https://mschelps.org,2026-09-06,,"No translation mechanism and no translated documents found on the site | Food bank. Groceries can be collected without a shared language, so a web-only assessment understates this sector more than any other. Read the tier as a measure of published information, not of whether someone is fed",EH,derived
food_msc,Multi-Service Center (Federal Way),food,Arabic,0,0,,False,none,0,,False,2447,https://mschelps.org,2026-09-06,,"No translation mechanism and no translated documents found on the site | Food bank. Groceries can be collected without a shared language, so a web-only assessment understates this sector more than any other. Read the tier as a measure of published information, not of whether someone is fed",EH,derived
food_msc,Multi-Service Center (Federal Way),food,Armenian,0,0,,False,none,0,,False,,https://mschelps.org,2026-09-06,,"No translation mechanism and no translated documents found on the site | Food bank. Groceries can be collected without a shared language, so a web-only assessment understates this sector more than any other. Read the tier as a measure of published information, not of whether someone is fed",EH,derived
food_msc,Multi-Service Center (Federal Way),food,Ayula-Bambara,0,0,,False,none,0,,False,,https://mschelps.org,2026-09-06,,"No translation mechanism and no translated documents found on the site | Food bank. Groceries can be collected without a shared language, so a web-only assessment understates this sector more than any other. Read the tier as a measure of published information, not of whether someone is fed",EH,derived
food_msc,Multi-Service Center (Federal Way),food,Azerbaijani,0,0,,False,none,0,,False,,https://mschelps.org,2026-09-06,,"No translation mechanism and no translated documents found on the site | Food bank. Groceries can be collected without a shared language, so a web-only assessment understates this sector more than any other. Read the tier as a measure of published information, not of whether someone is fed",EH,derived
food_msc,Multi-Service Center (Federal Way),food,Bambara,0,0,,False,none,0,,False,,https://mschelps.org,2026-09-06,,"No translation mechanism and no translated documents found on the site | Food bank. Groceries can be collected without a shared language, so a web-only assessment understates this sector more than any other. Read the tier as a measure of published information, not of whether someone is fed",EH,derived
food_msc,Multi-Service Center (Federal Way),food,Bangala,0,0,,False,none,0,,False,,https://mschelps.org,2026-09-06,,"No translation mechanism and no translated documents found on the site | Food bank. Groceries can be collected without a shared language, so a web-only assessment understates this sector more than any other. Read the tier as a measure of published information, not of whether someone is fed",EH,derived
food_msc,Multi-Service Center (Federal Way),food,Bassa,0,0,,False,none,0,,False,,https://mschelps.org,2026-09-06,,"No translation mechanism and no translated documents found on the site | Food bank. Groceries can be collected without a shared language, so a web-only assessment understates this sector more than any other. Read the tier as a measure of published information, not of whether someone is fed",EH,derived
food_msc,Multi-Service Center (Federal Way),food,Bengali,0,0,,False,none,0,,False,,https://mschelps.org,2026-09-06,,"No translation mechanism and no translated documents found on the site | Food bank. Groceries can be collected without a shared language, so a web-only assessment understates this sector more than any other. Read the tier as a measure of published information, not of whether someone is fed",EH,derived
food_msc,Multi-Service Center (Federal Way),food,Bosnian,0,0,,False,none,0,,False,,https://mschelps.org,2026-09-06,,"No translation mechanism and no translated documents found on the site | Food bank. Groceries can be collected without a shared language, so a web-only assessment understates this sector more than any other. Read the tier as a measure of published information, not of whether someone is fed",EH,derived
food_msc,Multi-Service Center (Federal Way),food,Bulgarian,0,0,,False,none,0,,False,,https://mschelps.org,2026-09-06,,"No translation mechanism and no translated documents found on the site | Food bank. Groceries can be collected without a shared language, so a web-only assessment understates this sector more than any other. Read the tier as a measure of published information, not of whether someone is fed",EH,derived
food_msc,Multi-Service Center (Federal Way),food,Burmese,0,0,,False,none,0,,False,349,https://mschelps.org,2026-09-06,,"No translation mechanism and no translated documents found on the site | Food bank. Groceries can be collected without a shared language, so a web-only assessment understates this sector more than any other. Read the tier as a measure of published information, not of whether someone is fed",EH,derived
food_msc,Multi-Service Center (Federal Way),food,Carolinian,0,0,,False,none,0,,False,,https://mschelps.org,2026-09-06,,"No translation mechanism and no translated documents found on the site | Food bank. Groceries can be collected without a shared language, so a web-only assessment understates this sector more than any other. Read the tier as a measure of published information, not of whether someone is fed",EH,derived
food_msc,Multi-Service Center (Federal Way),food,Catalan,0,0,,False,none,0,,False,,https://mschelps.org,2026-09-06,,"No translation mechanism and no translated documents found on the site | Food bank. Groceries can be collected without a shared language, so a web-only assessment understates this sector more than any other. Read the tier as a measure of published information, not of whether someone is fed",EH,derived
food_msc,Multi-Service Center (Federal Way),food,Cebuano,0,0,,False,none,0,,False,,https://mschelps.org,2026-09-06,,"No translation mechanism and no translated documents found on the site | Food bank. Groceries can be collected without a shared language, so a web-only assessment understates this sector more than any other. Read the tier as a measure of published information, not of whether someone is fed",EH,derived
food_msc,Multi-Service Center (Federal Way),food,Cham,0,0,,False,none,0,,False,,https://mschelps.org,2026-09-06,,"No translation mechanism and no translated documents found on the site | Food bank. Groceries can be collected without a shared language, so a web-only assessment understates this sector more than any other. Read the tier as a measure of published information, not of whether someone is fed",EH,derived
food_msc,Multi-Service Center (Federal Way),food,Chamorro,0,0,,False,none,0,,False,,https://mschelps.org,2026-09-06,,"No translation mechanism and no translated documents found on the site | Food bank. Groceries can be collected without a shared language, so a web-only assessment understates this sector more than any other. Read the tier as a measure of published information, not of whether someone is fed",EH,derived
food_msc,Multi-Service Center (Federal Way),food,Chin,0,0,,False,none,0,,False,,https://mschelps.org,2026-09-06,,"No translation mechanism and no translated documents found on the site | Food bank. Groceries can be collected without a shared language, so a web-only assessment understates this sector more than any other. Read the tier as a measure of published information, not of whether someone is fed",EH,derived
food_msc,Multi-Service Center (Federal Way),food,Chinese-Cantonese,0,0,,False,none,0,,False,,https://mschelps.org,2026-09-06,,"No translation mechanism and no translated documents found on the site | Food bank. Groceries can be collected without a shared language, so a web-only assessment understates this sector more than any other. Read the tier as a measure of published information, not of whether someone is fed",EH,derived
food_msc,Multi-Service Center (Federal Way),food,Chinese-Fukienese,0,0,,False,none,0,,False,,https://mschelps.org,2026-09-06,,"No translation mechanism and no translated documents found on the site | Food bank. Groceries can be collected without a shared language, so a web-only assessment understates this sector more than any other. Read the tier as a measure of published information, not of whether someone is fed",EH,derived
food_msc,Multi-Service Center (Federal Way),food,Chinese-Mandarin,0,0,,False,none,0,,False,,https://mschelps.org,2026-09-06,,"No translation mechanism and no translated documents found on the site | Food bank. Groceries can be collected without a shared language, so a web-only assessment understates this sector more than any other. Read the tier as a measure of published information, not of whether someone is fed",EH,derived
food_msc,Multi-Service Center (Federal Way),food,Chinese-Taiwanese,0,0,,False,none,0,,False,,https://mschelps.org,2026-09-06,,"No translation mechanism and no translated documents found on the site | Food bank. Groceries can be collected without a shared language, so a web-only assessment understates this sector more than any other. Read the tier as a measure of published information, not of whether someone is fed",EH,derived
food_msc,Multi-Service Center (Federal Way),food,Chuukese,0,0,,False,none,0,,False,677,https://mschelps.org,2026-09-06,,"No translation mechanism and no translated documents found on the site | Food bank. Groceries can be collected without a shared language, so a web-only assessment understates this sector more than any other. Read the tier as a measure of published information, not of whether someone is fed",EH,derived
food_msc,Multi-Service Center (Federal Way),food,Dari,0,0,,False,none,0,,False,2702,https://mschelps.org,2026-09-06,,"No translation mechanism and no translated documents found on the site | Food bank. Groceries can be collected without a shared language, so a web-only assessment understates this sector more than any other. Read the tier as a measure of published information, not of whether someone is fed",EH,derived
food_msc,Multi-Service Center (Federal Way),food,Dinka,0,0,,False,none,0,,False,,https://mschelps.org,2026-09-06,,"No translation mechanism and no translated documents found on the site | Food bank. Groceries can be collected without a shared language, so a web-only assessment understates this sector more than any other. Read the tier as a measure of published information, not of whether someone is fed",EH,derived
food_msc,Multi-Service Center (Federal Way),food,Dutch,0,0,,False,none,0,,False,,https://mschelps.org,2026-09-06,,"No translation mechanism and no translated documents found on the site | Food bank. Groceries can be collected without a shared language, so a web-only assessment understates this sector more than any other. Read the tier as a measure of published information, not of whether someone is fed",EH,derived
food_msc,Multi-Service Center (Federal Way),food,Egyptian-Arabic,0,0,,False,none,0,,False,,https://mschelps.org,2026-09-06,,"No translation mechanism and no translated documents found on the site | Food bank. Groceries can be collected without a shared language, so a web-only assessment understates this sector more than any other. Read the tier as a measure of published information, not of whether someone is fed",EH,derived
food_msc,Multi-Service Center (Federal Way),food,Eritai,0,0,,False,none,0,,False,,https://mschelps.org,2026-09-06,,"No translation mechanism and no translated documents found on the site | Food bank. Groceries can be collected without a shared language, so a web-only assessment understates this sector more than any other. Read the tier as a measure of published information, not of whether someone is fed",EH,derived
food_msc,Multi-Service Center (Federal Way),food,Estonian,0,0,,False,none,0,,False,,https://mschelps.org,2026-09-06,,"No translation mechanism and no translated documents found on the site | Food bank. Groceries can be collected without a shared language, so a web-only assessment understates this sector more than any other. Read the tier as a measure of published information, not of whether someone is fed",EH,derived
food_msc,Multi-Service Center (Federal Way),food,Ewe,0,0,,False,none,0,,False,,https://mschelps.org,2026-09-06,,"No translation mechanism and no translated documents found on the site | Food bank. Groceries can be collected without a shared language, so a web-only assessment understates this sector more than any other. Read the tier as a measure of published information, not of whether someone is fed",EH,derived
food_msc,Multi-Service Center (Federal Way),food,Fallani,0,0,,False,none,0,,False,,https://mschelps.org,2026-09-06,,"No translation mechanism and no translated documents found on the site | Food bank. Groceries can be collected without a shared language, so a web-only assessment understates this sector more than any other. Read the tier as a measure of published information, not of whether someone is fed",EH,derived
food_msc,Multi-Service Center (Federal Way),food,Farsi,0,0,,False,none,0,,False,990,https://mschelps.org,2026-09-06,,"No translation mechanism and no translated documents found on the site | Food bank. Groceries can be collected without a shared language, so a web-only assessment understates this sector more than any other. Read the tier as a measure of published information, not of whether someone is fed",EH,derived
food_msc,Multi-Service Center (Federal Way),food,French,0,0,,False,none,0,,False,994,https://mschelps.org,2026-09-06,,"No translation mechanism and no translated documents found on the site | Food bank. Groceries can be collected without a shared language, so a web-only assessment understates this sector more than any other. Read the tier as a measure of published information, not of whether someone is fed",EH,derived
food_msc,Multi-Service Center (Federal Way),food,Fula,0,0,,False,none,0,,False,,https://mschelps.org,2026-09-06,,"No translation mechanism and no translated documents found on the site | Food bank. Groceries can be collected without a shared language, so a web-only assessment understates this sector more than any other. Read the tier as a measure of published information, not of whether someone is fed",EH,derived
food_msc,Multi-Service Center (Federal Way),food,Ga,0,0,,False,none,0,,False,,https://mschelps.org,2026-09-06,,"No translation mechanism and no translated documents found on the site | Food bank. Groceries can be collected without a shared language, so a web-only assessment understates this sector more than any other. Read the tier as a measure of published information, not of whether someone is fed",EH,derived
food_msc,Multi-Service Center (Federal Way),food,German,0,0,,False,none,0,,False,,https://mschelps.org,2026-09-06,,"No translation mechanism and no translated documents found on the site | Food bank. Groceries can be collected without a shared language, so a web-only assessment understates this sector more than any other. Read the tier as a measure of published information, not of whether someone is fed",EH,derived
food_msc,Multi-Service Center (Federal Way),food,"Greek, Modern",0,0,,False,none,0,,False,,https://mschelps.org,2026-09-06,,"No translation mechanism and no translated documents found on the site | Food bank. Groceries can be collected without a shared language, so a web-only assessment understates this sector more than any other. Read the tier as a measure of published information, not of whether someone is fed",EH,derived
food_msc,Multi-Service Center (Federal Way),food,Gujarati,0,0,,False,none,0,,False,,https://mschelps.org,2026-09-06,,"No translation mechanism and no translated documents found on the site | Food bank. Groceries can be collected without a shared language, so a web-only assessment understates this sector more than any other. Read the tier as a measure of published information, not of whether someone is fed",EH,derived
food_msc,Multi-Service Center (Federal Way),food,Haitian Creole,0,0,,False,none,0,,False,317,https://mschelps.org,2026-09-06,,"No translation mechanism and no translated documents found on the site | Food bank. Groceries can be collected without a shared language, so a web-only assessment understates this sector more than any other. Read the tier as a measure of published information, not of whether someone is fed",EH,derived
food_msc,Multi-Service Center (Federal Way),food,Hausa,0,0,,False,none,0,,False,,https://mschelps.org,2026-09-06,,"No translation mechanism and no translated documents found on the site | Food bank. Groceries can be collected without a shared language, so a web-only assessment understates this sector more than any other. Read the tier as a measure of published information, not of whether someone is fed",EH,derived
food_msc,Multi-Service Center (Federal Way),food,Hawaiian,0,0,,False,none,0,,False,,https://mschelps.org,2026-09-06,,"No translation mechanism and no translated documents found on the site | Food bank. Groceries can be collected without a shared language, so a web-only assessment understates this sector more than any other. Read the tier as a measure of published information, not of whether someone is fed",EH,derived
food_msc,Multi-Service Center (Federal Way),food,Herero,0,0,,False,none,0,,False,,https://mschelps.org,2026-09-06,,"No translation mechanism and no translated documents found on the site | Food bank. Groceries can be collected without a shared language, so a web-only assessment understates this sector more than any other. Read the tier as a measure of published information, not of whether someone is fed",EH,derived
food_msc,Multi-Service Center (Federal Way),food,Hindi,0,0,,False,none,0,,False,212,https://mschelps.org,2026-09-06,,"No translation mechanism and no translated documents found on the site | Food bank. Groceries can be collected without a shared language, so a web-only assessment understates this sector more than any other. Read the tier as a measure of published information, not of whether someone is fed",EH,derived
food_msc,Multi-Service Center (Federal Way),food,Hmong,0,0,,False,none,0,,False,,https://mschelps.org,2026-09-06,,"No translation mechanism and no translated documents found on the site | Food bank. Groceries can be collected without a shared language, so a web-only assessment understates this sector more than any other. Read the tier as a measure of published information, not of whether someone is fed",EH,derived
food_msc,Multi-Service Center (Federal Way),food,Hungarian,0,0,,False,none,0,,False,,https://mschelps.org,2026-09-06,,"No translation mechanism and no translated documents found on the site | Food bank. Groceries can be collected without a shared language, so a web-only assessment understates this sector more than any other. Read the tier as a measure of published information, not of whether someone is fed",EH,derived
food_msc,Multi-Service Center (Federal Way),food,Igbo,0,0,,False,none,0,,False,,https://mschelps.org,2026-09-06,,"No translation mechanism and no translated documents found on the site | Food bank. Groceries can be collected without a shared language, so a web-only assessment understates this sector more than any other. Read the tier as a measure of published information, not of whether someone is fed",EH,derived
food_msc,Multi-Service Center (Federal Way),food,Ilokano,0,0,,False,none,0,,False,,https://mschelps.org,2026-09-06,,"No translation mechanism and no translated documents found on the site | Food bank. Groceries can be collected without a shared language, so a web-only assessment understates this sector more than any other. Read the tier as a measure of published information, not of whether someone is fed",EH,derived
food_msc,Multi-Service Center (Federal Way),food,Indonesian,0,0,,False,none,0,,False,,https://mschelps.org,2026-09-06,,"No translation mechanism and no translated documents found on the site | Food bank. Groceries can be collected without a shared language, so a web-only assessment understates this sector more than any other. Read the tier as a measure of published information, not of whether someone is fed",EH,derived
food_msc,Multi-Service Center (Federal Way),food,Italian,0,0,,False,none,0,,False,,https://mschelps.org,2026-09-06,,"No translation mechanism and no translated documents found on the site | Food bank. Groceries can be collected without a shared language, so a web-only assessment understates this sector more than any other. Read the tier as a measure of published information, not of whether someone is fed",EH,derived
food_msc,Multi-Service Center (Federal Way),food,Japanese,0,0,,False,none,0,,False,,https://mschelps.org,2026-09-06,,"No translation mechanism and no translated documents found on the site | Food bank. Groceries can be collected without a shared language, so a web-only assessment understates this sector more than any other. Read the tier as a measure of published information, not of whether someone is fed",EH,derived
food_msc,Multi-Service Center (Federal Way),food,Kakwa,0,0,,False,none,0,,False,,https://mschelps.org,2026-09-06,,"No translation mechanism and no translated documents found on the site | Food bank. Groceries can be collected without a shared language, so a web-only assessment understates this sector more than any other. Read the tier as a measure of published information, not of whether someone is fed",EH,derived
food_msc,Multi-Service Center (Federal Way),food,Kannada,0,0,,False,none,0,,False,,https://mschelps.org,2026-09-06,,"No translation mechanism and no translated documents found on the site | Food bank. Groceries can be collected without a shared language, so a web-only assessment understates this sector more than any other. Read the tier as a measure of published information, not of whether someone is fed",EH,derived
food_msc,Multi-Service Center (Federal Way),food,Karen,0,0,,False,none,0,,False,,https://mschelps.org,2026-09-06,,"No translation mechanism and no translated documents found on the site | Food bank. Groceries can be collected without a shared language, so a web-only assessment understates this sector more than any other. Read the tier as a measure of published information, not of whether someone is fed",EH,derived
food_msc,Multi-Service Center (Federal Way),food,Karenni,0,0,,False,none,0,,False,,https://mschelps.org,2026-09-06,,"No translation mechanism and no translated documents found on the site | Food bank. Groceries can be collected without a shared language, so a web-only assessment understates this sector more than any other. Read the tier as a measure of published information, not of whether someone is fed",EH,derived
food_msc,Multi-Service Center (Federal Way),food,Kazakh,0,0,,False,none,0,,False,,https://mschelps.org,2026-09-06,,"No translation mechanism and no translated documents found on the site | Food bank. Groceries can be collected without a shared language, so a web-only assessment understates this sector more than any other. Read the tier as a measure of published information, not of whether someone is fed",EH,derived
food_msc,Multi-Service Center (Federal Way),food,Khmer,0,0,,False,none,0,,False,1645,https://mschelps.org,2026-09-06,,"No translation mechanism and no translated documents found on the site | Food bank. Groceries can be collected without a shared language, so a web-only assessment understates this sector more than any other. Read the tier as a measure of published information, not of whether someone is fed",EH,derived
food_msc,Multi-Service Center (Federal Way),food,Kikuyu,0,0,,False,none,0,,False,,https://mschelps.org,2026-09-06,,"No translation mechanism and no translated documents found on the site | Food bank. Groceries can be collected without a shared language, so a web-only assessment understates this sector more than any other. Read the tier as a measure of published information, not of whether someone is fed",EH,derived
food_msc,Multi-Service Center (Federal Way),food,Kinyarwanda,0,0,,False,none,0,,False,,https://mschelps.org,2026-09-06,,"No translation mechanism and no translated documents found on the site | Food bank. Groceries can be collected without a shared language, so a web-only assessment understates this sector more than any other. Read the tier as a measure of published information, not of whether someone is fed",EH,derived
food_msc,Multi-Service Center (Federal Way),food,Kirgiz,0,0,,False,none,0,,False,,https://mschelps.org,2026-09-06,,"No translation mechanism and no translated documents found on the site | Food bank. Groceries can be collected without a shared language, so a web-only assessment understates this sector more than any other. Read the tier as a measure of published information, not of whether someone is fed",EH,derived
food_msc,Multi-Service Center (Federal Way),food,Kirundi,0,0,,False,none,0,,False,,https://mschelps.org,2026-09-06,,"No translation mechanism and no translated documents found on the site | Food bank. Groceries can be collected without a shared language, so a web-only assessment understates this sector more than any other. Read the tier as a measure of published information, not of whether someone is fed",EH,derived
food_msc,Multi-Service Center (Federal Way),food,Kmhmu,0,0,,False,none,0,,False,,https://mschelps.org,2026-09-06,,"No translation mechanism and no translated documents found on the site | Food bank. Groceries can be collected without a shared language, so a web-only assessment understates this sector more than any other. Read the tier as a measure of published information, not of whether someone is fed",EH,derived
food_msc,Multi-Service Center (Federal Way),food,Kongo,0,0,,False,none,0,,False,,https://mschelps.org,2026-09-06,,"No translation mechanism and no translated documents found on the site | Food bank. Groceries can be collected without a shared language, so a web-only assessment understates this sector more than any other. Read the tier as a measure of published information, not of whether someone is fed",EH,derived
food_msc,Multi-Service Center (Federal Way),food,Korean,0,0,,False,none,0,,False,3625,https://mschelps.org,2026-09-06,,"No translation mechanism and no translated documents found on the site | Food bank. Groceries can be collected without a shared language, so a web-only assessment understates this sector more than any other. Read the tier as a measure of published information, not of whether someone is fed",EH,derived
food_msc,Multi-Service Center (Federal Way),food,Kosraean,0,0,,False,none,0,,False,,https://mschelps.org,2026-09-06,,"No translation mechanism and no translated documents found on the site | Food bank. Groceries can be collected without a shared language, so a web-only assessment understates this sector more than any other. Read the tier as a measure of published information, not of whether someone is fed",EH,derived
food_msc,Multi-Service Center (Federal Way),food,Krahn,0,0,,False,none,0,,False,,https://mschelps.org,2026-09-06,,"No translation mechanism and no translated documents found on the site | Food bank. Groceries can be collected without a shared language, so a web-only assessment understates this sector more than any other. Read the tier as a measure of published information, not of whether someone is fed",EH,derived
food_msc,Multi-Service Center (Federal Way),food,Krio,0,0,,False,none,0,,False,,https://mschelps.org,2026-09-06,,"No translation mechanism and no translated documents found on the site | Food bank. Groceries can be collected without a shared language, so a web-only assessment understates this sector more than any other. Read the tier as a measure of published information, not of whether someone is fed",EH,derived
food_msc,Multi-Service Center (Federal Way),food,Kru,0,0,,False,none,0,,False,,https://mschelps.org,2026-09-06,,"No translation mechanism and no translated documents found on the site | Food bank. Groceries can be collected without a shared language, so a web-only assessment understates this sector more than any other. Read the tier as a measure of published information, not of whether someone is fed",EH,derived
food_msc,Multi-Service Center (Federal Way),food,Kurdish,0,0,,False,none,0,,False,,https://mschelps.org,2026-09-06,,"No translation mechanism and no translated documents found on the site | Food bank. Groceries can be collected without a shared language, so a web-only assessment understates this sector more than any other. Read the tier as a measure of published information, not of whether someone is fed",EH,derived
food_msc,Multi-Service Center (Federal Way),food,Lao,0,0,,False,none,0,,False,399,https://mschelps.org,2026-09-06,,"No translation mechanism and no translated documents found on the site | Food bank. Groceries can be collected without a shared language, so a web-only assessment understates this sector more than any other. Read the tier as a measure of published information, not of whether someone is fed",EH,derived
food_msc,Multi-Service Center (Federal Way),food,Latvian,0,0,,False,none,0,,False,,https://mschelps.org,2026-09-06,,"No translation mechanism and no translated documents found on the site | Food bank. Groceries can be collected without a shared language, so a web-only assessment understates this sector more than any other. Read the tier as a measure of published information, not of whether someone is fed",EH,derived
food_msc,Multi-Service Center (Federal Way),food,Lingala,0,0,,False,none,0,,False,,https://mschelps.org,2026-09-06,,"No translation mechanism and no translated documents found on the site | Food bank. Groceries can be collected without a shared language, so a web-only assessment understates this sector more than any other. Read the tier as a measure of published information, not of whether someone is fed",EH,derived
food_msc,Multi-Service Center (Federal Way),food,Luganda,0,0,,False,none,0,,False,,https://mschelps.org,2026-09-06,,"No translation mechanism and no translated documents found on the site | Food bank. Groceries can be collected without a shared language, so a web-only assessment understates this sector more than any other. Read the tier as a measure of published information, not of whether someone is fed",EH,derived
food_msc,Multi-Service Center (Federal Way),food,Maay Maay,0,0,,False,none,0,,False,,https://mschelps.org,2026-09-06,,"No translation mechanism and no translated documents found on the site | Food bank. Groceries can be collected without a shared language, so a web-only assessment understates this sector more than any other. Read the tier as a measure of published information, not of whether someone is fed",EH,derived
food_msc,Multi-Service Center (Federal Way),food,Malay,0,0,,False,none,0,,False,,https://mschelps.org,2026-09-06,,"No translation mechanism and no translated documents found on the site | Food bank. Groceries can be collected without a shared language, so a web-only assessment understates this sector more than any other. Read the tier as a measure of published information, not of whether someone is fed",EH,derived
food_msc,Multi-Service Center (Federal Way),food,Malayalam,0,0,,False,none,0,,False,,https://mschelps.org,2026-09-06,,"No translation mechanism and no translated documents found on the site | Food bank. Groceries can be collected without a shared language, so a web-only assessment understates this sector more than any other. Read the tier as a measure of published information, not of whether someone is fed",EH,derived
food_msc,Multi-Service Center (Federal Way),food,Mam,0,0,,False,none,0,,False,,https://mschelps.org,2026-09-06,,"No translation mechanism and no translated documents found on the site | Food bank. Groceries can be collected without a shared language, so a web-only assessment understates this sector more than any other. Read the tier as a measure of published information, not of whether someone is fed",EH,derived
food_msc,Multi-Service Center (Federal Way),food,Mandingo,0,0,,False,none,0,,False,,https://mschelps.org,2026-09-06,,"No translation mechanism and no translated documents found on the site | Food bank. Groceries can be collected without a shared language, so a web-only assessment understates this sector more than any other. Read the tier as a measure of published information, not of whether someone is fed",EH,derived
food_msc,Multi-Service Center (Federal Way),food,Mandinka,0,0,,False,none,0,,False,,https://mschelps.org,2026-09-06,,"No translation mechanism and no translated documents found on the site | Food bank. Groceries can be collected without a shared language, so a web-only assessment understates this sector more than any other. Read the tier as a measure of published information, not of whether someone is fed",EH,derived
food_msc,Multi-Service Center (Federal Way),food,Marathi,0,0,,False,none,0,,False,,https://mschelps.org,2026-09-06,,"No translation mechanism and no translated documents found on the site | Food bank. Groceries can be collected without a shared language, so a web-only assessment understates this sector more than any other. Read the tier as a measure of published information, not of whether someone is fed",EH,derived
food_msc,Multi-Service Center (Federal Way),food,Marquesan,0,0,,False,none,0,,False,,https://mschelps.org,2026-09-06,,"No translation mechanism and no translated documents found on the site | Food bank. Groceries can be collected without a shared language, so a web-only assessment understates this sector more than any other. Read the tier as a measure of published information, not of whether someone is fed",EH,derived
food_msc,Multi-Service Center (Federal Way),food,Marshallese,0,0,,False,none,0,,False,,https://mschelps.org,2026-09-06,,"No translation mechanism and no translated documents found on the site | Food bank. Groceries can be collected without a shared language, so a web-only assessment understates this sector more than any other. Read the tier as a measure of published information, not of whether someone is fed",EH,derived
food_msc,Multi-Service Center (Federal Way),food,Maya-Quiche,0,0,,False,none,0,,False,,https://mschelps.org,2026-09-06,,"No translation mechanism and no translated documents found on the site | Food bank. Groceries can be collected without a shared language, so a web-only assessment understates this sector more than any other. Read the tier as a measure of published information, not of whether someone is fed",EH,derived
food_msc,Multi-Service Center (Federal Way),food,Mien,0,0,,False,none,0,,False,,https://mschelps.org,2026-09-06,,"No translation mechanism and no translated documents found on the site | Food bank. Groceries can be collected without a shared language, so a web-only assessment understates this sector more than any other. Read the tier as a measure of published information, not of whether someone is fed",EH,derived
food_msc,Multi-Service Center (Federal Way),food,Mixteco,0,0,,False,none,0,,False,,https://mschelps.org,2026-09-06,,"No translation mechanism and no translated documents found on the site | Food bank. Groceries can be collected without a shared language, so a web-only assessment understates this sector more than any other. Read the tier as a measure of published information, not of whether someone is fed",EH,derived
food_msc,Multi-Service Center (Federal Way),food,Moldavian,0,0,,False,none,0,,False,,https://mschelps.org,2026-09-06,,"No translation mechanism and no translated documents found on the site | Food bank. Groceries can be collected without a shared language, so a web-only assessment understates this sector more than any other. Read the tier as a measure of published information, not of whether someone is fed",EH,derived
food_msc,Multi-Service Center (Federal Way),food,Mongolian,0,0,,False,none,0,,False,,https://mschelps.org,2026-09-06,,"No translation mechanism and no translated documents found on the site | Food bank. Groceries can be collected without a shared language, so a web-only assessment understates this sector more than any other. Read the tier as a measure of published information, not of whether someone is fed",EH,derived
food_msc,Multi-Service Center (Federal Way),food,Moore,0,0,,False,none,0,,False,,https://mschelps.org,2026-09-06,,"No translation mechanism and no translated documents found on the site | Food bank. Groceries can be collected without a shared language, so a web-only assessment understates this sector more than any other. Read the tier as a measure of published information, not of whether someone is fed",EH,derived
food_msc,Multi-Service Center (Federal Way),food,"Nahuatl, Guerrero region",0,0,,False,none,0,,False,,https://mschelps.org,2026-09-06,,"No translation mechanism and no translated documents found on the site | Food bank. Groceries can be collected without a shared language, so a web-only assessment understates this sector more than any other. Read the tier as a measure of published information, not of whether someone is fed",EH,derived
food_msc,Multi-Service Center (Federal Way),food,Nepali,0,0,,False,none,0,,False,,https://mschelps.org,2026-09-06,,"No translation mechanism and no translated documents found on the site | Food bank. Groceries can be collected without a shared language, so a web-only assessment understates this sector more than any other. Read the tier as a measure of published information, not of whether someone is fed",EH,derived
food_msc,Multi-Service Center (Federal Way),food,Nuer,0,0,,False,none,0,,False,,https://mschelps.org,2026-09-06,,"No translation mechanism and no translated documents found on the site | Food bank. Groceries can be collected without a shared language, so a web-only assessment understates this sector more than any other. Read the tier as a measure of published information, not of whether someone is fed",EH,derived
food_msc,Multi-Service Center (Federal Way),food,Oromo,0,0,,False,none,0,,False,252,https://mschelps.org,2026-09-06,,"No translation mechanism and no translated documents found on the site | Food bank. Groceries can be collected without a shared language, so a web-only assessment understates this sector more than any other. Read the tier as a measure of published information, not of whether someone is fed",EH,derived
food_msc,Multi-Service Center (Federal Way),food,Palau,0,0,,False,none,0,,False,,https://mschelps.org,2026-09-06,,"No translation mechanism and no translated documents found on the site | Food bank. Groceries can be collected without a shared language, so a web-only assessment understates this sector more than any other. Read the tier as a measure of published information, not of whether someone is fed",EH,derived
food_msc,Multi-Service Center (Federal Way),food,Pashai,0,0,,False,none,0,,False,,https://mschelps.org,2026-09-06,,"No translation mechanism and no translated documents found on the site | Food bank. Groceries can be collected without a shared language, so a web-only assessment understates this sector more than any other. Read the tier as a measure of published information, not of whether someone is fed",EH,derived
food_msc,Multi-Service Center (Federal Way),food,Pashto,0,0,,False,none,0,,False,680,https://mschelps.org,2026-09-06,,"No translation mechanism and no translated documents found on the site | Food bank. Groceries can be collected without a shared language, so a web-only assessment understates this sector more than any other. Read the tier as a measure of published information, not of whether someone is fed",EH,derived
food_msc,Multi-Service Center (Federal Way),food,Pere,0,0,,False,none,0,,False,,https://mschelps.org,2026-09-06,,"No translation mechanism and no translated documents found on the site | Food bank. Groceries can be collected without a shared language, so a web-only assessment understates this sector more than any other. Read the tier as a measure of published information, not of whether someone is fed",EH,derived
food_msc,Multi-Service Center (Federal Way),food,Polish,0,0,,False,none,0,,False,,https://mschelps.org,2026-09-06,,"No translation mechanism and no translated documents found on the site | Food bank. Groceries can be collected without a shared language, so a web-only assessment understates this sector more than any other. Read the tier as a measure of published information, not of whether someone is fed",EH,derived
food_msc,Multi-Service Center (Federal Way),food,Portuguese,0,0,,False,none,0,,False,1449,https://mschelps.org,2026-09-06,,"No translation mechanism and no translated documents found on the site | Food bank. Groceries can be collected without a shared language, so a web-only assessment understates this sector more than any other. Read the tier as a measure of published information, not of whether someone is fed",EH,derived
food_msc,Multi-Service Center (Federal Way),food,Punjabi,0,0,,False,none,0,,False,1632,https://mschelps.org,2026-09-06,,"No translation mechanism and no translated documents found on the site | Food bank. Groceries can be collected without a shared language, so a web-only assessment understates this sector more than any other. Read the tier as a measure of published information, not of whether someone is fed",EH,derived
food_msc,Multi-Service Center (Federal Way),food,Purepecha,0,0,,False,none,0,,False,,https://mschelps.org,2026-09-06,,"No translation mechanism and no translated documents found on the site | Food bank. Groceries can be collected without a shared language, so a web-only assessment understates this sector more than any other. Read the tier as a measure of published information, not of whether someone is fed",EH,derived
food_msc,Multi-Service Center (Federal Way),food,Rohingya,0,0,,False,none,0,,False,,https://mschelps.org,2026-09-06,,"No translation mechanism and no translated documents found on the site | Food bank. Groceries can be collected without a shared language, so a web-only assessment understates this sector more than any other. Read the tier as a measure of published information, not of whether someone is fed",EH,derived
food_msc,Multi-Service Center (Federal Way),food,Romanian,0,0,,False,none,0,,False,453,https://mschelps.org,2026-09-06,,"No translation mechanism and no translated documents found on the site | Food bank. Groceries can be collected without a shared language, so a web-only assessment understates this sector more than any other. Read the tier as a measure of published information, not of whether someone is fed",EH,derived
food_msc,Multi-Service Center (Federal Way),food,Russian,0,0,,False,none,0,,False,12029,https://mschelps.org,2026-09-06,,"No translation mechanism and no translated documents found on the site | Food bank. Groceries can be collected without a shared language, so a web-only assessment understates this sector more than any other. Read the tier as a measure of published information, not of whether someone is fed",EH,derived
food_msc,Multi-Service Center (Federal Way),food,Samoan,0,0,,False,none,0,,False,261,https://mschelps.org,2026-09-06,,"No translation mechanism and no translated documents found on the site | Food bank. Groceries can be collected without a shared language, so a web-only assessment understates this sector more than any other. Read the tier as a measure of published information, not of whether someone is fed",EH,derived
food_msc,Multi-Service Center (Federal Way),food,Sao,0,0,,False,none,0,,False,,https://mschelps.org,2026-09-06,,"No translation mechanism and no translated documents found on the site | Food bank. Groceries can be collected without a shared language, so a web-only assessment understates this sector more than any other. Read the tier as a measure of published information, not of whether someone is fed",EH,derived
food_msc,Multi-Service Center (Federal Way),food,Serbo-Croation,0,0,,False,none,0,,False,,https://mschelps.org,2026-09-06,,"No translation mechanism and no translated documents found on the site | Food bank. Groceries can be collected without a shared language, so a web-only assessment understates this sector more than any other. Read the tier as a measure of published information, not of whether someone is fed",EH,derived
food_msc,Multi-Service Center (Federal Way),food,Shona,0,0,,False,none,0,,False,,https://mschelps.org,2026-09-06,,"No translation mechanism and no translated documents found on the site | Food bank. Groceries can be collected without a shared language, so a web-only assessment understates this sector more than any other. Read the tier as a measure of published information, not of whether someone is fed",EH,derived
food_msc,Multi-Service Center (Federal Way),food,Sinhalese,0,0,,False,none,0,,False,,https://mschelps.org,2026-09-06,,"No translation mechanism and no translated documents found on the site | Food bank. Groceries can be collected without a shared language, so a web-only assessment understates this sector more than any other. Read the tier as a measure of published information, not of whether someone is fed",EH,derived
food_msc,Multi-Service Center (Federal Way),food,Slovenian,0,0,,False,none,0,,False,,https://mschelps.org,2026-09-06,,"No translation mechanism and no translated documents found on the site | Food bank. Groceries can be collected without a shared language, so a web-only assessment understates this sector more than any other. Read the tier as a measure of published information, not of whether someone is fed",EH,derived
food_msc,Multi-Service Center (Federal Way),food,Somali,0,0,,False,none,0,,False,1417,https://mschelps.org,2026-09-06,,"No translation mechanism and no translated documents found on the site | Food bank. Groceries can be collected without a shared language, so a web-only assessment understates this sector more than any other. Read the tier as a measure of published information, not of whether someone is fed",EH,derived
food_msc,Multi-Service Center (Federal Way),food,Soninke,0,0,,False,none,0,,False,,https://mschelps.org,2026-09-06,,"No translation mechanism and no translated documents found on the site | Food bank. Groceries can be collected without a shared language, so a web-only assessment understates this sector more than any other. Read the tier as a measure of published information, not of whether someone is fed",EH,derived
food_msc,Multi-Service Center (Federal Way),food,Sotho,0,0,,False,none,0,,False,,https://mschelps.org,2026-09-06,,"No translation mechanism and no translated documents found on the site | Food bank. Groceries can be collected without a shared language, so a web-only assessment understates this sector more than any other. Read the tier as a measure of published information, not of whether someone is fed",EH,derived
food_msc,Multi-Service Center (Federal Way),food,Spanish,0,0,,False,none,0,,False,105998,https://mschelps.org,2026-09-06,,"No translation mechanism and no translated documents found on the site | Food bank. Groceries can be collected without a shared language, so a web-only assessment understates this sector more than any other. Read the tier as a measure of published information, not of whether someone is fed",EH,derived
food_msc,Multi-Service Center (Federal Way),food,Swahili,0,0,,False,none,0,,False,324,https://mschelps.org,2026-09-06,,"No translation mechanism and no translated documents found on the site | Food bank. Groceries can be collected without a shared language, so a web-only assessment understates this sector more than any other. Read the tier as a measure of published information, not of whether someone is fed",EH,derived
food_msc,Multi-Service Center (Federal Way),food,Tagalog,0,0,,False,none,0,,False,871,https://mschelps.org,2026-09-06,,"No translation mechanism and no translated documents found on the site | Food bank. Groceries can be collected without a shared language, so a web-only assessment understates this sector more than any other. Read the tier as a measure of published information, not of whether someone is fed",EH,derived
food_msc,Multi-Service Center (Federal Way),food,Taishanese,0,0,,False,none,0,,False,,https://mschelps.org,2026-09-06,,"No translation mechanism and no translated documents found on the site | Food bank. Groceries can be collected without a shared language, so a web-only assessment understates this sector more than any other. Read the tier as a measure of published information, not of whether someone is fed",EH,derived
food_msc,Multi-Service Center (Federal Way),food,Tajiki,0,0,,False,none,0,,False,,https://mschelps.org,2026-09-06,,"No translation mechanism and no translated documents found on the site | Food bank. Groceries can be collected without a shared language, so a web-only assessment understates this sector more than any other. Read the tier as a measure of published information, not of whether someone is fed",EH,derived
food_msc,Multi-Service Center (Federal Way),food,Tamil,0,0,,False,none,0,,False,,https://mschelps.org,2026-09-06,,"No translation mechanism and no translated documents found on the site | Food bank. Groceries can be collected without a shared language, so a web-only assessment understates this sector more than any other. Read the tier as a measure of published information, not of whether someone is fed",EH,derived
food_msc,Multi-Service Center (Federal Way),food,Tarasco,0,0,,False,none,0,,False,,https://mschelps.org,2026-09-06,,"No translation mechanism and no translated documents found on the site | Food bank. Groceries can be collected without a shared language, so a web-only assessment understates this sector more than any other. Read the tier as a measure of published information, not of whether someone is fed",EH,derived
food_msc,Multi-Service Center (Federal Way),food,Tedim,0,0,,False,none,0,,False,,https://mschelps.org,2026-09-06,,"No translation mechanism and no translated documents found on the site | Food bank. Groceries can be collected without a shared language, so a web-only assessment understates this sector more than any other. Read the tier as a measure of published information, not of whether someone is fed",EH,derived
food_msc,Multi-Service Center (Federal Way),food,Telugu,0,0,,False,none,0,,False,,https://mschelps.org,2026-09-06,,"No translation mechanism and no translated documents found on the site | Food bank. Groceries can be collected without a shared language, so a web-only assessment understates this sector more than any other. Read the tier as a measure of published information, not of whether someone is fed",EH,derived
food_msc,Multi-Service Center (Federal Way),food,Thai,0,0,,False,none,0,,False,232,https://mschelps.org,2026-09-06,,"No translation mechanism and no translated documents found on the site | Food bank. Groceries can be collected without a shared language, so a web-only assessment understates this sector more than any other. Read the tier as a measure of published information, not of whether someone is fed",EH,derived
food_msc,Multi-Service Center (Federal Way),food,Tibetan,0,0,,False,none,0,,False,,https://mschelps.org,2026-09-06,,"No translation mechanism and no translated documents found on the site | Food bank. Groceries can be collected without a shared language, so a web-only assessment understates this sector more than any other. Read the tier as a measure of published information, not of whether someone is fed",EH,derived
food_msc,Multi-Service Center (Federal Way),food,Tigrinya,0,0,,False,none,0,,False,1144,https://mschelps.org,2026-09-06,,"No translation mechanism and no translated documents found on the site | Food bank. Groceries can be collected without a shared language, so a web-only assessment understates this sector more than any other. Read the tier as a measure of published information, not of whether someone is fed",EH,derived
food_msc,Multi-Service Center (Federal Way),food,Tongan,0,0,,False,none,0,,False,,https://mschelps.org,2026-09-06,,"No translation mechanism and no translated documents found on the site | Food bank. Groceries can be collected without a shared language, so a web-only assessment understates this sector more than any other. Read the tier as a measure of published information, not of whether someone is fed",EH,derived
food_msc,Multi-Service Center (Federal Way),food,Turkish,0,0,,False,none,0,,False,,https://mschelps.org,2026-09-06,,"No translation mechanism and no translated documents found on the site | Food bank. Groceries can be collected without a shared language, so a web-only assessment understates this sector more than any other. Read the tier as a measure of published information, not of whether someone is fed",EH,derived
food_msc,Multi-Service Center (Federal Way),food,Twi,0,0,,False,none,0,,False,,https://mschelps.org,2026-09-06,,"No translation mechanism and no translated documents found on the site | Food bank. Groceries can be collected without a shared language, so a web-only assessment understates this sector more than any other. Read the tier as a measure of published information, not of whether someone is fed",EH,derived
food_msc,Multi-Service Center (Federal Way),food,Ukrainian,0,0,,False,none,0,,False,5881,https://mschelps.org,2026-09-06,,"No translation mechanism and no translated documents found on the site | Food bank. Groceries can be collected without a shared language, so a web-only assessment understates this sector more than any other. Read the tier as a measure of published information, not of whether someone is fed",EH,derived
food_msc,Multi-Service Center (Federal Way),food,Urdu,0,0,,False,none,0,,False,,https://mschelps.org,2026-09-06,,"No translation mechanism and no translated documents found on the site | Food bank. Groceries can be collected without a shared language, so a web-only assessment understates this sector more than any other. Read the tier as a measure of published information, not of whether someone is fed",EH,derived
food_msc,Multi-Service Center (Federal Way),food,Uzbek,0,0,,False,none,0,,False,,https://mschelps.org,2026-09-06,,"No translation mechanism and no translated documents found on the site | Food bank. Groceries can be collected without a shared language, so a web-only assessment understates this sector more than any other. Read the tier as a measure of published information, not of whether someone is fed",EH,derived
food_msc,Multi-Service Center (Federal Way),food,Vietnamese,0,0,,False,none,0,,False,9202,https://mschelps.org,2026-09-06,,"No translation mechanism and no translated documents found on the site | Food bank. Groceries can be collected without a shared language, so a web-only assessment understates this sector more than any other. Read the tier as a measure of published information, not of whether someone is fed",EH,derived
food_msc,Multi-Service Center (Federal Way),food,Wolof,0,0,,False,none,0,,False,,https://mschelps.org,2026-09-06,,"No translation mechanism and no translated documents found on the site | Food bank. Groceries can be collected without a shared language, so a web-only assessment understates this sector more than any other. Read the tier as a measure of published information, not of whether someone is fed",EH,derived
food_msc,Multi-Service Center (Federal Way),food,Yap,0,0,,False,none,0,,False,,https://mschelps.org,2026-09-06,,"No translation mechanism and no translated documents found on the site | Food bank. Groceries can be collected without a shared language, so a web-only assessment understates this sector more than any other. Read the tier as a measure of published information, not of whether someone is fed",EH,derived
food_msc,Multi-Service Center (Federal Way),food,Yoruba,0,0,,False,none,0,,False,,https://mschelps.org,2026-09-06,,"No translation mechanism and no translated documents found on the site | Food bank. Groceries can be collected without a shared language, so a web-only assessment understates this sector more than any other. Read the tier as a measure of published information, not of whether someone is fed",EH,derived
food_highline,Highline Area Food Bank,food,Acholi,0,0,,False,none,0,,False,,https://highlineareafoodbank.org,2026-09-06,,"No translation mechanism and no translated documents found on the site | Food bank. Groceries can be collected without a shared language, so a web-only assessment understates this sector more than any other. Read the tier as a measure of published information, not of whether someone is fed",EH,derived
food_highline,Highline Area Food Bank,food,Aguacateco,0,0,,False,none,0,,False,,https://highlineareafoodbank.org,2026-09-06,,"No translation mechanism and no translated documents found on the site | Food bank. Groceries can be collected without a shared language, so a web-only assessment understates this sector more than any other. Read the tier as a measure of published information, not of whether someone is fed",EH,derived
food_highline,Highline Area Food Bank,food,Akateko,0,0,,False,none,0,,False,,https://highlineareafoodbank.org,2026-09-06,,"No translation mechanism and no translated documents found on the site | Food bank. Groceries can be collected without a shared language, so a web-only assessment understates this sector more than any other. Read the tier as a measure of published information, not of whether someone is fed",EH,derived
food_highline,Highline Area Food Bank,food,Albanian,0,0,,False,none,0,,False,,https://highlineareafoodbank.org,2026-09-06,,"No translation mechanism and no translated documents found on the site | Food bank. Groceries can be collected without a shared language, so a web-only assessment understates this sector more than any other. Read the tier as a measure of published information, not of whether someone is fed",EH,derived
food_highline,Highline Area Food Bank,food,American Sign Language,0,0,,False,none,0,,False,298,https://highlineareafoodbank.org,2026-09-06,,"No translation mechanism and no translated documents found on the site | Food bank. Groceries can be collected without a shared language, so a web-only assessment understates this sector more than any other. Read the tier as a measure of published information, not of whether someone is fed",EH,derived
food_highline,Highline Area Food Bank,food,Amharic,0,0,,False,none,0,,False,1615,https://highlineareafoodbank.org,2026-09-06,,"No translation mechanism and no translated documents found on the site | Food bank. Groceries can be collected without a shared language, so a web-only assessment understates this sector more than any other. Read the tier as a measure of published information, not of whether someone is fed",EH,derived
food_highline,Highline Area Food Bank,food,Arabic,0,0,,False,none,0,,False,2447,https://highlineareafoodbank.org,2026-09-06,,"No translation mechanism and no translated documents found on the site | Food bank. Groceries can be collected without a shared language, so a web-only assessment understates this sector more than any other. Read the tier as a measure of published information, not of whether someone is fed",EH,derived
food_highline,Highline Area Food Bank,food,Armenian,0,0,,False,none,0,,False,,https://highlineareafoodbank.org,2026-09-06,,"No translation mechanism and no translated documents found on the site | Food bank. Groceries can be collected without a shared language, so a web-only assessment understates this sector more than any other. Read the tier as a measure of published information, not of whether someone is fed",EH,derived
food_highline,Highline Area Food Bank,food,Ayula-Bambara,0,0,,False,none,0,,False,,https://highlineareafoodbank.org,2026-09-06,,"No translation mechanism and no translated documents found on the site | Food bank. Groceries can be collected without a shared language, so a web-only assessment understates this sector more than any other. Read the tier as a measure of published information, not of whether someone is fed",EH,derived
food_highline,Highline Area Food Bank,food,Azerbaijani,0,0,,False,none,0,,False,,https://highlineareafoodbank.org,2026-09-06,,"No translation mechanism and no translated documents found on the site | Food bank. Groceries can be collected without a shared language, so a web-only assessment understates this sector more than any other. Read the tier as a measure of published information, not of whether someone is fed",EH,derived
food_highline,Highline Area Food Bank,food,Bambara,0,0,,False,none,0,,False,,https://highlineareafoodbank.org,2026-09-06,,"No translation mechanism and no translated documents found on the site | Food bank. Groceries can be collected without a shared language, so a web-only assessment understates this sector more than any other. Read the tier as a measure of published information, not of whether someone is fed",EH,derived
food_highline,Highline Area Food Bank,food,Bangala,0,0,,False,none,0,,False,,https://highlineareafoodbank.org,2026-09-06,,"No translation mechanism and no translated documents found on the site | Food bank. Groceries can be collected without a shared language, so a web-only assessment understates this sector more than any other. Read the tier as a measure of published information, not of whether someone is fed",EH,derived
food_highline,Highline Area Food Bank,food,Bassa,0,0,,False,none,0,,False,,https://highlineareafoodbank.org,2026-09-06,,"No translation mechanism and no translated documents found on the site | Food bank. Groceries can be collected without a shared language, so a web-only assessment understates this sector more than any other. Read the tier as a measure of published information, not of whether someone is fed",EH,derived
food_highline,Highline Area Food Bank,food,Bengali,0,0,,False,none,0,,False,,https://highlineareafoodbank.org,2026-09-06,,"No translation mechanism and no translated documents found on the site | Food bank. Groceries can be collected without a shared language, so a web-only assessment understates this sector more than any other. Read the tier as a measure of published information, not of whether someone is fed",EH,derived
food_highline,Highline Area Food Bank,food,Bosnian,0,0,,False,none,0,,False,,https://highlineareafoodbank.org,2026-09-06,,"No translation mechanism and no translated documents found on the site | Food bank. Groceries can be collected without a shared language, so a web-only assessment understates this sector more than any other. Read the tier as a measure of published information, not of whether someone is fed",EH,derived
food_highline,Highline Area Food Bank,food,Bulgarian,0,0,,False,none,0,,False,,https://highlineareafoodbank.org,2026-09-06,,"No translation mechanism and no translated documents found on the site | Food bank. Groceries can be collected without a shared language, so a web-only assessment understates this sector more than any other. Read the tier as a measure of published information, not of whether someone is fed",EH,derived
food_highline,Highline Area Food Bank,food,Burmese,0,0,,False,none,0,,False,349,https://highlineareafoodbank.org,2026-09-06,,"No translation mechanism and no translated documents found on the site | Food bank. Groceries can be collected without a shared language, so a web-only assessment understates this sector more than any other. Read the tier as a measure of published information, not of whether someone is fed",EH,derived
food_highline,Highline Area Food Bank,food,Carolinian,0,0,,False,none,0,,False,,https://highlineareafoodbank.org,2026-09-06,,"No translation mechanism and no translated documents found on the site | Food bank. Groceries can be collected without a shared language, so a web-only assessment understates this sector more than any other. Read the tier as a measure of published information, not of whether someone is fed",EH,derived
food_highline,Highline Area Food Bank,food,Catalan,0,0,,False,none,0,,False,,https://highlineareafoodbank.org,2026-09-06,,"No translation mechanism and no translated documents found on the site | Food bank. Groceries can be collected without a shared language, so a web-only assessment understates this sector more than any other. Read the tier as a measure of published information, not of whether someone is fed",EH,derived
food_highline,Highline Area Food Bank,food,Cebuano,0,0,,False,none,0,,False,,https://highlineareafoodbank.org,2026-09-06,,"No translation mechanism and no translated documents found on the site | Food bank. Groceries can be collected without a shared language, so a web-only assessment understates this sector more than any other. Read the tier as a measure of published information, not of whether someone is fed",EH,derived
food_highline,Highline Area Food Bank,food,Cham,0,0,,False,none,0,,False,,https://highlineareafoodbank.org,2026-09-06,,"No translation mechanism and no translated documents found on the site | Food bank. Groceries can be collected without a shared language, so a web-only assessment understates this sector more than any other. Read the tier as a measure of published information, not of whether someone is fed",EH,derived
food_highline,Highline Area Food Bank,food,Chamorro,0,0,,False,none,0,,False,,https://highlineareafoodbank.org,2026-09-06,,"No translation mechanism and no translated documents found on the site | Food bank. Groceries can be collected without a shared language, so a web-only assessment understates this sector more than any other. Read the tier as a measure of published information, not of whether someone is fed",EH,derived
food_highline,Highline Area Food Bank,food,Chin,0,0,,False,none,0,,False,,https://highlineareafoodbank.org,2026-09-06,,"No translation mechanism and no translated documents found on the site | Food bank. Groceries can be collected without a shared language, so a web-only assessment understates this sector more than any other. Read the tier as a measure of published information, not of whether someone is fed",EH,derived
food_highline,Highline Area Food Bank,food,Chinese-Cantonese,0,0,,False,none,0,,False,,https://highlineareafoodbank.org,2026-09-06,,"No translation mechanism and no translated documents found on the site | Food bank. Groceries can be collected without a shared language, so a web-only assessment understates this sector more than any other. Read the tier as a measure of published information, not of whether someone is fed",EH,derived
food_highline,Highline Area Food Bank,food,Chinese-Fukienese,0,0,,False,none,0,,False,,https://highlineareafoodbank.org,2026-09-06,,"No translation mechanism and no translated documents found on the site | Food bank. Groceries can be collected without a shared language, so a web-only assessment understates this sector more than any other. Read the tier as a measure of published information, not of whether someone is fed",EH,derived
food_highline,Highline Area Food Bank,food,Chinese-Mandarin,0,0,,False,none,0,,False,,https://highlineareafoodbank.org,2026-09-06,,"No translation mechanism and no translated documents found on the site | Food bank. Groceries can be collected without a shared language, so a web-only assessment understates this sector more than any other. Read the tier as a measure of published information, not of whether someone is fed",EH,derived
food_highline,Highline Area Food Bank,food,Chinese-Taiwanese,0,0,,False,none,0,,False,,https://highlineareafoodbank.org,2026-09-06,,"No translation mechanism and no translated documents found on the site | Food bank. Groceries can be collected without a shared language, so a web-only assessment understates this sector more than any other. Read the tier as a measure of published information, not of whether someone is fed",EH,derived
food_highline,Highline Area Food Bank,food,Chuukese,0,0,,False,none,0,,False,677,https://highlineareafoodbank.org,2026-09-06,,"No translation mechanism and no translated documents found on the site | Food bank. Groceries can be collected without a shared language, so a web-only assessment understates this sector more than any other. Read the tier as a measure of published information, not of whether someone is fed",EH,derived
food_highline,Highline Area Food Bank,food,Dari,0,0,,False,none,0,,False,2702,https://highlineareafoodbank.org,2026-09-06,,"No translation mechanism and no translated documents found on the site | Food bank. Groceries can be collected without a shared language, so a web-only assessment understates this sector more than any other. Read the tier as a measure of published information, not of whether someone is fed",EH,derived
food_highline,Highline Area Food Bank,food,Dinka,0,0,,False,none,0,,False,,https://highlineareafoodbank.org,2026-09-06,,"No translation mechanism and no translated documents found on the site | Food bank. Groceries can be collected without a shared language, so a web-only assessment understates this sector more than any other. Read the tier as a measure of published information, not of whether someone is fed",EH,derived
food_highline,Highline Area Food Bank,food,Dutch,0,0,,False,none,0,,False,,https://highlineareafoodbank.org,2026-09-06,,"No translation mechanism and no translated documents found on the site | Food bank. Groceries can be collected without a shared language, so a web-only assessment understates this sector more than any other. Read the tier as a measure of published information, not of whether someone is fed",EH,derived
food_highline,Highline Area Food Bank,food,Egyptian-Arabic,0,0,,False,none,0,,False,,https://highlineareafoodbank.org,2026-09-06,,"No translation mechanism and no translated documents found on the site | Food bank. Groceries can be collected without a shared language, so a web-only assessment understates this sector more than any other. Read the tier as a measure of published information, not of whether someone is fed",EH,derived
food_highline,Highline Area Food Bank,food,Eritai,0,0,,False,none,0,,False,,https://highlineareafoodbank.org,2026-09-06,,"No translation mechanism and no translated documents found on the site | Food bank. Groceries can be collected without a shared language, so a web-only assessment understates this sector more than any other. Read the tier as a measure of published information, not of whether someone is fed",EH,derived
food_highline,Highline Area Food Bank,food,Estonian,0,0,,False,none,0,,False,,https://highlineareafoodbank.org,2026-09-06,,"No translation mechanism and no translated documents found on the site | Food bank. Groceries can be collected without a shared language, so a web-only assessment understates this sector more than any other. Read the tier as a measure of published information, not of whether someone is fed",EH,derived
food_highline,Highline Area Food Bank,food,Ewe,0,0,,False,none,0,,False,,https://highlineareafoodbank.org,2026-09-06,,"No translation mechanism and no translated documents found on the site | Food bank. Groceries can be collected without a shared language, so a web-only assessment understates this sector more than any other. Read the tier as a measure of published information, not of whether someone is fed",EH,derived
food_highline,Highline Area Food Bank,food,Fallani,0,0,,False,none,0,,False,,https://highlineareafoodbank.org,2026-09-06,,"No translation mechanism and no translated documents found on the site | Food bank. Groceries can be collected without a shared language, so a web-only assessment understates this sector more than any other. Read the tier as a measure of published information, not of whether someone is fed",EH,derived
food_highline,Highline Area Food Bank,food,Farsi,0,0,,False,none,0,,False,990,https://highlineareafoodbank.org,2026-09-06,,"No translation mechanism and no translated documents found on the site | Food bank. Groceries can be collected without a shared language, so a web-only assessment understates this sector more than any other. Read the tier as a measure of published information, not of whether someone is fed",EH,derived
food_highline,Highline Area Food Bank,food,French,0,0,,False,none,0,,False,994,https://highlineareafoodbank.org,2026-09-06,,"No translation mechanism and no translated documents found on the site | Food bank. Groceries can be collected without a shared language, so a web-only assessment understates this sector more than any other. Read the tier as a measure of published information, not of whether someone is fed",EH,derived
food_highline,Highline Area Food Bank,food,Fula,0,0,,False,none,0,,False,,https://highlineareafoodbank.org,2026-09-06,,"No translation mechanism and no translated documents found on the site | Food bank. Groceries can be collected without a shared language, so a web-only assessment understates this sector more than any other. Read the tier as a measure of published information, not of whether someone is fed",EH,derived
food_highline,Highline Area Food Bank,food,Ga,0,0,,False,none,0,,False,,https://highlineareafoodbank.org,2026-09-06,,"No translation mechanism and no translated documents found on the site | Food bank. Groceries can be collected without a shared language, so a web-only assessment understates this sector more than any other. Read the tier as a measure of published information, not of whether someone is fed",EH,derived
food_highline,Highline Area Food Bank,food,German,0,0,,False,none,0,,False,,https://highlineareafoodbank.org,2026-09-06,,"No translation mechanism and no translated documents found on the site | Food bank. Groceries can be collected without a shared language, so a web-only assessment understates this sector more than any other. Read the tier as a measure of published information, not of whether someone is fed",EH,derived
food_highline,Highline Area Food Bank,food,"Greek, Modern",0,0,,False,none,0,,False,,https://highlineareafoodbank.org,2026-09-06,,"No translation mechanism and no translated documents found on the site | Food bank. Groceries can be collected without a shared language, so a web-only assessment understates this sector more than any other. Read the tier as a measure of published information, not of whether someone is fed",EH,derived
food_highline,Highline Area Food Bank,food,Gujarati,0,0,,False,none,0,,False,,https://highlineareafoodbank.org,2026-09-06,,"No translation mechanism and no translated documents found on the site | Food bank. Groceries can be collected without a shared language, so a web-only assessment understates this sector more than any other. Read the tier as a measure of published information, not of whether someone is fed",EH,derived
food_highline,Highline Area Food Bank,food,Haitian Creole,0,0,,False,none,0,,False,317,https://highlineareafoodbank.org,2026-09-06,,"No translation mechanism and no translated documents found on the site | Food bank. Groceries can be collected without a shared language, so a web-only assessment understates this sector more than any other. Read the tier as a measure of published information, not of whether someone is fed",EH,derived
food_highline,Highline Area Food Bank,food,Hausa,0,0,,False,none,0,,False,,https://highlineareafoodbank.org,2026-09-06,,"No translation mechanism and no translated documents found on the site | Food bank. Groceries can be collected without a shared language, so a web-only assessment understates this sector more than any other. Read the tier as a measure of published information, not of whether someone is fed",EH,derived
food_highline,Highline Area Food Bank,food,Hawaiian,0,0,,False,none,0,,False,,https://highlineareafoodbank.org,2026-09-06,,"No translation mechanism and no translated documents found on the site | Food bank. Groceries can be collected without a shared language, so a web-only assessment understates this sector more than any other. Read the tier as a measure of published information, not of whether someone is fed",EH,derived
food_highline,Highline Area Food Bank,food,Herero,0,0,,False,none,0,,False,,https://highlineareafoodbank.org,2026-09-06,,"No translation mechanism and no translated documents found on the site | Food bank. Groceries can be collected without a shared language, so a web-only assessment understates this sector more than any other. Read the tier as a measure of published information, not of whether someone is fed",EH,derived
food_highline,Highline Area Food Bank,food,Hindi,0,0,,False,none,0,,False,212,https://highlineareafoodbank.org,2026-09-06,,"No translation mechanism and no translated documents found on the site | Food bank. Groceries can be collected without a shared language, so a web-only assessment understates this sector more than any other. Read the tier as a measure of published information, not of whether someone is fed",EH,derived
food_highline,Highline Area Food Bank,food,Hmong,0,0,,False,none,0,,False,,https://highlineareafoodbank.org,2026-09-06,,"No translation mechanism and no translated documents found on the site | Food bank. Groceries can be collected without a shared language, so a web-only assessment understates this sector more than any other. Read the tier as a measure of published information, not of whether someone is fed",EH,derived
food_highline,Highline Area Food Bank,food,Hungarian,0,0,,False,none,0,,False,,https://highlineareafoodbank.org,2026-09-06,,"No translation mechanism and no translated documents found on the site | Food bank. Groceries can be collected without a shared language, so a web-only assessment understates this sector more than any other. Read the tier as a measure of published information, not of whether someone is fed",EH,derived
food_highline,Highline Area Food Bank,food,Igbo,0,0,,False,none,0,,False,,https://highlineareafoodbank.org,2026-09-06,,"No translation mechanism and no translated documents found on the site | Food bank. Groceries can be collected without a shared language, so a web-only assessment understates this sector more than any other. Read the tier as a measure of published information, not of whether someone is fed",EH,derived
food_highline,Highline Area Food Bank,food,Ilokano,0,0,,False,none,0,,False,,https://highlineareafoodbank.org,2026-09-06,,"No translation mechanism and no translated documents found on the site | Food bank. Groceries can be collected without a shared language, so a web-only assessment understates this sector more than any other. Read the tier as a measure of published information, not of whether someone is fed",EH,derived
food_highline,Highline Area Food Bank,food,Indonesian,0,0,,False,none,0,,False,,https://highlineareafoodbank.org,2026-09-06,,"No translation mechanism and no translated documents found on the site | Food bank. Groceries can be collected without a shared language, so a web-only assessment understates this sector more than any other. Read the tier as a measure of published information, not of whether someone is fed",EH,derived
food_highline,Highline Area Food Bank,food,Italian,0,0,,False,none,0,,False,,https://highlineareafoodbank.org,2026-09-06,,"No translation mechanism and no translated documents found on the site | Food bank. Groceries can be collected without a shared language, so a web-only assessment understates this sector more than any other. Read the tier as a measure of published information, not of whether someone is fed",EH,derived
food_highline,Highline Area Food Bank,food,Japanese,0,0,,False,none,0,,False,,https://highlineareafoodbank.org,2026-09-06,,"No translation mechanism and no translated documents found on the site | Food bank. Groceries can be collected without a shared language, so a web-only assessment understates this sector more than any other. Read the tier as a measure of published information, not of whether someone is fed",EH,derived
food_highline,Highline Area Food Bank,food,Kakwa,0,0,,False,none,0,,False,,https://highlineareafoodbank.org,2026-09-06,,"No translation mechanism and no translated documents found on the site | Food bank. Groceries can be collected without a shared language, so a web-only assessment understates this sector more than any other. Read the tier as a measure of published information, not of whether someone is fed",EH,derived
food_highline,Highline Area Food Bank,food,Kannada,0,0,,False,none,0,,False,,https://highlineareafoodbank.org,2026-09-06,,"No translation mechanism and no translated documents found on the site | Food bank. Groceries can be collected without a shared language, so a web-only assessment understates this sector more than any other. Read the tier as a measure of published information, not of whether someone is fed",EH,derived
food_highline,Highline Area Food Bank,food,Karen,0,0,,False,none,0,,False,,https://highlineareafoodbank.org,2026-09-06,,"No translation mechanism and no translated documents found on the site | Food bank. Groceries can be collected without a shared language, so a web-only assessment understates this sector more than any other. Read the tier as a measure of published information, not of whether someone is fed",EH,derived
food_highline,Highline Area Food Bank,food,Karenni,0,0,,False,none,0,,False,,https://highlineareafoodbank.org,2026-09-06,,"No translation mechanism and no translated documents found on the site | Food bank. Groceries can be collected without a shared language, so a web-only assessment understates this sector more than any other. Read the tier as a measure of published information, not of whether someone is fed",EH,derived
food_highline,Highline Area Food Bank,food,Kazakh,0,0,,False,none,0,,False,,https://highlineareafoodbank.org,2026-09-06,,"No translation mechanism and no translated documents found on the site | Food bank. Groceries can be collected without a shared language, so a web-only assessment understates this sector more than any other. Read the tier as a measure of published information, not of whether someone is fed",EH,derived
food_highline,Highline Area Food Bank,food,Khmer,0,0,,False,none,0,,False,1645,https://highlineareafoodbank.org,2026-09-06,,"No translation mechanism and no translated documents found on the site | Food bank. Groceries can be collected without a shared language, so a web-only assessment understates this sector more than any other. Read the tier as a measure of published information, not of whether someone is fed",EH,derived
food_highline,Highline Area Food Bank,food,Kikuyu,0,0,,False,none,0,,False,,https://highlineareafoodbank.org,2026-09-06,,"No translation mechanism and no translated documents found on the site | Food bank. Groceries can be collected without a shared language, so a web-only assessment understates this sector more than any other. Read the tier as a measure of published information, not of whether someone is fed",EH,derived
food_highline,Highline Area Food Bank,food,Kinyarwanda,0,0,,False,none,0,,False,,https://highlineareafoodbank.org,2026-09-06,,"No translation mechanism and no translated documents found on the site | Food bank. Groceries can be collected without a shared language, so a web-only assessment understates this sector more than any other. Read the tier as a measure of published information, not of whether someone is fed",EH,derived
food_highline,Highline Area Food Bank,food,Kirgiz,0,0,,False,none,0,,False,,https://highlineareafoodbank.org,2026-09-06,,"No translation mechanism and no translated documents found on the site | Food bank. Groceries can be collected without a shared language, so a web-only assessment understates this sector more than any other. Read the tier as a measure of published information, not of whether someone is fed",EH,derived
food_highline,Highline Area Food Bank,food,Kirundi,0,0,,False,none,0,,False,,https://highlineareafoodbank.org,2026-09-06,,"No translation mechanism and no translated documents found on the site | Food bank. Groceries can be collected without a shared language, so a web-only assessment understates this sector more than any other. Read the tier as a measure of published information, not of whether someone is fed",EH,derived
food_highline,Highline Area Food Bank,food,Kmhmu,0,0,,False,none,0,,False,,https://highlineareafoodbank.org,2026-09-06,,"No translation mechanism and no translated documents found on the site | Food bank. Groceries can be collected without a shared language, so a web-only assessment understates this sector more than any other. Read the tier as a measure of published information, not of whether someone is fed",EH,derived
food_highline,Highline Area Food Bank,food,Kongo,0,0,,False,none,0,,False,,https://highlineareafoodbank.org,2026-09-06,,"No translation mechanism and no translated documents found on the site | Food bank. Groceries can be collected without a shared language, so a web-only assessment understates this sector more than any other. Read the tier as a measure of published information, not of whether someone is fed",EH,derived
food_highline,Highline Area Food Bank,food,Korean,0,0,,False,none,0,,False,3625,https://highlineareafoodbank.org,2026-09-06,,"No translation mechanism and no translated documents found on the site | Food bank. Groceries can be collected without a shared language, so a web-only assessment understates this sector more than any other. Read the tier as a measure of published information, not of whether someone is fed",EH,derived
food_highline,Highline Area Food Bank,food,Kosraean,0,0,,False,none,0,,False,,https://highlineareafoodbank.org,2026-09-06,,"No translation mechanism and no translated documents found on the site | Food bank. Groceries can be collected without a shared language, so a web-only assessment understates this sector more than any other. Read the tier as a measure of published information, not of whether someone is fed",EH,derived
food_highline,Highline Area Food Bank,food,Krahn,0,0,,False,none,0,,False,,https://highlineareafoodbank.org,2026-09-06,,"No translation mechanism and no translated documents found on the site | Food bank. Groceries can be collected without a shared language, so a web-only assessment understates this sector more than any other. Read the tier as a measure of published information, not of whether someone is fed",EH,derived
food_highline,Highline Area Food Bank,food,Krio,0,0,,False,none,0,,False,,https://highlineareafoodbank.org,2026-09-06,,"No translation mechanism and no translated documents found on the site | Food bank. Groceries can be collected without a shared language, so a web-only assessment understates this sector more than any other. Read the tier as a measure of published information, not of whether someone is fed",EH,derived
food_highline,Highline Area Food Bank,food,Kru,0,0,,False,none,0,,False,,https://highlineareafoodbank.org,2026-09-06,,"No translation mechanism and no translated documents found on the site | Food bank. Groceries can be collected without a shared language, so a web-only assessment understates this sector more than any other. Read the tier as a measure of published information, not of whether someone is fed",EH,derived
food_highline,Highline Area Food Bank,food,Kurdish,0,0,,False,none,0,,False,,https://highlineareafoodbank.org,2026-09-06,,"No translation mechanism and no translated documents found on the site | Food bank. Groceries can be collected without a shared language, so a web-only assessment understates this sector more than any other. Read the tier as a measure of published information, not of whether someone is fed",EH,derived
food_highline,Highline Area Food Bank,food,Lao,0,0,,False,none,0,,False,399,https://highlineareafoodbank.org,2026-09-06,,"No translation mechanism and no translated documents found on the site | Food bank. Groceries can be collected without a shared language, so a web-only assessment understates this sector more than any other. Read the tier as a measure of published information, not of whether someone is fed",EH,derived
food_highline,Highline Area Food Bank,food,Latvian,0,0,,False,none,0,,False,,https://highlineareafoodbank.org,2026-09-06,,"No translation mechanism and no translated documents found on the site | Food bank. Groceries can be collected without a shared language, so a web-only assessment understates this sector more than any other. Read the tier as a measure of published information, not of whether someone is fed",EH,derived
food_highline,Highline Area Food Bank,food,Lingala,0,0,,False,none,0,,False,,https://highlineareafoodbank.org,2026-09-06,,"No translation mechanism and no translated documents found on the site | Food bank. Groceries can be collected without a shared language, so a web-only assessment understates this sector more than any other. Read the tier as a measure of published information, not of whether someone is fed",EH,derived
food_highline,Highline Area Food Bank,food,Luganda,0,0,,False,none,0,,False,,https://highlineareafoodbank.org,2026-09-06,,"No translation mechanism and no translated documents found on the site | Food bank. Groceries can be collected without a shared language, so a web-only assessment understates this sector more than any other. Read the tier as a measure of published information, not of whether someone is fed",EH,derived
food_highline,Highline Area Food Bank,food,Maay Maay,0,0,,False,none,0,,False,,https://highlineareafoodbank.org,2026-09-06,,"No translation mechanism and no translated documents found on the site | Food bank. Groceries can be collected without a shared language, so a web-only assessment understates this sector more than any other. Read the tier as a measure of published information, not of whether someone is fed",EH,derived
food_highline,Highline Area Food Bank,food,Malay,0,0,,False,none,0,,False,,https://highlineareafoodbank.org,2026-09-06,,"No translation mechanism and no translated documents found on the site | Food bank. Groceries can be collected without a shared language, so a web-only assessment understates this sector more than any other. Read the tier as a measure of published information, not of whether someone is fed",EH,derived
food_highline,Highline Area Food Bank,food,Malayalam,0,0,,False,none,0,,False,,https://highlineareafoodbank.org,2026-09-06,,"No translation mechanism and no translated documents found on the site | Food bank. Groceries can be collected without a shared language, so a web-only assessment understates this sector more than any other. Read the tier as a measure of published information, not of whether someone is fed",EH,derived
food_highline,Highline Area Food Bank,food,Mam,0,0,,False,none,0,,False,,https://highlineareafoodbank.org,2026-09-06,,"No translation mechanism and no translated documents found on the site | Food bank. Groceries can be collected without a shared language, so a web-only assessment understates this sector more than any other. Read the tier as a measure of published information, not of whether someone is fed",EH,derived
food_highline,Highline Area Food Bank,food,Mandingo,0,0,,False,none,0,,False,,https://highlineareafoodbank.org,2026-09-06,,"No translation mechanism and no translated documents found on the site | Food bank. Groceries can be collected without a shared language, so a web-only assessment understates this sector more than any other. Read the tier as a measure of published information, not of whether someone is fed",EH,derived
food_highline,Highline Area Food Bank,food,Mandinka,0,0,,False,none,0,,False,,https://highlineareafoodbank.org,2026-09-06,,"No translation mechanism and no translated documents found on the site | Food bank. Groceries can be collected without a shared language, so a web-only assessment understates this sector more than any other. Read the tier as a measure of published information, not of whether someone is fed",EH,derived
food_highline,Highline Area Food Bank,food,Marathi,0,0,,False,none,0,,False,,https://highlineareafoodbank.org,2026-09-06,,"No translation mechanism and no translated documents found on the site | Food bank. Groceries can be collected without a shared language, so a web-only assessment understates this sector more than any other. Read the tier as a measure of published information, not of whether someone is fed",EH,derived
food_highline,Highline Area Food Bank,food,Marquesan,0,0,,False,none,0,,False,,https://highlineareafoodbank.org,2026-09-06,,"No translation mechanism and no translated documents found on the site | Food bank. Groceries can be collected without a shared language, so a web-only assessment understates this sector more than any other. Read the tier as a measure of published information, not of whether someone is fed",EH,derived
food_highline,Highline Area Food Bank,food,Marshallese,0,0,,False,none,0,,False,,https://highlineareafoodbank.org,2026-09-06,,"No translation mechanism and no translated documents found on the site | Food bank. Groceries can be collected without a shared language, so a web-only assessment understates this sector more than any other. Read the tier as a measure of published information, not of whether someone is fed",EH,derived
food_highline,Highline Area Food Bank,food,Maya-Quiche,0,0,,False,none,0,,False,,https://highlineareafoodbank.org,2026-09-06,,"No translation mechanism and no translated documents found on the site | Food bank. Groceries can be collected without a shared language, so a web-only assessment understates this sector more than any other. Read the tier as a measure of published information, not of whether someone is fed",EH,derived
food_highline,Highline Area Food Bank,food,Mien,0,0,,False,none,0,,False,,https://highlineareafoodbank.org,2026-09-06,,"No translation mechanism and no translated documents found on the site | Food bank. Groceries can be collected without a shared language, so a web-only assessment understates this sector more than any other. Read the tier as a measure of published information, not of whether someone is fed",EH,derived
food_highline,Highline Area Food Bank,food,Mixteco,0,0,,False,none,0,,False,,https://highlineareafoodbank.org,2026-09-06,,"No translation mechanism and no translated documents found on the site | Food bank. Groceries can be collected without a shared language, so a web-only assessment understates this sector more than any other. Read the tier as a measure of published information, not of whether someone is fed",EH,derived
food_highline,Highline Area Food Bank,food,Moldavian,0,0,,False,none,0,,False,,https://highlineareafoodbank.org,2026-09-06,,"No translation mechanism and no translated documents found on the site | Food bank. Groceries can be collected without a shared language, so a web-only assessment understates this sector more than any other. Read the tier as a measure of published information, not of whether someone is fed",EH,derived
food_highline,Highline Area Food Bank,food,Mongolian,0,0,,False,none,0,,False,,https://highlineareafoodbank.org,2026-09-06,,"No translation mechanism and no translated documents found on the site | Food bank. Groceries can be collected without a shared language, so a web-only assessment understates this sector more than any other. Read the tier as a measure of published information, not of whether someone is fed",EH,derived
food_highline,Highline Area Food Bank,food,Moore,0,0,,False,none,0,,False,,https://highlineareafoodbank.org,2026-09-06,,"No translation mechanism and no translated documents found on the site | Food bank. Groceries can be collected without a shared language, so a web-only assessment understates this sector more than any other. Read the tier as a measure of published information, not of whether someone is fed",EH,derived
food_highline,Highline Area Food Bank,food,"Nahuatl, Guerrero region",0,0,,False,none,0,,False,,https://highlineareafoodbank.org,2026-09-06,,"No translation mechanism and no translated documents found on the site | Food bank. Groceries can be collected without a shared language, so a web-only assessment understates this sector more than any other. Read the tier as a measure of published information, not of whether someone is fed",EH,derived
food_highline,Highline Area Food Bank,food,Nepali,0,0,,False,none,0,,False,,https://highlineareafoodbank.org,2026-09-06,,"No translation mechanism and no translated documents found on the site | Food bank. Groceries can be collected without a shared language, so a web-only assessment understates this sector more than any other. Read the tier as a measure of published information, not of whether someone is fed",EH,derived
food_highline,Highline Area Food Bank,food,Nuer,0,0,,False,none,0,,False,,https://highlineareafoodbank.org,2026-09-06,,"No translation mechanism and no translated documents found on the site | Food bank. Groceries can be collected without a shared language, so a web-only assessment understates this sector more than any other. Read the tier as a measure of published information, not of whether someone is fed",EH,derived
food_highline,Highline Area Food Bank,food,Oromo,0,0,,False,none,0,,False,252,https://highlineareafoodbank.org,2026-09-06,,"No translation mechanism and no translated documents found on the site | Food bank. Groceries can be collected without a shared language, so a web-only assessment understates this sector more than any other. Read the tier as a measure of published information, not of whether someone is fed",EH,derived
food_highline,Highline Area Food Bank,food,Palau,0,0,,False,none,0,,False,,https://highlineareafoodbank.org,2026-09-06,,"No translation mechanism and no translated documents found on the site | Food bank. Groceries can be collected without a shared language, so a web-only assessment understates this sector more than any other. Read the tier as a measure of published information, not of whether someone is fed",EH,derived
food_highline,Highline Area Food Bank,food,Pashai,0,0,,False,none,0,,False,,https://highlineareafoodbank.org,2026-09-06,,"No translation mechanism and no translated documents found on the site | Food bank. Groceries can be collected without a shared language, so a web-only assessment understates this sector more than any other. Read the tier as a measure of published information, not of whether someone is fed",EH,derived
food_highline,Highline Area Food Bank,food,Pashto,0,0,,False,none,0,,False,680,https://highlineareafoodbank.org,2026-09-06,,"No translation mechanism and no translated documents found on the site | Food bank. Groceries can be collected without a shared language, so a web-only assessment understates this sector more than any other. Read the tier as a measure of published information, not of whether someone is fed",EH,derived
food_highline,Highline Area Food Bank,food,Pere,0,0,,False,none,0,,False,,https://highlineareafoodbank.org,2026-09-06,,"No translation mechanism and no translated documents found on the site | Food bank. Groceries can be collected without a shared language, so a web-only assessment understates this sector more than any other. Read the tier as a measure of published information, not of whether someone is fed",EH,derived
food_highline,Highline Area Food Bank,food,Polish,0,0,,False,none,0,,False,,https://highlineareafoodbank.org,2026-09-06,,"No translation mechanism and no translated documents found on the site | Food bank. Groceries can be collected without a shared language, so a web-only assessment understates this sector more than any other. Read the tier as a measure of published information, not of whether someone is fed",EH,derived
food_highline,Highline Area Food Bank,food,Portuguese,0,0,,False,none,0,,False,1449,https://highlineareafoodbank.org,2026-09-06,,"No translation mechanism and no translated documents found on the site | Food bank. Groceries can be collected without a shared language, so a web-only assessment understates this sector more than any other. Read the tier as a measure of published information, not of whether someone is fed",EH,derived
food_highline,Highline Area Food Bank,food,Punjabi,0,0,,False,none,0,,False,1632,https://highlineareafoodbank.org,2026-09-06,,"No translation mechanism and no translated documents found on the site | Food bank. Groceries can be collected without a shared language, so a web-only assessment understates this sector more than any other. Read the tier as a measure of published information, not of whether someone is fed",EH,derived
food_highline,Highline Area Food Bank,food,Purepecha,0,0,,False,none,0,,False,,https://highlineareafoodbank.org,2026-09-06,,"No translation mechanism and no translated documents found on the site | Food bank. Groceries can be collected without a shared language, so a web-only assessment understates this sector more than any other. Read the tier as a measure of published information, not of whether someone is fed",EH,derived
food_highline,Highline Area Food Bank,food,Rohingya,0,0,,False,none,0,,False,,https://highlineareafoodbank.org,2026-09-06,,"No translation mechanism and no translated documents found on the site | Food bank. Groceries can be collected without a shared language, so a web-only assessment understates this sector more than any other. Read the tier as a measure of published information, not of whether someone is fed",EH,derived
food_highline,Highline Area Food Bank,food,Romanian,0,0,,False,none,0,,False,453,https://highlineareafoodbank.org,2026-09-06,,"No translation mechanism and no translated documents found on the site | Food bank. Groceries can be collected without a shared language, so a web-only assessment understates this sector more than any other. Read the tier as a measure of published information, not of whether someone is fed",EH,derived
food_highline,Highline Area Food Bank,food,Russian,0,0,,False,none,0,,False,12029,https://highlineareafoodbank.org,2026-09-06,,"No translation mechanism and no translated documents found on the site | Food bank. Groceries can be collected without a shared language, so a web-only assessment understates this sector more than any other. Read the tier as a measure of published information, not of whether someone is fed",EH,derived
food_highline,Highline Area Food Bank,food,Samoan,0,0,,False,none,0,,False,261,https://highlineareafoodbank.org,2026-09-06,,"No translation mechanism and no translated documents found on the site | Food bank. Groceries can be collected without a shared language, so a web-only assessment understates this sector more than any other. Read the tier as a measure of published information, not of whether someone is fed",EH,derived
food_highline,Highline Area Food Bank,food,Sao,0,0,,False,none,0,,False,,https://highlineareafoodbank.org,2026-09-06,,"No translation mechanism and no translated documents found on the site | Food bank. Groceries can be collected without a shared language, so a web-only assessment understates this sector more than any other. Read the tier as a measure of published information, not of whether someone is fed",EH,derived
food_highline,Highline Area Food Bank,food,Serbo-Croation,0,0,,False,none,0,,False,,https://highlineareafoodbank.org,2026-09-06,,"No translation mechanism and no translated documents found on the site | Food bank. Groceries can be collected without a shared language, so a web-only assessment understates this sector more than any other. Read the tier as a measure of published information, not of whether someone is fed",EH,derived
food_highline,Highline Area Food Bank,food,Shona,0,0,,False,none,0,,False,,https://highlineareafoodbank.org,2026-09-06,,"No translation mechanism and no translated documents found on the site | Food bank. Groceries can be collected without a shared language, so a web-only assessment understates this sector more than any other. Read the tier as a measure of published information, not of whether someone is fed",EH,derived
food_highline,Highline Area Food Bank,food,Sinhalese,0,0,,False,none,0,,False,,https://highlineareafoodbank.org,2026-09-06,,"No translation mechanism and no translated documents found on the site | Food bank. Groceries can be collected without a shared language, so a web-only assessment understates this sector more than any other. Read the tier as a measure of published information, not of whether someone is fed",EH,derived
food_highline,Highline Area Food Bank,food,Slovenian,0,0,,False,none,0,,False,,https://highlineareafoodbank.org,2026-09-06,,"No translation mechanism and no translated documents found on the site | Food bank. Groceries can be collected without a shared language, so a web-only assessment understates this sector more than any other. Read the tier as a measure of published information, not of whether someone is fed",EH,derived
food_highline,Highline Area Food Bank,food,Somali,0,0,,False,none,0,,False,1417,https://highlineareafoodbank.org,2026-09-06,,"No translation mechanism and no translated documents found on the site | Food bank. Groceries can be collected without a shared language, so a web-only assessment understates this sector more than any other. Read the tier as a measure of published information, not of whether someone is fed",EH,derived
food_highline,Highline Area Food Bank,food,Soninke,0,0,,False,none,0,,False,,https://highlineareafoodbank.org,2026-09-06,,"No translation mechanism and no translated documents found on the site | Food bank. Groceries can be collected without a shared language, so a web-only assessment understates this sector more than any other. Read the tier as a measure of published information, not of whether someone is fed",EH,derived
food_highline,Highline Area Food Bank,food,Sotho,0,0,,False,none,0,,False,,https://highlineareafoodbank.org,2026-09-06,,"No translation mechanism and no translated documents found on the site | Food bank. Groceries can be collected without a shared language, so a web-only assessment understates this sector more than any other. Read the tier as a measure of published information, not of whether someone is fed",EH,derived
food_highline,Highline Area Food Bank,food,Spanish,0,0,,False,none,0,,False,105998,https://highlineareafoodbank.org,2026-09-06,,"No translation mechanism and no translated documents found on the site | Food bank. Groceries can be collected without a shared language, so a web-only assessment understates this sector more than any other. Read the tier as a measure of published information, not of whether someone is fed",EH,derived
food_highline,Highline Area Food Bank,food,Swahili,0,0,,False,none,0,,False,324,https://highlineareafoodbank.org,2026-09-06,,"No translation mechanism and no translated documents found on the site | Food bank. Groceries can be collected without a shared language, so a web-only assessment understates this sector more than any other. Read the tier as a measure of published information, not of whether someone is fed",EH,derived
food_highline,Highline Area Food Bank,food,Tagalog,0,0,,False,none,0,,False,871,https://highlineareafoodbank.org,2026-09-06,,"No translation mechanism and no translated documents found on the site | Food bank. Groceries can be collected without a shared language, so a web-only assessment understates this sector more than any other. Read the tier as a measure of published information, not of whether someone is fed",EH,derived
food_highline,Highline Area Food Bank,food,Taishanese,0,0,,False,none,0,,False,,https://highlineareafoodbank.org,2026-09-06,,"No translation mechanism and no translated documents found on the site | Food bank. Groceries can be collected without a shared language, so a web-only assessment understates this sector more than any other. Read the tier as a measure of published information, not of whether someone is fed",EH,derived
food_highline,Highline Area Food Bank,food,Tajiki,0,0,,False,none,0,,False,,https://highlineareafoodbank.org,2026-09-06,,"No translation mechanism and no translated documents found on the site | Food bank. Groceries can be collected without a shared language, so a web-only assessment understates this sector more than any other. Read the tier as a measure of published information, not of whether someone is fed",EH,derived
food_highline,Highline Area Food Bank,food,Tamil,0,0,,False,none,0,,False,,https://highlineareafoodbank.org,2026-09-06,,"No translation mechanism and no translated documents found on the site | Food bank. Groceries can be collected without a shared language, so a web-only assessment understates this sector more than any other. Read the tier as a measure of published information, not of whether someone is fed",EH,derived
food_highline,Highline Area Food Bank,food,Tarasco,0,0,,False,none,0,,False,,https://highlineareafoodbank.org,2026-09-06,,"No translation mechanism and no translated documents found on the site | Food bank. Groceries can be collected without a shared language, so a web-only assessment understates this sector more than any other. Read the tier as a measure of published information, not of whether someone is fed",EH,derived
food_highline,Highline Area Food Bank,food,Tedim,0,0,,False,none,0,,False,,https://highlineareafoodbank.org,2026-09-06,,"No translation mechanism and no translated documents found on the site | Food bank. Groceries can be collected without a shared language, so a web-only assessment understates this sector more than any other. Read the tier as a measure of published information, not of whether someone is fed",EH,derived
food_highline,Highline Area Food Bank,food,Telugu,0,0,,False,none,0,,False,,https://highlineareafoodbank.org,2026-09-06,,"No translation mechanism and no translated documents found on the site | Food bank. Groceries can be collected without a shared language, so a web-only assessment understates this sector more than any other. Read the tier as a measure of published information, not of whether someone is fed",EH,derived
food_highline,Highline Area Food Bank,food,Thai,0,0,,False,none,0,,False,232,https://highlineareafoodbank.org,2026-09-06,,"No translation mechanism and no translated documents found on the site | Food bank. Groceries can be collected without a shared language, so a web-only assessment understates this sector more than any other. Read the tier as a measure of published information, not of whether someone is fed",EH,derived
food_highline,Highline Area Food Bank,food,Tibetan,0,0,,False,none,0,,False,,https://highlineareafoodbank.org,2026-09-06,,"No translation mechanism and no translated documents found on the site | Food bank. Groceries can be collected without a shared language, so a web-only assessment understates this sector more than any other. Read the tier as a measure of published information, not of whether someone is fed",EH,derived
food_highline,Highline Area Food Bank,food,Tigrinya,0,0,,False,none,0,,False,1144,https://highlineareafoodbank.org,2026-09-06,,"No translation mechanism and no translated documents found on the site | Food bank. Groceries can be collected without a shared language, so a web-only assessment understates this sector more than any other. Read the tier as a measure of published information, not of whether someone is fed",EH,derived
food_highline,Highline Area Food Bank,food,Tongan,0,0,,False,none,0,,False,,https://highlineareafoodbank.org,2026-09-06,,"No translation mechanism and no translated documents found on the site | Food bank. Groceries can be collected without a shared language, so a web-only assessment understates this sector more than any other. Read the tier as a measure of published information, not of whether someone is fed",EH,derived
food_highline,Highline Area Food Bank,food,Turkish,0,0,,False,none,0,,False,,https://highlineareafoodbank.org,2026-09-06,,"No translation mechanism and no translated documents found on the site | Food bank. Groceries can be collected without a shared language, so a web-only assessment understates this sector more than any other. Read the tier as a measure of published information, not of whether someone is fed",EH,derived
food_highline,Highline Area Food Bank,food,Twi,0,0,,False,none,0,,False,,https://highlineareafoodbank.org,2026-09-06,,"No translation mechanism and no translated documents found on the site | Food bank. Groceries can be collected without a shared language, so a web-only assessment understates this sector more than any other. Read the tier as a measure of published information, not of whether someone is fed",EH,derived
food_highline,Highline Area Food Bank,food,Ukrainian,0,0,,False,none,0,,False,5881,https://highlineareafoodbank.org,2026-09-06,,"No translation mechanism and no translated documents found on the site | Food bank. Groceries can be collected without a shared language, so a web-only assessment understates this sector more than any other. Read the tier as a measure of published information, not of whether someone is fed",EH,derived
food_highline,Highline Area Food Bank,food,Urdu,0,0,,False,none,0,,False,,https://highlineareafoodbank.org,2026-09-06,,"No translation mechanism and no translated documents found on the site | Food bank. Groceries can be collected without a shared language, so a web-only assessment understates this sector more than any other. Read the tier as a measure of published information, not of whether someone is fed",EH,derived
food_highline,Highline Area Food Bank,food,Uzbek,0,0,,False,none,0,,False,,https://highlineareafoodbank.org,2026-09-06,,"No translation mechanism and no translated documents found on the site | Food bank. Groceries can be collected without a shared language, so a web-only assessment understates this sector more than any other. Read the tier as a measure of published information, not of whether someone is fed",EH,derived
food_highline,Highline Area Food Bank,food,Vietnamese,0,0,,False,none,0,,False,9202,https://highlineareafoodbank.org,2026-09-06,,"No translation mechanism and no translated documents found on the site | Food bank. Groceries can be collected without a shared language, so a web-only assessment understates this sector more than any other. Read the tier as a measure of published information, not of whether someone is fed",EH,derived
food_highline,Highline Area Food Bank,food,Wolof,0,0,,False,none,0,,False,,https://highlineareafoodbank.org,2026-09-06,,"No translation mechanism and no translated documents found on the site | Food bank. Groceries can be collected without a shared language, so a web-only assessment understates this sector more than any other. Read the tier as a measure of published information, not of whether someone is fed",EH,derived
food_highline,Highline Area Food Bank,food,Yap,0,0,,False,none,0,,False,,https://highlineareafoodbank.org,2026-09-06,,"No translation mechanism and no translated documents found on the site | Food bank. Groceries can be collected without a shared language, so a web-only assessment understates this sector more than any other. Read the tier as a measure of published information, not of whether someone is fed",EH,derived
food_highline,Highline Area Food Bank,food,Yoruba,0,0,,False,none,0,,False,,https://highlineareafoodbank.org,2026-09-06,,"No translation mechanism and no translated documents found on the site | Food bank. Groceries can be collected without a shared language, so a web-only assessment understates this sector more than any other. Read the tier as a measure of published information, not of whether someone is fed",EH,derived
food_whitecenter,White Center Food Bank,food,Acholi,0,0,,False,none,0,,False,,https://www.whitecenterfoodbank.org,2026-09-06,,"No translation mechanism and no translated documents found on the site | Food bank. Groceries can be collected without a shared language, so a web-only assessment understates this sector more than any other. Read the tier as a measure of published information, not of whether someone is fed",EH,derived
food_whitecenter,White Center Food Bank,food,Aguacateco,0,0,,False,none,0,,False,,https://www.whitecenterfoodbank.org,2026-09-06,,"No translation mechanism and no translated documents found on the site | Food bank. Groceries can be collected without a shared language, so a web-only assessment understates this sector more than any other. Read the tier as a measure of published information, not of whether someone is fed",EH,derived
food_whitecenter,White Center Food Bank,food,Akateko,0,0,,False,none,0,,False,,https://www.whitecenterfoodbank.org,2026-09-06,,"No translation mechanism and no translated documents found on the site | Food bank. Groceries can be collected without a shared language, so a web-only assessment understates this sector more than any other. Read the tier as a measure of published information, not of whether someone is fed",EH,derived
food_whitecenter,White Center Food Bank,food,Albanian,0,0,,False,none,0,,False,,https://www.whitecenterfoodbank.org,2026-09-06,,"No translation mechanism and no translated documents found on the site | Food bank. Groceries can be collected without a shared language, so a web-only assessment understates this sector more than any other. Read the tier as a measure of published information, not of whether someone is fed",EH,derived
food_whitecenter,White Center Food Bank,food,American Sign Language,0,0,,False,none,0,,False,298,https://www.whitecenterfoodbank.org,2026-09-06,,"No translation mechanism and no translated documents found on the site | Food bank. Groceries can be collected without a shared language, so a web-only assessment understates this sector more than any other. Read the tier as a measure of published information, not of whether someone is fed",EH,derived
food_whitecenter,White Center Food Bank,food,Amharic,0,0,,False,none,0,,False,1615,https://www.whitecenterfoodbank.org,2026-09-06,,"No translation mechanism and no translated documents found on the site | Food bank. Groceries can be collected without a shared language, so a web-only assessment understates this sector more than any other. Read the tier as a measure of published information, not of whether someone is fed",EH,derived
food_whitecenter,White Center Food Bank,food,Arabic,0,0,,False,none,0,,False,2447,https://www.whitecenterfoodbank.org,2026-09-06,,"No translation mechanism and no translated documents found on the site | Food bank. Groceries can be collected without a shared language, so a web-only assessment understates this sector more than any other. Read the tier as a measure of published information, not of whether someone is fed",EH,derived
food_whitecenter,White Center Food Bank,food,Armenian,0,0,,False,none,0,,False,,https://www.whitecenterfoodbank.org,2026-09-06,,"No translation mechanism and no translated documents found on the site | Food bank. Groceries can be collected without a shared language, so a web-only assessment understates this sector more than any other. Read the tier as a measure of published information, not of whether someone is fed",EH,derived
food_whitecenter,White Center Food Bank,food,Ayula-Bambara,0,0,,False,none,0,,False,,https://www.whitecenterfoodbank.org,2026-09-06,,"No translation mechanism and no translated documents found on the site | Food bank. Groceries can be collected without a shared language, so a web-only assessment understates this sector more than any other. Read the tier as a measure of published information, not of whether someone is fed",EH,derived
food_whitecenter,White Center Food Bank,food,Azerbaijani,0,0,,False,none,0,,False,,https://www.whitecenterfoodbank.org,2026-09-06,,"No translation mechanism and no translated documents found on the site | Food bank. Groceries can be collected without a shared language, so a web-only assessment understates this sector more than any other. Read the tier as a measure of published information, not of whether someone is fed",EH,derived
food_whitecenter,White Center Food Bank,food,Bambara,0,0,,False,none,0,,False,,https://www.whitecenterfoodbank.org,2026-09-06,,"No translation mechanism and no translated documents found on the site | Food bank. Groceries can be collected without a shared language, so a web-only assessment understates this sector more than any other. Read the tier as a measure of published information, not of whether someone is fed",EH,derived
food_whitecenter,White Center Food Bank,food,Bangala,0,0,,False,none,0,,False,,https://www.whitecenterfoodbank.org,2026-09-06,,"No translation mechanism and no translated documents found on the site | Food bank. Groceries can be collected without a shared language, so a web-only assessment understates this sector more than any other. Read the tier as a measure of published information, not of whether someone is fed",EH,derived
food_whitecenter,White Center Food Bank,food,Bassa,0,0,,False,none,0,,False,,https://www.whitecenterfoodbank.org,2026-09-06,,"No translation mechanism and no translated documents found on the site | Food bank. Groceries can be collected without a shared language, so a web-only assessment understates this sector more than any other. Read the tier as a measure of published information, not of whether someone is fed",EH,derived
food_whitecenter,White Center Food Bank,food,Bengali,0,0,,False,none,0,,False,,https://www.whitecenterfoodbank.org,2026-09-06,,"No translation mechanism and no translated documents found on the site | Food bank. Groceries can be collected without a shared language, so a web-only assessment understates this sector more than any other. Read the tier as a measure of published information, not of whether someone is fed",EH,derived
food_whitecenter,White Center Food Bank,food,Bosnian,0,0,,False,none,0,,False,,https://www.whitecenterfoodbank.org,2026-09-06,,"No translation mechanism and no translated documents found on the site | Food bank. Groceries can be collected without a shared language, so a web-only assessment understates this sector more than any other. Read the tier as a measure of published information, not of whether someone is fed",EH,derived
food_whitecenter,White Center Food Bank,food,Bulgarian,0,0,,False,none,0,,False,,https://www.whitecenterfoodbank.org,2026-09-06,,"No translation mechanism and no translated documents found on the site | Food bank. Groceries can be collected without a shared language, so a web-only assessment understates this sector more than any other. Read the tier as a measure of published information, not of whether someone is fed",EH,derived
food_whitecenter,White Center Food Bank,food,Burmese,0,0,,False,none,0,,False,349,https://www.whitecenterfoodbank.org,2026-09-06,,"No translation mechanism and no translated documents found on the site | Food bank. Groceries can be collected without a shared language, so a web-only assessment understates this sector more than any other. Read the tier as a measure of published information, not of whether someone is fed",EH,derived
food_whitecenter,White Center Food Bank,food,Carolinian,0,0,,False,none,0,,False,,https://www.whitecenterfoodbank.org,2026-09-06,,"No translation mechanism and no translated documents found on the site | Food bank. Groceries can be collected without a shared language, so a web-only assessment understates this sector more than any other. Read the tier as a measure of published information, not of whether someone is fed",EH,derived
food_whitecenter,White Center Food Bank,food,Catalan,0,0,,False,none,0,,False,,https://www.whitecenterfoodbank.org,2026-09-06,,"No translation mechanism and no translated documents found on the site | Food bank. Groceries can be collected without a shared language, so a web-only assessment understates this sector more than any other. Read the tier as a measure of published information, not of whether someone is fed",EH,derived
food_whitecenter,White Center Food Bank,food,Cebuano,0,0,,False,none,0,,False,,https://www.whitecenterfoodbank.org,2026-09-06,,"No translation mechanism and no translated documents found on the site | Food bank. Groceries can be collected without a shared language, so a web-only assessment understates this sector more than any other. Read the tier as a measure of published information, not of whether someone is fed",EH,derived
food_whitecenter,White Center Food Bank,food,Cham,0,0,,False,none,0,,False,,https://www.whitecenterfoodbank.org,2026-09-06,,"No translation mechanism and no translated documents found on the site | Food bank. Groceries can be collected without a shared language, so a web-only assessment understates this sector more than any other. Read the tier as a measure of published information, not of whether someone is fed",EH,derived
food_whitecenter,White Center Food Bank,food,Chamorro,0,0,,False,none,0,,False,,https://www.whitecenterfoodbank.org,2026-09-06,,"No translation mechanism and no translated documents found on the site | Food bank. Groceries can be collected without a shared language, so a web-only assessment understates this sector more than any other. Read the tier as a measure of published information, not of whether someone is fed",EH,derived
food_whitecenter,White Center Food Bank,food,Chin,0,0,,False,none,0,,False,,https://www.whitecenterfoodbank.org,2026-09-06,,"No translation mechanism and no translated documents found on the site | Food bank. Groceries can be collected without a shared language, so a web-only assessment understates this sector more than any other. Read the tier as a measure of published information, not of whether someone is fed",EH,derived
food_whitecenter,White Center Food Bank,food,Chinese-Cantonese,0,0,,False,none,0,,False,,https://www.whitecenterfoodbank.org,2026-09-06,,"No translation mechanism and no translated documents found on the site | Food bank. Groceries can be collected without a shared language, so a web-only assessment understates this sector more than any other. Read the tier as a measure of published information, not of whether someone is fed",EH,derived
food_whitecenter,White Center Food Bank,food,Chinese-Fukienese,0,0,,False,none,0,,False,,https://www.whitecenterfoodbank.org,2026-09-06,,"No translation mechanism and no translated documents found on the site | Food bank. Groceries can be collected without a shared language, so a web-only assessment understates this sector more than any other. Read the tier as a measure of published information, not of whether someone is fed",EH,derived
food_whitecenter,White Center Food Bank,food,Chinese-Mandarin,0,0,,False,none,0,,False,,https://www.whitecenterfoodbank.org,2026-09-06,,"No translation mechanism and no translated documents found on the site | Food bank. Groceries can be collected without a shared language, so a web-only assessment understates this sector more than any other. Read the tier as a measure of published information, not of whether someone is fed",EH,derived
food_whitecenter,White Center Food Bank,food,Chinese-Taiwanese,0,0,,False,none,0,,False,,https://www.whitecenterfoodbank.org,2026-09-06,,"No translation mechanism and no translated documents found on the site | Food bank. Groceries can be collected without a shared language, so a web-only assessment understates this sector more than any other. Read the tier as a measure of published information, not of whether someone is fed",EH,derived
food_whitecenter,White Center Food Bank,food,Chuukese,0,0,,False,none,0,,False,677,https://www.whitecenterfoodbank.org,2026-09-06,,"No translation mechanism and no translated documents found on the site | Food bank. Groceries can be collected without a shared language, so a web-only assessment understates this sector more than any other. Read the tier as a measure of published information, not of whether someone is fed",EH,derived
food_whitecenter,White Center Food Bank,food,Dari,0,0,,False,none,0,,False,2702,https://www.whitecenterfoodbank.org,2026-09-06,,"No translation mechanism and no translated documents found on the site | Food bank. Groceries can be collected without a shared language, so a web-only assessment understates this sector more than any other. Read the tier as a measure of published information, not of whether someone is fed",EH,derived
food_whitecenter,White Center Food Bank,food,Dinka,0,0,,False,none,0,,False,,https://www.whitecenterfoodbank.org,2026-09-06,,"No translation mechanism and no translated documents found on the site | Food bank. Groceries can be collected without a shared language, so a web-only assessment understates this sector more than any other. Read the tier as a measure of published information, not of whether someone is fed",EH,derived
food_whitecenter,White Center Food Bank,food,Dutch,0,0,,False,none,0,,False,,https://www.whitecenterfoodbank.org,2026-09-06,,"No translation mechanism and no translated documents found on the site | Food bank. Groceries can be collected without a shared language, so a web-only assessment understates this sector more than any other. Read the tier as a measure of published information, not of whether someone is fed",EH,derived
food_whitecenter,White Center Food Bank,food,Egyptian-Arabic,0,0,,False,none,0,,False,,https://www.whitecenterfoodbank.org,2026-09-06,,"No translation mechanism and no translated documents found on the site | Food bank. Groceries can be collected without a shared language, so a web-only assessment understates this sector more than any other. Read the tier as a measure of published information, not of whether someone is fed",EH,derived
food_whitecenter,White Center Food Bank,food,Eritai,0,0,,False,none,0,,False,,https://www.whitecenterfoodbank.org,2026-09-06,,"No translation mechanism and no translated documents found on the site | Food bank. Groceries can be collected without a shared language, so a web-only assessment understates this sector more than any other. Read the tier as a measure of published information, not of whether someone is fed",EH,derived
food_whitecenter,White Center Food Bank,food,Estonian,0,0,,False,none,0,,False,,https://www.whitecenterfoodbank.org,2026-09-06,,"No translation mechanism and no translated documents found on the site | Food bank. Groceries can be collected without a shared language, so a web-only assessment understates this sector more than any other. Read the tier as a measure of published information, not of whether someone is fed",EH,derived
food_whitecenter,White Center Food Bank,food,Ewe,0,0,,False,none,0,,False,,https://www.whitecenterfoodbank.org,2026-09-06,,"No translation mechanism and no translated documents found on the site | Food bank. Groceries can be collected without a shared language, so a web-only assessment understates this sector more than any other. Read the tier as a measure of published information, not of whether someone is fed",EH,derived
food_whitecenter,White Center Food Bank,food,Fallani,0,0,,False,none,0,,False,,https://www.whitecenterfoodbank.org,2026-09-06,,"No translation mechanism and no translated documents found on the site | Food bank. Groceries can be collected without a shared language, so a web-only assessment understates this sector more than any other. Read the tier as a measure of published information, not of whether someone is fed",EH,derived
food_whitecenter,White Center Food Bank,food,Farsi,0,0,,False,none,0,,False,990,https://www.whitecenterfoodbank.org,2026-09-06,,"No translation mechanism and no translated documents found on the site | Food bank. Groceries can be collected without a shared language, so a web-only assessment understates this sector more than any other. Read the tier as a measure of published information, not of whether someone is fed",EH,derived
food_whitecenter,White Center Food Bank,food,French,0,0,,False,none,0,,False,994,https://www.whitecenterfoodbank.org,2026-09-06,,"No translation mechanism and no translated documents found on the site | Food bank. Groceries can be collected without a shared language, so a web-only assessment understates this sector more than any other. Read the tier as a measure of published information, not of whether someone is fed",EH,derived
food_whitecenter,White Center Food Bank,food,Fula,0,0,,False,none,0,,False,,https://www.whitecenterfoodbank.org,2026-09-06,,"No translation mechanism and no translated documents found on the site | Food bank. Groceries can be collected without a shared language, so a web-only assessment understates this sector more than any other. Read the tier as a measure of published information, not of whether someone is fed",EH,derived
food_whitecenter,White Center Food Bank,food,Ga,0,0,,False,none,0,,False,,https://www.whitecenterfoodbank.org,2026-09-06,,"No translation mechanism and no translated documents found on the site | Food bank. Groceries can be collected without a shared language, so a web-only assessment understates this sector more than any other. Read the tier as a measure of published information, not of whether someone is fed",EH,derived
food_whitecenter,White Center Food Bank,food,German,0,0,,False,none,0,,False,,https://www.whitecenterfoodbank.org,2026-09-06,,"No translation mechanism and no translated documents found on the site | Food bank. Groceries can be collected without a shared language, so a web-only assessment understates this sector more than any other. Read the tier as a measure of published information, not of whether someone is fed",EH,derived
food_whitecenter,White Center Food Bank,food,"Greek, Modern",0,0,,False,none,0,,False,,https://www.whitecenterfoodbank.org,2026-09-06,,"No translation mechanism and no translated documents found on the site | Food bank. Groceries can be collected without a shared language, so a web-only assessment understates this sector more than any other. Read the tier as a measure of published information, not of whether someone is fed",EH,derived
food_whitecenter,White Center Food Bank,food,Gujarati,0,0,,False,none,0,,False,,https://www.whitecenterfoodbank.org,2026-09-06,,"No translation mechanism and no translated documents found on the site | Food bank. Groceries can be collected without a shared language, so a web-only assessment understates this sector more than any other. Read the tier as a measure of published information, not of whether someone is fed",EH,derived
food_whitecenter,White Center Food Bank,food,Haitian Creole,0,0,,False,none,0,,False,317,https://www.whitecenterfoodbank.org,2026-09-06,,"No translation mechanism and no translated documents found on the site | Food bank. Groceries can be collected without a shared language, so a web-only assessment understates this sector more than any other. Read the tier as a measure of published information, not of whether someone is fed",EH,derived
food_whitecenter,White Center Food Bank,food,Hausa,0,0,,False,none,0,,False,,https://www.whitecenterfoodbank.org,2026-09-06,,"No translation mechanism and no translated documents found on the site | Food bank. Groceries can be collected without a shared language, so a web-only assessment understates this sector more than any other. Read the tier as a measure of published information, not of whether someone is fed",EH,derived
food_whitecenter,White Center Food Bank,food,Hawaiian,0,0,,False,none,0,,False,,https://www.whitecenterfoodbank.org,2026-09-06,,"No translation mechanism and no translated documents found on the site | Food bank. Groceries can be collected without a shared language, so a web-only assessment understates this sector more than any other. Read the tier as a measure of published information, not of whether someone is fed",EH,derived
food_whitecenter,White Center Food Bank,food,Herero,0,0,,False,none,0,,False,,https://www.whitecenterfoodbank.org,2026-09-06,,"No translation mechanism and no translated documents found on the site | Food bank. Groceries can be collected without a shared language, so a web-only assessment understates this sector more than any other. Read the tier as a measure of published information, not of whether someone is fed",EH,derived
food_whitecenter,White Center Food Bank,food,Hindi,0,0,,False,none,0,,False,212,https://www.whitecenterfoodbank.org,2026-09-06,,"No translation mechanism and no translated documents found on the site | Food bank. Groceries can be collected without a shared language, so a web-only assessment understates this sector more than any other. Read the tier as a measure of published information, not of whether someone is fed",EH,derived
food_whitecenter,White Center Food Bank,food,Hmong,0,0,,False,none,0,,False,,https://www.whitecenterfoodbank.org,2026-09-06,,"No translation mechanism and no translated documents found on the site | Food bank. Groceries can be collected without a shared language, so a web-only assessment understates this sector more than any other. Read the tier as a measure of published information, not of whether someone is fed",EH,derived
food_whitecenter,White Center Food Bank,food,Hungarian,0,0,,False,none,0,,False,,https://www.whitecenterfoodbank.org,2026-09-06,,"No translation mechanism and no translated documents found on the site | Food bank. Groceries can be collected without a shared language, so a web-only assessment understates this sector more than any other. Read the tier as a measure of published information, not of whether someone is fed",EH,derived
food_whitecenter,White Center Food Bank,food,Igbo,0,0,,False,none,0,,False,,https://www.whitecenterfoodbank.org,2026-09-06,,"No translation mechanism and no translated documents found on the site | Food bank. Groceries can be collected without a shared language, so a web-only assessment understates this sector more than any other. Read the tier as a measure of published information, not of whether someone is fed",EH,derived
food_whitecenter,White Center Food Bank,food,Ilokano,0,0,,False,none,0,,False,,https://www.whitecenterfoodbank.org,2026-09-06,,"No translation mechanism and no translated documents found on the site | Food bank. Groceries can be collected without a shared language, so a web-only assessment understates this sector more than any other. Read the tier as a measure of published information, not of whether someone is fed",EH,derived
food_whitecenter,White Center Food Bank,food,Indonesian,0,0,,False,none,0,,False,,https://www.whitecenterfoodbank.org,2026-09-06,,"No translation mechanism and no translated documents found on the site | Food bank. Groceries can be collected without a shared language, so a web-only assessment understates this sector more than any other. Read the tier as a measure of published information, not of whether someone is fed",EH,derived
food_whitecenter,White Center Food Bank,food,Italian,0,0,,False,none,0,,False,,https://www.whitecenterfoodbank.org,2026-09-06,,"No translation mechanism and no translated documents found on the site | Food bank. Groceries can be collected without a shared language, so a web-only assessment understates this sector more than any other. Read the tier as a measure of published information, not of whether someone is fed",EH,derived
food_whitecenter,White Center Food Bank,food,Japanese,0,0,,False,none,0,,False,,https://www.whitecenterfoodbank.org,2026-09-06,,"No translation mechanism and no translated documents found on the site | Food bank. Groceries can be collected without a shared language, so a web-only assessment understates this sector more than any other. Read the tier as a measure of published information, not of whether someone is fed",EH,derived
food_whitecenter,White Center Food Bank,food,Kakwa,0,0,,False,none,0,,False,,https://www.whitecenterfoodbank.org,2026-09-06,,"No translation mechanism and no translated documents found on the site | Food bank. Groceries can be collected without a shared language, so a web-only assessment understates this sector more than any other. Read the tier as a measure of published information, not of whether someone is fed",EH,derived
food_whitecenter,White Center Food Bank,food,Kannada,0,0,,False,none,0,,False,,https://www.whitecenterfoodbank.org,2026-09-06,,"No translation mechanism and no translated documents found on the site | Food bank. Groceries can be collected without a shared language, so a web-only assessment understates this sector more than any other. Read the tier as a measure of published information, not of whether someone is fed",EH,derived
food_whitecenter,White Center Food Bank,food,Karen,0,0,,False,none,0,,False,,https://www.whitecenterfoodbank.org,2026-09-06,,"No translation mechanism and no translated documents found on the site | Food bank. Groceries can be collected without a shared language, so a web-only assessment understates this sector more than any other. Read the tier as a measure of published information, not of whether someone is fed",EH,derived
food_whitecenter,White Center Food Bank,food,Karenni,0,0,,False,none,0,,False,,https://www.whitecenterfoodbank.org,2026-09-06,,"No translation mechanism and no translated documents found on the site | Food bank. Groceries can be collected without a shared language, so a web-only assessment understates this sector more than any other. Read the tier as a measure of published information, not of whether someone is fed",EH,derived
food_whitecenter,White Center Food Bank,food,Kazakh,0,0,,False,none,0,,False,,https://www.whitecenterfoodbank.org,2026-09-06,,"No translation mechanism and no translated documents found on the site | Food bank. Groceries can be collected without a shared language, so a web-only assessment understates this sector more than any other. Read the tier as a measure of published information, not of whether someone is fed",EH,derived
food_whitecenter,White Center Food Bank,food,Khmer,0,0,,False,none,0,,False,1645,https://www.whitecenterfoodbank.org,2026-09-06,,"No translation mechanism and no translated documents found on the site | Food bank. Groceries can be collected without a shared language, so a web-only assessment understates this sector more than any other. Read the tier as a measure of published information, not of whether someone is fed",EH,derived
food_whitecenter,White Center Food Bank,food,Kikuyu,0,0,,False,none,0,,False,,https://www.whitecenterfoodbank.org,2026-09-06,,"No translation mechanism and no translated documents found on the site | Food bank. Groceries can be collected without a shared language, so a web-only assessment understates this sector more than any other. Read the tier as a measure of published information, not of whether someone is fed",EH,derived
food_whitecenter,White Center Food Bank,food,Kinyarwanda,0,0,,False,none,0,,False,,https://www.whitecenterfoodbank.org,2026-09-06,,"No translation mechanism and no translated documents found on the site | Food bank. Groceries can be collected without a shared language, so a web-only assessment understates this sector more than any other. Read the tier as a measure of published information, not of whether someone is fed",EH,derived
food_whitecenter,White Center Food Bank,food,Kirgiz,0,0,,False,none,0,,False,,https://www.whitecenterfoodbank.org,2026-09-06,,"No translation mechanism and no translated documents found on the site | Food bank. Groceries can be collected without a shared language, so a web-only assessment understates this sector more than any other. Read the tier as a measure of published information, not of whether someone is fed",EH,derived
food_whitecenter,White Center Food Bank,food,Kirundi,0,0,,False,none,0,,False,,https://www.whitecenterfoodbank.org,2026-09-06,,"No translation mechanism and no translated documents found on the site | Food bank. Groceries can be collected without a shared language, so a web-only assessment understates this sector more than any other. Read the tier as a measure of published information, not of whether someone is fed",EH,derived
food_whitecenter,White Center Food Bank,food,Kmhmu,0,0,,False,none,0,,False,,https://www.whitecenterfoodbank.org,2026-09-06,,"No translation mechanism and no translated documents found on the site | Food bank. Groceries can be collected without a shared language, so a web-only assessment understates this sector more than any other. Read the tier as a measure of published information, not of whether someone is fed",EH,derived
food_whitecenter,White Center Food Bank,food,Kongo,0,0,,False,none,0,,False,,https://www.whitecenterfoodbank.org,2026-09-06,,"No translation mechanism and no translated documents found on the site | Food bank. Groceries can be collected without a shared language, so a web-only assessment understates this sector more than any other. Read the tier as a measure of published information, not of whether someone is fed",EH,derived
food_whitecenter,White Center Food Bank,food,Korean,0,0,,False,none,0,,False,3625,https://www.whitecenterfoodbank.org,2026-09-06,,"No translation mechanism and no translated documents found on the site | Food bank. Groceries can be collected without a shared language, so a web-only assessment understates this sector more than any other. Read the tier as a measure of published information, not of whether someone is fed",EH,derived
food_whitecenter,White Center Food Bank,food,Kosraean,0,0,,False,none,0,,False,,https://www.whitecenterfoodbank.org,2026-09-06,,"No translation mechanism and no translated documents found on the site | Food bank. Groceries can be collected without a shared language, so a web-only assessment understates this sector more than any other. Read the tier as a measure of published information, not of whether someone is fed",EH,derived
food_whitecenter,White Center Food Bank,food,Krahn,0,0,,False,none,0,,False,,https://www.whitecenterfoodbank.org,2026-09-06,,"No translation mechanism and no translated documents found on the site | Food bank. Groceries can be collected without a shared language, so a web-only assessment understates this sector more than any other. Read the tier as a measure of published information, not of whether someone is fed",EH,derived
food_whitecenter,White Center Food Bank,food,Krio,0,0,,False,none,0,,False,,https://www.whitecenterfoodbank.org,2026-09-06,,"No translation mechanism and no translated documents found on the site | Food bank. Groceries can be collected without a shared language, so a web-only assessment understates this sector more than any other. Read the tier as a measure of published information, not of whether someone is fed",EH,derived
food_whitecenter,White Center Food Bank,food,Kru,0,0,,False,none,0,,False,,https://www.whitecenterfoodbank.org,2026-09-06,,"No translation mechanism and no translated documents found on the site | Food bank. Groceries can be collected without a shared language, so a web-only assessment understates this sector more than any other. Read the tier as a measure of published information, not of whether someone is fed",EH,derived
food_whitecenter,White Center Food Bank,food,Kurdish,0,0,,False,none,0,,False,,https://www.whitecenterfoodbank.org,2026-09-06,,"No translation mechanism and no translated documents found on the site | Food bank. Groceries can be collected without a shared language, so a web-only assessment understates this sector more than any other. Read the tier as a measure of published information, not of whether someone is fed",EH,derived
food_whitecenter,White Center Food Bank,food,Lao,0,0,,False,none,0,,False,399,https://www.whitecenterfoodbank.org,2026-09-06,,"No translation mechanism and no translated documents found on the site | Food bank. Groceries can be collected without a shared language, so a web-only assessment understates this sector more than any other. Read the tier as a measure of published information, not of whether someone is fed",EH,derived
food_whitecenter,White Center Food Bank,food,Latvian,0,0,,False,none,0,,False,,https://www.whitecenterfoodbank.org,2026-09-06,,"No translation mechanism and no translated documents found on the site | Food bank. Groceries can be collected without a shared language, so a web-only assessment understates this sector more than any other. Read the tier as a measure of published information, not of whether someone is fed",EH,derived
food_whitecenter,White Center Food Bank,food,Lingala,0,0,,False,none,0,,False,,https://www.whitecenterfoodbank.org,2026-09-06,,"No translation mechanism and no translated documents found on the site | Food bank. Groceries can be collected without a shared language, so a web-only assessment understates this sector more than any other. Read the tier as a measure of published information, not of whether someone is fed",EH,derived
food_whitecenter,White Center Food Bank,food,Luganda,0,0,,False,none,0,,False,,https://www.whitecenterfoodbank.org,2026-09-06,,"No translation mechanism and no translated documents found on the site | Food bank. Groceries can be collected without a shared language, so a web-only assessment understates this sector more than any other. Read the tier as a measure of published information, not of whether someone is fed",EH,derived
food_whitecenter,White Center Food Bank,food,Maay Maay,0,0,,False,none,0,,False,,https://www.whitecenterfoodbank.org,2026-09-06,,"No translation mechanism and no translated documents found on the site | Food bank. Groceries can be collected without a shared language, so a web-only assessment understates this sector more than any other. Read the tier as a measure of published information, not of whether someone is fed",EH,derived
food_whitecenter,White Center Food Bank,food,Malay,0,0,,False,none,0,,False,,https://www.whitecenterfoodbank.org,2026-09-06,,"No translation mechanism and no translated documents found on the site | Food bank. Groceries can be collected without a shared language, so a web-only assessment understates this sector more than any other. Read the tier as a measure of published information, not of whether someone is fed",EH,derived
food_whitecenter,White Center Food Bank,food,Malayalam,0,0,,False,none,0,,False,,https://www.whitecenterfoodbank.org,2026-09-06,,"No translation mechanism and no translated documents found on the site | Food bank. Groceries can be collected without a shared language, so a web-only assessment understates this sector more than any other. Read the tier as a measure of published information, not of whether someone is fed",EH,derived
food_whitecenter,White Center Food Bank,food,Mam,0,0,,False,none,0,,False,,https://www.whitecenterfoodbank.org,2026-09-06,,"No translation mechanism and no translated documents found on the site | Food bank. Groceries can be collected without a shared language, so a web-only assessment understates this sector more than any other. Read the tier as a measure of published information, not of whether someone is fed",EH,derived
food_whitecenter,White Center Food Bank,food,Mandingo,0,0,,False,none,0,,False,,https://www.whitecenterfoodbank.org,2026-09-06,,"No translation mechanism and no translated documents found on the site | Food bank. Groceries can be collected without a shared language, so a web-only assessment understates this sector more than any other. Read the tier as a measure of published information, not of whether someone is fed",EH,derived
food_whitecenter,White Center Food Bank,food,Mandinka,0,0,,False,none,0,,False,,https://www.whitecenterfoodbank.org,2026-09-06,,"No translation mechanism and no translated documents found on the site | Food bank. Groceries can be collected without a shared language, so a web-only assessment understates this sector more than any other. Read the tier as a measure of published information, not of whether someone is fed",EH,derived
food_whitecenter,White Center Food Bank,food,Marathi,0,0,,False,none,0,,False,,https://www.whitecenterfoodbank.org,2026-09-06,,"No translation mechanism and no translated documents found on the site | Food bank. Groceries can be collected without a shared language, so a web-only assessment understates this sector more than any other. Read the tier as a measure of published information, not of whether someone is fed",EH,derived
food_whitecenter,White Center Food Bank,food,Marquesan,0,0,,False,none,0,,False,,https://www.whitecenterfoodbank.org,2026-09-06,,"No translation mechanism and no translated documents found on the site | Food bank. Groceries can be collected without a shared language, so a web-only assessment understates this sector more than any other. Read the tier as a measure of published information, not of whether someone is fed",EH,derived
food_whitecenter,White Center Food Bank,food,Marshallese,0,0,,False,none,0,,False,,https://www.whitecenterfoodbank.org,2026-09-06,,"No translation mechanism and no translated documents found on the site | Food bank. Groceries can be collected without a shared language, so a web-only assessment understates this sector more than any other. Read the tier as a measure of published information, not of whether someone is fed",EH,derived
food_whitecenter,White Center Food Bank,food,Maya-Quiche,0,0,,False,none,0,,False,,https://www.whitecenterfoodbank.org,2026-09-06,,"No translation mechanism and no translated documents found on the site | Food bank. Groceries can be collected without a shared language, so a web-only assessment understates this sector more than any other. Read the tier as a measure of published information, not of whether someone is fed",EH,derived
food_whitecenter,White Center Food Bank,food,Mien,0,0,,False,none,0,,False,,https://www.whitecenterfoodbank.org,2026-09-06,,"No translation mechanism and no translated documents found on the site | Food bank. Groceries can be collected without a shared language, so a web-only assessment understates this sector more than any other. Read the tier as a measure of published information, not of whether someone is fed",EH,derived
food_whitecenter,White Center Food Bank,food,Mixteco,0,0,,False,none,0,,False,,https://www.whitecenterfoodbank.org,2026-09-06,,"No translation mechanism and no translated documents found on the site | Food bank. Groceries can be collected without a shared language, so a web-only assessment understates this sector more than any other. Read the tier as a measure of published information, not of whether someone is fed",EH,derived
food_whitecenter,White Center Food Bank,food,Moldavian,0,0,,False,none,0,,False,,https://www.whitecenterfoodbank.org,2026-09-06,,"No translation mechanism and no translated documents found on the site | Food bank. Groceries can be collected without a shared language, so a web-only assessment understates this sector more than any other. Read the tier as a measure of published information, not of whether someone is fed",EH,derived
food_whitecenter,White Center Food Bank,food,Mongolian,0,0,,False,none,0,,False,,https://www.whitecenterfoodbank.org,2026-09-06,,"No translation mechanism and no translated documents found on the site | Food bank. Groceries can be collected without a shared language, so a web-only assessment understates this sector more than any other. Read the tier as a measure of published information, not of whether someone is fed",EH,derived
food_whitecenter,White Center Food Bank,food,Moore,0,0,,False,none,0,,False,,https://www.whitecenterfoodbank.org,2026-09-06,,"No translation mechanism and no translated documents found on the site | Food bank. Groceries can be collected without a shared language, so a web-only assessment understates this sector more than any other. Read the tier as a measure of published information, not of whether someone is fed",EH,derived
food_whitecenter,White Center Food Bank,food,"Nahuatl, Guerrero region",0,0,,False,none,0,,False,,https://www.whitecenterfoodbank.org,2026-09-06,,"No translation mechanism and no translated documents found on the site | Food bank. Groceries can be collected without a shared language, so a web-only assessment understates this sector more than any other. Read the tier as a measure of published information, not of whether someone is fed",EH,derived
food_whitecenter,White Center Food Bank,food,Nepali,0,0,,False,none,0,,False,,https://www.whitecenterfoodbank.org,2026-09-06,,"No translation mechanism and no translated documents found on the site | Food bank. Groceries can be collected without a shared language, so a web-only assessment understates this sector more than any other. Read the tier as a measure of published information, not of whether someone is fed",EH,derived
food_whitecenter,White Center Food Bank,food,Nuer,0,0,,False,none,0,,False,,https://www.whitecenterfoodbank.org,2026-09-06,,"No translation mechanism and no translated documents found on the site | Food bank. Groceries can be collected without a shared language, so a web-only assessment understates this sector more than any other. Read the tier as a measure of published information, not of whether someone is fed",EH,derived
food_whitecenter,White Center Food Bank,food,Oromo,0,0,,False,none,0,,False,252,https://www.whitecenterfoodbank.org,2026-09-06,,"No translation mechanism and no translated documents found on the site | Food bank. Groceries can be collected without a shared language, so a web-only assessment understates this sector more than any other. Read the tier as a measure of published information, not of whether someone is fed",EH,derived
food_whitecenter,White Center Food Bank,food,Palau,0,0,,False,none,0,,False,,https://www.whitecenterfoodbank.org,2026-09-06,,"No translation mechanism and no translated documents found on the site | Food bank. Groceries can be collected without a shared language, so a web-only assessment understates this sector more than any other. Read the tier as a measure of published information, not of whether someone is fed",EH,derived
food_whitecenter,White Center Food Bank,food,Pashai,0,0,,False,none,0,,False,,https://www.whitecenterfoodbank.org,2026-09-06,,"No translation mechanism and no translated documents found on the site | Food bank. Groceries can be collected without a shared language, so a web-only assessment understates this sector more than any other. Read the tier as a measure of published information, not of whether someone is fed",EH,derived
food_whitecenter,White Center Food Bank,food,Pashto,0,0,,False,none,0,,False,680,https://www.whitecenterfoodbank.org,2026-09-06,,"No translation mechanism and no translated documents found on the site | Food bank. Groceries can be collected without a shared language, so a web-only assessment understates this sector more than any other. Read the tier as a measure of published information, not of whether someone is fed",EH,derived
food_whitecenter,White Center Food Bank,food,Pere,0,0,,False,none,0,,False,,https://www.whitecenterfoodbank.org,2026-09-06,,"No translation mechanism and no translated documents found on the site | Food bank. Groceries can be collected without a shared language, so a web-only assessment understates this sector more than any other. Read the tier as a measure of published information, not of whether someone is fed",EH,derived
food_whitecenter,White Center Food Bank,food,Polish,0,0,,False,none,0,,False,,https://www.whitecenterfoodbank.org,2026-09-06,,"No translation mechanism and no translated documents found on the site | Food bank. Groceries can be collected without a shared language, so a web-only assessment understates this sector more than any other. Read the tier as a measure of published information, not of whether someone is fed",EH,derived
food_whitecenter,White Center Food Bank,food,Portuguese,0,0,,False,none,0,,False,1449,https://www.whitecenterfoodbank.org,2026-09-06,,"No translation mechanism and no translated documents found on the site | Food bank. Groceries can be collected without a shared language, so a web-only assessment understates this sector more than any other. Read the tier as a measure of published information, not of whether someone is fed",EH,derived
food_whitecenter,White Center Food Bank,food,Punjabi,0,0,,False,none,0,,False,1632,https://www.whitecenterfoodbank.org,2026-09-06,,"No translation mechanism and no translated documents found on the site | Food bank. Groceries can be collected without a shared language, so a web-only assessment understates this sector more than any other. Read the tier as a measure of published information, not of whether someone is fed",EH,derived
food_whitecenter,White Center Food Bank,food,Purepecha,0,0,,False,none,0,,False,,https://www.whitecenterfoodbank.org,2026-09-06,,"No translation mechanism and no translated documents found on the site | Food bank. Groceries can be collected without a shared language, so a web-only assessment understates this sector more than any other. Read the tier as a measure of published information, not of whether someone is fed",EH,derived
food_whitecenter,White Center Food Bank,food,Rohingya,0,0,,False,none,0,,False,,https://www.whitecenterfoodbank.org,2026-09-06,,"No translation mechanism and no translated documents found on the site | Food bank. Groceries can be collected without a shared language, so a web-only assessment understates this sector more than any other. Read the tier as a measure of published information, not of whether someone is fed",EH,derived
food_whitecenter,White Center Food Bank,food,Romanian,0,0,,False,none,0,,False,453,https://www.whitecenterfoodbank.org,2026-09-06,,"No translation mechanism and no translated documents found on the site | Food bank. Groceries can be collected without a shared language, so a web-only assessment understates this sector more than any other. Read the tier as a measure of published information, not of whether someone is fed",EH,derived
food_whitecenter,White Center Food Bank,food,Russian,0,0,,False,none,0,,False,12029,https://www.whitecenterfoodbank.org,2026-09-06,,"No translation mechanism and no translated documents found on the site | Food bank. Groceries can be collected without a shared language, so a web-only assessment understates this sector more than any other. Read the tier as a measure of published information, not of whether someone is fed",EH,derived
food_whitecenter,White Center Food Bank,food,Samoan,0,0,,False,none,0,,False,261,https://www.whitecenterfoodbank.org,2026-09-06,,"No translation mechanism and no translated documents found on the site | Food bank. Groceries can be collected without a shared language, so a web-only assessment understates this sector more than any other. Read the tier as a measure of published information, not of whether someone is fed",EH,derived
food_whitecenter,White Center Food Bank,food,Sao,0,0,,False,none,0,,False,,https://www.whitecenterfoodbank.org,2026-09-06,,"No translation mechanism and no translated documents found on the site | Food bank. Groceries can be collected without a shared language, so a web-only assessment understates this sector more than any other. Read the tier as a measure of published information, not of whether someone is fed",EH,derived
food_whitecenter,White Center Food Bank,food,Serbo-Croation,0,0,,False,none,0,,False,,https://www.whitecenterfoodbank.org,2026-09-06,,"No translation mechanism and no translated documents found on the site | Food bank. Groceries can be collected without a shared language, so a web-only assessment understates this sector more than any other. Read the tier as a measure of published information, not of whether someone is fed",EH,derived
food_whitecenter,White Center Food Bank,food,Shona,0,0,,False,none,0,,False,,https://www.whitecenterfoodbank.org,2026-09-06,,"No translation mechanism and no translated documents found on the site | Food bank. Groceries can be collected without a shared language, so a web-only assessment understates this sector more than any other. Read the tier as a measure of published information, not of whether someone is fed",EH,derived
food_whitecenter,White Center Food Bank,food,Sinhalese,0,0,,False,none,0,,False,,https://www.whitecenterfoodbank.org,2026-09-06,,"No translation mechanism and no translated documents found on the site | Food bank. Groceries can be collected without a shared language, so a web-only assessment understates this sector more than any other. Read the tier as a measure of published information, not of whether someone is fed",EH,derived
food_whitecenter,White Center Food Bank,food,Slovenian,0,0,,False,none,0,,False,,https://www.whitecenterfoodbank.org,2026-09-06,,"No translation mechanism and no translated documents found on the site | Food bank. Groceries can be collected without a shared language, so a web-only assessment understates this sector more than any other. Read the tier as a measure of published information, not of whether someone is fed",EH,derived
food_whitecenter,White Center Food Bank,food,Somali,0,0,,False,none,0,,False,1417,https://www.whitecenterfoodbank.org,2026-09-06,,"No translation mechanism and no translated documents found on the site | Food bank. Groceries can be collected without a shared language, so a web-only assessment understates this sector more than any other. Read the tier as a measure of published information, not of whether someone is fed",EH,derived
food_whitecenter,White Center Food Bank,food,Soninke,0,0,,False,none,0,,False,,https://www.whitecenterfoodbank.org,2026-09-06,,"No translation mechanism and no translated documents found on the site | Food bank. Groceries can be collected without a shared language, so a web-only assessment understates this sector more than any other. Read the tier as a measure of published information, not of whether someone is fed",EH,derived
food_whitecenter,White Center Food Bank,food,Sotho,0,0,,False,none,0,,False,,https://www.whitecenterfoodbank.org,2026-09-06,,"No translation mechanism and no translated documents found on the site | Food bank. Groceries can be collected without a shared language, so a web-only assessment understates this sector more than any other. Read the tier as a measure of published information, not of whether someone is fed",EH,derived
food_whitecenter,White Center Food Bank,food,Spanish,0,0,,False,none,0,,False,105998,https://www.whitecenterfoodbank.org,2026-09-06,,"No translation mechanism and no translated documents found on the site | Food bank. Groceries can be collected without a shared language, so a web-only assessment understates this sector more than any other. Read the tier as a measure of published information, not of whether someone is fed",EH,derived
food_whitecenter,White Center Food Bank,food,Swahili,0,0,,False,none,0,,False,324,https://www.whitecenterfoodbank.org,2026-09-06,,"No translation mechanism and no translated documents found on the site | Food bank. Groceries can be collected without a shared language, so a web-only assessment understates this sector more than any other. Read the tier as a measure of published information, not of whether someone is fed",EH,derived
food_whitecenter,White Center Food Bank,food,Tagalog,0,0,,False,none,0,,False,871,https://www.whitecenterfoodbank.org,2026-09-06,,"No translation mechanism and no translated documents found on the site | Food bank. Groceries can be collected without a shared language, so a web-only assessment understates this sector more than any other. Read the tier as a measure of published information, not of whether someone is fed",EH,derived
food_whitecenter,White Center Food Bank,food,Taishanese,0,0,,False,none,0,,False,,https://www.whitecenterfoodbank.org,2026-09-06,,"No translation mechanism and no translated documents found on the site | Food bank. Groceries can be collected without a shared language, so a web-only assessment understates this sector more than any other. Read the tier as a measure of published information, not of whether someone is fed",EH,derived
food_whitecenter,White Center Food Bank,food,Tajiki,0,0,,False,none,0,,False,,https://www.whitecenterfoodbank.org,2026-09-06,,"No translation mechanism and no translated documents found on the site | Food bank. Groceries can be collected without a shared language, so a web-only assessment understates this sector more than any other. Read the tier as a measure of published information, not of whether someone is fed",EH,derived
food_whitecenter,White Center Food Bank,food,Tamil,0,0,,False,none,0,,False,,https://www.whitecenterfoodbank.org,2026-09-06,,"No translation mechanism and no translated documents found on the site | Food bank. Groceries can be collected without a shared language, so a web-only assessment understates this sector more than any other. Read the tier as a measure of published information, not of whether someone is fed",EH,derived
food_whitecenter,White Center Food Bank,food,Tarasco,0,0,,False,none,0,,False,,https://www.whitecenterfoodbank.org,2026-09-06,,"No translation mechanism and no translated documents found on the site | Food bank. Groceries can be collected without a shared language, so a web-only assessment understates this sector more than any other. Read the tier as a measure of published information, not of whether someone is fed",EH,derived
food_whitecenter,White Center Food Bank,food,Tedim,0,0,,False,none,0,,False,,https://www.whitecenterfoodbank.org,2026-09-06,,"No translation mechanism and no translated documents found on the site | Food bank. Groceries can be collected without a shared language, so a web-only assessment understates this sector more than any other. Read the tier as a measure of published information, not of whether someone is fed",EH,derived
food_whitecenter,White Center Food Bank,food,Telugu,0,0,,False,none,0,,False,,https://www.whitecenterfoodbank.org,2026-09-06,,"No translation mechanism and no translated documents found on the site | Food bank. Groceries can be collected without a shared language, so a web-only assessment understates this sector more than any other. Read the tier as a measure of published information, not of whether someone is fed",EH,derived
food_whitecenter,White Center Food Bank,food,Thai,0,0,,False,none,0,,False,232,https://www.whitecenterfoodbank.org,2026-09-06,,"No translation mechanism and no translated documents found on the site | Food bank. Groceries can be collected without a shared language, so a web-only assessment understates this sector more than any other. Read the tier as a measure of published information, not of whether someone is fed",EH,derived
food_whitecenter,White Center Food Bank,food,Tibetan,0,0,,False,none,0,,False,,https://www.whitecenterfoodbank.org,2026-09-06,,"No translation mechanism and no translated documents found on the site | Food bank. Groceries can be collected without a shared language, so a web-only assessment understates this sector more than any other. Read the tier as a measure of published information, not of whether someone is fed",EH,derived
food_whitecenter,White Center Food Bank,food,Tigrinya,0,0,,False,none,0,,False,1144,https://www.whitecenterfoodbank.org,2026-09-06,,"No translation mechanism and no translated documents found on the site | Food bank. Groceries can be collected without a shared language, so a web-only assessment understates this sector more than any other. Read the tier as a measure of published information, not of whether someone is fed",EH,derived
food_whitecenter,White Center Food Bank,food,Tongan,0,0,,False,none,0,,False,,https://www.whitecenterfoodbank.org,2026-09-06,,"No translation mechanism and no translated documents found on the site | Food bank. Groceries can be collected without a shared language, so a web-only assessment understates this sector more than any other. Read the tier as a measure of published information, not of whether someone is fed",EH,derived
food_whitecenter,White Center Food Bank,food,Turkish,0,0,,False,none,0,,False,,https://www.whitecenterfoodbank.org,2026-09-06,,"No translation mechanism and no translated documents found on the site | Food bank. Groceries can be collected without a shared language, so a web-only assessment understates this sector more than any other. Read the tier as a measure of published information, not of whether someone is fed",EH,derived
food_whitecenter,White Center Food Bank,food,Twi,0,0,,False,none,0,,False,,https://www.whitecenterfoodbank.org,2026-09-06,,"No translation mechanism and no translated documents found on the site | Food bank. Groceries can be collected without a shared language, so a web-only assessment understates this sector more than any other. Read the tier as a measure of published information, not of whether someone is fed",EH,derived
food_whitecenter,White Center Food Bank,food,Ukrainian,0,0,,False,none,0,,False,5881,https://www.whitecenterfoodbank.org,2026-09-06,,"No translation mechanism and no translated documents found on the site | Food bank. Groceries can be collected without a shared language, so a web-only assessment understates this sector more than any other. Read the tier as a measure of published information, not of whether someone is fed",EH,derived
food_whitecenter,White Center Food Bank,food,Urdu,0,0,,False,none,0,,False,,https://www.whitecenterfoodbank.org,2026-09-06,,"No translation mechanism and no translated documents found on the site | Food bank. Groceries can be collected without a shared language, so a web-only assessment understates this sector more than any other. Read the tier as a measure of published information, not of whether someone is fed",EH,derived
food_whitecenter,White Center Food Bank,food,Uzbek,0,0,,False,none,0,,False,,https://www.whitecenterfoodbank.org,2026-09-06,,"No translation mechanism and no translated documents found on the site | Food bank. Groceries can be collected without a shared language, so a web-only assessment understates this sector more than any other. Read the tier as a measure of published information, not of whether someone is fed",EH,derived
food_whitecenter,White Center Food Bank,food,Vietnamese,0,0,,False,none,0,,False,9202,https://www.whitecenterfoodbank.org,2026-09-06,,"No translation mechanism and no translated documents found on the site | Food bank. Groceries can be collected without a shared language, so a web-only assessment understates this sector more than any other. Read the tier as a measure of published information, not of whether someone is fed",EH,derived
food_whitecenter,White Center Food Bank,food,Wolof,0,0,,False,none,0,,False,,https://www.whitecenterfoodbank.org,2026-09-06,,"No translation mechanism and no translated documents found on the site | Food bank. Groceries can be collected without a shared language, so a web-only assessment understates this sector more than any other. Read the tier as a measure of published information, not of whether someone is fed",EH,derived
food_whitecenter,White Center Food Bank,food,Yap,0,0,,False,none,0,,False,,https://www.whitecenterfoodbank.org,2026-09-06,,"No translation mechanism and no translated documents found on the site | Food bank. Groceries can be collected without a shared language, so a web-only assessment understates this sector more than any other. Read the tier as a measure of published information, not of whether someone is fed",EH,derived
food_whitecenter,White Center Food Bank,food,Yoruba,0,0,,False,none,0,,False,,https://www.whitecenterfoodbank.org,2026-09-06,,"No translation mechanism and no translated documents found on the site | Food bank. Groceries can be collected without a shared language, so a web-only assessment understates this sector more than any other. Read the tier as a measure of published information, not of whether someone is fed",EH,derived
food_tukwila,Tukwila Pantry,food,Acholi,0,0,,False,none,0,,False,,https://www.tukwilapantry.org,2026-09-06,,"No translation mechanism and no translated documents found on the site | Food bank. Groceries can be collected without a shared language, so a web-only assessment understates this sector more than any other. Read the tier as a measure of published information, not of whether someone is fed",EH,derived
food_tukwila,Tukwila Pantry,food,Aguacateco,0,0,,False,none,0,,False,,https://www.tukwilapantry.org,2026-09-06,,"No translation mechanism and no translated documents found on the site | Food bank. Groceries can be collected without a shared language, so a web-only assessment understates this sector more than any other. Read the tier as a measure of published information, not of whether someone is fed",EH,derived
food_tukwila,Tukwila Pantry,food,Akateko,0,0,,False,none,0,,False,,https://www.tukwilapantry.org,2026-09-06,,"No translation mechanism and no translated documents found on the site | Food bank. Groceries can be collected without a shared language, so a web-only assessment understates this sector more than any other. Read the tier as a measure of published information, not of whether someone is fed",EH,derived
food_tukwila,Tukwila Pantry,food,Albanian,0,0,,False,none,0,,False,,https://www.tukwilapantry.org,2026-09-06,,"No translation mechanism and no translated documents found on the site | Food bank. Groceries can be collected without a shared language, so a web-only assessment understates this sector more than any other. Read the tier as a measure of published information, not of whether someone is fed",EH,derived
food_tukwila,Tukwila Pantry,food,American Sign Language,0,0,,False,none,0,,False,298,https://www.tukwilapantry.org,2026-09-06,,"No translation mechanism and no translated documents found on the site | Food bank. Groceries can be collected without a shared language, so a web-only assessment understates this sector more than any other. Read the tier as a measure of published information, not of whether someone is fed",EH,derived
food_tukwila,Tukwila Pantry,food,Amharic,0,0,,False,none,0,,False,1615,https://www.tukwilapantry.org,2026-09-06,,"No translation mechanism and no translated documents found on the site | Food bank. Groceries can be collected without a shared language, so a web-only assessment understates this sector more than any other. Read the tier as a measure of published information, not of whether someone is fed",EH,derived
food_tukwila,Tukwila Pantry,food,Arabic,0,0,,False,none,0,,False,2447,https://www.tukwilapantry.org,2026-09-06,,"No translation mechanism and no translated documents found on the site | Food bank. Groceries can be collected without a shared language, so a web-only assessment understates this sector more than any other. Read the tier as a measure of published information, not of whether someone is fed",EH,derived
food_tukwila,Tukwila Pantry,food,Armenian,0,0,,False,none,0,,False,,https://www.tukwilapantry.org,2026-09-06,,"No translation mechanism and no translated documents found on the site | Food bank. Groceries can be collected without a shared language, so a web-only assessment understates this sector more than any other. Read the tier as a measure of published information, not of whether someone is fed",EH,derived
food_tukwila,Tukwila Pantry,food,Ayula-Bambara,0,0,,False,none,0,,False,,https://www.tukwilapantry.org,2026-09-06,,"No translation mechanism and no translated documents found on the site | Food bank. Groceries can be collected without a shared language, so a web-only assessment understates this sector more than any other. Read the tier as a measure of published information, not of whether someone is fed",EH,derived
food_tukwila,Tukwila Pantry,food,Azerbaijani,0,0,,False,none,0,,False,,https://www.tukwilapantry.org,2026-09-06,,"No translation mechanism and no translated documents found on the site | Food bank. Groceries can be collected without a shared language, so a web-only assessment understates this sector more than any other. Read the tier as a measure of published information, not of whether someone is fed",EH,derived
food_tukwila,Tukwila Pantry,food,Bambara,0,0,,False,none,0,,False,,https://www.tukwilapantry.org,2026-09-06,,"No translation mechanism and no translated documents found on the site | Food bank. Groceries can be collected without a shared language, so a web-only assessment understates this sector more than any other. Read the tier as a measure of published information, not of whether someone is fed",EH,derived
food_tukwila,Tukwila Pantry,food,Bangala,0,0,,False,none,0,,False,,https://www.tukwilapantry.org,2026-09-06,,"No translation mechanism and no translated documents found on the site | Food bank. Groceries can be collected without a shared language, so a web-only assessment understates this sector more than any other. Read the tier as a measure of published information, not of whether someone is fed",EH,derived
food_tukwila,Tukwila Pantry,food,Bassa,0,0,,False,none,0,,False,,https://www.tukwilapantry.org,2026-09-06,,"No translation mechanism and no translated documents found on the site | Food bank. Groceries can be collected without a shared language, so a web-only assessment understates this sector more than any other. Read the tier as a measure of published information, not of whether someone is fed",EH,derived
food_tukwila,Tukwila Pantry,food,Bengali,0,0,,False,none,0,,False,,https://www.tukwilapantry.org,2026-09-06,,"No translation mechanism and no translated documents found on the site | Food bank. Groceries can be collected without a shared language, so a web-only assessment understates this sector more than any other. Read the tier as a measure of published information, not of whether someone is fed",EH,derived
food_tukwila,Tukwila Pantry,food,Bosnian,0,0,,False,none,0,,False,,https://www.tukwilapantry.org,2026-09-06,,"No translation mechanism and no translated documents found on the site | Food bank. Groceries can be collected without a shared language, so a web-only assessment understates this sector more than any other. Read the tier as a measure of published information, not of whether someone is fed",EH,derived
food_tukwila,Tukwila Pantry,food,Bulgarian,0,0,,False,none,0,,False,,https://www.tukwilapantry.org,2026-09-06,,"No translation mechanism and no translated documents found on the site | Food bank. Groceries can be collected without a shared language, so a web-only assessment understates this sector more than any other. Read the tier as a measure of published information, not of whether someone is fed",EH,derived
food_tukwila,Tukwila Pantry,food,Burmese,0,0,,False,none,0,,False,349,https://www.tukwilapantry.org,2026-09-06,,"No translation mechanism and no translated documents found on the site | Food bank. Groceries can be collected without a shared language, so a web-only assessment understates this sector more than any other. Read the tier as a measure of published information, not of whether someone is fed",EH,derived
food_tukwila,Tukwila Pantry,food,Carolinian,0,0,,False,none,0,,False,,https://www.tukwilapantry.org,2026-09-06,,"No translation mechanism and no translated documents found on the site | Food bank. Groceries can be collected without a shared language, so a web-only assessment understates this sector more than any other. Read the tier as a measure of published information, not of whether someone is fed",EH,derived
food_tukwila,Tukwila Pantry,food,Catalan,0,0,,False,none,0,,False,,https://www.tukwilapantry.org,2026-09-06,,"No translation mechanism and no translated documents found on the site | Food bank. Groceries can be collected without a shared language, so a web-only assessment understates this sector more than any other. Read the tier as a measure of published information, not of whether someone is fed",EH,derived
food_tukwila,Tukwila Pantry,food,Cebuano,0,0,,False,none,0,,False,,https://www.tukwilapantry.org,2026-09-06,,"No translation mechanism and no translated documents found on the site | Food bank. Groceries can be collected without a shared language, so a web-only assessment understates this sector more than any other. Read the tier as a measure of published information, not of whether someone is fed",EH,derived
food_tukwila,Tukwila Pantry,food,Cham,0,0,,False,none,0,,False,,https://www.tukwilapantry.org,2026-09-06,,"No translation mechanism and no translated documents found on the site | Food bank. Groceries can be collected without a shared language, so a web-only assessment understates this sector more than any other. Read the tier as a measure of published information, not of whether someone is fed",EH,derived
food_tukwila,Tukwila Pantry,food,Chamorro,0,0,,False,none,0,,False,,https://www.tukwilapantry.org,2026-09-06,,"No translation mechanism and no translated documents found on the site | Food bank. Groceries can be collected without a shared language, so a web-only assessment understates this sector more than any other. Read the tier as a measure of published information, not of whether someone is fed",EH,derived
food_tukwila,Tukwila Pantry,food,Chin,0,0,,False,none,0,,False,,https://www.tukwilapantry.org,2026-09-06,,"No translation mechanism and no translated documents found on the site | Food bank. Groceries can be collected without a shared language, so a web-only assessment understates this sector more than any other. Read the tier as a measure of published information, not of whether someone is fed",EH,derived
food_tukwila,Tukwila Pantry,food,Chinese-Cantonese,0,0,,False,none,0,,False,,https://www.tukwilapantry.org,2026-09-06,,"No translation mechanism and no translated documents found on the site | Food bank. Groceries can be collected without a shared language, so a web-only assessment understates this sector more than any other. Read the tier as a measure of published information, not of whether someone is fed",EH,derived
food_tukwila,Tukwila Pantry,food,Chinese-Fukienese,0,0,,False,none,0,,False,,https://www.tukwilapantry.org,2026-09-06,,"No translation mechanism and no translated documents found on the site | Food bank. Groceries can be collected without a shared language, so a web-only assessment understates this sector more than any other. Read the tier as a measure of published information, not of whether someone is fed",EH,derived
food_tukwila,Tukwila Pantry,food,Chinese-Mandarin,0,0,,False,none,0,,False,,https://www.tukwilapantry.org,2026-09-06,,"No translation mechanism and no translated documents found on the site | Food bank. Groceries can be collected without a shared language, so a web-only assessment understates this sector more than any other. Read the tier as a measure of published information, not of whether someone is fed",EH,derived
food_tukwila,Tukwila Pantry,food,Chinese-Taiwanese,0,0,,False,none,0,,False,,https://www.tukwilapantry.org,2026-09-06,,"No translation mechanism and no translated documents found on the site | Food bank. Groceries can be collected without a shared language, so a web-only assessment understates this sector more than any other. Read the tier as a measure of published information, not of whether someone is fed",EH,derived
food_tukwila,Tukwila Pantry,food,Chuukese,0,0,,False,none,0,,False,677,https://www.tukwilapantry.org,2026-09-06,,"No translation mechanism and no translated documents found on the site | Food bank. Groceries can be collected without a shared language, so a web-only assessment understates this sector more than any other. Read the tier as a measure of published information, not of whether someone is fed",EH,derived
food_tukwila,Tukwila Pantry,food,Dari,0,0,,False,none,0,,False,2702,https://www.tukwilapantry.org,2026-09-06,,"No translation mechanism and no translated documents found on the site | Food bank. Groceries can be collected without a shared language, so a web-only assessment understates this sector more than any other. Read the tier as a measure of published information, not of whether someone is fed",EH,derived
food_tukwila,Tukwila Pantry,food,Dinka,0,0,,False,none,0,,False,,https://www.tukwilapantry.org,2026-09-06,,"No translation mechanism and no translated documents found on the site | Food bank. Groceries can be collected without a shared language, so a web-only assessment understates this sector more than any other. Read the tier as a measure of published information, not of whether someone is fed",EH,derived
food_tukwila,Tukwila Pantry,food,Dutch,0,0,,False,none,0,,False,,https://www.tukwilapantry.org,2026-09-06,,"No translation mechanism and no translated documents found on the site | Food bank. Groceries can be collected without a shared language, so a web-only assessment understates this sector more than any other. Read the tier as a measure of published information, not of whether someone is fed",EH,derived
food_tukwila,Tukwila Pantry,food,Egyptian-Arabic,0,0,,False,none,0,,False,,https://www.tukwilapantry.org,2026-09-06,,"No translation mechanism and no translated documents found on the site | Food bank. Groceries can be collected without a shared language, so a web-only assessment understates this sector more than any other. Read the tier as a measure of published information, not of whether someone is fed",EH,derived
food_tukwila,Tukwila Pantry,food,Eritai,0,0,,False,none,0,,False,,https://www.tukwilapantry.org,2026-09-06,,"No translation mechanism and no translated documents found on the site | Food bank. Groceries can be collected without a shared language, so a web-only assessment understates this sector more than any other. Read the tier as a measure of published information, not of whether someone is fed",EH,derived
food_tukwila,Tukwila Pantry,food,Estonian,0,0,,False,none,0,,False,,https://www.tukwilapantry.org,2026-09-06,,"No translation mechanism and no translated documents found on the site | Food bank. Groceries can be collected without a shared language, so a web-only assessment understates this sector more than any other. Read the tier as a measure of published information, not of whether someone is fed",EH,derived
food_tukwila,Tukwila Pantry,food,Ewe,0,0,,False,none,0,,False,,https://www.tukwilapantry.org,2026-09-06,,"No translation mechanism and no translated documents found on the site | Food bank. Groceries can be collected without a shared language, so a web-only assessment understates this sector more than any other. Read the tier as a measure of published information, not of whether someone is fed",EH,derived
food_tukwila,Tukwila Pantry,food,Fallani,0,0,,False,none,0,,False,,https://www.tukwilapantry.org,2026-09-06,,"No translation mechanism and no translated documents found on the site | Food bank. Groceries can be collected without a shared language, so a web-only assessment understates this sector more than any other. Read the tier as a measure of published information, not of whether someone is fed",EH,derived
food_tukwila,Tukwila Pantry,food,Farsi,0,0,,False,none,0,,False,990,https://www.tukwilapantry.org,2026-09-06,,"No translation mechanism and no translated documents found on the site | Food bank. Groceries can be collected without a shared language, so a web-only assessment understates this sector more than any other. Read the tier as a measure of published information, not of whether someone is fed",EH,derived
food_tukwila,Tukwila Pantry,food,French,0,0,,False,none,0,,False,994,https://www.tukwilapantry.org,2026-09-06,,"No translation mechanism and no translated documents found on the site | Food bank. Groceries can be collected without a shared language, so a web-only assessment understates this sector more than any other. Read the tier as a measure of published information, not of whether someone is fed",EH,derived
food_tukwila,Tukwila Pantry,food,Fula,0,0,,False,none,0,,False,,https://www.tukwilapantry.org,2026-09-06,,"No translation mechanism and no translated documents found on the site | Food bank. Groceries can be collected without a shared language, so a web-only assessment understates this sector more than any other. Read the tier as a measure of published information, not of whether someone is fed",EH,derived
food_tukwila,Tukwila Pantry,food,Ga,0,0,,False,none,0,,False,,https://www.tukwilapantry.org,2026-09-06,,"No translation mechanism and no translated documents found on the site | Food bank. Groceries can be collected without a shared language, so a web-only assessment understates this sector more than any other. Read the tier as a measure of published information, not of whether someone is fed",EH,derived
food_tukwila,Tukwila Pantry,food,German,0,0,,False,none,0,,False,,https://www.tukwilapantry.org,2026-09-06,,"No translation mechanism and no translated documents found on the site | Food bank. Groceries can be collected without a shared language, so a web-only assessment understates this sector more than any other. Read the tier as a measure of published information, not of whether someone is fed",EH,derived
food_tukwila,Tukwila Pantry,food,"Greek, Modern",0,0,,False,none,0,,False,,https://www.tukwilapantry.org,2026-09-06,,"No translation mechanism and no translated documents found on the site | Food bank. Groceries can be collected without a shared language, so a web-only assessment understates this sector more than any other. Read the tier as a measure of published information, not of whether someone is fed",EH,derived
food_tukwila,Tukwila Pantry,food,Gujarati,0,0,,False,none,0,,False,,https://www.tukwilapantry.org,2026-09-06,,"No translation mechanism and no translated documents found on the site | Food bank. Groceries can be collected without a shared language, so a web-only assessment understates this sector more than any other. Read the tier as a measure of published information, not of whether someone is fed",EH,derived
food_tukwila,Tukwila Pantry,food,Haitian Creole,0,0,,False,none,0,,False,317,https://www.tukwilapantry.org,2026-09-06,,"No translation mechanism and no translated documents found on the site | Food bank. Groceries can be collected without a shared language, so a web-only assessment understates this sector more than any other. Read the tier as a measure of published information, not of whether someone is fed",EH,derived
food_tukwila,Tukwila Pantry,food,Hausa,0,0,,False,none,0,,False,,https://www.tukwilapantry.org,2026-09-06,,"No translation mechanism and no translated documents found on the site | Food bank. Groceries can be collected without a shared language, so a web-only assessment understates this sector more than any other. Read the tier as a measure of published information, not of whether someone is fed",EH,derived
food_tukwila,Tukwila Pantry,food,Hawaiian,0,0,,False,none,0,,False,,https://www.tukwilapantry.org,2026-09-06,,"No translation mechanism and no translated documents found on the site | Food bank. Groceries can be collected without a shared language, so a web-only assessment understates this sector more than any other. Read the tier as a measure of published information, not of whether someone is fed",EH,derived
food_tukwila,Tukwila Pantry,food,Herero,0,0,,False,none,0,,False,,https://www.tukwilapantry.org,2026-09-06,,"No translation mechanism and no translated documents found on the site | Food bank. Groceries can be collected without a shared language, so a web-only assessment understates this sector more than any other. Read the tier as a measure of published information, not of whether someone is fed",EH,derived
food_tukwila,Tukwila Pantry,food,Hindi,0,0,,False,none,0,,False,212,https://www.tukwilapantry.org,2026-09-06,,"No translation mechanism and no translated documents found on the site | Food bank. Groceries can be collected without a shared language, so a web-only assessment understates this sector more than any other. Read the tier as a measure of published information, not of whether someone is fed",EH,derived
food_tukwila,Tukwila Pantry,food,Hmong,0,0,,False,none,0,,False,,https://www.tukwilapantry.org,2026-09-06,,"No translation mechanism and no translated documents found on the site | Food bank. Groceries can be collected without a shared language, so a web-only assessment understates this sector more than any other. Read the tier as a measure of published information, not of whether someone is fed",EH,derived
food_tukwila,Tukwila Pantry,food,Hungarian,0,0,,False,none,0,,False,,https://www.tukwilapantry.org,2026-09-06,,"No translation mechanism and no translated documents found on the site | Food bank. Groceries can be collected without a shared language, so a web-only assessment understates this sector more than any other. Read the tier as a measure of published information, not of whether someone is fed",EH,derived
food_tukwila,Tukwila Pantry,food,Igbo,0,0,,False,none,0,,False,,https://www.tukwilapantry.org,2026-09-06,,"No translation mechanism and no translated documents found on the site | Food bank. Groceries can be collected without a shared language, so a web-only assessment understates this sector more than any other. Read the tier as a measure of published information, not of whether someone is fed",EH,derived
food_tukwila,Tukwila Pantry,food,Ilokano,0,0,,False,none,0,,False,,https://www.tukwilapantry.org,2026-09-06,,"No translation mechanism and no translated documents found on the site | Food bank. Groceries can be collected without a shared language, so a web-only assessment understates this sector more than any other. Read the tier as a measure of published information, not of whether someone is fed",EH,derived
food_tukwila,Tukwila Pantry,food,Indonesian,0,0,,False,none,0,,False,,https://www.tukwilapantry.org,2026-09-06,,"No translation mechanism and no translated documents found on the site | Food bank. Groceries can be collected without a shared language, so a web-only assessment understates this sector more than any other. Read the tier as a measure of published information, not of whether someone is fed",EH,derived
food_tukwila,Tukwila Pantry,food,Italian,0,0,,False,none,0,,False,,https://www.tukwilapantry.org,2026-09-06,,"No translation mechanism and no translated documents found on the site | Food bank. Groceries can be collected without a shared language, so a web-only assessment understates this sector more than any other. Read the tier as a measure of published information, not of whether someone is fed",EH,derived
food_tukwila,Tukwila Pantry,food,Japanese,0,0,,False,none,0,,False,,https://www.tukwilapantry.org,2026-09-06,,"No translation mechanism and no translated documents found on the site | Food bank. Groceries can be collected without a shared language, so a web-only assessment understates this sector more than any other. Read the tier as a measure of published information, not of whether someone is fed",EH,derived
food_tukwila,Tukwila Pantry,food,Kakwa,0,0,,False,none,0,,False,,https://www.tukwilapantry.org,2026-09-06,,"No translation mechanism and no translated documents found on the site | Food bank. Groceries can be collected without a shared language, so a web-only assessment understates this sector more than any other. Read the tier as a measure of published information, not of whether someone is fed",EH,derived
food_tukwila,Tukwila Pantry,food,Kannada,0,0,,False,none,0,,False,,https://www.tukwilapantry.org,2026-09-06,,"No translation mechanism and no translated documents found on the site | Food bank. Groceries can be collected without a shared language, so a web-only assessment understates this sector more than any other. Read the tier as a measure of published information, not of whether someone is fed",EH,derived
food_tukwila,Tukwila Pantry,food,Karen,0,0,,False,none,0,,False,,https://www.tukwilapantry.org,2026-09-06,,"No translation mechanism and no translated documents found on the site | Food bank. Groceries can be collected without a shared language, so a web-only assessment understates this sector more than any other. Read the tier as a measure of published information, not of whether someone is fed",EH,derived
food_tukwila,Tukwila Pantry,food,Karenni,0,0,,False,none,0,,False,,https://www.tukwilapantry.org,2026-09-06,,"No translation mechanism and no translated documents found on the site | Food bank. Groceries can be collected without a shared language, so a web-only assessment understates this sector more than any other. Read the tier as a measure of published information, not of whether someone is fed",EH,derived
food_tukwila,Tukwila Pantry,food,Kazakh,0,0,,False,none,0,,False,,https://www.tukwilapantry.org,2026-09-06,,"No translation mechanism and no translated documents found on the site | Food bank. Groceries can be collected without a shared language, so a web-only assessment understates this sector more than any other. Read the tier as a measure of published information, not of whether someone is fed",EH,derived
food_tukwila,Tukwila Pantry,food,Khmer,0,0,,False,none,0,,False,1645,https://www.tukwilapantry.org,2026-09-06,,"No translation mechanism and no translated documents found on the site | Food bank. Groceries can be collected without a shared language, so a web-only assessment understates this sector more than any other. Read the tier as a measure of published information, not of whether someone is fed",EH,derived
food_tukwila,Tukwila Pantry,food,Kikuyu,0,0,,False,none,0,,False,,https://www.tukwilapantry.org,2026-09-06,,"No translation mechanism and no translated documents found on the site | Food bank. Groceries can be collected without a shared language, so a web-only assessment understates this sector more than any other. Read the tier as a measure of published information, not of whether someone is fed",EH,derived
food_tukwila,Tukwila Pantry,food,Kinyarwanda,0,0,,False,none,0,,False,,https://www.tukwilapantry.org,2026-09-06,,"No translation mechanism and no translated documents found on the site | Food bank. Groceries can be collected without a shared language, so a web-only assessment understates this sector more than any other. Read the tier as a measure of published information, not of whether someone is fed",EH,derived
food_tukwila,Tukwila Pantry,food,Kirgiz,0,0,,False,none,0,,False,,https://www.tukwilapantry.org,2026-09-06,,"No translation mechanism and no translated documents found on the site | Food bank. Groceries can be collected without a shared language, so a web-only assessment understates this sector more than any other. Read the tier as a measure of published information, not of whether someone is fed",EH,derived
food_tukwila,Tukwila Pantry,food,Kirundi,0,0,,False,none,0,,False,,https://www.tukwilapantry.org,2026-09-06,,"No translation mechanism and no translated documents found on the site | Food bank. Groceries can be collected without a shared language, so a web-only assessment understates this sector more than any other. Read the tier as a measure of published information, not of whether someone is fed",EH,derived
food_tukwila,Tukwila Pantry,food,Kmhmu,0,0,,False,none,0,,False,,https://www.tukwilapantry.org,2026-09-06,,"No translation mechanism and no translated documents found on the site | Food bank. Groceries can be collected without a shared language, so a web-only assessment understates this sector more than any other. Read the tier as a measure of published information, not of whether someone is fed",EH,derived
food_tukwila,Tukwila Pantry,food,Kongo,0,0,,False,none,0,,False,,https://www.tukwilapantry.org,2026-09-06,,"No translation mechanism and no translated documents found on the site | Food bank. Groceries can be collected without a shared language, so a web-only assessment understates this sector more than any other. Read the tier as a measure of published information, not of whether someone is fed",EH,derived
food_tukwila,Tukwila Pantry,food,Korean,0,0,,False,none,0,,False,3625,https://www.tukwilapantry.org,2026-09-06,,"No translation mechanism and no translated documents found on the site | Food bank. Groceries can be collected without a shared language, so a web-only assessment understates this sector more than any other. Read the tier as a measure of published information, not of whether someone is fed",EH,derived
food_tukwila,Tukwila Pantry,food,Kosraean,0,0,,False,none,0,,False,,https://www.tukwilapantry.org,2026-09-06,,"No translation mechanism and no translated documents found on the site | Food bank. Groceries can be collected without a shared language, so a web-only assessment understates this sector more than any other. Read the tier as a measure of published information, not of whether someone is fed",EH,derived
food_tukwila,Tukwila Pantry,food,Krahn,0,0,,False,none,0,,False,,https://www.tukwilapantry.org,2026-09-06,,"No translation mechanism and no translated documents found on the site | Food bank. Groceries can be collected without a shared language, so a web-only assessment understates this sector more than any other. Read the tier as a measure of published information, not of whether someone is fed",EH,derived
food_tukwila,Tukwila Pantry,food,Krio,0,0,,False,none,0,,False,,https://www.tukwilapantry.org,2026-09-06,,"No translation mechanism and no translated documents found on the site | Food bank. Groceries can be collected without a shared language, so a web-only assessment understates this sector more than any other. Read the tier as a measure of published information, not of whether someone is fed",EH,derived
food_tukwila,Tukwila Pantry,food,Kru,0,0,,False,none,0,,False,,https://www.tukwilapantry.org,2026-09-06,,"No translation mechanism and no translated documents found on the site | Food bank. Groceries can be collected without a shared language, so a web-only assessment understates this sector more than any other. Read the tier as a measure of published information, not of whether someone is fed",EH,derived
food_tukwila,Tukwila Pantry,food,Kurdish,0,0,,False,none,0,,False,,https://www.tukwilapantry.org,2026-09-06,,"No translation mechanism and no translated documents found on the site | Food bank. Groceries can be collected without a shared language, so a web-only assessment understates this sector more than any other. Read the tier as a measure of published information, not of whether someone is fed",EH,derived
food_tukwila,Tukwila Pantry,food,Lao,0,0,,False,none,0,,False,399,https://www.tukwilapantry.org,2026-09-06,,"No translation mechanism and no translated documents found on the site | Food bank. Groceries can be collected without a shared language, so a web-only assessment understates this sector more than any other. Read the tier as a measure of published information, not of whether someone is fed",EH,derived
food_tukwila,Tukwila Pantry,food,Latvian,0,0,,False,none,0,,False,,https://www.tukwilapantry.org,2026-09-06,,"No translation mechanism and no translated documents found on the site | Food bank. Groceries can be collected without a shared language, so a web-only assessment understates this sector more than any other. Read the tier as a measure of published information, not of whether someone is fed",EH,derived
food_tukwila,Tukwila Pantry,food,Lingala,0,0,,False,none,0,,False,,https://www.tukwilapantry.org,2026-09-06,,"No translation mechanism and no translated documents found on the site | Food bank. Groceries can be collected without a shared language, so a web-only assessment understates this sector more than any other. Read the tier as a measure of published information, not of whether someone is fed",EH,derived
food_tukwila,Tukwila Pantry,food,Luganda,0,0,,False,none,0,,False,,https://www.tukwilapantry.org,2026-09-06,,"No translation mechanism and no translated documents found on the site | Food bank. Groceries can be collected without a shared language, so a web-only assessment understates this sector more than any other. Read the tier as a measure of published information, not of whether someone is fed",EH,derived
food_tukwila,Tukwila Pantry,food,Maay Maay,0,0,,False,none,0,,False,,https://www.tukwilapantry.org,2026-09-06,,"No translation mechanism and no translated documents found on the site | Food bank. Groceries can be collected without a shared language, so a web-only assessment understates this sector more than any other. Read the tier as a measure of published information, not of whether someone is fed",EH,derived
food_tukwila,Tukwila Pantry,food,Malay,0,0,,False,none,0,,False,,https://www.tukwilapantry.org,2026-09-06,,"No translation mechanism and no translated documents found on the site | Food bank. Groceries can be collected without a shared language, so a web-only assessment understates this sector more than any other. Read the tier as a measure of published information, not of whether someone is fed",EH,derived
food_tukwila,Tukwila Pantry,food,Malayalam,0,0,,False,none,0,,False,,https://www.tukwilapantry.org,2026-09-06,,"No translation mechanism and no translated documents found on the site | Food bank. Groceries can be collected without a shared language, so a web-only assessment understates this sector more than any other. Read the tier as a measure of published information, not of whether someone is fed",EH,derived
food_tukwila,Tukwila Pantry,food,Mam,0,0,,False,none,0,,False,,https://www.tukwilapantry.org,2026-09-06,,"No translation mechanism and no translated documents found on the site | Food bank. Groceries can be collected without a shared language, so a web-only assessment understates this sector more than any other. Read the tier as a measure of published information, not of whether someone is fed",EH,derived
food_tukwila,Tukwila Pantry,food,Mandingo,0,0,,False,none,0,,False,,https://www.tukwilapantry.org,2026-09-06,,"No translation mechanism and no translated documents found on the site | Food bank. Groceries can be collected without a shared language, so a web-only assessment understates this sector more than any other. Read the tier as a measure of published information, not of whether someone is fed",EH,derived
food_tukwila,Tukwila Pantry,food,Mandinka,0,0,,False,none,0,,False,,https://www.tukwilapantry.org,2026-09-06,,"No translation mechanism and no translated documents found on the site | Food bank. Groceries can be collected without a shared language, so a web-only assessment understates this sector more than any other. Read the tier as a measure of published information, not of whether someone is fed",EH,derived
food_tukwila,Tukwila Pantry,food,Marathi,0,0,,False,none,0,,False,,https://www.tukwilapantry.org,2026-09-06,,"No translation mechanism and no translated documents found on the site | Food bank. Groceries can be collected without a shared language, so a web-only assessment understates this sector more than any other. Read the tier as a measure of published information, not of whether someone is fed",EH,derived
food_tukwila,Tukwila Pantry,food,Marquesan,0,0,,False,none,0,,False,,https://www.tukwilapantry.org,2026-09-06,,"No translation mechanism and no translated documents found on the site | Food bank. Groceries can be collected without a shared language, so a web-only assessment understates this sector more than any other. Read the tier as a measure of published information, not of whether someone is fed",EH,derived
food_tukwila,Tukwila Pantry,food,Marshallese,0,0,,False,none,0,,False,,https://www.tukwilapantry.org,2026-09-06,,"No translation mechanism and no translated documents found on the site | Food bank. Groceries can be collected without a shared language, so a web-only assessment understates this sector more than any other. Read the tier as a measure of published information, not of whether someone is fed",EH,derived
food_tukwila,Tukwila Pantry,food,Maya-Quiche,0,0,,False,none,0,,False,,https://www.tukwilapantry.org,2026-09-06,,"No translation mechanism and no translated documents found on the site | Food bank. Groceries can be collected without a shared language, so a web-only assessment understates this sector more than any other. Read the tier as a measure of published information, not of whether someone is fed",EH,derived
food_tukwila,Tukwila Pantry,food,Mien,0,0,,False,none,0,,False,,https://www.tukwilapantry.org,2026-09-06,,"No translation mechanism and no translated documents found on the site | Food bank. Groceries can be collected without a shared language, so a web-only assessment understates this sector more than any other. Read the tier as a measure of published information, not of whether someone is fed",EH,derived
food_tukwila,Tukwila Pantry,food,Mixteco,0,0,,False,none,0,,False,,https://www.tukwilapantry.org,2026-09-06,,"No translation mechanism and no translated documents found on the site | Food bank. Groceries can be collected without a shared language, so a web-only assessment understates this sector more than any other. Read the tier as a measure of published information, not of whether someone is fed",EH,derived
food_tukwila,Tukwila Pantry,food,Moldavian,0,0,,False,none,0,,False,,https://www.tukwilapantry.org,2026-09-06,,"No translation mechanism and no translated documents found on the site | Food bank. Groceries can be collected without a shared language, so a web-only assessment understates this sector more than any other. Read the tier as a measure of published information, not of whether someone is fed",EH,derived
food_tukwila,Tukwila Pantry,food,Mongolian,0,0,,False,none,0,,False,,https://www.tukwilapantry.org,2026-09-06,,"No translation mechanism and no translated documents found on the site | Food bank. Groceries can be collected without a shared language, so a web-only assessment understates this sector more than any other. Read the tier as a measure of published information, not of whether someone is fed",EH,derived
food_tukwila,Tukwila Pantry,food,Moore,0,0,,False,none,0,,False,,https://www.tukwilapantry.org,2026-09-06,,"No translation mechanism and no translated documents found on the site | Food bank. Groceries can be collected without a shared language, so a web-only assessment understates this sector more than any other. Read the tier as a measure of published information, not of whether someone is fed",EH,derived
food_tukwila,Tukwila Pantry,food,"Nahuatl, Guerrero region",0,0,,False,none,0,,False,,https://www.tukwilapantry.org,2026-09-06,,"No translation mechanism and no translated documents found on the site | Food bank. Groceries can be collected without a shared language, so a web-only assessment understates this sector more than any other. Read the tier as a measure of published information, not of whether someone is fed",EH,derived
food_tukwila,Tukwila Pantry,food,Nepali,0,0,,False,none,0,,False,,https://www.tukwilapantry.org,2026-09-06,,"No translation mechanism and no translated documents found on the site | Food bank. Groceries can be collected without a shared language, so a web-only assessment understates this sector more than any other. Read the tier as a measure of published information, not of whether someone is fed",EH,derived
food_tukwila,Tukwila Pantry,food,Nuer,0,0,,False,none,0,,False,,https://www.tukwilapantry.org,2026-09-06,,"No translation mechanism and no translated documents found on the site | Food bank. Groceries can be collected without a shared language, so a web-only assessment understates this sector more than any other. Read the tier as a measure of published information, not of whether someone is fed",EH,derived
food_tukwila,Tukwila Pantry,food,Oromo,0,0,,False,none,0,,False,252,https://www.tukwilapantry.org,2026-09-06,,"No translation mechanism and no translated documents found on the site | Food bank. Groceries can be collected without a shared language, so a web-only assessment understates this sector more than any other. Read the tier as a measure of published information, not of whether someone is fed",EH,derived
food_tukwila,Tukwila Pantry,food,Palau,0,0,,False,none,0,,False,,https://www.tukwilapantry.org,2026-09-06,,"No translation mechanism and no translated documents found on the site | Food bank. Groceries can be collected without a shared language, so a web-only assessment understates this sector more than any other. Read the tier as a measure of published information, not of whether someone is fed",EH,derived
food_tukwila,Tukwila Pantry,food,Pashai,0,0,,False,none,0,,False,,https://www.tukwilapantry.org,2026-09-06,,"No translation mechanism and no translated documents found on the site | Food bank. Groceries can be collected without a shared language, so a web-only assessment understates this sector more than any other. Read the tier as a measure of published information, not of whether someone is fed",EH,derived
food_tukwila,Tukwila Pantry,food,Pashto,0,0,,False,none,0,,False,680,https://www.tukwilapantry.org,2026-09-06,,"No translation mechanism and no translated documents found on the site | Food bank. Groceries can be collected without a shared language, so a web-only assessment understates this sector more than any other. Read the tier as a measure of published information, not of whether someone is fed",EH,derived
food_tukwila,Tukwila Pantry,food,Pere,0,0,,False,none,0,,False,,https://www.tukwilapantry.org,2026-09-06,,"No translation mechanism and no translated documents found on the site | Food bank. Groceries can be collected without a shared language, so a web-only assessment understates this sector more than any other. Read the tier as a measure of published information, not of whether someone is fed",EH,derived
food_tukwila,Tukwila Pantry,food,Polish,0,0,,False,none,0,,False,,https://www.tukwilapantry.org,2026-09-06,,"No translation mechanism and no translated documents found on the site | Food bank. Groceries can be collected without a shared language, so a web-only assessment understates this sector more than any other. Read the tier as a measure of published information, not of whether someone is fed",EH,derived
food_tukwila,Tukwila Pantry,food,Portuguese,0,0,,False,none,0,,False,1449,https://www.tukwilapantry.org,2026-09-06,,"No translation mechanism and no translated documents found on the site | Food bank. Groceries can be collected without a shared language, so a web-only assessment understates this sector more than any other. Read the tier as a measure of published information, not of whether someone is fed",EH,derived
food_tukwila,Tukwila Pantry,food,Punjabi,0,0,,False,none,0,,False,1632,https://www.tukwilapantry.org,2026-09-06,,"No translation mechanism and no translated documents found on the site | Food bank. Groceries can be collected without a shared language, so a web-only assessment understates this sector more than any other. Read the tier as a measure of published information, not of whether someone is fed",EH,derived
food_tukwila,Tukwila Pantry,food,Purepecha,0,0,,False,none,0,,False,,https://www.tukwilapantry.org,2026-09-06,,"No translation mechanism and no translated documents found on the site | Food bank. Groceries can be collected without a shared language, so a web-only assessment understates this sector more than any other. Read the tier as a measure of published information, not of whether someone is fed",EH,derived
food_tukwila,Tukwila Pantry,food,Rohingya,0,0,,False,none,0,,False,,https://www.tukwilapantry.org,2026-09-06,,"No translation mechanism and no translated documents found on the site | Food bank. Groceries can be collected without a shared language, so a web-only assessment understates this sector more than any other. Read the tier as a measure of published information, not of whether someone is fed",EH,derived
food_tukwila,Tukwila Pantry,food,Romanian,0,0,,False,none,0,,False,453,https://www.tukwilapantry.org,2026-09-06,,"No translation mechanism and no translated documents found on the site | Food bank. Groceries can be collected without a shared language, so a web-only assessment understates this sector more than any other. Read the tier as a measure of published information, not of whether someone is fed",EH,derived
food_tukwila,Tukwila Pantry,food,Russian,0,0,,False,none,0,,False,12029,https://www.tukwilapantry.org,2026-09-06,,"No translation mechanism and no translated documents found on the site | Food bank. Groceries can be collected without a shared language, so a web-only assessment understates this sector more than any other. Read the tier as a measure of published information, not of whether someone is fed",EH,derived
food_tukwila,Tukwila Pantry,food,Samoan,0,0,,False,none,0,,False,261,https://www.tukwilapantry.org,2026-09-06,,"No translation mechanism and no translated documents found on the site | Food bank. Groceries can be collected without a shared language, so a web-only assessment understates this sector more than any other. Read the tier as a measure of published information, not of whether someone is fed",EH,derived
food_tukwila,Tukwila Pantry,food,Sao,0,0,,False,none,0,,False,,https://www.tukwilapantry.org,2026-09-06,,"No translation mechanism and no translated documents found on the site | Food bank. Groceries can be collected without a shared language, so a web-only assessment understates this sector more than any other. Read the tier as a measure of published information, not of whether someone is fed",EH,derived
food_tukwila,Tukwila Pantry,food,Serbo-Croation,0,0,,False,none,0,,False,,https://www.tukwilapantry.org,2026-09-06,,"No translation mechanism and no translated documents found on the site | Food bank. Groceries can be collected without a shared language, so a web-only assessment understates this sector more than any other. Read the tier as a measure of published information, not of whether someone is fed",EH,derived
food_tukwila,Tukwila Pantry,food,Shona,0,0,,False,none,0,,False,,https://www.tukwilapantry.org,2026-09-06,,"No translation mechanism and no translated documents found on the site | Food bank. Groceries can be collected without a shared language, so a web-only assessment understates this sector more than any other. Read the tier as a measure of published information, not of whether someone is fed",EH,derived
food_tukwila,Tukwila Pantry,food,Sinhalese,0,0,,False,none,0,,False,,https://www.tukwilapantry.org,2026-09-06,,"No translation mechanism and no translated documents found on the site | Food bank. Groceries can be collected without a shared language, so a web-only assessment understates this sector more than any other. Read the tier as a measure of published information, not of whether someone is fed",EH,derived
food_tukwila,Tukwila Pantry,food,Slovenian,0,0,,False,none,0,,False,,https://www.tukwilapantry.org,2026-09-06,,"No translation mechanism and no translated documents found on the site | Food bank. Groceries can be collected without a shared language, so a web-only assessment understates this sector more than any other. Read the tier as a measure of published information, not of whether someone is fed",EH,derived
food_tukwila,Tukwila Pantry,food,Somali,0,0,,False,none,0,,False,1417,https://www.tukwilapantry.org,2026-09-06,,"No translation mechanism and no translated documents found on the site | Food bank. Groceries can be collected without a shared language, so a web-only assessment understates this sector more than any other. Read the tier as a measure of published information, not of whether someone is fed",EH,derived
food_tukwila,Tukwila Pantry,food,Soninke,0,0,,False,none,0,,False,,https://www.tukwilapantry.org,2026-09-06,,"No translation mechanism and no translated documents found on the site | Food bank. Groceries can be collected without a shared language, so a web-only assessment understates this sector more than any other. Read the tier as a measure of published information, not of whether someone is fed",EH,derived
food_tukwila,Tukwila Pantry,food,Sotho,0,0,,False,none,0,,False,,https://www.tukwilapantry.org,2026-09-06,,"No translation mechanism and no translated documents found on the site | Food bank. Groceries can be collected without a shared language, so a web-only assessment understates this sector more than any other. Read the tier as a measure of published information, not of whether someone is fed",EH,derived
food_tukwila,Tukwila Pantry,food,Spanish,0,0,,False,none,0,,False,105998,https://www.tukwilapantry.org,2026-09-06,,"No translation mechanism and no translated documents found on the site | Food bank. Groceries can be collected without a shared language, so a web-only assessment understates this sector more than any other. Read the tier as a measure of published information, not of whether someone is fed",EH,derived
food_tukwila,Tukwila Pantry,food,Swahili,0,0,,False,none,0,,False,324,https://www.tukwilapantry.org,2026-09-06,,"No translation mechanism and no translated documents found on the site | Food bank. Groceries can be collected without a shared language, so a web-only assessment understates this sector more than any other. Read the tier as a measure of published information, not of whether someone is fed",EH,derived
food_tukwila,Tukwila Pantry,food,Tagalog,0,0,,False,none,0,,False,871,https://www.tukwilapantry.org,2026-09-06,,"No translation mechanism and no translated documents found on the site | Food bank. Groceries can be collected without a shared language, so a web-only assessment understates this sector more than any other. Read the tier as a measure of published information, not of whether someone is fed",EH,derived
food_tukwila,Tukwila Pantry,food,Taishanese,0,0,,False,none,0,,False,,https://www.tukwilapantry.org,2026-09-06,,"No translation mechanism and no translated documents found on the site | Food bank. Groceries can be collected without a shared language, so a web-only assessment understates this sector more than any other. Read the tier as a measure of published information, not of whether someone is fed",EH,derived
food_tukwila,Tukwila Pantry,food,Tajiki,0,0,,False,none,0,,False,,https://www.tukwilapantry.org,2026-09-06,,"No translation mechanism and no translated documents found on the site | Food bank. Groceries can be collected without a shared language, so a web-only assessment understates this sector more than any other. Read the tier as a measure of published information, not of whether someone is fed",EH,derived
food_tukwila,Tukwila Pantry,food,Tamil,0,0,,False,none,0,,False,,https://www.tukwilapantry.org,2026-09-06,,"No translation mechanism and no translated documents found on the site | Food bank. Groceries can be collected without a shared language, so a web-only assessment understates this sector more than any other. Read the tier as a measure of published information, not of whether someone is fed",EH,derived
food_tukwila,Tukwila Pantry,food,Tarasco,0,0,,False,none,0,,False,,https://www.tukwilapantry.org,2026-09-06,,"No translation mechanism and no translated documents found on the site | Food bank. Groceries can be collected without a shared language, so a web-only assessment understates this sector more than any other. Read the tier as a measure of published information, not of whether someone is fed",EH,derived
food_tukwila,Tukwila Pantry,food,Tedim,0,0,,False,none,0,,False,,https://www.tukwilapantry.org,2026-09-06,,"No translation mechanism and no translated documents found on the site | Food bank. Groceries can be collected without a shared language, so a web-only assessment understates this sector more than any other. Read the tier as a measure of published information, not of whether someone is fed",EH,derived
food_tukwila,Tukwila Pantry,food,Telugu,0,0,,False,none,0,,False,,https://www.tukwilapantry.org,2026-09-06,,"No translation mechanism and no translated documents found on the site | Food bank. Groceries can be collected without a shared language, so a web-only assessment understates this sector more than any other. Read the tier as a measure of published information, not of whether someone is fed",EH,derived
food_tukwila,Tukwila Pantry,food,Thai,0,0,,False,none,0,,False,232,https://www.tukwilapantry.org,2026-09-06,,"No translation mechanism and no translated documents found on the site | Food bank. Groceries can be collected without a shared language, so a web-only assessment understates this sector more than any other. Read the tier as a measure of published information, not of whether someone is fed",EH,derived
food_tukwila,Tukwila Pantry,food,Tibetan,0,0,,False,none,0,,False,,https://www.tukwilapantry.org,2026-09-06,,"No translation mechanism and no translated documents found on the site | Food bank. Groceries can be collected without a shared language, so a web-only assessment understates this sector more than any other. Read the tier as a measure of published information, not of whether someone is fed",EH,derived
food_tukwila,Tukwila Pantry,food,Tigrinya,0,0,,False,none,0,,False,1144,https://www.tukwilapantry.org,2026-09-06,,"No translation mechanism and no translated documents found on the site | Food bank. Groceries can be collected without a shared language, so a web-only assessment understates this sector more than any other. Read the tier as a measure of published information, not of whether someone is fed",EH,derived
food_tukwila,Tukwila Pantry,food,Tongan,0,0,,False,none,0,,False,,https://www.tukwilapantry.org,2026-09-06,,"No translation mechanism and no translated documents found on the site | Food bank. Groceries can be collected without a shared language, so a web-only assessment understates this sector more than any other. Read the tier as a measure of published information, not of whether someone is fed",EH,derived
food_tukwila,Tukwila Pantry,food,Turkish,0,0,,False,none,0,,False,,https://www.tukwilapantry.org,2026-09-06,,"No translation mechanism and no translated documents found on the site | Food bank. Groceries can be collected without a shared language, so a web-only assessment understates this sector more than any other. Read the tier as a measure of published information, not of whether someone is fed",EH,derived
food_tukwila,Tukwila Pantry,food,Twi,0,0,,False,none,0,,False,,https://www.tukwilapantry.org,2026-09-06,,"No translation mechanism and no translated documents found on the site | Food bank. Groceries can be collected without a shared language, so a web-only assessment understates this sector more than any other. Read the tier as a measure of published information, not of whether someone is fed",EH,derived
food_tukwila,Tukwila Pantry,food,Ukrainian,0,0,,False,none,0,,False,5881,https://www.tukwilapantry.org,2026-09-06,,"No translation mechanism and no translated documents found on the site | Food bank. Groceries can be collected without a shared language, so a web-only assessment understates this sector more than any other. Read the tier as a measure of published information, not of whether someone is fed",EH,derived
food_tukwila,Tukwila Pantry,food,Urdu,0,0,,False,none,0,,False,,https://www.tukwilapantry.org,2026-09-06,,"No translation mechanism and no translated documents found on the site | Food bank. Groceries can be collected without a shared language, so a web-only assessment understates this sector more than any other. Read the tier as a measure of published information, not of whether someone is fed",EH,derived
food_tukwila,Tukwila Pantry,food,Uzbek,0,0,,False,none,0,,False,,https://www.tukwilapantry.org,2026-09-06,,"No translation mechanism and no translated documents found on the site | Food bank. Groceries can be collected without a shared language, so a web-only assessment understates this sector more than any other. Read the tier as a measure of published information, not of whether someone is fed",EH,derived
food_tukwila,Tukwila Pantry,food,Vietnamese,0,0,,False,none,0,,False,9202,https://www.tukwilapantry.org,2026-09-06,,"No translation mechanism and no translated documents found on the site | Food bank. Groceries can be collected without a shared language, so a web-only assessment understates this sector more than any other. Read the tier as a measure of published information, not of whether someone is fed",EH,derived
food_tukwila,Tukwila Pantry,food,Wolof,0,0,,False,none,0,,False,,https://www.tukwilapantry.org,2026-09-06,,"No translation mechanism and no translated documents found on the site | Food bank. Groceries can be collected without a shared language, so a web-only assessment understates this sector more than any other. Read the tier as a measure of published information, not of whether someone is fed",EH,derived
food_tukwila,Tukwila Pantry,food,Yap,0,0,,False,none,0,,False,,https://www.tukwilapantry.org,2026-09-06,,"No translation mechanism and no translated documents found on the site | Food bank. Groceries can be collected without a shared language, so a web-only assessment understates this sector more than any other. Read the tier as a measure of published information, not of whether someone is fed",EH,derived
food_tukwila,Tukwila Pantry,food,Yoruba,0,0,,False,none,0,,False,,https://www.tukwilapantry.org,2026-09-06,,"No translation mechanism and no translated documents found on the site | Food bank. Groceries can be collected without a shared language, so a web-only assessment understates this sector more than any other. Read the tier as a measure of published information, not of whether someone is fed",EH,derived
food_renton_sa,Salvation Army Renton,food,Acholi,0,0,,False,none,0,,False,,https://renton.salvationarmy.org,2026-09-06,,"No translation mechanism and no translated documents found on the site | Food bank. Groceries can be collected without a shared language, so a web-only assessment understates this sector more than any other. Read the tier as a measure of published information, not of whether someone is fed",EH,derived
food_renton_sa,Salvation Army Renton,food,Aguacateco,0,0,,False,none,0,,False,,https://renton.salvationarmy.org,2026-09-06,,"No translation mechanism and no translated documents found on the site | Food bank. Groceries can be collected without a shared language, so a web-only assessment understates this sector more than any other. Read the tier as a measure of published information, not of whether someone is fed",EH,derived
food_renton_sa,Salvation Army Renton,food,Akateko,0,0,,False,none,0,,False,,https://renton.salvationarmy.org,2026-09-06,,"No translation mechanism and no translated documents found on the site | Food bank. Groceries can be collected without a shared language, so a web-only assessment understates this sector more than any other. Read the tier as a measure of published information, not of whether someone is fed",EH,derived
food_renton_sa,Salvation Army Renton,food,Albanian,0,0,,False,none,0,,False,,https://renton.salvationarmy.org,2026-09-06,,"No translation mechanism and no translated documents found on the site | Food bank. Groceries can be collected without a shared language, so a web-only assessment understates this sector more than any other. Read the tier as a measure of published information, not of whether someone is fed",EH,derived
food_renton_sa,Salvation Army Renton,food,American Sign Language,0,0,,False,none,0,,False,298,https://renton.salvationarmy.org,2026-09-06,,"No translation mechanism and no translated documents found on the site | Food bank. Groceries can be collected without a shared language, so a web-only assessment understates this sector more than any other. Read the tier as a measure of published information, not of whether someone is fed",EH,derived
food_renton_sa,Salvation Army Renton,food,Amharic,0,0,,False,none,0,,False,1615,https://renton.salvationarmy.org,2026-09-06,,"No translation mechanism and no translated documents found on the site | Food bank. Groceries can be collected without a shared language, so a web-only assessment understates this sector more than any other. Read the tier as a measure of published information, not of whether someone is fed",EH,derived
food_renton_sa,Salvation Army Renton,food,Arabic,0,0,,False,none,0,,False,2447,https://renton.salvationarmy.org,2026-09-06,,"No translation mechanism and no translated documents found on the site | Food bank. Groceries can be collected without a shared language, so a web-only assessment understates this sector more than any other. Read the tier as a measure of published information, not of whether someone is fed",EH,derived
food_renton_sa,Salvation Army Renton,food,Armenian,0,0,,False,none,0,,False,,https://renton.salvationarmy.org,2026-09-06,,"No translation mechanism and no translated documents found on the site | Food bank. Groceries can be collected without a shared language, so a web-only assessment understates this sector more than any other. Read the tier as a measure of published information, not of whether someone is fed",EH,derived
food_renton_sa,Salvation Army Renton,food,Ayula-Bambara,0,0,,False,none,0,,False,,https://renton.salvationarmy.org,2026-09-06,,"No translation mechanism and no translated documents found on the site | Food bank. Groceries can be collected without a shared language, so a web-only assessment understates this sector more than any other. Read the tier as a measure of published information, not of whether someone is fed",EH,derived
food_renton_sa,Salvation Army Renton,food,Azerbaijani,0,0,,False,none,0,,False,,https://renton.salvationarmy.org,2026-09-06,,"No translation mechanism and no translated documents found on the site | Food bank. Groceries can be collected without a shared language, so a web-only assessment understates this sector more than any other. Read the tier as a measure of published information, not of whether someone is fed",EH,derived
food_renton_sa,Salvation Army Renton,food,Bambara,0,0,,False,none,0,,False,,https://renton.salvationarmy.org,2026-09-06,,"No translation mechanism and no translated documents found on the site | Food bank. Groceries can be collected without a shared language, so a web-only assessment understates this sector more than any other. Read the tier as a measure of published information, not of whether someone is fed",EH,derived
food_renton_sa,Salvation Army Renton,food,Bangala,0,0,,False,none,0,,False,,https://renton.salvationarmy.org,2026-09-06,,"No translation mechanism and no translated documents found on the site | Food bank. Groceries can be collected without a shared language, so a web-only assessment understates this sector more than any other. Read the tier as a measure of published information, not of whether someone is fed",EH,derived
food_renton_sa,Salvation Army Renton,food,Bassa,0,0,,False,none,0,,False,,https://renton.salvationarmy.org,2026-09-06,,"No translation mechanism and no translated documents found on the site | Food bank. Groceries can be collected without a shared language, so a web-only assessment understates this sector more than any other. Read the tier as a measure of published information, not of whether someone is fed",EH,derived
food_renton_sa,Salvation Army Renton,food,Bengali,0,0,,False,none,0,,False,,https://renton.salvationarmy.org,2026-09-06,,"No translation mechanism and no translated documents found on the site | Food bank. Groceries can be collected without a shared language, so a web-only assessment understates this sector more than any other. Read the tier as a measure of published information, not of whether someone is fed",EH,derived
food_renton_sa,Salvation Army Renton,food,Bosnian,0,0,,False,none,0,,False,,https://renton.salvationarmy.org,2026-09-06,,"No translation mechanism and no translated documents found on the site | Food bank. Groceries can be collected without a shared language, so a web-only assessment understates this sector more than any other. Read the tier as a measure of published information, not of whether someone is fed",EH,derived
food_renton_sa,Salvation Army Renton,food,Bulgarian,0,0,,False,none,0,,False,,https://renton.salvationarmy.org,2026-09-06,,"No translation mechanism and no translated documents found on the site | Food bank. Groceries can be collected without a shared language, so a web-only assessment understates this sector more than any other. Read the tier as a measure of published information, not of whether someone is fed",EH,derived
food_renton_sa,Salvation Army Renton,food,Burmese,0,0,,False,none,0,,False,349,https://renton.salvationarmy.org,2026-09-06,,"No translation mechanism and no translated documents found on the site | Food bank. Groceries can be collected without a shared language, so a web-only assessment understates this sector more than any other. Read the tier as a measure of published information, not of whether someone is fed",EH,derived
food_renton_sa,Salvation Army Renton,food,Carolinian,0,0,,False,none,0,,False,,https://renton.salvationarmy.org,2026-09-06,,"No translation mechanism and no translated documents found on the site | Food bank. Groceries can be collected without a shared language, so a web-only assessment understates this sector more than any other. Read the tier as a measure of published information, not of whether someone is fed",EH,derived
food_renton_sa,Salvation Army Renton,food,Catalan,0,0,,False,none,0,,False,,https://renton.salvationarmy.org,2026-09-06,,"No translation mechanism and no translated documents found on the site | Food bank. Groceries can be collected without a shared language, so a web-only assessment understates this sector more than any other. Read the tier as a measure of published information, not of whether someone is fed",EH,derived
food_renton_sa,Salvation Army Renton,food,Cebuano,0,0,,False,none,0,,False,,https://renton.salvationarmy.org,2026-09-06,,"No translation mechanism and no translated documents found on the site | Food bank. Groceries can be collected without a shared language, so a web-only assessment understates this sector more than any other. Read the tier as a measure of published information, not of whether someone is fed",EH,derived
food_renton_sa,Salvation Army Renton,food,Cham,0,0,,False,none,0,,False,,https://renton.salvationarmy.org,2026-09-06,,"No translation mechanism and no translated documents found on the site | Food bank. Groceries can be collected without a shared language, so a web-only assessment understates this sector more than any other. Read the tier as a measure of published information, not of whether someone is fed",EH,derived
food_renton_sa,Salvation Army Renton,food,Chamorro,0,0,,False,none,0,,False,,https://renton.salvationarmy.org,2026-09-06,,"No translation mechanism and no translated documents found on the site | Food bank. Groceries can be collected without a shared language, so a web-only assessment understates this sector more than any other. Read the tier as a measure of published information, not of whether someone is fed",EH,derived
food_renton_sa,Salvation Army Renton,food,Chin,0,0,,False,none,0,,False,,https://renton.salvationarmy.org,2026-09-06,,"No translation mechanism and no translated documents found on the site | Food bank. Groceries can be collected without a shared language, so a web-only assessment understates this sector more than any other. Read the tier as a measure of published information, not of whether someone is fed",EH,derived
food_renton_sa,Salvation Army Renton,food,Chinese-Cantonese,0,0,,False,none,0,,False,,https://renton.salvationarmy.org,2026-09-06,,"No translation mechanism and no translated documents found on the site | Food bank. Groceries can be collected without a shared language, so a web-only assessment understates this sector more than any other. Read the tier as a measure of published information, not of whether someone is fed",EH,derived
food_renton_sa,Salvation Army Renton,food,Chinese-Fukienese,0,0,,False,none,0,,False,,https://renton.salvationarmy.org,2026-09-06,,"No translation mechanism and no translated documents found on the site | Food bank. Groceries can be collected without a shared language, so a web-only assessment understates this sector more than any other. Read the tier as a measure of published information, not of whether someone is fed",EH,derived
food_renton_sa,Salvation Army Renton,food,Chinese-Mandarin,0,0,,False,none,0,,False,,https://renton.salvationarmy.org,2026-09-06,,"No translation mechanism and no translated documents found on the site | Food bank. Groceries can be collected without a shared language, so a web-only assessment understates this sector more than any other. Read the tier as a measure of published information, not of whether someone is fed",EH,derived
food_renton_sa,Salvation Army Renton,food,Chinese-Taiwanese,0,0,,False,none,0,,False,,https://renton.salvationarmy.org,2026-09-06,,"No translation mechanism and no translated documents found on the site | Food bank. Groceries can be collected without a shared language, so a web-only assessment understates this sector more than any other. Read the tier as a measure of published information, not of whether someone is fed",EH,derived
food_renton_sa,Salvation Army Renton,food,Chuukese,0,0,,False,none,0,,False,677,https://renton.salvationarmy.org,2026-09-06,,"No translation mechanism and no translated documents found on the site | Food bank. Groceries can be collected without a shared language, so a web-only assessment understates this sector more than any other. Read the tier as a measure of published information, not of whether someone is fed",EH,derived
food_renton_sa,Salvation Army Renton,food,Dari,0,0,,False,none,0,,False,2702,https://renton.salvationarmy.org,2026-09-06,,"No translation mechanism and no translated documents found on the site | Food bank. Groceries can be collected without a shared language, so a web-only assessment understates this sector more than any other. Read the tier as a measure of published information, not of whether someone is fed",EH,derived
food_renton_sa,Salvation Army Renton,food,Dinka,0,0,,False,none,0,,False,,https://renton.salvationarmy.org,2026-09-06,,"No translation mechanism and no translated documents found on the site | Food bank. Groceries can be collected without a shared language, so a web-only assessment understates this sector more than any other. Read the tier as a measure of published information, not of whether someone is fed",EH,derived
food_renton_sa,Salvation Army Renton,food,Dutch,0,0,,False,none,0,,False,,https://renton.salvationarmy.org,2026-09-06,,"No translation mechanism and no translated documents found on the site | Food bank. Groceries can be collected without a shared language, so a web-only assessment understates this sector more than any other. Read the tier as a measure of published information, not of whether someone is fed",EH,derived
food_renton_sa,Salvation Army Renton,food,Egyptian-Arabic,0,0,,False,none,0,,False,,https://renton.salvationarmy.org,2026-09-06,,"No translation mechanism and no translated documents found on the site | Food bank. Groceries can be collected without a shared language, so a web-only assessment understates this sector more than any other. Read the tier as a measure of published information, not of whether someone is fed",EH,derived
food_renton_sa,Salvation Army Renton,food,Eritai,0,0,,False,none,0,,False,,https://renton.salvationarmy.org,2026-09-06,,"No translation mechanism and no translated documents found on the site | Food bank. Groceries can be collected without a shared language, so a web-only assessment understates this sector more than any other. Read the tier as a measure of published information, not of whether someone is fed",EH,derived
food_renton_sa,Salvation Army Renton,food,Estonian,0,0,,False,none,0,,False,,https://renton.salvationarmy.org,2026-09-06,,"No translation mechanism and no translated documents found on the site | Food bank. Groceries can be collected without a shared language, so a web-only assessment understates this sector more than any other. Read the tier as a measure of published information, not of whether someone is fed",EH,derived
food_renton_sa,Salvation Army Renton,food,Ewe,0,0,,False,none,0,,False,,https://renton.salvationarmy.org,2026-09-06,,"No translation mechanism and no translated documents found on the site | Food bank. Groceries can be collected without a shared language, so a web-only assessment understates this sector more than any other. Read the tier as a measure of published information, not of whether someone is fed",EH,derived
food_renton_sa,Salvation Army Renton,food,Fallani,0,0,,False,none,0,,False,,https://renton.salvationarmy.org,2026-09-06,,"No translation mechanism and no translated documents found on the site | Food bank. Groceries can be collected without a shared language, so a web-only assessment understates this sector more than any other. Read the tier as a measure of published information, not of whether someone is fed",EH,derived
food_renton_sa,Salvation Army Renton,food,Farsi,0,0,,False,none,0,,False,990,https://renton.salvationarmy.org,2026-09-06,,"No translation mechanism and no translated documents found on the site | Food bank. Groceries can be collected without a shared language, so a web-only assessment understates this sector more than any other. Read the tier as a measure of published information, not of whether someone is fed",EH,derived
food_renton_sa,Salvation Army Renton,food,French,0,0,,False,none,0,,False,994,https://renton.salvationarmy.org,2026-09-06,,"No translation mechanism and no translated documents found on the site | Food bank. Groceries can be collected without a shared language, so a web-only assessment understates this sector more than any other. Read the tier as a measure of published information, not of whether someone is fed",EH,derived
food_renton_sa,Salvation Army Renton,food,Fula,0,0,,False,none,0,,False,,https://renton.salvationarmy.org,2026-09-06,,"No translation mechanism and no translated documents found on the site | Food bank. Groceries can be collected without a shared language, so a web-only assessment understates this sector more than any other. Read the tier as a measure of published information, not of whether someone is fed",EH,derived
food_renton_sa,Salvation Army Renton,food,Ga,0,0,,False,none,0,,False,,https://renton.salvationarmy.org,2026-09-06,,"No translation mechanism and no translated documents found on the site | Food bank. Groceries can be collected without a shared language, so a web-only assessment understates this sector more than any other. Read the tier as a measure of published information, not of whether someone is fed",EH,derived
food_renton_sa,Salvation Army Renton,food,German,0,0,,False,none,0,,False,,https://renton.salvationarmy.org,2026-09-06,,"No translation mechanism and no translated documents found on the site | Food bank. Groceries can be collected without a shared language, so a web-only assessment understates this sector more than any other. Read the tier as a measure of published information, not of whether someone is fed",EH,derived
food_renton_sa,Salvation Army Renton,food,"Greek, Modern",0,0,,False,none,0,,False,,https://renton.salvationarmy.org,2026-09-06,,"No translation mechanism and no translated documents found on the site | Food bank. Groceries can be collected without a shared language, so a web-only assessment understates this sector more than any other. Read the tier as a measure of published information, not of whether someone is fed",EH,derived
food_renton_sa,Salvation Army Renton,food,Gujarati,0,0,,False,none,0,,False,,https://renton.salvationarmy.org,2026-09-06,,"No translation mechanism and no translated documents found on the site | Food bank. Groceries can be collected without a shared language, so a web-only assessment understates this sector more than any other. Read the tier as a measure of published information, not of whether someone is fed",EH,derived
food_renton_sa,Salvation Army Renton,food,Haitian Creole,0,0,,False,none,0,,False,317,https://renton.salvationarmy.org,2026-09-06,,"No translation mechanism and no translated documents found on the site | Food bank. Groceries can be collected without a shared language, so a web-only assessment understates this sector more than any other. Read the tier as a measure of published information, not of whether someone is fed",EH,derived
food_renton_sa,Salvation Army Renton,food,Hausa,0,0,,False,none,0,,False,,https://renton.salvationarmy.org,2026-09-06,,"No translation mechanism and no translated documents found on the site | Food bank. Groceries can be collected without a shared language, so a web-only assessment understates this sector more than any other. Read the tier as a measure of published information, not of whether someone is fed",EH,derived
food_renton_sa,Salvation Army Renton,food,Hawaiian,0,0,,False,none,0,,False,,https://renton.salvationarmy.org,2026-09-06,,"No translation mechanism and no translated documents found on the site | Food bank. Groceries can be collected without a shared language, so a web-only assessment understates this sector more than any other. Read the tier as a measure of published information, not of whether someone is fed",EH,derived
food_renton_sa,Salvation Army Renton,food,Herero,0,0,,False,none,0,,False,,https://renton.salvationarmy.org,2026-09-06,,"No translation mechanism and no translated documents found on the site | Food bank. Groceries can be collected without a shared language, so a web-only assessment understates this sector more than any other. Read the tier as a measure of published information, not of whether someone is fed",EH,derived
food_renton_sa,Salvation Army Renton,food,Hindi,0,0,,False,none,0,,False,212,https://renton.salvationarmy.org,2026-09-06,,"No translation mechanism and no translated documents found on the site | Food bank. Groceries can be collected without a shared language, so a web-only assessment understates this sector more than any other. Read the tier as a measure of published information, not of whether someone is fed",EH,derived
food_renton_sa,Salvation Army Renton,food,Hmong,0,0,,False,none,0,,False,,https://renton.salvationarmy.org,2026-09-06,,"No translation mechanism and no translated documents found on the site | Food bank. Groceries can be collected without a shared language, so a web-only assessment understates this sector more than any other. Read the tier as a measure of published information, not of whether someone is fed",EH,derived
food_renton_sa,Salvation Army Renton,food,Hungarian,0,0,,False,none,0,,False,,https://renton.salvationarmy.org,2026-09-06,,"No translation mechanism and no translated documents found on the site | Food bank. Groceries can be collected without a shared language, so a web-only assessment understates this sector more than any other. Read the tier as a measure of published information, not of whether someone is fed",EH,derived
food_renton_sa,Salvation Army Renton,food,Igbo,0,0,,False,none,0,,False,,https://renton.salvationarmy.org,2026-09-06,,"No translation mechanism and no translated documents found on the site | Food bank. Groceries can be collected without a shared language, so a web-only assessment understates this sector more than any other. Read the tier as a measure of published information, not of whether someone is fed",EH,derived
food_renton_sa,Salvation Army Renton,food,Ilokano,0,0,,False,none,0,,False,,https://renton.salvationarmy.org,2026-09-06,,"No translation mechanism and no translated documents found on the site | Food bank. Groceries can be collected without a shared language, so a web-only assessment understates this sector more than any other. Read the tier as a measure of published information, not of whether someone is fed",EH,derived
food_renton_sa,Salvation Army Renton,food,Indonesian,0,0,,False,none,0,,False,,https://renton.salvationarmy.org,2026-09-06,,"No translation mechanism and no translated documents found on the site | Food bank. Groceries can be collected without a shared language, so a web-only assessment understates this sector more than any other. Read the tier as a measure of published information, not of whether someone is fed",EH,derived
food_renton_sa,Salvation Army Renton,food,Italian,0,0,,False,none,0,,False,,https://renton.salvationarmy.org,2026-09-06,,"No translation mechanism and no translated documents found on the site | Food bank. Groceries can be collected without a shared language, so a web-only assessment understates this sector more than any other. Read the tier as a measure of published information, not of whether someone is fed",EH,derived
food_renton_sa,Salvation Army Renton,food,Japanese,0,0,,False,none,0,,False,,https://renton.salvationarmy.org,2026-09-06,,"No translation mechanism and no translated documents found on the site | Food bank. Groceries can be collected without a shared language, so a web-only assessment understates this sector more than any other. Read the tier as a measure of published information, not of whether someone is fed",EH,derived
food_renton_sa,Salvation Army Renton,food,Kakwa,0,0,,False,none,0,,False,,https://renton.salvationarmy.org,2026-09-06,,"No translation mechanism and no translated documents found on the site | Food bank. Groceries can be collected without a shared language, so a web-only assessment understates this sector more than any other. Read the tier as a measure of published information, not of whether someone is fed",EH,derived
food_renton_sa,Salvation Army Renton,food,Kannada,0,0,,False,none,0,,False,,https://renton.salvationarmy.org,2026-09-06,,"No translation mechanism and no translated documents found on the site | Food bank. Groceries can be collected without a shared language, so a web-only assessment understates this sector more than any other. Read the tier as a measure of published information, not of whether someone is fed",EH,derived
food_renton_sa,Salvation Army Renton,food,Karen,0,0,,False,none,0,,False,,https://renton.salvationarmy.org,2026-09-06,,"No translation mechanism and no translated documents found on the site | Food bank. Groceries can be collected without a shared language, so a web-only assessment understates this sector more than any other. Read the tier as a measure of published information, not of whether someone is fed",EH,derived
food_renton_sa,Salvation Army Renton,food,Karenni,0,0,,False,none,0,,False,,https://renton.salvationarmy.org,2026-09-06,,"No translation mechanism and no translated documents found on the site | Food bank. Groceries can be collected without a shared language, so a web-only assessment understates this sector more than any other. Read the tier as a measure of published information, not of whether someone is fed",EH,derived
food_renton_sa,Salvation Army Renton,food,Kazakh,0,0,,False,none,0,,False,,https://renton.salvationarmy.org,2026-09-06,,"No translation mechanism and no translated documents found on the site | Food bank. Groceries can be collected without a shared language, so a web-only assessment understates this sector more than any other. Read the tier as a measure of published information, not of whether someone is fed",EH,derived
food_renton_sa,Salvation Army Renton,food,Khmer,0,0,,False,none,0,,False,1645,https://renton.salvationarmy.org,2026-09-06,,"No translation mechanism and no translated documents found on the site | Food bank. Groceries can be collected without a shared language, so a web-only assessment understates this sector more than any other. Read the tier as a measure of published information, not of whether someone is fed",EH,derived
food_renton_sa,Salvation Army Renton,food,Kikuyu,0,0,,False,none,0,,False,,https://renton.salvationarmy.org,2026-09-06,,"No translation mechanism and no translated documents found on the site | Food bank. Groceries can be collected without a shared language, so a web-only assessment understates this sector more than any other. Read the tier as a measure of published information, not of whether someone is fed",EH,derived
food_renton_sa,Salvation Army Renton,food,Kinyarwanda,0,0,,False,none,0,,False,,https://renton.salvationarmy.org,2026-09-06,,"No translation mechanism and no translated documents found on the site | Food bank. Groceries can be collected without a shared language, so a web-only assessment understates this sector more than any other. Read the tier as a measure of published information, not of whether someone is fed",EH,derived
food_renton_sa,Salvation Army Renton,food,Kirgiz,0,0,,False,none,0,,False,,https://renton.salvationarmy.org,2026-09-06,,"No translation mechanism and no translated documents found on the site | Food bank. Groceries can be collected without a shared language, so a web-only assessment understates this sector more than any other. Read the tier as a measure of published information, not of whether someone is fed",EH,derived
food_renton_sa,Salvation Army Renton,food,Kirundi,0,0,,False,none,0,,False,,https://renton.salvationarmy.org,2026-09-06,,"No translation mechanism and no translated documents found on the site | Food bank. Groceries can be collected without a shared language, so a web-only assessment understates this sector more than any other. Read the tier as a measure of published information, not of whether someone is fed",EH,derived
food_renton_sa,Salvation Army Renton,food,Kmhmu,0,0,,False,none,0,,False,,https://renton.salvationarmy.org,2026-09-06,,"No translation mechanism and no translated documents found on the site | Food bank. Groceries can be collected without a shared language, so a web-only assessment understates this sector more than any other. Read the tier as a measure of published information, not of whether someone is fed",EH,derived
food_renton_sa,Salvation Army Renton,food,Kongo,0,0,,False,none,0,,False,,https://renton.salvationarmy.org,2026-09-06,,"No translation mechanism and no translated documents found on the site | Food bank. Groceries can be collected without a shared language, so a web-only assessment understates this sector more than any other. Read the tier as a measure of published information, not of whether someone is fed",EH,derived
food_renton_sa,Salvation Army Renton,food,Korean,0,0,,False,none,0,,False,3625,https://renton.salvationarmy.org,2026-09-06,,"No translation mechanism and no translated documents found on the site | Food bank. Groceries can be collected without a shared language, so a web-only assessment understates this sector more than any other. Read the tier as a measure of published information, not of whether someone is fed",EH,derived
food_renton_sa,Salvation Army Renton,food,Kosraean,0,0,,False,none,0,,False,,https://renton.salvationarmy.org,2026-09-06,,"No translation mechanism and no translated documents found on the site | Food bank. Groceries can be collected without a shared language, so a web-only assessment understates this sector more than any other. Read the tier as a measure of published information, not of whether someone is fed",EH,derived
food_renton_sa,Salvation Army Renton,food,Krahn,0,0,,False,none,0,,False,,https://renton.salvationarmy.org,2026-09-06,,"No translation mechanism and no translated documents found on the site | Food bank. Groceries can be collected without a shared language, so a web-only assessment understates this sector more than any other. Read the tier as a measure of published information, not of whether someone is fed",EH,derived
food_renton_sa,Salvation Army Renton,food,Krio,0,0,,False,none,0,,False,,https://renton.salvationarmy.org,2026-09-06,,"No translation mechanism and no translated documents found on the site | Food bank. Groceries can be collected without a shared language, so a web-only assessment understates this sector more than any other. Read the tier as a measure of published information, not of whether someone is fed",EH,derived
food_renton_sa,Salvation Army Renton,food,Kru,0,0,,False,none,0,,False,,https://renton.salvationarmy.org,2026-09-06,,"No translation mechanism and no translated documents found on the site | Food bank. Groceries can be collected without a shared language, so a web-only assessment understates this sector more than any other. Read the tier as a measure of published information, not of whether someone is fed",EH,derived
food_renton_sa,Salvation Army Renton,food,Kurdish,0,0,,False,none,0,,False,,https://renton.salvationarmy.org,2026-09-06,,"No translation mechanism and no translated documents found on the site | Food bank. Groceries can be collected without a shared language, so a web-only assessment understates this sector more than any other. Read the tier as a measure of published information, not of whether someone is fed",EH,derived
food_renton_sa,Salvation Army Renton,food,Lao,0,0,,False,none,0,,False,399,https://renton.salvationarmy.org,2026-09-06,,"No translation mechanism and no translated documents found on the site | Food bank. Groceries can be collected without a shared language, so a web-only assessment understates this sector more than any other. Read the tier as a measure of published information, not of whether someone is fed",EH,derived
food_renton_sa,Salvation Army Renton,food,Latvian,0,0,,False,none,0,,False,,https://renton.salvationarmy.org,2026-09-06,,"No translation mechanism and no translated documents found on the site | Food bank. Groceries can be collected without a shared language, so a web-only assessment understates this sector more than any other. Read the tier as a measure of published information, not of whether someone is fed",EH,derived
food_renton_sa,Salvation Army Renton,food,Lingala,0,0,,False,none,0,,False,,https://renton.salvationarmy.org,2026-09-06,,"No translation mechanism and no translated documents found on the site | Food bank. Groceries can be collected without a shared language, so a web-only assessment understates this sector more than any other. Read the tier as a measure of published information, not of whether someone is fed",EH,derived
food_renton_sa,Salvation Army Renton,food,Luganda,0,0,,False,none,0,,False,,https://renton.salvationarmy.org,2026-09-06,,"No translation mechanism and no translated documents found on the site | Food bank. Groceries can be collected without a shared language, so a web-only assessment understates this sector more than any other. Read the tier as a measure of published information, not of whether someone is fed",EH,derived
food_renton_sa,Salvation Army Renton,food,Maay Maay,0,0,,False,none,0,,False,,https://renton.salvationarmy.org,2026-09-06,,"No translation mechanism and no translated documents found on the site | Food bank. Groceries can be collected without a shared language, so a web-only assessment understates this sector more than any other. Read the tier as a measure of published information, not of whether someone is fed",EH,derived
food_renton_sa,Salvation Army Renton,food,Malay,0,0,,False,none,0,,False,,https://renton.salvationarmy.org,2026-09-06,,"No translation mechanism and no translated documents found on the site | Food bank. Groceries can be collected without a shared language, so a web-only assessment understates this sector more than any other. Read the tier as a measure of published information, not of whether someone is fed",EH,derived
food_renton_sa,Salvation Army Renton,food,Malayalam,0,0,,False,none,0,,False,,https://renton.salvationarmy.org,2026-09-06,,"No translation mechanism and no translated documents found on the site | Food bank. Groceries can be collected without a shared language, so a web-only assessment understates this sector more than any other. Read the tier as a measure of published information, not of whether someone is fed",EH,derived
food_renton_sa,Salvation Army Renton,food,Mam,0,0,,False,none,0,,False,,https://renton.salvationarmy.org,2026-09-06,,"No translation mechanism and no translated documents found on the site | Food bank. Groceries can be collected without a shared language, so a web-only assessment understates this sector more than any other. Read the tier as a measure of published information, not of whether someone is fed",EH,derived
food_renton_sa,Salvation Army Renton,food,Mandingo,0,0,,False,none,0,,False,,https://renton.salvationarmy.org,2026-09-06,,"No translation mechanism and no translated documents found on the site | Food bank. Groceries can be collected without a shared language, so a web-only assessment understates this sector more than any other. Read the tier as a measure of published information, not of whether someone is fed",EH,derived
food_renton_sa,Salvation Army Renton,food,Mandinka,0,0,,False,none,0,,False,,https://renton.salvationarmy.org,2026-09-06,,"No translation mechanism and no translated documents found on the site | Food bank. Groceries can be collected without a shared language, so a web-only assessment understates this sector more than any other. Read the tier as a measure of published information, not of whether someone is fed",EH,derived
food_renton_sa,Salvation Army Renton,food,Marathi,0,0,,False,none,0,,False,,https://renton.salvationarmy.org,2026-09-06,,"No translation mechanism and no translated documents found on the site | Food bank. Groceries can be collected without a shared language, so a web-only assessment understates this sector more than any other. Read the tier as a measure of published information, not of whether someone is fed",EH,derived
food_renton_sa,Salvation Army Renton,food,Marquesan,0,0,,False,none,0,,False,,https://renton.salvationarmy.org,2026-09-06,,"No translation mechanism and no translated documents found on the site | Food bank. Groceries can be collected without a shared language, so a web-only assessment understates this sector more than any other. Read the tier as a measure of published information, not of whether someone is fed",EH,derived
food_renton_sa,Salvation Army Renton,food,Marshallese,0,0,,False,none,0,,False,,https://renton.salvationarmy.org,2026-09-06,,"No translation mechanism and no translated documents found on the site | Food bank. Groceries can be collected without a shared language, so a web-only assessment understates this sector more than any other. Read the tier as a measure of published information, not of whether someone is fed",EH,derived
food_renton_sa,Salvation Army Renton,food,Maya-Quiche,0,0,,False,none,0,,False,,https://renton.salvationarmy.org,2026-09-06,,"No translation mechanism and no translated documents found on the site | Food bank. Groceries can be collected without a shared language, so a web-only assessment understates this sector more than any other. Read the tier as a measure of published information, not of whether someone is fed",EH,derived
food_renton_sa,Salvation Army Renton,food,Mien,0,0,,False,none,0,,False,,https://renton.salvationarmy.org,2026-09-06,,"No translation mechanism and no translated documents found on the site | Food bank. Groceries can be collected without a shared language, so a web-only assessment understates this sector more than any other. Read the tier as a measure of published information, not of whether someone is fed",EH,derived
food_renton_sa,Salvation Army Renton,food,Mixteco,0,0,,False,none,0,,False,,https://renton.salvationarmy.org,2026-09-06,,"No translation mechanism and no translated documents found on the site | Food bank. Groceries can be collected without a shared language, so a web-only assessment understates this sector more than any other. Read the tier as a measure of published information, not of whether someone is fed",EH,derived
food_renton_sa,Salvation Army Renton,food,Moldavian,0,0,,False,none,0,,False,,https://renton.salvationarmy.org,2026-09-06,,"No translation mechanism and no translated documents found on the site | Food bank. Groceries can be collected without a shared language, so a web-only assessment understates this sector more than any other. Read the tier as a measure of published information, not of whether someone is fed",EH,derived
food_renton_sa,Salvation Army Renton,food,Mongolian,0,0,,False,none,0,,False,,https://renton.salvationarmy.org,2026-09-06,,"No translation mechanism and no translated documents found on the site | Food bank. Groceries can be collected without a shared language, so a web-only assessment understates this sector more than any other. Read the tier as a measure of published information, not of whether someone is fed",EH,derived
food_renton_sa,Salvation Army Renton,food,Moore,0,0,,False,none,0,,False,,https://renton.salvationarmy.org,2026-09-06,,"No translation mechanism and no translated documents found on the site | Food bank. Groceries can be collected without a shared language, so a web-only assessment understates this sector more than any other. Read the tier as a measure of published information, not of whether someone is fed",EH,derived
food_renton_sa,Salvation Army Renton,food,"Nahuatl, Guerrero region",0,0,,False,none,0,,False,,https://renton.salvationarmy.org,2026-09-06,,"No translation mechanism and no translated documents found on the site | Food bank. Groceries can be collected without a shared language, so a web-only assessment understates this sector more than any other. Read the tier as a measure of published information, not of whether someone is fed",EH,derived
food_renton_sa,Salvation Army Renton,food,Nepali,0,0,,False,none,0,,False,,https://renton.salvationarmy.org,2026-09-06,,"No translation mechanism and no translated documents found on the site | Food bank. Groceries can be collected without a shared language, so a web-only assessment understates this sector more than any other. Read the tier as a measure of published information, not of whether someone is fed",EH,derived
food_renton_sa,Salvation Army Renton,food,Nuer,0,0,,False,none,0,,False,,https://renton.salvationarmy.org,2026-09-06,,"No translation mechanism and no translated documents found on the site | Food bank. Groceries can be collected without a shared language, so a web-only assessment understates this sector more than any other. Read the tier as a measure of published information, not of whether someone is fed",EH,derived
food_renton_sa,Salvation Army Renton,food,Oromo,0,0,,False,none,0,,False,252,https://renton.salvationarmy.org,2026-09-06,,"No translation mechanism and no translated documents found on the site | Food bank. Groceries can be collected without a shared language, so a web-only assessment understates this sector more than any other. Read the tier as a measure of published information, not of whether someone is fed",EH,derived
food_renton_sa,Salvation Army Renton,food,Palau,0,0,,False,none,0,,False,,https://renton.salvationarmy.org,2026-09-06,,"No translation mechanism and no translated documents found on the site | Food bank. Groceries can be collected without a shared language, so a web-only assessment understates this sector more than any other. Read the tier as a measure of published information, not of whether someone is fed",EH,derived
food_renton_sa,Salvation Army Renton,food,Pashai,0,0,,False,none,0,,False,,https://renton.salvationarmy.org,2026-09-06,,"No translation mechanism and no translated documents found on the site | Food bank. Groceries can be collected without a shared language, so a web-only assessment understates this sector more than any other. Read the tier as a measure of published information, not of whether someone is fed",EH,derived
food_renton_sa,Salvation Army Renton,food,Pashto,0,0,,False,none,0,,False,680,https://renton.salvationarmy.org,2026-09-06,,"No translation mechanism and no translated documents found on the site | Food bank. Groceries can be collected without a shared language, so a web-only assessment understates this sector more than any other. Read the tier as a measure of published information, not of whether someone is fed",EH,derived
food_renton_sa,Salvation Army Renton,food,Pere,0,0,,False,none,0,,False,,https://renton.salvationarmy.org,2026-09-06,,"No translation mechanism and no translated documents found on the site | Food bank. Groceries can be collected without a shared language, so a web-only assessment understates this sector more than any other. Read the tier as a measure of published information, not of whether someone is fed",EH,derived
food_renton_sa,Salvation Army Renton,food,Polish,0,0,,False,none,0,,False,,https://renton.salvationarmy.org,2026-09-06,,"No translation mechanism and no translated documents found on the site | Food bank. Groceries can be collected without a shared language, so a web-only assessment understates this sector more than any other. Read the tier as a measure of published information, not of whether someone is fed",EH,derived
food_renton_sa,Salvation Army Renton,food,Portuguese,0,0,,False,none,0,,False,1449,https://renton.salvationarmy.org,2026-09-06,,"No translation mechanism and no translated documents found on the site | Food bank. Groceries can be collected without a shared language, so a web-only assessment understates this sector more than any other. Read the tier as a measure of published information, not of whether someone is fed",EH,derived
food_renton_sa,Salvation Army Renton,food,Punjabi,0,0,,False,none,0,,False,1632,https://renton.salvationarmy.org,2026-09-06,,"No translation mechanism and no translated documents found on the site | Food bank. Groceries can be collected without a shared language, so a web-only assessment understates this sector more than any other. Read the tier as a measure of published information, not of whether someone is fed",EH,derived
food_renton_sa,Salvation Army Renton,food,Purepecha,0,0,,False,none,0,,False,,https://renton.salvationarmy.org,2026-09-06,,"No translation mechanism and no translated documents found on the site | Food bank. Groceries can be collected without a shared language, so a web-only assessment understates this sector more than any other. Read the tier as a measure of published information, not of whether someone is fed",EH,derived
food_renton_sa,Salvation Army Renton,food,Rohingya,0,0,,False,none,0,,False,,https://renton.salvationarmy.org,2026-09-06,,"No translation mechanism and no translated documents found on the site | Food bank. Groceries can be collected without a shared language, so a web-only assessment understates this sector more than any other. Read the tier as a measure of published information, not of whether someone is fed",EH,derived
food_renton_sa,Salvation Army Renton,food,Romanian,0,0,,False,none,0,,False,453,https://renton.salvationarmy.org,2026-09-06,,"No translation mechanism and no translated documents found on the site | Food bank. Groceries can be collected without a shared language, so a web-only assessment understates this sector more than any other. Read the tier as a measure of published information, not of whether someone is fed",EH,derived
food_renton_sa,Salvation Army Renton,food,Russian,0,0,,False,none,0,,False,12029,https://renton.salvationarmy.org,2026-09-06,,"No translation mechanism and no translated documents found on the site | Food bank. Groceries can be collected without a shared language, so a web-only assessment understates this sector more than any other. Read the tier as a measure of published information, not of whether someone is fed",EH,derived
food_renton_sa,Salvation Army Renton,food,Samoan,0,0,,False,none,0,,False,261,https://renton.salvationarmy.org,2026-09-06,,"No translation mechanism and no translated documents found on the site | Food bank. Groceries can be collected without a shared language, so a web-only assessment understates this sector more than any other. Read the tier as a measure of published information, not of whether someone is fed",EH,derived
food_renton_sa,Salvation Army Renton,food,Sao,0,0,,False,none,0,,False,,https://renton.salvationarmy.org,2026-09-06,,"No translation mechanism and no translated documents found on the site | Food bank. Groceries can be collected without a shared language, so a web-only assessment understates this sector more than any other. Read the tier as a measure of published information, not of whether someone is fed",EH,derived
food_renton_sa,Salvation Army Renton,food,Serbo-Croation,0,0,,False,none,0,,False,,https://renton.salvationarmy.org,2026-09-06,,"No translation mechanism and no translated documents found on the site | Food bank. Groceries can be collected without a shared language, so a web-only assessment understates this sector more than any other. Read the tier as a measure of published information, not of whether someone is fed",EH,derived
food_renton_sa,Salvation Army Renton,food,Shona,0,0,,False,none,0,,False,,https://renton.salvationarmy.org,2026-09-06,,"No translation mechanism and no translated documents found on the site | Food bank. Groceries can be collected without a shared language, so a web-only assessment understates this sector more than any other. Read the tier as a measure of published information, not of whether someone is fed",EH,derived
food_renton_sa,Salvation Army Renton,food,Sinhalese,0,0,,False,none,0,,False,,https://renton.salvationarmy.org,2026-09-06,,"No translation mechanism and no translated documents found on the site | Food bank. Groceries can be collected without a shared language, so a web-only assessment understates this sector more than any other. Read the tier as a measure of published information, not of whether someone is fed",EH,derived
food_renton_sa,Salvation Army Renton,food,Slovenian,0,0,,False,none,0,,False,,https://renton.salvationarmy.org,2026-09-06,,"No translation mechanism and no translated documents found on the site | Food bank. Groceries can be collected without a shared language, so a web-only assessment understates this sector more than any other. Read the tier as a measure of published information, not of whether someone is fed",EH,derived
food_renton_sa,Salvation Army Renton,food,Somali,0,0,,False,none,0,,False,1417,https://renton.salvationarmy.org,2026-09-06,,"No translation mechanism and no translated documents found on the site | Food bank. Groceries can be collected without a shared language, so a web-only assessment understates this sector more than any other. Read the tier as a measure of published information, not of whether someone is fed",EH,derived
food_renton_sa,Salvation Army Renton,food,Soninke,0,0,,False,none,0,,False,,https://renton.salvationarmy.org,2026-09-06,,"No translation mechanism and no translated documents found on the site | Food bank. Groceries can be collected without a shared language, so a web-only assessment understates this sector more than any other. Read the tier as a measure of published information, not of whether someone is fed",EH,derived
food_renton_sa,Salvation Army Renton,food,Sotho,0,0,,False,none,0,,False,,https://renton.salvationarmy.org,2026-09-06,,"No translation mechanism and no translated documents found on the site | Food bank. Groceries can be collected without a shared language, so a web-only assessment understates this sector more than any other. Read the tier as a measure of published information, not of whether someone is fed",EH,derived
food_renton_sa,Salvation Army Renton,food,Spanish,0,0,,False,none,0,,False,105998,https://renton.salvationarmy.org,2026-09-06,,"No translation mechanism and no translated documents found on the site | Food bank. Groceries can be collected without a shared language, so a web-only assessment understates this sector more than any other. Read the tier as a measure of published information, not of whether someone is fed",EH,derived
food_renton_sa,Salvation Army Renton,food,Swahili,0,0,,False,none,0,,False,324,https://renton.salvationarmy.org,2026-09-06,,"No translation mechanism and no translated documents found on the site | Food bank. Groceries can be collected without a shared language, so a web-only assessment understates this sector more than any other. Read the tier as a measure of published information, not of whether someone is fed",EH,derived
food_renton_sa,Salvation Army Renton,food,Tagalog,0,0,,False,none,0,,False,871,https://renton.salvationarmy.org,2026-09-06,,"No translation mechanism and no translated documents found on the site | Food bank. Groceries can be collected without a shared language, so a web-only assessment understates this sector more than any other. Read the tier as a measure of published information, not of whether someone is fed",EH,derived
food_renton_sa,Salvation Army Renton,food,Taishanese,0,0,,False,none,0,,False,,https://renton.salvationarmy.org,2026-09-06,,"No translation mechanism and no translated documents found on the site | Food bank. Groceries can be collected without a shared language, so a web-only assessment understates this sector more than any other. Read the tier as a measure of published information, not of whether someone is fed",EH,derived
food_renton_sa,Salvation Army Renton,food,Tajiki,0,0,,False,none,0,,False,,https://renton.salvationarmy.org,2026-09-06,,"No translation mechanism and no translated documents found on the site | Food bank. Groceries can be collected without a shared language, so a web-only assessment understates this sector more than any other. Read the tier as a measure of published information, not of whether someone is fed",EH,derived
food_renton_sa,Salvation Army Renton,food,Tamil,0,0,,False,none,0,,False,,https://renton.salvationarmy.org,2026-09-06,,"No translation mechanism and no translated documents found on the site | Food bank. Groceries can be collected without a shared language, so a web-only assessment understates this sector more than any other. Read the tier as a measure of published information, not of whether someone is fed",EH,derived
food_renton_sa,Salvation Army Renton,food,Tarasco,0,0,,False,none,0,,False,,https://renton.salvationarmy.org,2026-09-06,,"No translation mechanism and no translated documents found on the site | Food bank. Groceries can be collected without a shared language, so a web-only assessment understates this sector more than any other. Read the tier as a measure of published information, not of whether someone is fed",EH,derived
food_renton_sa,Salvation Army Renton,food,Tedim,0,0,,False,none,0,,False,,https://renton.salvationarmy.org,2026-09-06,,"No translation mechanism and no translated documents found on the site | Food bank. Groceries can be collected without a shared language, so a web-only assessment understates this sector more than any other. Read the tier as a measure of published information, not of whether someone is fed",EH,derived
food_renton_sa,Salvation Army Renton,food,Telugu,0,0,,False,none,0,,False,,https://renton.salvationarmy.org,2026-09-06,,"No translation mechanism and no translated documents found on the site | Food bank. Groceries can be collected without a shared language, so a web-only assessment understates this sector more than any other. Read the tier as a measure of published information, not of whether someone is fed",EH,derived
food_renton_sa,Salvation Army Renton,food,Thai,0,0,,False,none,0,,False,232,https://renton.salvationarmy.org,2026-09-06,,"No translation mechanism and no translated documents found on the site | Food bank. Groceries can be collected without a shared language, so a web-only assessment understates this sector more than any other. Read the tier as a measure of published information, not of whether someone is fed",EH,derived
food_renton_sa,Salvation Army Renton,food,Tibetan,0,0,,False,none,0,,False,,https://renton.salvationarmy.org,2026-09-06,,"No translation mechanism and no translated documents found on the site | Food bank. Groceries can be collected without a shared language, so a web-only assessment understates this sector more than any other. Read the tier as a measure of published information, not of whether someone is fed",EH,derived
food_renton_sa,Salvation Army Renton,food,Tigrinya,0,0,,False,none,0,,False,1144,https://renton.salvationarmy.org,2026-09-06,,"No translation mechanism and no translated documents found on the site | Food bank. Groceries can be collected without a shared language, so a web-only assessment understates this sector more than any other. Read the tier as a measure of published information, not of whether someone is fed",EH,derived
food_renton_sa,Salvation Army Renton,food,Tongan,0,0,,False,none,0,,False,,https://renton.salvationarmy.org,2026-09-06,,"No translation mechanism and no translated documents found on the site | Food bank. Groceries can be collected without a shared language, so a web-only assessment understates this sector more than any other. Read the tier as a measure of published information, not of whether someone is fed",EH,derived
food_renton_sa,Salvation Army Renton,food,Turkish,0,0,,False,none,0,,False,,https://renton.salvationarmy.org,2026-09-06,,"No translation mechanism and no translated documents found on the site | Food bank. Groceries can be collected without a shared language, so a web-only assessment understates this sector more than any other. Read the tier as a measure of published information, not of whether someone is fed",EH,derived
food_renton_sa,Salvation Army Renton,food,Twi,0,0,,False,none,0,,False,,https://renton.salvationarmy.org,2026-09-06,,"No translation mechanism and no translated documents found on the site | Food bank. Groceries can be collected without a shared language, so a web-only assessment understates this sector more than any other. Read the tier as a measure of published information, not of whether someone is fed",EH,derived
food_renton_sa,Salvation Army Renton,food,Ukrainian,0,0,,False,none,0,,False,5881,https://renton.salvationarmy.org,2026-09-06,,"No translation mechanism and no translated documents found on the site | Food bank. Groceries can be collected without a shared language, so a web-only assessment understates this sector more than any other. Read the tier as a measure of published information, not of whether someone is fed",EH,derived
food_renton_sa,Salvation Army Renton,food,Urdu,0,0,,False,none,0,,False,,https://renton.salvationarmy.org,2026-09-06,,"No translation mechanism and no translated documents found on the site | Food bank. Groceries can be collected without a shared language, so a web-only assessment understates this sector more than any other. Read the tier as a measure of published information, not of whether someone is fed",EH,derived
food_renton_sa,Salvation Army Renton,food,Uzbek,0,0,,False,none,0,,False,,https://renton.salvationarmy.org,2026-09-06,,"No translation mechanism and no translated documents found on the site | Food bank. Groceries can be collected without a shared language, so a web-only assessment understates this sector more than any other. Read the tier as a measure of published information, not of whether someone is fed",EH,derived
food_renton_sa,Salvation Army Renton,food,Vietnamese,0,0,,False,none,0,,False,9202,https://renton.salvationarmy.org,2026-09-06,,"No translation mechanism and no translated documents found on the site | Food bank. Groceries can be collected without a shared language, so a web-only assessment understates this sector more than any other. Read the tier as a measure of published information, not of whether someone is fed",EH,derived
food_renton_sa,Salvation Army Renton,food,Wolof,0,0,,False,none,0,,False,,https://renton.salvationarmy.org,2026-09-06,,"No translation mechanism and no translated documents found on the site | Food bank. Groceries can be collected without a shared language, so a web-only assessment understates this sector more than any other. Read the tier as a measure of published information, not of whether someone is fed",EH,derived
food_renton_sa,Salvation Army Renton,food,Yap,0,0,,False,none,0,,False,,https://renton.salvationarmy.org,2026-09-06,,"No translation mechanism and no translated documents found on the site | Food bank. Groceries can be collected without a shared language, so a web-only assessment understates this sector more than any other. Read the tier as a measure of published information, not of whether someone is fed",EH,derived
food_renton_sa,Salvation Army Renton,food,Yoruba,0,0,,False,none,0,,False,,https://renton.salvationarmy.org,2026-09-06,,"No translation mechanism and no translated documents found on the site | Food bank. Groceries can be collected without a shared language, so a web-only assessment understates this sector more than any other. Read the tier as a measure of published information, not of whether someone is fed",EH,derived
food_nwharvest,Northwest Harvest,food,Acholi,0,0,,False,none,0,,False,,https://www.northwestharvest.org,2026-09-06,,"No translation mechanism and no translated documents found on the site | Food bank. Groceries can be collected without a shared language, so a web-only assessment understates this sector more than any other. Read the tier as a measure of published information, not of whether someone is fed",EH,derived
food_nwharvest,Northwest Harvest,food,Aguacateco,0,0,,False,none,0,,False,,https://www.northwestharvest.org,2026-09-06,,"No translation mechanism and no translated documents found on the site | Food bank. Groceries can be collected without a shared language, so a web-only assessment understates this sector more than any other. Read the tier as a measure of published information, not of whether someone is fed",EH,derived
food_nwharvest,Northwest Harvest,food,Akateko,0,0,,False,none,0,,False,,https://www.northwestharvest.org,2026-09-06,,"No translation mechanism and no translated documents found on the site | Food bank. Groceries can be collected without a shared language, so a web-only assessment understates this sector more than any other. Read the tier as a measure of published information, not of whether someone is fed",EH,derived
food_nwharvest,Northwest Harvest,food,Albanian,0,0,,False,none,0,,False,,https://www.northwestharvest.org,2026-09-06,,"No translation mechanism and no translated documents found on the site | Food bank. Groceries can be collected without a shared language, so a web-only assessment understates this sector more than any other. Read the tier as a measure of published information, not of whether someone is fed",EH,derived
food_nwharvest,Northwest Harvest,food,American Sign Language,0,0,,False,none,0,,False,298,https://www.northwestharvest.org,2026-09-06,,"No translation mechanism and no translated documents found on the site | Food bank. Groceries can be collected without a shared language, so a web-only assessment understates this sector more than any other. Read the tier as a measure of published information, not of whether someone is fed",EH,derived
food_nwharvest,Northwest Harvest,food,Amharic,0,0,,False,none,0,,False,1615,https://www.northwestharvest.org,2026-09-06,,"No translation mechanism and no translated documents found on the site | Food bank. Groceries can be collected without a shared language, so a web-only assessment understates this sector more than any other. Read the tier as a measure of published information, not of whether someone is fed",EH,derived
food_nwharvest,Northwest Harvest,food,Arabic,0,0,,False,none,0,,False,2447,https://www.northwestharvest.org,2026-09-06,,"No translation mechanism and no translated documents found on the site | Food bank. Groceries can be collected without a shared language, so a web-only assessment understates this sector more than any other. Read the tier as a measure of published information, not of whether someone is fed",EH,derived
food_nwharvest,Northwest Harvest,food,Armenian,0,0,,False,none,0,,False,,https://www.northwestharvest.org,2026-09-06,,"No translation mechanism and no translated documents found on the site | Food bank. Groceries can be collected without a shared language, so a web-only assessment understates this sector more than any other. Read the tier as a measure of published information, not of whether someone is fed",EH,derived
food_nwharvest,Northwest Harvest,food,Ayula-Bambara,0,0,,False,none,0,,False,,https://www.northwestharvest.org,2026-09-06,,"No translation mechanism and no translated documents found on the site | Food bank. Groceries can be collected without a shared language, so a web-only assessment understates this sector more than any other. Read the tier as a measure of published information, not of whether someone is fed",EH,derived
food_nwharvest,Northwest Harvest,food,Azerbaijani,0,0,,False,none,0,,False,,https://www.northwestharvest.org,2026-09-06,,"No translation mechanism and no translated documents found on the site | Food bank. Groceries can be collected without a shared language, so a web-only assessment understates this sector more than any other. Read the tier as a measure of published information, not of whether someone is fed",EH,derived
food_nwharvest,Northwest Harvest,food,Bambara,0,0,,False,none,0,,False,,https://www.northwestharvest.org,2026-09-06,,"No translation mechanism and no translated documents found on the site | Food bank. Groceries can be collected without a shared language, so a web-only assessment understates this sector more than any other. Read the tier as a measure of published information, not of whether someone is fed",EH,derived
food_nwharvest,Northwest Harvest,food,Bangala,0,0,,False,none,0,,False,,https://www.northwestharvest.org,2026-09-06,,"No translation mechanism and no translated documents found on the site | Food bank. Groceries can be collected without a shared language, so a web-only assessment understates this sector more than any other. Read the tier as a measure of published information, not of whether someone is fed",EH,derived
food_nwharvest,Northwest Harvest,food,Bassa,0,0,,False,none,0,,False,,https://www.northwestharvest.org,2026-09-06,,"No translation mechanism and no translated documents found on the site | Food bank. Groceries can be collected without a shared language, so a web-only assessment understates this sector more than any other. Read the tier as a measure of published information, not of whether someone is fed",EH,derived
food_nwharvest,Northwest Harvest,food,Bengali,0,0,,False,none,0,,False,,https://www.northwestharvest.org,2026-09-06,,"No translation mechanism and no translated documents found on the site | Food bank. Groceries can be collected without a shared language, so a web-only assessment understates this sector more than any other. Read the tier as a measure of published information, not of whether someone is fed",EH,derived
food_nwharvest,Northwest Harvest,food,Bosnian,0,0,,False,none,0,,False,,https://www.northwestharvest.org,2026-09-06,,"No translation mechanism and no translated documents found on the site | Food bank. Groceries can be collected without a shared language, so a web-only assessment understates this sector more than any other. Read the tier as a measure of published information, not of whether someone is fed",EH,derived
food_nwharvest,Northwest Harvest,food,Bulgarian,0,0,,False,none,0,,False,,https://www.northwestharvest.org,2026-09-06,,"No translation mechanism and no translated documents found on the site | Food bank. Groceries can be collected without a shared language, so a web-only assessment understates this sector more than any other. Read the tier as a measure of published information, not of whether someone is fed",EH,derived
food_nwharvest,Northwest Harvest,food,Burmese,0,0,,False,none,0,,False,349,https://www.northwestharvest.org,2026-09-06,,"No translation mechanism and no translated documents found on the site | Food bank. Groceries can be collected without a shared language, so a web-only assessment understates this sector more than any other. Read the tier as a measure of published information, not of whether someone is fed",EH,derived
food_nwharvest,Northwest Harvest,food,Carolinian,0,0,,False,none,0,,False,,https://www.northwestharvest.org,2026-09-06,,"No translation mechanism and no translated documents found on the site | Food bank. Groceries can be collected without a shared language, so a web-only assessment understates this sector more than any other. Read the tier as a measure of published information, not of whether someone is fed",EH,derived
food_nwharvest,Northwest Harvest,food,Catalan,0,0,,False,none,0,,False,,https://www.northwestharvest.org,2026-09-06,,"No translation mechanism and no translated documents found on the site | Food bank. Groceries can be collected without a shared language, so a web-only assessment understates this sector more than any other. Read the tier as a measure of published information, not of whether someone is fed",EH,derived
food_nwharvest,Northwest Harvest,food,Cebuano,0,0,,False,none,0,,False,,https://www.northwestharvest.org,2026-09-06,,"No translation mechanism and no translated documents found on the site | Food bank. Groceries can be collected without a shared language, so a web-only assessment understates this sector more than any other. Read the tier as a measure of published information, not of whether someone is fed",EH,derived
food_nwharvest,Northwest Harvest,food,Cham,0,0,,False,none,0,,False,,https://www.northwestharvest.org,2026-09-06,,"No translation mechanism and no translated documents found on the site | Food bank. Groceries can be collected without a shared language, so a web-only assessment understates this sector more than any other. Read the tier as a measure of published information, not of whether someone is fed",EH,derived
food_nwharvest,Northwest Harvest,food,Chamorro,0,0,,False,none,0,,False,,https://www.northwestharvest.org,2026-09-06,,"No translation mechanism and no translated documents found on the site | Food bank. Groceries can be collected without a shared language, so a web-only assessment understates this sector more than any other. Read the tier as a measure of published information, not of whether someone is fed",EH,derived
food_nwharvest,Northwest Harvest,food,Chin,0,0,,False,none,0,,False,,https://www.northwestharvest.org,2026-09-06,,"No translation mechanism and no translated documents found on the site | Food bank. Groceries can be collected without a shared language, so a web-only assessment understates this sector more than any other. Read the tier as a measure of published information, not of whether someone is fed",EH,derived
food_nwharvest,Northwest Harvest,food,Chinese-Cantonese,0,0,,False,none,0,,False,,https://www.northwestharvest.org,2026-09-06,,"No translation mechanism and no translated documents found on the site | Food bank. Groceries can be collected without a shared language, so a web-only assessment understates this sector more than any other. Read the tier as a measure of published information, not of whether someone is fed",EH,derived
food_nwharvest,Northwest Harvest,food,Chinese-Fukienese,0,0,,False,none,0,,False,,https://www.northwestharvest.org,2026-09-06,,"No translation mechanism and no translated documents found on the site | Food bank. Groceries can be collected without a shared language, so a web-only assessment understates this sector more than any other. Read the tier as a measure of published information, not of whether someone is fed",EH,derived
food_nwharvest,Northwest Harvest,food,Chinese-Mandarin,3,2,,True,in_language_document,1,,False,,https://www.northwestharvest.org,2026-09-06,unchecked,"1 language-named page(s) in the sitemap | Food bank. Groceries can be collected without a shared language, so a web-only assessment understates this sector more than any other. Read the tier as a measure of published information, not of whether someone is fed",EH,derived
food_nwharvest,Northwest Harvest,food,Chinese-Taiwanese,0,0,,False,none,0,,False,,https://www.northwestharvest.org,2026-09-06,,"No translation mechanism and no translated documents found on the site | Food bank. Groceries can be collected without a shared language, so a web-only assessment understates this sector more than any other. Read the tier as a measure of published information, not of whether someone is fed",EH,derived
food_nwharvest,Northwest Harvest,food,Chuukese,0,0,,False,none,0,,False,677,https://www.northwestharvest.org,2026-09-06,,"No translation mechanism and no translated documents found on the site | Food bank. Groceries can be collected without a shared language, so a web-only assessment understates this sector more than any other. Read the tier as a measure of published information, not of whether someone is fed",EH,derived
food_nwharvest,Northwest Harvest,food,Dari,0,0,,False,none,0,,False,2702,https://www.northwestharvest.org,2026-09-06,,"No translation mechanism and no translated documents found on the site | Food bank. Groceries can be collected without a shared language, so a web-only assessment understates this sector more than any other. Read the tier as a measure of published information, not of whether someone is fed",EH,derived
food_nwharvest,Northwest Harvest,food,Dinka,0,0,,False,none,0,,False,,https://www.northwestharvest.org,2026-09-06,,"No translation mechanism and no translated documents found on the site | Food bank. Groceries can be collected without a shared language, so a web-only assessment understates this sector more than any other. Read the tier as a measure of published information, not of whether someone is fed",EH,derived
food_nwharvest,Northwest Harvest,food,Dutch,0,0,,False,none,0,,False,,https://www.northwestharvest.org,2026-09-06,,"No translation mechanism and no translated documents found on the site | Food bank. Groceries can be collected without a shared language, so a web-only assessment understates this sector more than any other. Read the tier as a measure of published information, not of whether someone is fed",EH,derived
food_nwharvest,Northwest Harvest,food,Egyptian-Arabic,0,0,,False,none,0,,False,,https://www.northwestharvest.org,2026-09-06,,"No translation mechanism and no translated documents found on the site | Food bank. Groceries can be collected without a shared language, so a web-only assessment understates this sector more than any other. Read the tier as a measure of published information, not of whether someone is fed",EH,derived
food_nwharvest,Northwest Harvest,food,Eritai,0,0,,False,none,0,,False,,https://www.northwestharvest.org,2026-09-06,,"No translation mechanism and no translated documents found on the site | Food bank. Groceries can be collected without a shared language, so a web-only assessment understates this sector more than any other. Read the tier as a measure of published information, not of whether someone is fed",EH,derived
food_nwharvest,Northwest Harvest,food,Estonian,0,0,,False,none,0,,False,,https://www.northwestharvest.org,2026-09-06,,"No translation mechanism and no translated documents found on the site | Food bank. Groceries can be collected without a shared language, so a web-only assessment understates this sector more than any other. Read the tier as a measure of published information, not of whether someone is fed",EH,derived
food_nwharvest,Northwest Harvest,food,Ewe,0,0,,False,none,0,,False,,https://www.northwestharvest.org,2026-09-06,,"No translation mechanism and no translated documents found on the site | Food bank. Groceries can be collected without a shared language, so a web-only assessment understates this sector more than any other. Read the tier as a measure of published information, not of whether someone is fed",EH,derived
food_nwharvest,Northwest Harvest,food,Fallani,0,0,,False,none,0,,False,,https://www.northwestharvest.org,2026-09-06,,"No translation mechanism and no translated documents found on the site | Food bank. Groceries can be collected without a shared language, so a web-only assessment understates this sector more than any other. Read the tier as a measure of published information, not of whether someone is fed",EH,derived
food_nwharvest,Northwest Harvest,food,Farsi,0,0,,False,none,0,,False,990,https://www.northwestharvest.org,2026-09-06,,"No translation mechanism and no translated documents found on the site | Food bank. Groceries can be collected without a shared language, so a web-only assessment understates this sector more than any other. Read the tier as a measure of published information, not of whether someone is fed",EH,derived
food_nwharvest,Northwest Harvest,food,French,0,0,,False,none,0,,False,994,https://www.northwestharvest.org,2026-09-06,,"No translation mechanism and no translated documents found on the site | Food bank. Groceries can be collected without a shared language, so a web-only assessment understates this sector more than any other. Read the tier as a measure of published information, not of whether someone is fed",EH,derived
food_nwharvest,Northwest Harvest,food,Fula,0,0,,False,none,0,,False,,https://www.northwestharvest.org,2026-09-06,,"No translation mechanism and no translated documents found on the site | Food bank. Groceries can be collected without a shared language, so a web-only assessment understates this sector more than any other. Read the tier as a measure of published information, not of whether someone is fed",EH,derived
food_nwharvest,Northwest Harvest,food,Ga,0,0,,False,none,0,,False,,https://www.northwestharvest.org,2026-09-06,,"No translation mechanism and no translated documents found on the site | Food bank. Groceries can be collected without a shared language, so a web-only assessment understates this sector more than any other. Read the tier as a measure of published information, not of whether someone is fed",EH,derived
food_nwharvest,Northwest Harvest,food,German,0,0,,False,none,0,,False,,https://www.northwestharvest.org,2026-09-06,,"No translation mechanism and no translated documents found on the site | Food bank. Groceries can be collected without a shared language, so a web-only assessment understates this sector more than any other. Read the tier as a measure of published information, not of whether someone is fed",EH,derived
food_nwharvest,Northwest Harvest,food,"Greek, Modern",0,0,,False,none,0,,False,,https://www.northwestharvest.org,2026-09-06,,"No translation mechanism and no translated documents found on the site | Food bank. Groceries can be collected without a shared language, so a web-only assessment understates this sector more than any other. Read the tier as a measure of published information, not of whether someone is fed",EH,derived
food_nwharvest,Northwest Harvest,food,Gujarati,0,0,,False,none,0,,False,,https://www.northwestharvest.org,2026-09-06,,"No translation mechanism and no translated documents found on the site | Food bank. Groceries can be collected without a shared language, so a web-only assessment understates this sector more than any other. Read the tier as a measure of published information, not of whether someone is fed",EH,derived
food_nwharvest,Northwest Harvest,food,Haitian Creole,0,0,,False,none,0,,False,317,https://www.northwestharvest.org,2026-09-06,,"No translation mechanism and no translated documents found on the site | Food bank. Groceries can be collected without a shared language, so a web-only assessment understates this sector more than any other. Read the tier as a measure of published information, not of whether someone is fed",EH,derived
food_nwharvest,Northwest Harvest,food,Hausa,0,0,,False,none,0,,False,,https://www.northwestharvest.org,2026-09-06,,"No translation mechanism and no translated documents found on the site | Food bank. Groceries can be collected without a shared language, so a web-only assessment understates this sector more than any other. Read the tier as a measure of published information, not of whether someone is fed",EH,derived
food_nwharvest,Northwest Harvest,food,Hawaiian,0,0,,False,none,0,,False,,https://www.northwestharvest.org,2026-09-06,,"No translation mechanism and no translated documents found on the site | Food bank. Groceries can be collected without a shared language, so a web-only assessment understates this sector more than any other. Read the tier as a measure of published information, not of whether someone is fed",EH,derived
food_nwharvest,Northwest Harvest,food,Herero,0,0,,False,none,0,,False,,https://www.northwestharvest.org,2026-09-06,,"No translation mechanism and no translated documents found on the site | Food bank. Groceries can be collected without a shared language, so a web-only assessment understates this sector more than any other. Read the tier as a measure of published information, not of whether someone is fed",EH,derived
food_nwharvest,Northwest Harvest,food,Hindi,0,0,,False,none,0,,False,212,https://www.northwestharvest.org,2026-09-06,,"No translation mechanism and no translated documents found on the site | Food bank. Groceries can be collected without a shared language, so a web-only assessment understates this sector more than any other. Read the tier as a measure of published information, not of whether someone is fed",EH,derived
food_nwharvest,Northwest Harvest,food,Hmong,0,0,,False,none,0,,False,,https://www.northwestharvest.org,2026-09-06,,"No translation mechanism and no translated documents found on the site | Food bank. Groceries can be collected without a shared language, so a web-only assessment understates this sector more than any other. Read the tier as a measure of published information, not of whether someone is fed",EH,derived
food_nwharvest,Northwest Harvest,food,Hungarian,0,0,,False,none,0,,False,,https://www.northwestharvest.org,2026-09-06,,"No translation mechanism and no translated documents found on the site | Food bank. Groceries can be collected without a shared language, so a web-only assessment understates this sector more than any other. Read the tier as a measure of published information, not of whether someone is fed",EH,derived
food_nwharvest,Northwest Harvest,food,Igbo,0,0,,False,none,0,,False,,https://www.northwestharvest.org,2026-09-06,,"No translation mechanism and no translated documents found on the site | Food bank. Groceries can be collected without a shared language, so a web-only assessment understates this sector more than any other. Read the tier as a measure of published information, not of whether someone is fed",EH,derived
food_nwharvest,Northwest Harvest,food,Ilokano,0,0,,False,none,0,,False,,https://www.northwestharvest.org,2026-09-06,,"No translation mechanism and no translated documents found on the site | Food bank. Groceries can be collected without a shared language, so a web-only assessment understates this sector more than any other. Read the tier as a measure of published information, not of whether someone is fed",EH,derived
food_nwharvest,Northwest Harvest,food,Indonesian,0,0,,False,none,0,,False,,https://www.northwestharvest.org,2026-09-06,,"No translation mechanism and no translated documents found on the site | Food bank. Groceries can be collected without a shared language, so a web-only assessment understates this sector more than any other. Read the tier as a measure of published information, not of whether someone is fed",EH,derived
food_nwharvest,Northwest Harvest,food,Italian,0,0,,False,none,0,,False,,https://www.northwestharvest.org,2026-09-06,,"No translation mechanism and no translated documents found on the site | Food bank. Groceries can be collected without a shared language, so a web-only assessment understates this sector more than any other. Read the tier as a measure of published information, not of whether someone is fed",EH,derived
food_nwharvest,Northwest Harvest,food,Japanese,0,0,,False,none,0,,False,,https://www.northwestharvest.org,2026-09-06,,"No translation mechanism and no translated documents found on the site | Food bank. Groceries can be collected without a shared language, so a web-only assessment understates this sector more than any other. Read the tier as a measure of published information, not of whether someone is fed",EH,derived
food_nwharvest,Northwest Harvest,food,Kakwa,0,0,,False,none,0,,False,,https://www.northwestharvest.org,2026-09-06,,"No translation mechanism and no translated documents found on the site | Food bank. Groceries can be collected without a shared language, so a web-only assessment understates this sector more than any other. Read the tier as a measure of published information, not of whether someone is fed",EH,derived
food_nwharvest,Northwest Harvest,food,Kannada,0,0,,False,none,0,,False,,https://www.northwestharvest.org,2026-09-06,,"No translation mechanism and no translated documents found on the site | Food bank. Groceries can be collected without a shared language, so a web-only assessment understates this sector more than any other. Read the tier as a measure of published information, not of whether someone is fed",EH,derived
food_nwharvest,Northwest Harvest,food,Karen,0,0,,False,none,0,,False,,https://www.northwestharvest.org,2026-09-06,,"No translation mechanism and no translated documents found on the site | Food bank. Groceries can be collected without a shared language, so a web-only assessment understates this sector more than any other. Read the tier as a measure of published information, not of whether someone is fed",EH,derived
food_nwharvest,Northwest Harvest,food,Karenni,0,0,,False,none,0,,False,,https://www.northwestharvest.org,2026-09-06,,"No translation mechanism and no translated documents found on the site | Food bank. Groceries can be collected without a shared language, so a web-only assessment understates this sector more than any other. Read the tier as a measure of published information, not of whether someone is fed",EH,derived
food_nwharvest,Northwest Harvest,food,Kazakh,0,0,,False,none,0,,False,,https://www.northwestharvest.org,2026-09-06,,"No translation mechanism and no translated documents found on the site | Food bank. Groceries can be collected without a shared language, so a web-only assessment understates this sector more than any other. Read the tier as a measure of published information, not of whether someone is fed",EH,derived
food_nwharvest,Northwest Harvest,food,Khmer,0,0,,False,none,0,,False,1645,https://www.northwestharvest.org,2026-09-06,,"No translation mechanism and no translated documents found on the site | Food bank. Groceries can be collected without a shared language, so a web-only assessment understates this sector more than any other. Read the tier as a measure of published information, not of whether someone is fed",EH,derived
food_nwharvest,Northwest Harvest,food,Kikuyu,0,0,,False,none,0,,False,,https://www.northwestharvest.org,2026-09-06,,"No translation mechanism and no translated documents found on the site | Food bank. Groceries can be collected without a shared language, so a web-only assessment understates this sector more than any other. Read the tier as a measure of published information, not of whether someone is fed",EH,derived
food_nwharvest,Northwest Harvest,food,Kinyarwanda,0,0,,False,none,0,,False,,https://www.northwestharvest.org,2026-09-06,,"No translation mechanism and no translated documents found on the site | Food bank. Groceries can be collected without a shared language, so a web-only assessment understates this sector more than any other. Read the tier as a measure of published information, not of whether someone is fed",EH,derived
food_nwharvest,Northwest Harvest,food,Kirgiz,0,0,,False,none,0,,False,,https://www.northwestharvest.org,2026-09-06,,"No translation mechanism and no translated documents found on the site | Food bank. Groceries can be collected without a shared language, so a web-only assessment understates this sector more than any other. Read the tier as a measure of published information, not of whether someone is fed",EH,derived
food_nwharvest,Northwest Harvest,food,Kirundi,0,0,,False,none,0,,False,,https://www.northwestharvest.org,2026-09-06,,"No translation mechanism and no translated documents found on the site | Food bank. Groceries can be collected without a shared language, so a web-only assessment understates this sector more than any other. Read the tier as a measure of published information, not of whether someone is fed",EH,derived
food_nwharvest,Northwest Harvest,food,Kmhmu,0,0,,False,none,0,,False,,https://www.northwestharvest.org,2026-09-06,,"No translation mechanism and no translated documents found on the site | Food bank. Groceries can be collected without a shared language, so a web-only assessment understates this sector more than any other. Read the tier as a measure of published information, not of whether someone is fed",EH,derived
food_nwharvest,Northwest Harvest,food,Kongo,0,0,,False,none,0,,False,,https://www.northwestharvest.org,2026-09-06,,"No translation mechanism and no translated documents found on the site | Food bank. Groceries can be collected without a shared language, so a web-only assessment understates this sector more than any other. Read the tier as a measure of published information, not of whether someone is fed",EH,derived
food_nwharvest,Northwest Harvest,food,Korean,0,0,,False,none,0,,False,3625,https://www.northwestharvest.org,2026-09-06,,"No translation mechanism and no translated documents found on the site | Food bank. Groceries can be collected without a shared language, so a web-only assessment understates this sector more than any other. Read the tier as a measure of published information, not of whether someone is fed",EH,derived
food_nwharvest,Northwest Harvest,food,Kosraean,0,0,,False,none,0,,False,,https://www.northwestharvest.org,2026-09-06,,"No translation mechanism and no translated documents found on the site | Food bank. Groceries can be collected without a shared language, so a web-only assessment understates this sector more than any other. Read the tier as a measure of published information, not of whether someone is fed",EH,derived
food_nwharvest,Northwest Harvest,food,Krahn,0,0,,False,none,0,,False,,https://www.northwestharvest.org,2026-09-06,,"No translation mechanism and no translated documents found on the site | Food bank. Groceries can be collected without a shared language, so a web-only assessment understates this sector more than any other. Read the tier as a measure of published information, not of whether someone is fed",EH,derived
food_nwharvest,Northwest Harvest,food,Krio,0,0,,False,none,0,,False,,https://www.northwestharvest.org,2026-09-06,,"No translation mechanism and no translated documents found on the site | Food bank. Groceries can be collected without a shared language, so a web-only assessment understates this sector more than any other. Read the tier as a measure of published information, not of whether someone is fed",EH,derived
food_nwharvest,Northwest Harvest,food,Kru,0,0,,False,none,0,,False,,https://www.northwestharvest.org,2026-09-06,,"No translation mechanism and no translated documents found on the site | Food bank. Groceries can be collected without a shared language, so a web-only assessment understates this sector more than any other. Read the tier as a measure of published information, not of whether someone is fed",EH,derived
food_nwharvest,Northwest Harvest,food,Kurdish,0,0,,False,none,0,,False,,https://www.northwestharvest.org,2026-09-06,,"No translation mechanism and no translated documents found on the site | Food bank. Groceries can be collected without a shared language, so a web-only assessment understates this sector more than any other. Read the tier as a measure of published information, not of whether someone is fed",EH,derived
food_nwharvest,Northwest Harvest,food,Lao,0,0,,False,none,0,,False,399,https://www.northwestharvest.org,2026-09-06,,"No translation mechanism and no translated documents found on the site | Food bank. Groceries can be collected without a shared language, so a web-only assessment understates this sector more than any other. Read the tier as a measure of published information, not of whether someone is fed",EH,derived
food_nwharvest,Northwest Harvest,food,Latvian,0,0,,False,none,0,,False,,https://www.northwestharvest.org,2026-09-06,,"No translation mechanism and no translated documents found on the site | Food bank. Groceries can be collected without a shared language, so a web-only assessment understates this sector more than any other. Read the tier as a measure of published information, not of whether someone is fed",EH,derived
food_nwharvest,Northwest Harvest,food,Lingala,0,0,,False,none,0,,False,,https://www.northwestharvest.org,2026-09-06,,"No translation mechanism and no translated documents found on the site | Food bank. Groceries can be collected without a shared language, so a web-only assessment understates this sector more than any other. Read the tier as a measure of published information, not of whether someone is fed",EH,derived
food_nwharvest,Northwest Harvest,food,Luganda,0,0,,False,none,0,,False,,https://www.northwestharvest.org,2026-09-06,,"No translation mechanism and no translated documents found on the site | Food bank. Groceries can be collected without a shared language, so a web-only assessment understates this sector more than any other. Read the tier as a measure of published information, not of whether someone is fed",EH,derived
food_nwharvest,Northwest Harvest,food,Maay Maay,0,0,,False,none,0,,False,,https://www.northwestharvest.org,2026-09-06,,"No translation mechanism and no translated documents found on the site | Food bank. Groceries can be collected without a shared language, so a web-only assessment understates this sector more than any other. Read the tier as a measure of published information, not of whether someone is fed",EH,derived
food_nwharvest,Northwest Harvest,food,Malay,0,0,,False,none,0,,False,,https://www.northwestharvest.org,2026-09-06,,"No translation mechanism and no translated documents found on the site | Food bank. Groceries can be collected without a shared language, so a web-only assessment understates this sector more than any other. Read the tier as a measure of published information, not of whether someone is fed",EH,derived
food_nwharvest,Northwest Harvest,food,Malayalam,0,0,,False,none,0,,False,,https://www.northwestharvest.org,2026-09-06,,"No translation mechanism and no translated documents found on the site | Food bank. Groceries can be collected without a shared language, so a web-only assessment understates this sector more than any other. Read the tier as a measure of published information, not of whether someone is fed",EH,derived
food_nwharvest,Northwest Harvest,food,Mam,0,0,,False,none,0,,False,,https://www.northwestharvest.org,2026-09-06,,"No translation mechanism and no translated documents found on the site | Food bank. Groceries can be collected without a shared language, so a web-only assessment understates this sector more than any other. Read the tier as a measure of published information, not of whether someone is fed",EH,derived
food_nwharvest,Northwest Harvest,food,Mandingo,0,0,,False,none,0,,False,,https://www.northwestharvest.org,2026-09-06,,"No translation mechanism and no translated documents found on the site | Food bank. Groceries can be collected without a shared language, so a web-only assessment understates this sector more than any other. Read the tier as a measure of published information, not of whether someone is fed",EH,derived
food_nwharvest,Northwest Harvest,food,Mandinka,0,0,,False,none,0,,False,,https://www.northwestharvest.org,2026-09-06,,"No translation mechanism and no translated documents found on the site | Food bank. Groceries can be collected without a shared language, so a web-only assessment understates this sector more than any other. Read the tier as a measure of published information, not of whether someone is fed",EH,derived
food_nwharvest,Northwest Harvest,food,Marathi,0,0,,False,none,0,,False,,https://www.northwestharvest.org,2026-09-06,,"No translation mechanism and no translated documents found on the site | Food bank. Groceries can be collected without a shared language, so a web-only assessment understates this sector more than any other. Read the tier as a measure of published information, not of whether someone is fed",EH,derived
food_nwharvest,Northwest Harvest,food,Marquesan,0,0,,False,none,0,,False,,https://www.northwestharvest.org,2026-09-06,,"No translation mechanism and no translated documents found on the site | Food bank. Groceries can be collected without a shared language, so a web-only assessment understates this sector more than any other. Read the tier as a measure of published information, not of whether someone is fed",EH,derived
food_nwharvest,Northwest Harvest,food,Marshallese,0,0,,False,none,0,,False,,https://www.northwestharvest.org,2026-09-06,,"No translation mechanism and no translated documents found on the site | Food bank. Groceries can be collected without a shared language, so a web-only assessment understates this sector more than any other. Read the tier as a measure of published information, not of whether someone is fed",EH,derived
food_nwharvest,Northwest Harvest,food,Maya-Quiche,0,0,,False,none,0,,False,,https://www.northwestharvest.org,2026-09-06,,"No translation mechanism and no translated documents found on the site | Food bank. Groceries can be collected without a shared language, so a web-only assessment understates this sector more than any other. Read the tier as a measure of published information, not of whether someone is fed",EH,derived
food_nwharvest,Northwest Harvest,food,Mien,0,0,,False,none,0,,False,,https://www.northwestharvest.org,2026-09-06,,"No translation mechanism and no translated documents found on the site | Food bank. Groceries can be collected without a shared language, so a web-only assessment understates this sector more than any other. Read the tier as a measure of published information, not of whether someone is fed",EH,derived
food_nwharvest,Northwest Harvest,food,Mixteco,0,0,,False,none,0,,False,,https://www.northwestharvest.org,2026-09-06,,"No translation mechanism and no translated documents found on the site | Food bank. Groceries can be collected without a shared language, so a web-only assessment understates this sector more than any other. Read the tier as a measure of published information, not of whether someone is fed",EH,derived
food_nwharvest,Northwest Harvest,food,Moldavian,0,0,,False,none,0,,False,,https://www.northwestharvest.org,2026-09-06,,"No translation mechanism and no translated documents found on the site | Food bank. Groceries can be collected without a shared language, so a web-only assessment understates this sector more than any other. Read the tier as a measure of published information, not of whether someone is fed",EH,derived
food_nwharvest,Northwest Harvest,food,Mongolian,0,0,,False,none,0,,False,,https://www.northwestharvest.org,2026-09-06,,"No translation mechanism and no translated documents found on the site | Food bank. Groceries can be collected without a shared language, so a web-only assessment understates this sector more than any other. Read the tier as a measure of published information, not of whether someone is fed",EH,derived
food_nwharvest,Northwest Harvest,food,Moore,0,0,,False,none,0,,False,,https://www.northwestharvest.org,2026-09-06,,"No translation mechanism and no translated documents found on the site | Food bank. Groceries can be collected without a shared language, so a web-only assessment understates this sector more than any other. Read the tier as a measure of published information, not of whether someone is fed",EH,derived
food_nwharvest,Northwest Harvest,food,"Nahuatl, Guerrero region",0,0,,False,none,0,,False,,https://www.northwestharvest.org,2026-09-06,,"No translation mechanism and no translated documents found on the site | Food bank. Groceries can be collected without a shared language, so a web-only assessment understates this sector more than any other. Read the tier as a measure of published information, not of whether someone is fed",EH,derived
food_nwharvest,Northwest Harvest,food,Nepali,0,0,,False,none,0,,False,,https://www.northwestharvest.org,2026-09-06,,"No translation mechanism and no translated documents found on the site | Food bank. Groceries can be collected without a shared language, so a web-only assessment understates this sector more than any other. Read the tier as a measure of published information, not of whether someone is fed",EH,derived
food_nwharvest,Northwest Harvest,food,Nuer,0,0,,False,none,0,,False,,https://www.northwestharvest.org,2026-09-06,,"No translation mechanism and no translated documents found on the site | Food bank. Groceries can be collected without a shared language, so a web-only assessment understates this sector more than any other. Read the tier as a measure of published information, not of whether someone is fed",EH,derived
food_nwharvest,Northwest Harvest,food,Oromo,0,0,,False,none,0,,False,252,https://www.northwestharvest.org,2026-09-06,,"No translation mechanism and no translated documents found on the site | Food bank. Groceries can be collected without a shared language, so a web-only assessment understates this sector more than any other. Read the tier as a measure of published information, not of whether someone is fed",EH,derived
food_nwharvest,Northwest Harvest,food,Palau,0,0,,False,none,0,,False,,https://www.northwestharvest.org,2026-09-06,,"No translation mechanism and no translated documents found on the site | Food bank. Groceries can be collected without a shared language, so a web-only assessment understates this sector more than any other. Read the tier as a measure of published information, not of whether someone is fed",EH,derived
food_nwharvest,Northwest Harvest,food,Pashai,0,0,,False,none,0,,False,,https://www.northwestharvest.org,2026-09-06,,"No translation mechanism and no translated documents found on the site | Food bank. Groceries can be collected without a shared language, so a web-only assessment understates this sector more than any other. Read the tier as a measure of published information, not of whether someone is fed",EH,derived
food_nwharvest,Northwest Harvest,food,Pashto,0,0,,False,none,0,,False,680,https://www.northwestharvest.org,2026-09-06,,"No translation mechanism and no translated documents found on the site | Food bank. Groceries can be collected without a shared language, so a web-only assessment understates this sector more than any other. Read the tier as a measure of published information, not of whether someone is fed",EH,derived
food_nwharvest,Northwest Harvest,food,Pere,0,0,,False,none,0,,False,,https://www.northwestharvest.org,2026-09-06,,"No translation mechanism and no translated documents found on the site | Food bank. Groceries can be collected without a shared language, so a web-only assessment understates this sector more than any other. Read the tier as a measure of published information, not of whether someone is fed",EH,derived
food_nwharvest,Northwest Harvest,food,Polish,0,0,,False,none,0,,False,,https://www.northwestharvest.org,2026-09-06,,"No translation mechanism and no translated documents found on the site | Food bank. Groceries can be collected without a shared language, so a web-only assessment understates this sector more than any other. Read the tier as a measure of published information, not of whether someone is fed",EH,derived
food_nwharvest,Northwest Harvest,food,Portuguese,0,0,,False,none,0,,False,1449,https://www.northwestharvest.org,2026-09-06,,"No translation mechanism and no translated documents found on the site | Food bank. Groceries can be collected without a shared language, so a web-only assessment understates this sector more than any other. Read the tier as a measure of published information, not of whether someone is fed",EH,derived
food_nwharvest,Northwest Harvest,food,Punjabi,0,0,,False,none,0,,False,1632,https://www.northwestharvest.org,2026-09-06,,"No translation mechanism and no translated documents found on the site | Food bank. Groceries can be collected without a shared language, so a web-only assessment understates this sector more than any other. Read the tier as a measure of published information, not of whether someone is fed",EH,derived
food_nwharvest,Northwest Harvest,food,Purepecha,0,0,,False,none,0,,False,,https://www.northwestharvest.org,2026-09-06,,"No translation mechanism and no translated documents found on the site | Food bank. Groceries can be collected without a shared language, so a web-only assessment understates this sector more than any other. Read the tier as a measure of published information, not of whether someone is fed",EH,derived
food_nwharvest,Northwest Harvest,food,Rohingya,0,0,,False,none,0,,False,,https://www.northwestharvest.org,2026-09-06,,"No translation mechanism and no translated documents found on the site | Food bank. Groceries can be collected without a shared language, so a web-only assessment understates this sector more than any other. Read the tier as a measure of published information, not of whether someone is fed",EH,derived
food_nwharvest,Northwest Harvest,food,Romanian,0,0,,False,none,0,,False,453,https://www.northwestharvest.org,2026-09-06,,"No translation mechanism and no translated documents found on the site | Food bank. Groceries can be collected without a shared language, so a web-only assessment understates this sector more than any other. Read the tier as a measure of published information, not of whether someone is fed",EH,derived
food_nwharvest,Northwest Harvest,food,Russian,3,2,,True,in_language_document,1,,False,12029,https://www.northwestharvest.org,2026-09-06,unchecked,"1 language-named page(s) in the sitemap | Food bank. Groceries can be collected without a shared language, so a web-only assessment understates this sector more than any other. Read the tier as a measure of published information, not of whether someone is fed",EH,derived
food_nwharvest,Northwest Harvest,food,Samoan,0,0,,False,none,0,,False,261,https://www.northwestharvest.org,2026-09-06,,"No translation mechanism and no translated documents found on the site | Food bank. Groceries can be collected without a shared language, so a web-only assessment understates this sector more than any other. Read the tier as a measure of published information, not of whether someone is fed",EH,derived
food_nwharvest,Northwest Harvest,food,Sao,0,0,,False,none,0,,False,,https://www.northwestharvest.org,2026-09-06,,"No translation mechanism and no translated documents found on the site | Food bank. Groceries can be collected without a shared language, so a web-only assessment understates this sector more than any other. Read the tier as a measure of published information, not of whether someone is fed",EH,derived
food_nwharvest,Northwest Harvest,food,Serbo-Croation,0,0,,False,none,0,,False,,https://www.northwestharvest.org,2026-09-06,,"No translation mechanism and no translated documents found on the site | Food bank. Groceries can be collected without a shared language, so a web-only assessment understates this sector more than any other. Read the tier as a measure of published information, not of whether someone is fed",EH,derived
food_nwharvest,Northwest Harvest,food,Shona,0,0,,False,none,0,,False,,https://www.northwestharvest.org,2026-09-06,,"No translation mechanism and no translated documents found on the site | Food bank. Groceries can be collected without a shared language, so a web-only assessment understates this sector more than any other. Read the tier as a measure of published information, not of whether someone is fed",EH,derived
food_nwharvest,Northwest Harvest,food,Sinhalese,0,0,,False,none,0,,False,,https://www.northwestharvest.org,2026-09-06,,"No translation mechanism and no translated documents found on the site | Food bank. Groceries can be collected without a shared language, so a web-only assessment understates this sector more than any other. Read the tier as a measure of published information, not of whether someone is fed",EH,derived
food_nwharvest,Northwest Harvest,food,Slovenian,0,0,,False,none,0,,False,,https://www.northwestharvest.org,2026-09-06,,"No translation mechanism and no translated documents found on the site | Food bank. Groceries can be collected without a shared language, so a web-only assessment understates this sector more than any other. Read the tier as a measure of published information, not of whether someone is fed",EH,derived
food_nwharvest,Northwest Harvest,food,Somali,0,0,,False,none,0,,False,1417,https://www.northwestharvest.org,2026-09-06,,"No translation mechanism and no translated documents found on the site | Food bank. Groceries can be collected without a shared language, so a web-only assessment understates this sector more than any other. Read the tier as a measure of published information, not of whether someone is fed",EH,derived
food_nwharvest,Northwest Harvest,food,Soninke,0,0,,False,none,0,,False,,https://www.northwestharvest.org,2026-09-06,,"No translation mechanism and no translated documents found on the site | Food bank. Groceries can be collected without a shared language, so a web-only assessment understates this sector more than any other. Read the tier as a measure of published information, not of whether someone is fed",EH,derived
food_nwharvest,Northwest Harvest,food,Sotho,0,0,,False,none,0,,False,,https://www.northwestharvest.org,2026-09-06,,"No translation mechanism and no translated documents found on the site | Food bank. Groceries can be collected without a shared language, so a web-only assessment understates this sector more than any other. Read the tier as a measure of published information, not of whether someone is fed",EH,derived
food_nwharvest,Northwest Harvest,food,Spanish,0,0,,False,none,0,,False,105998,https://www.northwestharvest.org,2026-09-06,,"No translation mechanism and no translated documents found on the site | Food bank. Groceries can be collected without a shared language, so a web-only assessment understates this sector more than any other. Read the tier as a measure of published information, not of whether someone is fed",EH,derived
food_nwharvest,Northwest Harvest,food,Swahili,0,0,,False,none,0,,False,324,https://www.northwestharvest.org,2026-09-06,,"No translation mechanism and no translated documents found on the site | Food bank. Groceries can be collected without a shared language, so a web-only assessment understates this sector more than any other. Read the tier as a measure of published information, not of whether someone is fed",EH,derived
food_nwharvest,Northwest Harvest,food,Tagalog,0,0,,False,none,0,,False,871,https://www.northwestharvest.org,2026-09-06,,"No translation mechanism and no translated documents found on the site | Food bank. Groceries can be collected without a shared language, so a web-only assessment understates this sector more than any other. Read the tier as a measure of published information, not of whether someone is fed",EH,derived
food_nwharvest,Northwest Harvest,food,Taishanese,0,0,,False,none,0,,False,,https://www.northwestharvest.org,2026-09-06,,"No translation mechanism and no translated documents found on the site | Food bank. Groceries can be collected without a shared language, so a web-only assessment understates this sector more than any other. Read the tier as a measure of published information, not of whether someone is fed",EH,derived
food_nwharvest,Northwest Harvest,food,Tajiki,0,0,,False,none,0,,False,,https://www.northwestharvest.org,2026-09-06,,"No translation mechanism and no translated documents found on the site | Food bank. Groceries can be collected without a shared language, so a web-only assessment understates this sector more than any other. Read the tier as a measure of published information, not of whether someone is fed",EH,derived
food_nwharvest,Northwest Harvest,food,Tamil,0,0,,False,none,0,,False,,https://www.northwestharvest.org,2026-09-06,,"No translation mechanism and no translated documents found on the site | Food bank. Groceries can be collected without a shared language, so a web-only assessment understates this sector more than any other. Read the tier as a measure of published information, not of whether someone is fed",EH,derived
food_nwharvest,Northwest Harvest,food,Tarasco,0,0,,False,none,0,,False,,https://www.northwestharvest.org,2026-09-06,,"No translation mechanism and no translated documents found on the site | Food bank. Groceries can be collected without a shared language, so a web-only assessment understates this sector more than any other. Read the tier as a measure of published information, not of whether someone is fed",EH,derived
food_nwharvest,Northwest Harvest,food,Tedim,0,0,,False,none,0,,False,,https://www.northwestharvest.org,2026-09-06,,"No translation mechanism and no translated documents found on the site | Food bank. Groceries can be collected without a shared language, so a web-only assessment understates this sector more than any other. Read the tier as a measure of published information, not of whether someone is fed",EH,derived
food_nwharvest,Northwest Harvest,food,Telugu,0,0,,False,none,0,,False,,https://www.northwestharvest.org,2026-09-06,,"No translation mechanism and no translated documents found on the site | Food bank. Groceries can be collected without a shared language, so a web-only assessment understates this sector more than any other. Read the tier as a measure of published information, not of whether someone is fed",EH,derived
food_nwharvest,Northwest Harvest,food,Thai,0,0,,False,none,0,,False,232,https://www.northwestharvest.org,2026-09-06,,"No translation mechanism and no translated documents found on the site | Food bank. Groceries can be collected without a shared language, so a web-only assessment understates this sector more than any other. Read the tier as a measure of published information, not of whether someone is fed",EH,derived
food_nwharvest,Northwest Harvest,food,Tibetan,0,0,,False,none,0,,False,,https://www.northwestharvest.org,2026-09-06,,"No translation mechanism and no translated documents found on the site | Food bank. Groceries can be collected without a shared language, so a web-only assessment understates this sector more than any other. Read the tier as a measure of published information, not of whether someone is fed",EH,derived
food_nwharvest,Northwest Harvest,food,Tigrinya,0,0,,False,none,0,,False,1144,https://www.northwestharvest.org,2026-09-06,,"No translation mechanism and no translated documents found on the site | Food bank. Groceries can be collected without a shared language, so a web-only assessment understates this sector more than any other. Read the tier as a measure of published information, not of whether someone is fed",EH,derived
food_nwharvest,Northwest Harvest,food,Tongan,0,0,,False,none,0,,False,,https://www.northwestharvest.org,2026-09-06,,"No translation mechanism and no translated documents found on the site | Food bank. Groceries can be collected without a shared language, so a web-only assessment understates this sector more than any other. Read the tier as a measure of published information, not of whether someone is fed",EH,derived
food_nwharvest,Northwest Harvest,food,Turkish,0,0,,False,none,0,,False,,https://www.northwestharvest.org,2026-09-06,,"No translation mechanism and no translated documents found on the site | Food bank. Groceries can be collected without a shared language, so a web-only assessment understates this sector more than any other. Read the tier as a measure of published information, not of whether someone is fed",EH,derived
food_nwharvest,Northwest Harvest,food,Twi,0,0,,False,none,0,,False,,https://www.northwestharvest.org,2026-09-06,,"No translation mechanism and no translated documents found on the site | Food bank. Groceries can be collected without a shared language, so a web-only assessment understates this sector more than any other. Read the tier as a measure of published information, not of whether someone is fed",EH,derived
food_nwharvest,Northwest Harvest,food,Ukrainian,0,0,,False,none,0,,False,5881,https://www.northwestharvest.org,2026-09-06,,"No translation mechanism and no translated documents found on the site | Food bank. Groceries can be collected without a shared language, so a web-only assessment understates this sector more than any other. Read the tier as a measure of published information, not of whether someone is fed",EH,derived
food_nwharvest,Northwest Harvest,food,Urdu,0,0,,False,none,0,,False,,https://www.northwestharvest.org,2026-09-06,,"No translation mechanism and no translated documents found on the site | Food bank. Groceries can be collected without a shared language, so a web-only assessment understates this sector more than any other. Read the tier as a measure of published information, not of whether someone is fed",EH,derived
food_nwharvest,Northwest Harvest,food,Uzbek,0,0,,False,none,0,,False,,https://www.northwestharvest.org,2026-09-06,,"No translation mechanism and no translated documents found on the site | Food bank. Groceries can be collected without a shared language, so a web-only assessment understates this sector more than any other. Read the tier as a measure of published information, not of whether someone is fed",EH,derived
food_nwharvest,Northwest Harvest,food,Vietnamese,3,2,,True,in_language_document,1,,False,9202,https://www.northwestharvest.org,2026-09-06,unchecked,"1 language-named page(s) in the sitemap | Food bank. Groceries can be collected without a shared language, so a web-only assessment understates this sector more than any other. Read the tier as a measure of published information, not of whether someone is fed",EH,derived
food_nwharvest,Northwest Harvest,food,Wolof,0,0,,False,none,0,,False,,https://www.northwestharvest.org,2026-09-06,,"No translation mechanism and no translated documents found on the site | Food bank. Groceries can be collected without a shared language, so a web-only assessment understates this sector more than any other. Read the tier as a measure of published information, not of whether someone is fed",EH,derived
food_nwharvest,Northwest Harvest,food,Yap,0,0,,False,none,0,,False,,https://www.northwestharvest.org,2026-09-06,,"No translation mechanism and no translated documents found on the site | Food bank. Groceries can be collected without a shared language, so a web-only assessment understates this sector more than any other. Read the tier as a measure of published information, not of whether someone is fed",EH,derived
food_nwharvest,Northwest Harvest,food,Yoruba,0,0,,False,none,0,,False,,https://www.northwestharvest.org,2026-09-06,,"No translation mechanism and no translated documents found on the site | Food bank. Groceries can be collected without a shared language, so a web-only assessment understates this sector more than any other. Read the tier as a measure of published information, not of whether someone is fed",EH,derived
food_foodlifeline,Food Lifeline,food,Acholi,0,0,,False,none,0,,False,,https://foodlifeline.org,2026-09-06,,"No translation mechanism and no translated documents found on the site | Food bank. Groceries can be collected without a shared language, so a web-only assessment understates this sector more than any other. Read the tier as a measure of published information, not of whether someone is fed",EH,derived
food_foodlifeline,Food Lifeline,food,Aguacateco,0,0,,False,none,0,,False,,https://foodlifeline.org,2026-09-06,,"No translation mechanism and no translated documents found on the site | Food bank. Groceries can be collected without a shared language, so a web-only assessment understates this sector more than any other. Read the tier as a measure of published information, not of whether someone is fed",EH,derived
food_foodlifeline,Food Lifeline,food,Akateko,0,0,,False,none,0,,False,,https://foodlifeline.org,2026-09-06,,"No translation mechanism and no translated documents found on the site | Food bank. Groceries can be collected without a shared language, so a web-only assessment understates this sector more than any other. Read the tier as a measure of published information, not of whether someone is fed",EH,derived
food_foodlifeline,Food Lifeline,food,Albanian,0,0,,False,none,0,,False,,https://foodlifeline.org,2026-09-06,,"No translation mechanism and no translated documents found on the site | Food bank. Groceries can be collected without a shared language, so a web-only assessment understates this sector more than any other. Read the tier as a measure of published information, not of whether someone is fed",EH,derived
food_foodlifeline,Food Lifeline,food,American Sign Language,0,0,,False,none,0,,False,298,https://foodlifeline.org,2026-09-06,,"No translation mechanism and no translated documents found on the site | Food bank. Groceries can be collected without a shared language, so a web-only assessment understates this sector more than any other. Read the tier as a measure of published information, not of whether someone is fed",EH,derived
food_foodlifeline,Food Lifeline,food,Amharic,0,0,,False,none,0,,False,1615,https://foodlifeline.org,2026-09-06,,"No translation mechanism and no translated documents found on the site | Food bank. Groceries can be collected without a shared language, so a web-only assessment understates this sector more than any other. Read the tier as a measure of published information, not of whether someone is fed",EH,derived
food_foodlifeline,Food Lifeline,food,Arabic,0,0,,False,none,0,,False,2447,https://foodlifeline.org,2026-09-06,,"No translation mechanism and no translated documents found on the site | Food bank. Groceries can be collected without a shared language, so a web-only assessment understates this sector more than any other. Read the tier as a measure of published information, not of whether someone is fed",EH,derived
food_foodlifeline,Food Lifeline,food,Armenian,0,0,,False,none,0,,False,,https://foodlifeline.org,2026-09-06,,"No translation mechanism and no translated documents found on the site | Food bank. Groceries can be collected without a shared language, so a web-only assessment understates this sector more than any other. Read the tier as a measure of published information, not of whether someone is fed",EH,derived
food_foodlifeline,Food Lifeline,food,Ayula-Bambara,0,0,,False,none,0,,False,,https://foodlifeline.org,2026-09-06,,"No translation mechanism and no translated documents found on the site | Food bank. Groceries can be collected without a shared language, so a web-only assessment understates this sector more than any other. Read the tier as a measure of published information, not of whether someone is fed",EH,derived
food_foodlifeline,Food Lifeline,food,Azerbaijani,0,0,,False,none,0,,False,,https://foodlifeline.org,2026-09-06,,"No translation mechanism and no translated documents found on the site | Food bank. Groceries can be collected without a shared language, so a web-only assessment understates this sector more than any other. Read the tier as a measure of published information, not of whether someone is fed",EH,derived
food_foodlifeline,Food Lifeline,food,Bambara,0,0,,False,none,0,,False,,https://foodlifeline.org,2026-09-06,,"No translation mechanism and no translated documents found on the site | Food bank. Groceries can be collected without a shared language, so a web-only assessment understates this sector more than any other. Read the tier as a measure of published information, not of whether someone is fed",EH,derived
food_foodlifeline,Food Lifeline,food,Bangala,0,0,,False,none,0,,False,,https://foodlifeline.org,2026-09-06,,"No translation mechanism and no translated documents found on the site | Food bank. Groceries can be collected without a shared language, so a web-only assessment understates this sector more than any other. Read the tier as a measure of published information, not of whether someone is fed",EH,derived
food_foodlifeline,Food Lifeline,food,Bassa,0,0,,False,none,0,,False,,https://foodlifeline.org,2026-09-06,,"No translation mechanism and no translated documents found on the site | Food bank. Groceries can be collected without a shared language, so a web-only assessment understates this sector more than any other. Read the tier as a measure of published information, not of whether someone is fed",EH,derived
food_foodlifeline,Food Lifeline,food,Bengali,0,0,,False,none,0,,False,,https://foodlifeline.org,2026-09-06,,"No translation mechanism and no translated documents found on the site | Food bank. Groceries can be collected without a shared language, so a web-only assessment understates this sector more than any other. Read the tier as a measure of published information, not of whether someone is fed",EH,derived
food_foodlifeline,Food Lifeline,food,Bosnian,0,0,,False,none,0,,False,,https://foodlifeline.org,2026-09-06,,"No translation mechanism and no translated documents found on the site | Food bank. Groceries can be collected without a shared language, so a web-only assessment understates this sector more than any other. Read the tier as a measure of published information, not of whether someone is fed",EH,derived
food_foodlifeline,Food Lifeline,food,Bulgarian,0,0,,False,none,0,,False,,https://foodlifeline.org,2026-09-06,,"No translation mechanism and no translated documents found on the site | Food bank. Groceries can be collected without a shared language, so a web-only assessment understates this sector more than any other. Read the tier as a measure of published information, not of whether someone is fed",EH,derived
food_foodlifeline,Food Lifeline,food,Burmese,0,0,,False,none,0,,False,349,https://foodlifeline.org,2026-09-06,,"No translation mechanism and no translated documents found on the site | Food bank. Groceries can be collected without a shared language, so a web-only assessment understates this sector more than any other. Read the tier as a measure of published information, not of whether someone is fed",EH,derived
food_foodlifeline,Food Lifeline,food,Carolinian,0,0,,False,none,0,,False,,https://foodlifeline.org,2026-09-06,,"No translation mechanism and no translated documents found on the site | Food bank. Groceries can be collected without a shared language, so a web-only assessment understates this sector more than any other. Read the tier as a measure of published information, not of whether someone is fed",EH,derived
food_foodlifeline,Food Lifeline,food,Catalan,0,0,,False,none,0,,False,,https://foodlifeline.org,2026-09-06,,"No translation mechanism and no translated documents found on the site | Food bank. Groceries can be collected without a shared language, so a web-only assessment understates this sector more than any other. Read the tier as a measure of published information, not of whether someone is fed",EH,derived
food_foodlifeline,Food Lifeline,food,Cebuano,0,0,,False,none,0,,False,,https://foodlifeline.org,2026-09-06,,"No translation mechanism and no translated documents found on the site | Food bank. Groceries can be collected without a shared language, so a web-only assessment understates this sector more than any other. Read the tier as a measure of published information, not of whether someone is fed",EH,derived
food_foodlifeline,Food Lifeline,food,Cham,0,0,,False,none,0,,False,,https://foodlifeline.org,2026-09-06,,"No translation mechanism and no translated documents found on the site | Food bank. Groceries can be collected without a shared language, so a web-only assessment understates this sector more than any other. Read the tier as a measure of published information, not of whether someone is fed",EH,derived
food_foodlifeline,Food Lifeline,food,Chamorro,0,0,,False,none,0,,False,,https://foodlifeline.org,2026-09-06,,"No translation mechanism and no translated documents found on the site | Food bank. Groceries can be collected without a shared language, so a web-only assessment understates this sector more than any other. Read the tier as a measure of published information, not of whether someone is fed",EH,derived
food_foodlifeline,Food Lifeline,food,Chin,0,0,,False,none,0,,False,,https://foodlifeline.org,2026-09-06,,"No translation mechanism and no translated documents found on the site | Food bank. Groceries can be collected without a shared language, so a web-only assessment understates this sector more than any other. Read the tier as a measure of published information, not of whether someone is fed",EH,derived
food_foodlifeline,Food Lifeline,food,Chinese-Cantonese,0,0,,False,none,0,,False,,https://foodlifeline.org,2026-09-06,,"No translation mechanism and no translated documents found on the site | Food bank. Groceries can be collected without a shared language, so a web-only assessment understates this sector more than any other. Read the tier as a measure of published information, not of whether someone is fed",EH,derived
food_foodlifeline,Food Lifeline,food,Chinese-Fukienese,0,0,,False,none,0,,False,,https://foodlifeline.org,2026-09-06,,"No translation mechanism and no translated documents found on the site | Food bank. Groceries can be collected without a shared language, so a web-only assessment understates this sector more than any other. Read the tier as a measure of published information, not of whether someone is fed",EH,derived
food_foodlifeline,Food Lifeline,food,Chinese-Mandarin,0,0,,False,none,0,,False,,https://foodlifeline.org,2026-09-06,,"No translation mechanism and no translated documents found on the site | Food bank. Groceries can be collected without a shared language, so a web-only assessment understates this sector more than any other. Read the tier as a measure of published information, not of whether someone is fed",EH,derived
food_foodlifeline,Food Lifeline,food,Chinese-Taiwanese,0,0,,False,none,0,,False,,https://foodlifeline.org,2026-09-06,,"No translation mechanism and no translated documents found on the site | Food bank. Groceries can be collected without a shared language, so a web-only assessment understates this sector more than any other. Read the tier as a measure of published information, not of whether someone is fed",EH,derived
food_foodlifeline,Food Lifeline,food,Chuukese,0,0,,False,none,0,,False,677,https://foodlifeline.org,2026-09-06,,"No translation mechanism and no translated documents found on the site | Food bank. Groceries can be collected without a shared language, so a web-only assessment understates this sector more than any other. Read the tier as a measure of published information, not of whether someone is fed",EH,derived
food_foodlifeline,Food Lifeline,food,Dari,0,0,,False,none,0,,False,2702,https://foodlifeline.org,2026-09-06,,"No translation mechanism and no translated documents found on the site | Food bank. Groceries can be collected without a shared language, so a web-only assessment understates this sector more than any other. Read the tier as a measure of published information, not of whether someone is fed",EH,derived
food_foodlifeline,Food Lifeline,food,Dinka,0,0,,False,none,0,,False,,https://foodlifeline.org,2026-09-06,,"No translation mechanism and no translated documents found on the site | Food bank. Groceries can be collected without a shared language, so a web-only assessment understates this sector more than any other. Read the tier as a measure of published information, not of whether someone is fed",EH,derived
food_foodlifeline,Food Lifeline,food,Dutch,0,0,,False,none,0,,False,,https://foodlifeline.org,2026-09-06,,"No translation mechanism and no translated documents found on the site | Food bank. Groceries can be collected without a shared language, so a web-only assessment understates this sector more than any other. Read the tier as a measure of published information, not of whether someone is fed",EH,derived
food_foodlifeline,Food Lifeline,food,Egyptian-Arabic,0,0,,False,none,0,,False,,https://foodlifeline.org,2026-09-06,,"No translation mechanism and no translated documents found on the site | Food bank. Groceries can be collected without a shared language, so a web-only assessment understates this sector more than any other. Read the tier as a measure of published information, not of whether someone is fed",EH,derived
food_foodlifeline,Food Lifeline,food,Eritai,0,0,,False,none,0,,False,,https://foodlifeline.org,2026-09-06,,"No translation mechanism and no translated documents found on the site | Food bank. Groceries can be collected without a shared language, so a web-only assessment understates this sector more than any other. Read the tier as a measure of published information, not of whether someone is fed",EH,derived
food_foodlifeline,Food Lifeline,food,Estonian,0,0,,False,none,0,,False,,https://foodlifeline.org,2026-09-06,,"No translation mechanism and no translated documents found on the site | Food bank. Groceries can be collected without a shared language, so a web-only assessment understates this sector more than any other. Read the tier as a measure of published information, not of whether someone is fed",EH,derived
food_foodlifeline,Food Lifeline,food,Ewe,0,0,,False,none,0,,False,,https://foodlifeline.org,2026-09-06,,"No translation mechanism and no translated documents found on the site | Food bank. Groceries can be collected without a shared language, so a web-only assessment understates this sector more than any other. Read the tier as a measure of published information, not of whether someone is fed",EH,derived
food_foodlifeline,Food Lifeline,food,Fallani,0,0,,False,none,0,,False,,https://foodlifeline.org,2026-09-06,,"No translation mechanism and no translated documents found on the site | Food bank. Groceries can be collected without a shared language, so a web-only assessment understates this sector more than any other. Read the tier as a measure of published information, not of whether someone is fed",EH,derived
food_foodlifeline,Food Lifeline,food,Farsi,0,0,,False,none,0,,False,990,https://foodlifeline.org,2026-09-06,,"No translation mechanism and no translated documents found on the site | Food bank. Groceries can be collected without a shared language, so a web-only assessment understates this sector more than any other. Read the tier as a measure of published information, not of whether someone is fed",EH,derived
food_foodlifeline,Food Lifeline,food,French,0,0,,False,none,0,,False,994,https://foodlifeline.org,2026-09-06,,"No translation mechanism and no translated documents found on the site | Food bank. Groceries can be collected without a shared language, so a web-only assessment understates this sector more than any other. Read the tier as a measure of published information, not of whether someone is fed",EH,derived
food_foodlifeline,Food Lifeline,food,Fula,0,0,,False,none,0,,False,,https://foodlifeline.org,2026-09-06,,"No translation mechanism and no translated documents found on the site | Food bank. Groceries can be collected without a shared language, so a web-only assessment understates this sector more than any other. Read the tier as a measure of published information, not of whether someone is fed",EH,derived
food_foodlifeline,Food Lifeline,food,Ga,0,0,,False,none,0,,False,,https://foodlifeline.org,2026-09-06,,"No translation mechanism and no translated documents found on the site | Food bank. Groceries can be collected without a shared language, so a web-only assessment understates this sector more than any other. Read the tier as a measure of published information, not of whether someone is fed",EH,derived
food_foodlifeline,Food Lifeline,food,German,0,0,,False,none,0,,False,,https://foodlifeline.org,2026-09-06,,"No translation mechanism and no translated documents found on the site | Food bank. Groceries can be collected without a shared language, so a web-only assessment understates this sector more than any other. Read the tier as a measure of published information, not of whether someone is fed",EH,derived
food_foodlifeline,Food Lifeline,food,"Greek, Modern",0,0,,False,none,0,,False,,https://foodlifeline.org,2026-09-06,,"No translation mechanism and no translated documents found on the site | Food bank. Groceries can be collected without a shared language, so a web-only assessment understates this sector more than any other. Read the tier as a measure of published information, not of whether someone is fed",EH,derived
food_foodlifeline,Food Lifeline,food,Gujarati,0,0,,False,none,0,,False,,https://foodlifeline.org,2026-09-06,,"No translation mechanism and no translated documents found on the site | Food bank. Groceries can be collected without a shared language, so a web-only assessment understates this sector more than any other. Read the tier as a measure of published information, not of whether someone is fed",EH,derived
food_foodlifeline,Food Lifeline,food,Haitian Creole,0,0,,False,none,0,,False,317,https://foodlifeline.org,2026-09-06,,"No translation mechanism and no translated documents found on the site | Food bank. Groceries can be collected without a shared language, so a web-only assessment understates this sector more than any other. Read the tier as a measure of published information, not of whether someone is fed",EH,derived
food_foodlifeline,Food Lifeline,food,Hausa,0,0,,False,none,0,,False,,https://foodlifeline.org,2026-09-06,,"No translation mechanism and no translated documents found on the site | Food bank. Groceries can be collected without a shared language, so a web-only assessment understates this sector more than any other. Read the tier as a measure of published information, not of whether someone is fed",EH,derived
food_foodlifeline,Food Lifeline,food,Hawaiian,0,0,,False,none,0,,False,,https://foodlifeline.org,2026-09-06,,"No translation mechanism and no translated documents found on the site | Food bank. Groceries can be collected without a shared language, so a web-only assessment understates this sector more than any other. Read the tier as a measure of published information, not of whether someone is fed",EH,derived
food_foodlifeline,Food Lifeline,food,Herero,0,0,,False,none,0,,False,,https://foodlifeline.org,2026-09-06,,"No translation mechanism and no translated documents found on the site | Food bank. Groceries can be collected without a shared language, so a web-only assessment understates this sector more than any other. Read the tier as a measure of published information, not of whether someone is fed",EH,derived
food_foodlifeline,Food Lifeline,food,Hindi,0,0,,False,none,0,,False,212,https://foodlifeline.org,2026-09-06,,"No translation mechanism and no translated documents found on the site | Food bank. Groceries can be collected without a shared language, so a web-only assessment understates this sector more than any other. Read the tier as a measure of published information, not of whether someone is fed",EH,derived
food_foodlifeline,Food Lifeline,food,Hmong,0,0,,False,none,0,,False,,https://foodlifeline.org,2026-09-06,,"No translation mechanism and no translated documents found on the site | Food bank. Groceries can be collected without a shared language, so a web-only assessment understates this sector more than any other. Read the tier as a measure of published information, not of whether someone is fed",EH,derived
food_foodlifeline,Food Lifeline,food,Hungarian,0,0,,False,none,0,,False,,https://foodlifeline.org,2026-09-06,,"No translation mechanism and no translated documents found on the site | Food bank. Groceries can be collected without a shared language, so a web-only assessment understates this sector more than any other. Read the tier as a measure of published information, not of whether someone is fed",EH,derived
food_foodlifeline,Food Lifeline,food,Igbo,0,0,,False,none,0,,False,,https://foodlifeline.org,2026-09-06,,"No translation mechanism and no translated documents found on the site | Food bank. Groceries can be collected without a shared language, so a web-only assessment understates this sector more than any other. Read the tier as a measure of published information, not of whether someone is fed",EH,derived
food_foodlifeline,Food Lifeline,food,Ilokano,0,0,,False,none,0,,False,,https://foodlifeline.org,2026-09-06,,"No translation mechanism and no translated documents found on the site | Food bank. Groceries can be collected without a shared language, so a web-only assessment understates this sector more than any other. Read the tier as a measure of published information, not of whether someone is fed",EH,derived
food_foodlifeline,Food Lifeline,food,Indonesian,0,0,,False,none,0,,False,,https://foodlifeline.org,2026-09-06,,"No translation mechanism and no translated documents found on the site | Food bank. Groceries can be collected without a shared language, so a web-only assessment understates this sector more than any other. Read the tier as a measure of published information, not of whether someone is fed",EH,derived
food_foodlifeline,Food Lifeline,food,Italian,0,0,,False,none,0,,False,,https://foodlifeline.org,2026-09-06,,"No translation mechanism and no translated documents found on the site | Food bank. Groceries can be collected without a shared language, so a web-only assessment understates this sector more than any other. Read the tier as a measure of published information, not of whether someone is fed",EH,derived
food_foodlifeline,Food Lifeline,food,Japanese,0,0,,False,none,0,,False,,https://foodlifeline.org,2026-09-06,,"No translation mechanism and no translated documents found on the site | Food bank. Groceries can be collected without a shared language, so a web-only assessment understates this sector more than any other. Read the tier as a measure of published information, not of whether someone is fed",EH,derived
food_foodlifeline,Food Lifeline,food,Kakwa,0,0,,False,none,0,,False,,https://foodlifeline.org,2026-09-06,,"No translation mechanism and no translated documents found on the site | Food bank. Groceries can be collected without a shared language, so a web-only assessment understates this sector more than any other. Read the tier as a measure of published information, not of whether someone is fed",EH,derived
food_foodlifeline,Food Lifeline,food,Kannada,0,0,,False,none,0,,False,,https://foodlifeline.org,2026-09-06,,"No translation mechanism and no translated documents found on the site | Food bank. Groceries can be collected without a shared language, so a web-only assessment understates this sector more than any other. Read the tier as a measure of published information, not of whether someone is fed",EH,derived
food_foodlifeline,Food Lifeline,food,Karen,0,0,,False,none,0,,False,,https://foodlifeline.org,2026-09-06,,"No translation mechanism and no translated documents found on the site | Food bank. Groceries can be collected without a shared language, so a web-only assessment understates this sector more than any other. Read the tier as a measure of published information, not of whether someone is fed",EH,derived
food_foodlifeline,Food Lifeline,food,Karenni,0,0,,False,none,0,,False,,https://foodlifeline.org,2026-09-06,,"No translation mechanism and no translated documents found on the site | Food bank. Groceries can be collected without a shared language, so a web-only assessment understates this sector more than any other. Read the tier as a measure of published information, not of whether someone is fed",EH,derived
food_foodlifeline,Food Lifeline,food,Kazakh,0,0,,False,none,0,,False,,https://foodlifeline.org,2026-09-06,,"No translation mechanism and no translated documents found on the site | Food bank. Groceries can be collected without a shared language, so a web-only assessment understates this sector more than any other. Read the tier as a measure of published information, not of whether someone is fed",EH,derived
food_foodlifeline,Food Lifeline,food,Khmer,0,0,,False,none,0,,False,1645,https://foodlifeline.org,2026-09-06,,"No translation mechanism and no translated documents found on the site | Food bank. Groceries can be collected without a shared language, so a web-only assessment understates this sector more than any other. Read the tier as a measure of published information, not of whether someone is fed",EH,derived
food_foodlifeline,Food Lifeline,food,Kikuyu,0,0,,False,none,0,,False,,https://foodlifeline.org,2026-09-06,,"No translation mechanism and no translated documents found on the site | Food bank. Groceries can be collected without a shared language, so a web-only assessment understates this sector more than any other. Read the tier as a measure of published information, not of whether someone is fed",EH,derived
food_foodlifeline,Food Lifeline,food,Kinyarwanda,0,0,,False,none,0,,False,,https://foodlifeline.org,2026-09-06,,"No translation mechanism and no translated documents found on the site | Food bank. Groceries can be collected without a shared language, so a web-only assessment understates this sector more than any other. Read the tier as a measure of published information, not of whether someone is fed",EH,derived
food_foodlifeline,Food Lifeline,food,Kirgiz,0,0,,False,none,0,,False,,https://foodlifeline.org,2026-09-06,,"No translation mechanism and no translated documents found on the site | Food bank. Groceries can be collected without a shared language, so a web-only assessment understates this sector more than any other. Read the tier as a measure of published information, not of whether someone is fed",EH,derived
food_foodlifeline,Food Lifeline,food,Kirundi,0,0,,False,none,0,,False,,https://foodlifeline.org,2026-09-06,,"No translation mechanism and no translated documents found on the site | Food bank. Groceries can be collected without a shared language, so a web-only assessment understates this sector more than any other. Read the tier as a measure of published information, not of whether someone is fed",EH,derived
food_foodlifeline,Food Lifeline,food,Kmhmu,0,0,,False,none,0,,False,,https://foodlifeline.org,2026-09-06,,"No translation mechanism and no translated documents found on the site | Food bank. Groceries can be collected without a shared language, so a web-only assessment understates this sector more than any other. Read the tier as a measure of published information, not of whether someone is fed",EH,derived
food_foodlifeline,Food Lifeline,food,Kongo,0,0,,False,none,0,,False,,https://foodlifeline.org,2026-09-06,,"No translation mechanism and no translated documents found on the site | Food bank. Groceries can be collected without a shared language, so a web-only assessment understates this sector more than any other. Read the tier as a measure of published information, not of whether someone is fed",EH,derived
food_foodlifeline,Food Lifeline,food,Korean,0,0,,False,none,0,,False,3625,https://foodlifeline.org,2026-09-06,,"No translation mechanism and no translated documents found on the site | Food bank. Groceries can be collected without a shared language, so a web-only assessment understates this sector more than any other. Read the tier as a measure of published information, not of whether someone is fed",EH,derived
food_foodlifeline,Food Lifeline,food,Kosraean,0,0,,False,none,0,,False,,https://foodlifeline.org,2026-09-06,,"No translation mechanism and no translated documents found on the site | Food bank. Groceries can be collected without a shared language, so a web-only assessment understates this sector more than any other. Read the tier as a measure of published information, not of whether someone is fed",EH,derived
food_foodlifeline,Food Lifeline,food,Krahn,0,0,,False,none,0,,False,,https://foodlifeline.org,2026-09-06,,"No translation mechanism and no translated documents found on the site | Food bank. Groceries can be collected without a shared language, so a web-only assessment understates this sector more than any other. Read the tier as a measure of published information, not of whether someone is fed",EH,derived
food_foodlifeline,Food Lifeline,food,Krio,0,0,,False,none,0,,False,,https://foodlifeline.org,2026-09-06,,"No translation mechanism and no translated documents found on the site | Food bank. Groceries can be collected without a shared language, so a web-only assessment understates this sector more than any other. Read the tier as a measure of published information, not of whether someone is fed",EH,derived
food_foodlifeline,Food Lifeline,food,Kru,0,0,,False,none,0,,False,,https://foodlifeline.org,2026-09-06,,"No translation mechanism and no translated documents found on the site | Food bank. Groceries can be collected without a shared language, so a web-only assessment understates this sector more than any other. Read the tier as a measure of published information, not of whether someone is fed",EH,derived
food_foodlifeline,Food Lifeline,food,Kurdish,0,0,,False,none,0,,False,,https://foodlifeline.org,2026-09-06,,"No translation mechanism and no translated documents found on the site | Food bank. Groceries can be collected without a shared language, so a web-only assessment understates this sector more than any other. Read the tier as a measure of published information, not of whether someone is fed",EH,derived
food_foodlifeline,Food Lifeline,food,Lao,0,0,,False,none,0,,False,399,https://foodlifeline.org,2026-09-06,,"No translation mechanism and no translated documents found on the site | Food bank. Groceries can be collected without a shared language, so a web-only assessment understates this sector more than any other. Read the tier as a measure of published information, not of whether someone is fed",EH,derived
food_foodlifeline,Food Lifeline,food,Latvian,0,0,,False,none,0,,False,,https://foodlifeline.org,2026-09-06,,"No translation mechanism and no translated documents found on the site | Food bank. Groceries can be collected without a shared language, so a web-only assessment understates this sector more than any other. Read the tier as a measure of published information, not of whether someone is fed",EH,derived
food_foodlifeline,Food Lifeline,food,Lingala,0,0,,False,none,0,,False,,https://foodlifeline.org,2026-09-06,,"No translation mechanism and no translated documents found on the site | Food bank. Groceries can be collected without a shared language, so a web-only assessment understates this sector more than any other. Read the tier as a measure of published information, not of whether someone is fed",EH,derived
food_foodlifeline,Food Lifeline,food,Luganda,0,0,,False,none,0,,False,,https://foodlifeline.org,2026-09-06,,"No translation mechanism and no translated documents found on the site | Food bank. Groceries can be collected without a shared language, so a web-only assessment understates this sector more than any other. Read the tier as a measure of published information, not of whether someone is fed",EH,derived
food_foodlifeline,Food Lifeline,food,Maay Maay,0,0,,False,none,0,,False,,https://foodlifeline.org,2026-09-06,,"No translation mechanism and no translated documents found on the site | Food bank. Groceries can be collected without a shared language, so a web-only assessment understates this sector more than any other. Read the tier as a measure of published information, not of whether someone is fed",EH,derived
food_foodlifeline,Food Lifeline,food,Malay,0,0,,False,none,0,,False,,https://foodlifeline.org,2026-09-06,,"No translation mechanism and no translated documents found on the site | Food bank. Groceries can be collected without a shared language, so a web-only assessment understates this sector more than any other. Read the tier as a measure of published information, not of whether someone is fed",EH,derived
food_foodlifeline,Food Lifeline,food,Malayalam,0,0,,False,none,0,,False,,https://foodlifeline.org,2026-09-06,,"No translation mechanism and no translated documents found on the site | Food bank. Groceries can be collected without a shared language, so a web-only assessment understates this sector more than any other. Read the tier as a measure of published information, not of whether someone is fed",EH,derived
food_foodlifeline,Food Lifeline,food,Mam,0,0,,False,none,0,,False,,https://foodlifeline.org,2026-09-06,,"No translation mechanism and no translated documents found on the site | Food bank. Groceries can be collected without a shared language, so a web-only assessment understates this sector more than any other. Read the tier as a measure of published information, not of whether someone is fed",EH,derived
food_foodlifeline,Food Lifeline,food,Mandingo,0,0,,False,none,0,,False,,https://foodlifeline.org,2026-09-06,,"No translation mechanism and no translated documents found on the site | Food bank. Groceries can be collected without a shared language, so a web-only assessment understates this sector more than any other. Read the tier as a measure of published information, not of whether someone is fed",EH,derived
food_foodlifeline,Food Lifeline,food,Mandinka,0,0,,False,none,0,,False,,https://foodlifeline.org,2026-09-06,,"No translation mechanism and no translated documents found on the site | Food bank. Groceries can be collected without a shared language, so a web-only assessment understates this sector more than any other. Read the tier as a measure of published information, not of whether someone is fed",EH,derived
food_foodlifeline,Food Lifeline,food,Marathi,0,0,,False,none,0,,False,,https://foodlifeline.org,2026-09-06,,"No translation mechanism and no translated documents found on the site | Food bank. Groceries can be collected without a shared language, so a web-only assessment understates this sector more than any other. Read the tier as a measure of published information, not of whether someone is fed",EH,derived
food_foodlifeline,Food Lifeline,food,Marquesan,0,0,,False,none,0,,False,,https://foodlifeline.org,2026-09-06,,"No translation mechanism and no translated documents found on the site | Food bank. Groceries can be collected without a shared language, so a web-only assessment understates this sector more than any other. Read the tier as a measure of published information, not of whether someone is fed",EH,derived
food_foodlifeline,Food Lifeline,food,Marshallese,0,0,,False,none,0,,False,,https://foodlifeline.org,2026-09-06,,"No translation mechanism and no translated documents found on the site | Food bank. Groceries can be collected without a shared language, so a web-only assessment understates this sector more than any other. Read the tier as a measure of published information, not of whether someone is fed",EH,derived
food_foodlifeline,Food Lifeline,food,Maya-Quiche,0,0,,False,none,0,,False,,https://foodlifeline.org,2026-09-06,,"No translation mechanism and no translated documents found on the site | Food bank. Groceries can be collected without a shared language, so a web-only assessment understates this sector more than any other. Read the tier as a measure of published information, not of whether someone is fed",EH,derived
food_foodlifeline,Food Lifeline,food,Mien,0,0,,False,none,0,,False,,https://foodlifeline.org,2026-09-06,,"No translation mechanism and no translated documents found on the site | Food bank. Groceries can be collected without a shared language, so a web-only assessment understates this sector more than any other. Read the tier as a measure of published information, not of whether someone is fed",EH,derived
food_foodlifeline,Food Lifeline,food,Mixteco,0,0,,False,none,0,,False,,https://foodlifeline.org,2026-09-06,,"No translation mechanism and no translated documents found on the site | Food bank. Groceries can be collected without a shared language, so a web-only assessment understates this sector more than any other. Read the tier as a measure of published information, not of whether someone is fed",EH,derived
food_foodlifeline,Food Lifeline,food,Moldavian,0,0,,False,none,0,,False,,https://foodlifeline.org,2026-09-06,,"No translation mechanism and no translated documents found on the site | Food bank. Groceries can be collected without a shared language, so a web-only assessment understates this sector more than any other. Read the tier as a measure of published information, not of whether someone is fed",EH,derived
food_foodlifeline,Food Lifeline,food,Mongolian,0,0,,False,none,0,,False,,https://foodlifeline.org,2026-09-06,,"No translation mechanism and no translated documents found on the site | Food bank. Groceries can be collected without a shared language, so a web-only assessment understates this sector more than any other. Read the tier as a measure of published information, not of whether someone is fed",EH,derived
food_foodlifeline,Food Lifeline,food,Moore,0,0,,False,none,0,,False,,https://foodlifeline.org,2026-09-06,,"No translation mechanism and no translated documents found on the site | Food bank. Groceries can be collected without a shared language, so a web-only assessment understates this sector more than any other. Read the tier as a measure of published information, not of whether someone is fed",EH,derived
food_foodlifeline,Food Lifeline,food,"Nahuatl, Guerrero region",0,0,,False,none,0,,False,,https://foodlifeline.org,2026-09-06,,"No translation mechanism and no translated documents found on the site | Food bank. Groceries can be collected without a shared language, so a web-only assessment understates this sector more than any other. Read the tier as a measure of published information, not of whether someone is fed",EH,derived
food_foodlifeline,Food Lifeline,food,Nepali,0,0,,False,none,0,,False,,https://foodlifeline.org,2026-09-06,,"No translation mechanism and no translated documents found on the site | Food bank. Groceries can be collected without a shared language, so a web-only assessment understates this sector more than any other. Read the tier as a measure of published information, not of whether someone is fed",EH,derived
food_foodlifeline,Food Lifeline,food,Nuer,0,0,,False,none,0,,False,,https://foodlifeline.org,2026-09-06,,"No translation mechanism and no translated documents found on the site | Food bank. Groceries can be collected without a shared language, so a web-only assessment understates this sector more than any other. Read the tier as a measure of published information, not of whether someone is fed",EH,derived
food_foodlifeline,Food Lifeline,food,Oromo,0,0,,False,none,0,,False,252,https://foodlifeline.org,2026-09-06,,"No translation mechanism and no translated documents found on the site | Food bank. Groceries can be collected without a shared language, so a web-only assessment understates this sector more than any other. Read the tier as a measure of published information, not of whether someone is fed",EH,derived
food_foodlifeline,Food Lifeline,food,Palau,0,0,,False,none,0,,False,,https://foodlifeline.org,2026-09-06,,"No translation mechanism and no translated documents found on the site | Food bank. Groceries can be collected without a shared language, so a web-only assessment understates this sector more than any other. Read the tier as a measure of published information, not of whether someone is fed",EH,derived
food_foodlifeline,Food Lifeline,food,Pashai,0,0,,False,none,0,,False,,https://foodlifeline.org,2026-09-06,,"No translation mechanism and no translated documents found on the site | Food bank. Groceries can be collected without a shared language, so a web-only assessment understates this sector more than any other. Read the tier as a measure of published information, not of whether someone is fed",EH,derived
food_foodlifeline,Food Lifeline,food,Pashto,0,0,,False,none,0,,False,680,https://foodlifeline.org,2026-09-06,,"No translation mechanism and no translated documents found on the site | Food bank. Groceries can be collected without a shared language, so a web-only assessment understates this sector more than any other. Read the tier as a measure of published information, not of whether someone is fed",EH,derived
food_foodlifeline,Food Lifeline,food,Pere,0,0,,False,none,0,,False,,https://foodlifeline.org,2026-09-06,,"No translation mechanism and no translated documents found on the site | Food bank. Groceries can be collected without a shared language, so a web-only assessment understates this sector more than any other. Read the tier as a measure of published information, not of whether someone is fed",EH,derived
food_foodlifeline,Food Lifeline,food,Polish,0,0,,False,none,0,,False,,https://foodlifeline.org,2026-09-06,,"No translation mechanism and no translated documents found on the site | Food bank. Groceries can be collected without a shared language, so a web-only assessment understates this sector more than any other. Read the tier as a measure of published information, not of whether someone is fed",EH,derived
food_foodlifeline,Food Lifeline,food,Portuguese,0,0,,False,none,0,,False,1449,https://foodlifeline.org,2026-09-06,,"No translation mechanism and no translated documents found on the site | Food bank. Groceries can be collected without a shared language, so a web-only assessment understates this sector more than any other. Read the tier as a measure of published information, not of whether someone is fed",EH,derived
food_foodlifeline,Food Lifeline,food,Punjabi,0,0,,False,none,0,,False,1632,https://foodlifeline.org,2026-09-06,,"No translation mechanism and no translated documents found on the site | Food bank. Groceries can be collected without a shared language, so a web-only assessment understates this sector more than any other. Read the tier as a measure of published information, not of whether someone is fed",EH,derived
food_foodlifeline,Food Lifeline,food,Purepecha,0,0,,False,none,0,,False,,https://foodlifeline.org,2026-09-06,,"No translation mechanism and no translated documents found on the site | Food bank. Groceries can be collected without a shared language, so a web-only assessment understates this sector more than any other. Read the tier as a measure of published information, not of whether someone is fed",EH,derived
food_foodlifeline,Food Lifeline,food,Rohingya,0,0,,False,none,0,,False,,https://foodlifeline.org,2026-09-06,,"No translation mechanism and no translated documents found on the site | Food bank. Groceries can be collected without a shared language, so a web-only assessment understates this sector more than any other. Read the tier as a measure of published information, not of whether someone is fed",EH,derived
food_foodlifeline,Food Lifeline,food,Romanian,0,0,,False,none,0,,False,453,https://foodlifeline.org,2026-09-06,,"No translation mechanism and no translated documents found on the site | Food bank. Groceries can be collected without a shared language, so a web-only assessment understates this sector more than any other. Read the tier as a measure of published information, not of whether someone is fed",EH,derived
food_foodlifeline,Food Lifeline,food,Russian,0,0,,False,none,0,,False,12029,https://foodlifeline.org,2026-09-06,,"No translation mechanism and no translated documents found on the site | Food bank. Groceries can be collected without a shared language, so a web-only assessment understates this sector more than any other. Read the tier as a measure of published information, not of whether someone is fed",EH,derived
food_foodlifeline,Food Lifeline,food,Samoan,0,0,,False,none,0,,False,261,https://foodlifeline.org,2026-09-06,,"No translation mechanism and no translated documents found on the site | Food bank. Groceries can be collected without a shared language, so a web-only assessment understates this sector more than any other. Read the tier as a measure of published information, not of whether someone is fed",EH,derived
food_foodlifeline,Food Lifeline,food,Sao,0,0,,False,none,0,,False,,https://foodlifeline.org,2026-09-06,,"No translation mechanism and no translated documents found on the site | Food bank. Groceries can be collected without a shared language, so a web-only assessment understates this sector more than any other. Read the tier as a measure of published information, not of whether someone is fed",EH,derived
food_foodlifeline,Food Lifeline,food,Serbo-Croation,0,0,,False,none,0,,False,,https://foodlifeline.org,2026-09-06,,"No translation mechanism and no translated documents found on the site | Food bank. Groceries can be collected without a shared language, so a web-only assessment understates this sector more than any other. Read the tier as a measure of published information, not of whether someone is fed",EH,derived
food_foodlifeline,Food Lifeline,food,Shona,0,0,,False,none,0,,False,,https://foodlifeline.org,2026-09-06,,"No translation mechanism and no translated documents found on the site | Food bank. Groceries can be collected without a shared language, so a web-only assessment understates this sector more than any other. Read the tier as a measure of published information, not of whether someone is fed",EH,derived
food_foodlifeline,Food Lifeline,food,Sinhalese,0,0,,False,none,0,,False,,https://foodlifeline.org,2026-09-06,,"No translation mechanism and no translated documents found on the site | Food bank. Groceries can be collected without a shared language, so a web-only assessment understates this sector more than any other. Read the tier as a measure of published information, not of whether someone is fed",EH,derived
food_foodlifeline,Food Lifeline,food,Slovenian,0,0,,False,none,0,,False,,https://foodlifeline.org,2026-09-06,,"No translation mechanism and no translated documents found on the site | Food bank. Groceries can be collected without a shared language, so a web-only assessment understates this sector more than any other. Read the tier as a measure of published information, not of whether someone is fed",EH,derived
food_foodlifeline,Food Lifeline,food,Somali,0,0,,False,none,0,,False,1417,https://foodlifeline.org,2026-09-06,,"No translation mechanism and no translated documents found on the site | Food bank. Groceries can be collected without a shared language, so a web-only assessment understates this sector more than any other. Read the tier as a measure of published information, not of whether someone is fed",EH,derived
food_foodlifeline,Food Lifeline,food,Soninke,0,0,,False,none,0,,False,,https://foodlifeline.org,2026-09-06,,"No translation mechanism and no translated documents found on the site | Food bank. Groceries can be collected without a shared language, so a web-only assessment understates this sector more than any other. Read the tier as a measure of published information, not of whether someone is fed",EH,derived
food_foodlifeline,Food Lifeline,food,Sotho,0,0,,False,none,0,,False,,https://foodlifeline.org,2026-09-06,,"No translation mechanism and no translated documents found on the site | Food bank. Groceries can be collected without a shared language, so a web-only assessment understates this sector more than any other. Read the tier as a measure of published information, not of whether someone is fed",EH,derived
food_foodlifeline,Food Lifeline,food,Spanish,0,0,,False,none,0,,False,105998,https://foodlifeline.org,2026-09-06,,"No translation mechanism and no translated documents found on the site | Food bank. Groceries can be collected without a shared language, so a web-only assessment understates this sector more than any other. Read the tier as a measure of published information, not of whether someone is fed",EH,derived
food_foodlifeline,Food Lifeline,food,Swahili,0,0,,False,none,0,,False,324,https://foodlifeline.org,2026-09-06,,"No translation mechanism and no translated documents found on the site | Food bank. Groceries can be collected without a shared language, so a web-only assessment understates this sector more than any other. Read the tier as a measure of published information, not of whether someone is fed",EH,derived
food_foodlifeline,Food Lifeline,food,Tagalog,0,0,,False,none,0,,False,871,https://foodlifeline.org,2026-09-06,,"No translation mechanism and no translated documents found on the site | Food bank. Groceries can be collected without a shared language, so a web-only assessment understates this sector more than any other. Read the tier as a measure of published information, not of whether someone is fed",EH,derived
food_foodlifeline,Food Lifeline,food,Taishanese,0,0,,False,none,0,,False,,https://foodlifeline.org,2026-09-06,,"No translation mechanism and no translated documents found on the site | Food bank. Groceries can be collected without a shared language, so a web-only assessment understates this sector more than any other. Read the tier as a measure of published information, not of whether someone is fed",EH,derived
food_foodlifeline,Food Lifeline,food,Tajiki,0,0,,False,none,0,,False,,https://foodlifeline.org,2026-09-06,,"No translation mechanism and no translated documents found on the site | Food bank. Groceries can be collected without a shared language, so a web-only assessment understates this sector more than any other. Read the tier as a measure of published information, not of whether someone is fed",EH,derived
food_foodlifeline,Food Lifeline,food,Tamil,0,0,,False,none,0,,False,,https://foodlifeline.org,2026-09-06,,"No translation mechanism and no translated documents found on the site | Food bank. Groceries can be collected without a shared language, so a web-only assessment understates this sector more than any other. Read the tier as a measure of published information, not of whether someone is fed",EH,derived
food_foodlifeline,Food Lifeline,food,Tarasco,0,0,,False,none,0,,False,,https://foodlifeline.org,2026-09-06,,"No translation mechanism and no translated documents found on the site | Food bank. Groceries can be collected without a shared language, so a web-only assessment understates this sector more than any other. Read the tier as a measure of published information, not of whether someone is fed",EH,derived
food_foodlifeline,Food Lifeline,food,Tedim,0,0,,False,none,0,,False,,https://foodlifeline.org,2026-09-06,,"No translation mechanism and no translated documents found on the site | Food bank. Groceries can be collected without a shared language, so a web-only assessment understates this sector more than any other. Read the tier as a measure of published information, not of whether someone is fed",EH,derived
food_foodlifeline,Food Lifeline,food,Telugu,0,0,,False,none,0,,False,,https://foodlifeline.org,2026-09-06,,"No translation mechanism and no translated documents found on the site | Food bank. Groceries can be collected without a shared language, so a web-only assessment understates this sector more than any other. Read the tier as a measure of published information, not of whether someone is fed",EH,derived
food_foodlifeline,Food Lifeline,food,Thai,0,0,,False,none,0,,False,232,https://foodlifeline.org,2026-09-06,,"No translation mechanism and no translated documents found on the site | Food bank. Groceries can be collected without a shared language, so a web-only assessment understates this sector more than any other. Read the tier as a measure of published information, not of whether someone is fed",EH,derived
food_foodlifeline,Food Lifeline,food,Tibetan,0,0,,False,none,0,,False,,https://foodlifeline.org,2026-09-06,,"No translation mechanism and no translated documents found on the site | Food bank. Groceries can be collected without a shared language, so a web-only assessment understates this sector more than any other. Read the tier as a measure of published information, not of whether someone is fed",EH,derived
food_foodlifeline,Food Lifeline,food,Tigrinya,0,0,,False,none,0,,False,1144,https://foodlifeline.org,2026-09-06,,"No translation mechanism and no translated documents found on the site | Food bank. Groceries can be collected without a shared language, so a web-only assessment understates this sector more than any other. Read the tier as a measure of published information, not of whether someone is fed",EH,derived
food_foodlifeline,Food Lifeline,food,Tongan,0,0,,False,none,0,,False,,https://foodlifeline.org,2026-09-06,,"No translation mechanism and no translated documents found on the site | Food bank. Groceries can be collected without a shared language, so a web-only assessment understates this sector more than any other. Read the tier as a measure of published information, not of whether someone is fed",EH,derived
food_foodlifeline,Food Lifeline,food,Turkish,0,0,,False,none,0,,False,,https://foodlifeline.org,2026-09-06,,"No translation mechanism and no translated documents found on the site | Food bank. Groceries can be collected without a shared language, so a web-only assessment understates this sector more than any other. Read the tier as a measure of published information, not of whether someone is fed",EH,derived
food_foodlifeline,Food Lifeline,food,Twi,0,0,,False,none,0,,False,,https://foodlifeline.org,2026-09-06,,"No translation mechanism and no translated documents found on the site | Food bank. Groceries can be collected without a shared language, so a web-only assessment understates this sector more than any other. Read the tier as a measure of published information, not of whether someone is fed",EH,derived
food_foodlifeline,Food Lifeline,food,Ukrainian,0,0,,False,none,0,,False,5881,https://foodlifeline.org,2026-09-06,,"No translation mechanism and no translated documents found on the site | Food bank. Groceries can be collected without a shared language, so a web-only assessment understates this sector more than any other. Read the tier as a measure of published information, not of whether someone is fed",EH,derived
food_foodlifeline,Food Lifeline,food,Urdu,0,0,,False,none,0,,False,,https://foodlifeline.org,2026-09-06,,"No translation mechanism and no translated documents found on the site | Food bank. Groceries can be collected without a shared language, so a web-only assessment understates this sector more than any other. Read the tier as a measure of published information, not of whether someone is fed",EH,derived
food_foodlifeline,Food Lifeline,food,Uzbek,0,0,,False,none,0,,False,,https://foodlifeline.org,2026-09-06,,"No translation mechanism and no translated documents found on the site | Food bank. Groceries can be collected without a shared language, so a web-only assessment understates this sector more than any other. Read the tier as a measure of published information, not of whether someone is fed",EH,derived
food_foodlifeline,Food Lifeline,food,Vietnamese,0,0,,False,none,0,,False,9202,https://foodlifeline.org,2026-09-06,,"No translation mechanism and no translated documents found on the site | Food bank. Groceries can be collected without a shared language, so a web-only assessment understates this sector more than any other. Read the tier as a measure of published information, not of whether someone is fed",EH,derived
food_foodlifeline,Food Lifeline,food,Wolof,0,0,,False,none,0,,False,,https://foodlifeline.org,2026-09-06,,"No translation mechanism and no translated documents found on the site | Food bank. Groceries can be collected without a shared language, so a web-only assessment understates this sector more than any other. Read the tier as a measure of published information, not of whether someone is fed",EH,derived
food_foodlifeline,Food Lifeline,food,Yap,0,0,,False,none,0,,False,,https://foodlifeline.org,2026-09-06,,"No translation mechanism and no translated documents found on the site | Food bank. Groceries can be collected without a shared language, so a web-only assessment understates this sector more than any other. Read the tier as a measure of published information, not of whether someone is fed",EH,derived
food_foodlifeline,Food Lifeline,food,Yoruba,0,0,,False,none,0,,False,,https://foodlifeline.org,2026-09-06,,"No translation mechanism and no translated documents found on the site | Food bank. Groceries can be collected without a shared language, so a web-only assessment understates this sector more than any other. Read the tier as a measure of published information, not of whether someone is fed",EH,derived
food_dshs,DSHS Basic Food (SNAP),food,Acholi,0,0,,False,none,0,,True,,https://www.dshs.wa.gov/office-of-the-secretary/forms?field_number_value=14-001,2026-09-06,,No translation mechanism and no translated documents found on the site,EH,derived
food_dshs,DSHS Basic Food (SNAP),food,Aguacateco,0,0,,False,none,0,,True,,https://www.dshs.wa.gov/office-of-the-secretary/forms?field_number_value=14-001,2026-09-06,,No translation mechanism and no translated documents found on the site,EH,derived
food_dshs,DSHS Basic Food (SNAP),food,Akateko,0,0,,False,none,0,,True,,https://www.dshs.wa.gov/office-of-the-secretary/forms?field_number_value=14-001,2026-09-06,,No translation mechanism and no translated documents found on the site,EH,derived
food_dshs,DSHS Basic Food (SNAP),food,Albanian,0,0,,False,none,0,,True,,https://www.dshs.wa.gov/office-of-the-secretary/forms?field_number_value=14-001,2026-09-06,,No translation mechanism and no translated documents found on the site,EH,derived
food_dshs,DSHS Basic Food (SNAP),food,American Sign Language,0,0,,False,none,0,,True,298,https://www.dshs.wa.gov/office-of-the-secretary/forms?field_number_value=14-001,2026-09-06,,"No translation mechanism and no translated documents found on the site | DSHS's own June 2026 report counts 298 households on cash, food or medical assistance whose primary language is this one, and it does not publish the application form in it",EH,derived
food_dshs,DSHS Basic Food (SNAP),food,Amharic,0,0,,False,none,0,,True,1615,https://www.dshs.wa.gov/office-of-the-secretary/forms?field_number_value=14-001,2026-09-06,,"No translation mechanism and no translated documents found on the site | DSHS's own June 2026 report counts 1,615 households on cash, food or medical assistance whose primary language is this one, and it does not publish the application form in it | DSHS DOES publish form 02-611, the Mid-Certification Review statement, in this language, and form 02-528, Fair Hearing Withdrawal, in most of these. Translation capacity is not the constraint; the application is simply not translated",EH,derived
food_dshs,DSHS Basic Food (SNAP),food,Arabic,0,0,,False,none,0,,True,2447,https://www.dshs.wa.gov/office-of-the-secretary/forms?field_number_value=14-001,2026-09-06,,"No translation mechanism and no translated documents found on the site | DSHS's own June 2026 report counts 2,447 households on cash, food or medical assistance whose primary language is this one, and it does not publish the application form in it | DSHS DOES publish form 02-611, the Mid-Certification Review statement, in this language, and form 02-528, Fair Hearing Withdrawal, in most of these. Translation capacity is not the constraint; the application is simply not translated",EH,derived
food_dshs,DSHS Basic Food (SNAP),food,Armenian,0,0,,False,none,0,,True,,https://www.dshs.wa.gov/office-of-the-secretary/forms?field_number_value=14-001,2026-09-06,,No translation mechanism and no translated documents found on the site,EH,derived
food_dshs,DSHS Basic Food (SNAP),food,Ayula-Bambara,0,0,,False,none,0,,True,,https://www.dshs.wa.gov/office-of-the-secretary/forms?field_number_value=14-001,2026-09-06,,No translation mechanism and no translated documents found on the site,EH,derived
food_dshs,DSHS Basic Food (SNAP),food,Azerbaijani,0,0,,False,none,0,,True,,https://www.dshs.wa.gov/office-of-the-secretary/forms?field_number_value=14-001,2026-09-06,,No translation mechanism and no translated documents found on the site,EH,derived
food_dshs,DSHS Basic Food (SNAP),food,Bambara,0,0,,False,none,0,,True,,https://www.dshs.wa.gov/office-of-the-secretary/forms?field_number_value=14-001,2026-09-06,,No translation mechanism and no translated documents found on the site,EH,derived
food_dshs,DSHS Basic Food (SNAP),food,Bangala,0,0,,False,none,0,,True,,https://www.dshs.wa.gov/office-of-the-secretary/forms?field_number_value=14-001,2026-09-06,,No translation mechanism and no translated documents found on the site,EH,derived
food_dshs,DSHS Basic Food (SNAP),food,Bassa,0,0,,False,none,0,,True,,https://www.dshs.wa.gov/office-of-the-secretary/forms?field_number_value=14-001,2026-09-06,,No translation mechanism and no translated documents found on the site,EH,derived
food_dshs,DSHS Basic Food (SNAP),food,Bengali,0,0,,False,none,0,,True,,https://www.dshs.wa.gov/office-of-the-secretary/forms?field_number_value=14-001,2026-09-06,,No translation mechanism and no translated documents found on the site,EH,derived
food_dshs,DSHS Basic Food (SNAP),food,Bosnian,0,0,,False,none,0,,True,,https://www.dshs.wa.gov/office-of-the-secretary/forms?field_number_value=14-001,2026-09-06,,"No translation mechanism and no translated documents found on the site | DSHS DOES publish form 02-611, the Mid-Certification Review statement, in this language, and form 02-528, Fair Hearing Withdrawal, in most of these. Translation capacity is not the constraint; the application is simply not translated",EH,derived
food_dshs,DSHS Basic Food (SNAP),food,Bulgarian,0,0,,False,none,0,,True,,https://www.dshs.wa.gov/office-of-the-secretary/forms?field_number_value=14-001,2026-09-06,,No translation mechanism and no translated documents found on the site,EH,derived
food_dshs,DSHS Basic Food (SNAP),food,Burmese,0,0,,False,none,0,,True,349,https://www.dshs.wa.gov/office-of-the-secretary/forms?field_number_value=14-001,2026-09-06,,"No translation mechanism and no translated documents found on the site | DSHS's own June 2026 report counts 349 households on cash, food or medical assistance whose primary language is this one, and it does not publish the application form in it | DSHS DOES publish form 02-611, the Mid-Certification Review statement, in this language, and form 02-528, Fair Hearing Withdrawal, in most of these. Translation capacity is not the constraint; the application is simply not translated",EH,derived
food_dshs,DSHS Basic Food (SNAP),food,Carolinian,0,0,,False,none,0,,True,,https://www.dshs.wa.gov/office-of-the-secretary/forms?field_number_value=14-001,2026-09-06,,No translation mechanism and no translated documents found on the site,EH,derived
food_dshs,DSHS Basic Food (SNAP),food,Catalan,0,0,,False,none,0,,True,,https://www.dshs.wa.gov/office-of-the-secretary/forms?field_number_value=14-001,2026-09-06,,No translation mechanism and no translated documents found on the site,EH,derived
food_dshs,DSHS Basic Food (SNAP),food,Cebuano,0,0,,False,none,0,,True,,https://www.dshs.wa.gov/office-of-the-secretary/forms?field_number_value=14-001,2026-09-06,,No translation mechanism and no translated documents found on the site,EH,derived
food_dshs,DSHS Basic Food (SNAP),food,Cham,0,0,,False,none,0,,True,,https://www.dshs.wa.gov/office-of-the-secretary/forms?field_number_value=14-001,2026-09-06,,No translation mechanism and no translated documents found on the site,EH,derived
food_dshs,DSHS Basic Food (SNAP),food,Chamorro,0,0,,False,none,0,,True,,https://www.dshs.wa.gov/office-of-the-secretary/forms?field_number_value=14-001,2026-09-06,,No translation mechanism and no translated documents found on the site,EH,derived
food_dshs,DSHS Basic Food (SNAP),food,Chin,0,0,,False,none,0,,True,,https://www.dshs.wa.gov/office-of-the-secretary/forms?field_number_value=14-001,2026-09-06,,No translation mechanism and no translated documents found on the site,EH,derived
food_dshs,DSHS Basic Food (SNAP),food,Chinese-Cantonese,3,2,,True,in_language_document,1,Chinese (Adobe PDF),True,,https://www.dshs.wa.gov/office-of-the-secretary/forms?field_number_value=14-001,2026-09-06,unchecked,"Form 14-001, Application for Cash or Food Assistance, is published in this language",EH,derived
food_dshs,DSHS Basic Food (SNAP),food,Chinese-Fukienese,0,0,,False,none,0,,True,,https://www.dshs.wa.gov/office-of-the-secretary/forms?field_number_value=14-001,2026-09-06,,No translation mechanism and no translated documents found on the site,EH,derived
food_dshs,DSHS Basic Food (SNAP),food,Chinese-Mandarin,3,2,,True,in_language_document,1,Chinese (Adobe PDF),True,,https://www.dshs.wa.gov/office-of-the-secretary/forms?field_number_value=14-001,2026-09-06,unchecked,"Form 14-001, Application for Cash or Food Assistance, is published in this language",EH,derived
food_dshs,DSHS Basic Food (SNAP),food,Chinese-Taiwanese,0,0,,False,none,0,,True,,https://www.dshs.wa.gov/office-of-the-secretary/forms?field_number_value=14-001,2026-09-06,,No translation mechanism and no translated documents found on the site,EH,derived
food_dshs,DSHS Basic Food (SNAP),food,Chuukese,3,2,,True,in_language_document,1,Chuukese (Trukese) (Adobe PDF),True,677,https://www.dshs.wa.gov/office-of-the-secretary/forms?field_number_value=14-001,2026-09-06,unchecked,"Form 14-001, Application for Cash or Food Assistance, is published in this language",EH,derived
food_dshs,DSHS Basic Food (SNAP),food,Dari,3,2,,True,in_language_document,1,Persian (Farsi / Dari) (Adobe PDF),True,2702,https://www.dshs.wa.gov/office-of-the-secretary/forms?field_number_value=14-001,2026-09-06,unchecked,"Form 14-001, Application for Cash or Food Assistance, is published in this language",EH,derived
food_dshs,DSHS Basic Food (SNAP),food,Dinka,0,0,,False,none,0,,True,,https://www.dshs.wa.gov/office-of-the-secretary/forms?field_number_value=14-001,2026-09-06,,No translation mechanism and no translated documents found on the site,EH,derived
food_dshs,DSHS Basic Food (SNAP),food,Dutch,0,0,,False,none,0,,True,,https://www.dshs.wa.gov/office-of-the-secretary/forms?field_number_value=14-001,2026-09-06,,No translation mechanism and no translated documents found on the site,EH,derived
food_dshs,DSHS Basic Food (SNAP),food,Egyptian-Arabic,0,0,,False,none,0,,True,,https://www.dshs.wa.gov/office-of-the-secretary/forms?field_number_value=14-001,2026-09-06,,No translation mechanism and no translated documents found on the site,EH,derived
food_dshs,DSHS Basic Food (SNAP),food,Eritai,0,0,,False,none,0,,True,,https://www.dshs.wa.gov/office-of-the-secretary/forms?field_number_value=14-001,2026-09-06,,No translation mechanism and no translated documents found on the site,EH,derived
food_dshs,DSHS Basic Food (SNAP),food,Estonian,0,0,,False,none,0,,True,,https://www.dshs.wa.gov/office-of-the-secretary/forms?field_number_value=14-001,2026-09-06,,No translation mechanism and no translated documents found on the site,EH,derived
food_dshs,DSHS Basic Food (SNAP),food,Ewe,0,0,,False,none,0,,True,,https://www.dshs.wa.gov/office-of-the-secretary/forms?field_number_value=14-001,2026-09-06,,No translation mechanism and no translated documents found on the site,EH,derived
food_dshs,DSHS Basic Food (SNAP),food,Fallani,0,0,,False,none,0,,True,,https://www.dshs.wa.gov/office-of-the-secretary/forms?field_number_value=14-001,2026-09-06,,No translation mechanism and no translated documents found on the site,EH,derived
food_dshs,DSHS Basic Food (SNAP),food,Farsi,3,2,,True,in_language_document,1,Persian (Farsi / Dari) (Adobe PDF),True,990,https://www.dshs.wa.gov/office-of-the-secretary/forms?field_number_value=14-001,2026-09-06,unchecked,"Form 14-001, Application for Cash or Food Assistance, is published in this language",EH,derived
food_dshs,DSHS Basic Food (SNAP),food,French,0,0,,False,none,0,,True,994,https://www.dshs.wa.gov/office-of-the-secretary/forms?field_number_value=14-001,2026-09-06,,"No translation mechanism and no translated documents found on the site | DSHS's own June 2026 report counts 994 households on cash, food or medical assistance whose primary language is this one, and it does not publish the application form in it | DSHS DOES publish form 02-611, the Mid-Certification Review statement, in this language, and form 02-528, Fair Hearing Withdrawal, in most of these. Translation capacity is not the constraint; the application is simply not translated",EH,derived
food_dshs,DSHS Basic Food (SNAP),food,Fula,0,0,,False,none,0,,True,,https://www.dshs.wa.gov/office-of-the-secretary/forms?field_number_value=14-001,2026-09-06,,No translation mechanism and no translated documents found on the site,EH,derived
food_dshs,DSHS Basic Food (SNAP),food,Ga,0,0,,False,none,0,,True,,https://www.dshs.wa.gov/office-of-the-secretary/forms?field_number_value=14-001,2026-09-06,,No translation mechanism and no translated documents found on the site,EH,derived
food_dshs,DSHS Basic Food (SNAP),food,German,0,0,,False,none,0,,True,,https://www.dshs.wa.gov/office-of-the-secretary/forms?field_number_value=14-001,2026-09-06,,No translation mechanism and no translated documents found on the site,EH,derived
food_dshs,DSHS Basic Food (SNAP),food,"Greek, Modern",0,0,,False,none,0,,True,,https://www.dshs.wa.gov/office-of-the-secretary/forms?field_number_value=14-001,2026-09-06,,No translation mechanism and no translated documents found on the site,EH,derived
food_dshs,DSHS Basic Food (SNAP),food,Gujarati,0,0,,False,none,0,,True,,https://www.dshs.wa.gov/office-of-the-secretary/forms?field_number_value=14-001,2026-09-06,,No translation mechanism and no translated documents found on the site,EH,derived
food_dshs,DSHS Basic Food (SNAP),food,Haitian Creole,0,0,,False,none,0,,True,317,https://www.dshs.wa.gov/office-of-the-secretary/forms?field_number_value=14-001,2026-09-06,,"No translation mechanism and no translated documents found on the site | DSHS's own June 2026 report counts 317 households on cash, food or medical assistance whose primary language is this one, and it does not publish the application form in it | DSHS DOES publish form 02-611, the Mid-Certification Review statement, in this language, and form 02-528, Fair Hearing Withdrawal, in most of these. Translation capacity is not the constraint; the application is simply not translated",EH,derived
food_dshs,DSHS Basic Food (SNAP),food,Hausa,0,0,,False,none,0,,True,,https://www.dshs.wa.gov/office-of-the-secretary/forms?field_number_value=14-001,2026-09-06,,No translation mechanism and no translated documents found on the site,EH,derived
food_dshs,DSHS Basic Food (SNAP),food,Hawaiian,0,0,,False,none,0,,True,,https://www.dshs.wa.gov/office-of-the-secretary/forms?field_number_value=14-001,2026-09-06,,No translation mechanism and no translated documents found on the site,EH,derived
food_dshs,DSHS Basic Food (SNAP),food,Herero,0,0,,False,none,0,,True,,https://www.dshs.wa.gov/office-of-the-secretary/forms?field_number_value=14-001,2026-09-06,,No translation mechanism and no translated documents found on the site,EH,derived
food_dshs,DSHS Basic Food (SNAP),food,Hindi,0,0,,False,none,0,,True,212,https://www.dshs.wa.gov/office-of-the-secretary/forms?field_number_value=14-001,2026-09-06,,"No translation mechanism and no translated documents found on the site | DSHS's own June 2026 report counts 212 households on cash, food or medical assistance whose primary language is this one, and it does not publish the application form in it | DSHS DOES publish form 02-611, the Mid-Certification Review statement, in this language, and form 02-528, Fair Hearing Withdrawal, in most of these. Translation capacity is not the constraint; the application is simply not translated",EH,derived
food_dshs,DSHS Basic Food (SNAP),food,Hmong,0,0,,False,none,0,,True,,https://www.dshs.wa.gov/office-of-the-secretary/forms?field_number_value=14-001,2026-09-06,,No translation mechanism and no translated documents found on the site,EH,derived
food_dshs,DSHS Basic Food (SNAP),food,Hungarian,0,0,,False,none,0,,True,,https://www.dshs.wa.gov/office-of-the-secretary/forms?field_number_value=14-001,2026-09-06,,No translation mechanism and no translated documents found on the site,EH,derived
food_dshs,DSHS Basic Food (SNAP),food,Igbo,0,0,,False,none,0,,True,,https://www.dshs.wa.gov/office-of-the-secretary/forms?field_number_value=14-001,2026-09-06,,No translation mechanism and no translated documents found on the site,EH,derived
food_dshs,DSHS Basic Food (SNAP),food,Ilokano,0,0,,False,none,0,,True,,https://www.dshs.wa.gov/office-of-the-secretary/forms?field_number_value=14-001,2026-09-06,,No translation mechanism and no translated documents found on the site,EH,derived
food_dshs,DSHS Basic Food (SNAP),food,Indonesian,0,0,,False,none,0,,True,,https://www.dshs.wa.gov/office-of-the-secretary/forms?field_number_value=14-001,2026-09-06,,No translation mechanism and no translated documents found on the site,EH,derived
food_dshs,DSHS Basic Food (SNAP),food,Italian,0,0,,False,none,0,,True,,https://www.dshs.wa.gov/office-of-the-secretary/forms?field_number_value=14-001,2026-09-06,,No translation mechanism and no translated documents found on the site,EH,derived
food_dshs,DSHS Basic Food (SNAP),food,Japanese,0,0,,False,none,0,,True,,https://www.dshs.wa.gov/office-of-the-secretary/forms?field_number_value=14-001,2026-09-06,,No translation mechanism and no translated documents found on the site,EH,derived
food_dshs,DSHS Basic Food (SNAP),food,Kakwa,0,0,,False,none,0,,True,,https://www.dshs.wa.gov/office-of-the-secretary/forms?field_number_value=14-001,2026-09-06,,No translation mechanism and no translated documents found on the site,EH,derived
food_dshs,DSHS Basic Food (SNAP),food,Kannada,0,0,,False,none,0,,True,,https://www.dshs.wa.gov/office-of-the-secretary/forms?field_number_value=14-001,2026-09-06,,No translation mechanism and no translated documents found on the site,EH,derived
food_dshs,DSHS Basic Food (SNAP),food,Karen,0,0,,False,none,0,,True,,https://www.dshs.wa.gov/office-of-the-secretary/forms?field_number_value=14-001,2026-09-06,,"No translation mechanism and no translated documents found on the site | DSHS DOES publish form 02-611, the Mid-Certification Review statement, in this language, and form 02-528, Fair Hearing Withdrawal, in most of these. Translation capacity is not the constraint; the application is simply not translated",EH,derived
food_dshs,DSHS Basic Food (SNAP),food,Karenni,0,0,,False,none,0,,True,,https://www.dshs.wa.gov/office-of-the-secretary/forms?field_number_value=14-001,2026-09-06,,No translation mechanism and no translated documents found on the site,EH,derived
food_dshs,DSHS Basic Food (SNAP),food,Kazakh,0,0,,False,none,0,,True,,https://www.dshs.wa.gov/office-of-the-secretary/forms?field_number_value=14-001,2026-09-06,,No translation mechanism and no translated documents found on the site,EH,derived
food_dshs,DSHS Basic Food (SNAP),food,Khmer,3,2,,True,in_language_document,1,Cambodian (Khmer) (Adobe PDF),True,1645,https://www.dshs.wa.gov/office-of-the-secretary/forms?field_number_value=14-001,2026-09-06,unchecked,"Form 14-001, Application for Cash or Food Assistance, is published in this language",EH,derived
food_dshs,DSHS Basic Food (SNAP),food,Kikuyu,0,0,,False,none,0,,True,,https://www.dshs.wa.gov/office-of-the-secretary/forms?field_number_value=14-001,2026-09-06,,No translation mechanism and no translated documents found on the site,EH,derived
food_dshs,DSHS Basic Food (SNAP),food,Kinyarwanda,0,0,,False,none,0,,True,,https://www.dshs.wa.gov/office-of-the-secretary/forms?field_number_value=14-001,2026-09-06,,No translation mechanism and no translated documents found on the site,EH,derived
food_dshs,DSHS Basic Food (SNAP),food,Kirgiz,0,0,,False,none,0,,True,,https://www.dshs.wa.gov/office-of-the-secretary/forms?field_number_value=14-001,2026-09-06,,No translation mechanism and no translated documents found on the site,EH,derived
food_dshs,DSHS Basic Food (SNAP),food,Kirundi,0,0,,False,none,0,,True,,https://www.dshs.wa.gov/office-of-the-secretary/forms?field_number_value=14-001,2026-09-06,,No translation mechanism and no translated documents found on the site,EH,derived
food_dshs,DSHS Basic Food (SNAP),food,Kmhmu,0,0,,False,none,0,,True,,https://www.dshs.wa.gov/office-of-the-secretary/forms?field_number_value=14-001,2026-09-06,,No translation mechanism and no translated documents found on the site,EH,derived
food_dshs,DSHS Basic Food (SNAP),food,Kongo,0,0,,False,none,0,,True,,https://www.dshs.wa.gov/office-of-the-secretary/forms?field_number_value=14-001,2026-09-06,,No translation mechanism and no translated documents found on the site,EH,derived
food_dshs,DSHS Basic Food (SNAP),food,Korean,3,2,,True,in_language_document,1,Korean (Adobe PDF),True,3625,https://www.dshs.wa.gov/office-of-the-secretary/forms?field_number_value=14-001,2026-09-06,unchecked,"Form 14-001, Application for Cash or Food Assistance, is published in this language",EH,derived
food_dshs,DSHS Basic Food (SNAP),food,Kosraean,0,0,,False,none,0,,True,,https://www.dshs.wa.gov/office-of-the-secretary/forms?field_number_value=14-001,2026-09-06,,No translation mechanism and no translated documents found on the site,EH,derived
food_dshs,DSHS Basic Food (SNAP),food,Krahn,0,0,,False,none,0,,True,,https://www.dshs.wa.gov/office-of-the-secretary/forms?field_number_value=14-001,2026-09-06,,No translation mechanism and no translated documents found on the site,EH,derived
food_dshs,DSHS Basic Food (SNAP),food,Krio,0,0,,False,none,0,,True,,https://www.dshs.wa.gov/office-of-the-secretary/forms?field_number_value=14-001,2026-09-06,,No translation mechanism and no translated documents found on the site,EH,derived
food_dshs,DSHS Basic Food (SNAP),food,Kru,0,0,,False,none,0,,True,,https://www.dshs.wa.gov/office-of-the-secretary/forms?field_number_value=14-001,2026-09-06,,No translation mechanism and no translated documents found on the site,EH,derived
food_dshs,DSHS Basic Food (SNAP),food,Kurdish,0,0,,False,none,0,,True,,https://www.dshs.wa.gov/office-of-the-secretary/forms?field_number_value=14-001,2026-09-06,,No translation mechanism and no translated documents found on the site,EH,derived
food_dshs,DSHS Basic Food (SNAP),food,Lao,3,2,,True,in_language_document,1,Lao (Adobe PDF),True,399,https://www.dshs.wa.gov/office-of-the-secretary/forms?field_number_value=14-001,2026-09-06,unchecked,"Form 14-001, Application for Cash or Food Assistance, is published in this language",EH,derived
food_dshs,DSHS Basic Food (SNAP),food,Latvian,0,0,,False,none,0,,True,,https://www.dshs.wa.gov/office-of-the-secretary/forms?field_number_value=14-001,2026-09-06,,No translation mechanism and no translated documents found on the site,EH,derived
food_dshs,DSHS Basic Food (SNAP),food,Lingala,0,0,,False,none,0,,True,,https://www.dshs.wa.gov/office-of-the-secretary/forms?field_number_value=14-001,2026-09-06,,"No translation mechanism and no translated documents found on the site | DSHS DOES publish form 02-611, the Mid-Certification Review statement, in this language, and form 02-528, Fair Hearing Withdrawal, in most of these. Translation capacity is not the constraint; the application is simply not translated",EH,derived
food_dshs,DSHS Basic Food (SNAP),food,Luganda,0,0,,False,none,0,,True,,https://www.dshs.wa.gov/office-of-the-secretary/forms?field_number_value=14-001,2026-09-06,,No translation mechanism and no translated documents found on the site,EH,derived
food_dshs,DSHS Basic Food (SNAP),food,Maay Maay,0,0,,False,none,0,,True,,https://www.dshs.wa.gov/office-of-the-secretary/forms?field_number_value=14-001,2026-09-06,,No translation mechanism and no translated documents found on the site,EH,derived
food_dshs,DSHS Basic Food (SNAP),food,Malay,0,0,,False,none,0,,True,,https://www.dshs.wa.gov/office-of-the-secretary/forms?field_number_value=14-001,2026-09-06,,No translation mechanism and no translated documents found on the site,EH,derived
food_dshs,DSHS Basic Food (SNAP),food,Malayalam,0,0,,False,none,0,,True,,https://www.dshs.wa.gov/office-of-the-secretary/forms?field_number_value=14-001,2026-09-06,,No translation mechanism and no translated documents found on the site,EH,derived
food_dshs,DSHS Basic Food (SNAP),food,Mam,0,0,,False,none,0,,True,,https://www.dshs.wa.gov/office-of-the-secretary/forms?field_number_value=14-001,2026-09-06,,No translation mechanism and no translated documents found on the site,EH,derived
food_dshs,DSHS Basic Food (SNAP),food,Mandingo,0,0,,False,none,0,,True,,https://www.dshs.wa.gov/office-of-the-secretary/forms?field_number_value=14-001,2026-09-06,,No translation mechanism and no translated documents found on the site,EH,derived
food_dshs,DSHS Basic Food (SNAP),food,Mandinka,0,0,,False,none,0,,True,,https://www.dshs.wa.gov/office-of-the-secretary/forms?field_number_value=14-001,2026-09-06,,No translation mechanism and no translated documents found on the site,EH,derived
food_dshs,DSHS Basic Food (SNAP),food,Marathi,0,0,,False,none,0,,True,,https://www.dshs.wa.gov/office-of-the-secretary/forms?field_number_value=14-001,2026-09-06,,No translation mechanism and no translated documents found on the site,EH,derived
food_dshs,DSHS Basic Food (SNAP),food,Marquesan,0,0,,False,none,0,,True,,https://www.dshs.wa.gov/office-of-the-secretary/forms?field_number_value=14-001,2026-09-06,,No translation mechanism and no translated documents found on the site,EH,derived
food_dshs,DSHS Basic Food (SNAP),food,Marshallese,0,0,,False,none,0,,True,,https://www.dshs.wa.gov/office-of-the-secretary/forms?field_number_value=14-001,2026-09-06,,"No translation mechanism and no translated documents found on the site | DSHS DOES publish form 02-611, the Mid-Certification Review statement, in this language, and form 02-528, Fair Hearing Withdrawal, in most of these. Translation capacity is not the constraint; the application is simply not translated",EH,derived
food_dshs,DSHS Basic Food (SNAP),food,Maya-Quiche,0,0,,False,none,0,,True,,https://www.dshs.wa.gov/office-of-the-secretary/forms?field_number_value=14-001,2026-09-06,,No translation mechanism and no translated documents found on the site,EH,derived
food_dshs,DSHS Basic Food (SNAP),food,Mien,0,0,,False,none,0,,True,,https://www.dshs.wa.gov/office-of-the-secretary/forms?field_number_value=14-001,2026-09-06,,No translation mechanism and no translated documents found on the site,EH,derived
food_dshs,DSHS Basic Food (SNAP),food,Mixteco,0,0,,False,none,0,,True,,https://www.dshs.wa.gov/office-of-the-secretary/forms?field_number_value=14-001,2026-09-06,,No translation mechanism and no translated documents found on the site,EH,derived
food_dshs,DSHS Basic Food (SNAP),food,Moldavian,0,0,,False,none,0,,True,,https://www.dshs.wa.gov/office-of-the-secretary/forms?field_number_value=14-001,2026-09-06,,No translation mechanism and no translated documents found on the site,EH,derived
food_dshs,DSHS Basic Food (SNAP),food,Mongolian,0,0,,False,none,0,,True,,https://www.dshs.wa.gov/office-of-the-secretary/forms?field_number_value=14-001,2026-09-06,,No translation mechanism and no translated documents found on the site,EH,derived
food_dshs,DSHS Basic Food (SNAP),food,Moore,0,0,,False,none,0,,True,,https://www.dshs.wa.gov/office-of-the-secretary/forms?field_number_value=14-001,2026-09-06,,No translation mechanism and no translated documents found on the site,EH,derived
food_dshs,DSHS Basic Food (SNAP),food,"Nahuatl, Guerrero region",0,0,,False,none,0,,True,,https://www.dshs.wa.gov/office-of-the-secretary/forms?field_number_value=14-001,2026-09-06,,No translation mechanism and no translated documents found on the site,EH,derived
food_dshs,DSHS Basic Food (SNAP),food,Nepali,0,0,,False,none,0,,True,,https://www.dshs.wa.gov/office-of-the-secretary/forms?field_number_value=14-001,2026-09-06,,"No translation mechanism and no translated documents found on the site | DSHS DOES publish form 02-611, the Mid-Certification Review statement, in this language, and form 02-528, Fair Hearing Withdrawal, in most of these. Translation capacity is not the constraint; the application is simply not translated",EH,derived
food_dshs,DSHS Basic Food (SNAP),food,Nuer,0,0,,False,none,0,,True,,https://www.dshs.wa.gov/office-of-the-secretary/forms?field_number_value=14-001,2026-09-06,,No translation mechanism and no translated documents found on the site,EH,derived
food_dshs,DSHS Basic Food (SNAP),food,Oromo,0,0,,False,none,0,,True,252,https://www.dshs.wa.gov/office-of-the-secretary/forms?field_number_value=14-001,2026-09-06,,"No translation mechanism and no translated documents found on the site | DSHS's own June 2026 report counts 252 households on cash, food or medical assistance whose primary language is this one, and it does not publish the application form in it | DSHS DOES publish form 02-611, the Mid-Certification Review statement, in this language, and form 02-528, Fair Hearing Withdrawal, in most of these. Translation capacity is not the constraint; the application is simply not translated",EH,derived
food_dshs,DSHS Basic Food (SNAP),food,Palau,0,0,,False,none,0,,True,,https://www.dshs.wa.gov/office-of-the-secretary/forms?field_number_value=14-001,2026-09-06,,No translation mechanism and no translated documents found on the site,EH,derived
food_dshs,DSHS Basic Food (SNAP),food,Pashai,0,0,,False,none,0,,True,,https://www.dshs.wa.gov/office-of-the-secretary/forms?field_number_value=14-001,2026-09-06,,No translation mechanism and no translated documents found on the site,EH,derived
food_dshs,DSHS Basic Food (SNAP),food,Pashto,3,2,,True,in_language_document,1,Pashto (Afghan) (Adobe PDF),True,680,https://www.dshs.wa.gov/office-of-the-secretary/forms?field_number_value=14-001,2026-09-06,unchecked,"Form 14-001, Application for Cash or Food Assistance, is published in this language",EH,derived
food_dshs,DSHS Basic Food (SNAP),food,Pere,0,0,,False,none,0,,True,,https://www.dshs.wa.gov/office-of-the-secretary/forms?field_number_value=14-001,2026-09-06,,No translation mechanism and no translated documents found on the site,EH,derived
food_dshs,DSHS Basic Food (SNAP),food,Polish,0,0,,False,none,0,,True,,https://www.dshs.wa.gov/office-of-the-secretary/forms?field_number_value=14-001,2026-09-06,,No translation mechanism and no translated documents found on the site,EH,derived
food_dshs,DSHS Basic Food (SNAP),food,Portuguese,0,0,,False,none,0,,True,1449,https://www.dshs.wa.gov/office-of-the-secretary/forms?field_number_value=14-001,2026-09-06,,"No translation mechanism and no translated documents found on the site | DSHS's own June 2026 report counts 1,449 households on cash, food or medical assistance whose primary language is this one, and it does not publish the application form in it | DSHS DOES publish form 02-611, the Mid-Certification Review statement, in this language, and form 02-528, Fair Hearing Withdrawal, in most of these. Translation capacity is not the constraint; the application is simply not translated",EH,derived
food_dshs,DSHS Basic Food (SNAP),food,Punjabi,0,0,,False,none,0,,True,1632,https://www.dshs.wa.gov/office-of-the-secretary/forms?field_number_value=14-001,2026-09-06,,"No translation mechanism and no translated documents found on the site | DSHS's own June 2026 report counts 1,632 households on cash, food or medical assistance whose primary language is this one, and it does not publish the application form in it | DSHS DOES publish form 02-611, the Mid-Certification Review statement, in this language, and form 02-528, Fair Hearing Withdrawal, in most of these. Translation capacity is not the constraint; the application is simply not translated",EH,derived
food_dshs,DSHS Basic Food (SNAP),food,Purepecha,0,0,,False,none,0,,True,,https://www.dshs.wa.gov/office-of-the-secretary/forms?field_number_value=14-001,2026-09-06,,No translation mechanism and no translated documents found on the site,EH,derived
food_dshs,DSHS Basic Food (SNAP),food,Rohingya,0,0,,False,none,0,,True,,https://www.dshs.wa.gov/office-of-the-secretary/forms?field_number_value=14-001,2026-09-06,,No translation mechanism and no translated documents found on the site,EH,derived
food_dshs,DSHS Basic Food (SNAP),food,Romanian,0,0,,False,none,0,,True,453,https://www.dshs.wa.gov/office-of-the-secretary/forms?field_number_value=14-001,2026-09-06,,"No translation mechanism and no translated documents found on the site | DSHS's own June 2026 report counts 453 households on cash, food or medical assistance whose primary language is this one, and it does not publish the application form in it | DSHS DOES publish form 02-611, the Mid-Certification Review statement, in this language, and form 02-528, Fair Hearing Withdrawal, in most of these. Translation capacity is not the constraint; the application is simply not translated",EH,derived
food_dshs,DSHS Basic Food (SNAP),food,Russian,3,2,,True,in_language_document,1,Russian (Adobe PDF),True,12029,https://www.dshs.wa.gov/office-of-the-secretary/forms?field_number_value=14-001,2026-09-06,unchecked,"Form 14-001, Application for Cash or Food Assistance, is published in this language",EH,derived
food_dshs,DSHS Basic Food (SNAP),food,Samoan,0,0,,False,none,0,,True,261,https://www.dshs.wa.gov/office-of-the-secretary/forms?field_number_value=14-001,2026-09-06,,"No translation mechanism and no translated documents found on the site | DSHS's own June 2026 report counts 261 households on cash, food or medical assistance whose primary language is this one, and it does not publish the application form in it",EH,derived
food_dshs,DSHS Basic Food (SNAP),food,Sao,0,0,,False,none,0,,True,,https://www.dshs.wa.gov/office-of-the-secretary/forms?field_number_value=14-001,2026-09-06,,No translation mechanism and no translated documents found on the site,EH,derived
food_dshs,DSHS Basic Food (SNAP),food,Serbo-Croation,0,0,,False,none,0,,True,,https://www.dshs.wa.gov/office-of-the-secretary/forms?field_number_value=14-001,2026-09-06,,No translation mechanism and no translated documents found on the site,EH,derived
food_dshs,DSHS Basic Food (SNAP),food,Shona,0,0,,False,none,0,,True,,https://www.dshs.wa.gov/office-of-the-secretary/forms?field_number_value=14-001,2026-09-06,,No translation mechanism and no translated documents found on the site,EH,derived
food_dshs,DSHS Basic Food (SNAP),food,Sinhalese,0,0,,False,none,0,,True,,https://www.dshs.wa.gov/office-of-the-secretary/forms?field_number_value=14-001,2026-09-06,,No translation mechanism and no translated documents found on the site,EH,derived
food_dshs,DSHS Basic Food (SNAP),food,Slovenian,0,0,,False,none,0,,True,,https://www.dshs.wa.gov/office-of-the-secretary/forms?field_number_value=14-001,2026-09-06,,No translation mechanism and no translated documents found on the site,EH,derived
food_dshs,DSHS Basic Food (SNAP),food,Somali,3,2,,True,in_language_document,1,Somali (Adobe PDF),True,1417,https://www.dshs.wa.gov/office-of-the-secretary/forms?field_number_value=14-001,2026-09-06,unchecked,"Form 14-001, Application for Cash or Food Assistance, is published in this language",EH,derived
food_dshs,DSHS Basic Food (SNAP),food,Soninke,0,0,,False,none,0,,True,,https://www.dshs.wa.gov/office-of-the-secretary/forms?field_number_value=14-001,2026-09-06,,No translation mechanism and no translated documents found on the site,EH,derived
food_dshs,DSHS Basic Food (SNAP),food,Sotho,0,0,,False,none,0,,True,,https://www.dshs.wa.gov/office-of-the-secretary/forms?field_number_value=14-001,2026-09-06,,No translation mechanism and no translated documents found on the site,EH,derived
food_dshs,DSHS Basic Food (SNAP),food,Spanish,3,2,,True,in_language_document,1,Spanish (Adobe PDF),True,105998,https://www.dshs.wa.gov/office-of-the-secretary/forms?field_number_value=14-001,2026-09-06,unchecked,"Form 14-001, Application for Cash or Food Assistance, is published in this language",EH,derived
food_dshs,DSHS Basic Food (SNAP),food,Swahili,0,0,,False,none,0,,True,324,https://www.dshs.wa.gov/office-of-the-secretary/forms?field_number_value=14-001,2026-09-06,,"No translation mechanism and no translated documents found on the site | DSHS's own June 2026 report counts 324 households on cash, food or medical assistance whose primary language is this one, and it does not publish the application form in it | DSHS DOES publish form 02-611, the Mid-Certification Review statement, in this language, and form 02-528, Fair Hearing Withdrawal, in most of these. Translation capacity is not the constraint; the application is simply not translated",EH,derived
food_dshs,DSHS Basic Food (SNAP),food,Tagalog,0,0,,False,none,0,,True,871,https://www.dshs.wa.gov/office-of-the-secretary/forms?field_number_value=14-001,2026-09-06,,"No translation mechanism and no translated documents found on the site | DSHS's own June 2026 report counts 871 households on cash, food or medical assistance whose primary language is this one, and it does not publish the application form in it | DSHS DOES publish form 02-611, the Mid-Certification Review statement, in this language, and form 02-528, Fair Hearing Withdrawal, in most of these. Translation capacity is not the constraint; the application is simply not translated",EH,derived
food_dshs,DSHS Basic Food (SNAP),food,Taishanese,0,0,,False,none,0,,True,,https://www.dshs.wa.gov/office-of-the-secretary/forms?field_number_value=14-001,2026-09-06,,No translation mechanism and no translated documents found on the site,EH,derived
food_dshs,DSHS Basic Food (SNAP),food,Tajiki,0,0,,False,none,0,,True,,https://www.dshs.wa.gov/office-of-the-secretary/forms?field_number_value=14-001,2026-09-06,,No translation mechanism and no translated documents found on the site,EH,derived
food_dshs,DSHS Basic Food (SNAP),food,Tamil,3,2,,True,in_language_document,1,Tamil (Adobe PDF),True,,https://www.dshs.wa.gov/office-of-the-secretary/forms?field_number_value=14-001,2026-09-06,unchecked,"Form 14-001, Application for Cash or Food Assistance, is published in this language",EH,derived
food_dshs,DSHS Basic Food (SNAP),food,Tarasco,0,0,,False,none,0,,True,,https://www.dshs.wa.gov/office-of-the-secretary/forms?field_number_value=14-001,2026-09-06,,No translation mechanism and no translated documents found on the site,EH,derived
food_dshs,DSHS Basic Food (SNAP),food,Tedim,0,0,,False,none,0,,True,,https://www.dshs.wa.gov/office-of-the-secretary/forms?field_number_value=14-001,2026-09-06,,No translation mechanism and no translated documents found on the site,EH,derived
food_dshs,DSHS Basic Food (SNAP),food,Telugu,0,0,,False,none,0,,True,,https://www.dshs.wa.gov/office-of-the-secretary/forms?field_number_value=14-001,2026-09-06,,No translation mechanism and no translated documents found on the site,EH,derived
food_dshs,DSHS Basic Food (SNAP),food,Thai,0,0,,False,none,0,,True,232,https://www.dshs.wa.gov/office-of-the-secretary/forms?field_number_value=14-001,2026-09-06,,"No translation mechanism and no translated documents found on the site | DSHS's own June 2026 report counts 232 households on cash, food or medical assistance whose primary language is this one, and it does not publish the application form in it",EH,derived
food_dshs,DSHS Basic Food (SNAP),food,Tibetan,0,0,,False,none,0,,True,,https://www.dshs.wa.gov/office-of-the-secretary/forms?field_number_value=14-001,2026-09-06,,No translation mechanism and no translated documents found on the site,EH,derived
food_dshs,DSHS Basic Food (SNAP),food,Tigrinya,0,0,,False,none,0,,True,1144,https://www.dshs.wa.gov/office-of-the-secretary/forms?field_number_value=14-001,2026-09-06,,"No translation mechanism and no translated documents found on the site | DSHS's own June 2026 report counts 1,144 households on cash, food or medical assistance whose primary language is this one, and it does not publish the application form in it | DSHS DOES publish form 02-611, the Mid-Certification Review statement, in this language, and form 02-528, Fair Hearing Withdrawal, in most of these. Translation capacity is not the constraint; the application is simply not translated",EH,derived
food_dshs,DSHS Basic Food (SNAP),food,Tongan,0,0,,False,none,0,,True,,https://www.dshs.wa.gov/office-of-the-secretary/forms?field_number_value=14-001,2026-09-06,,No translation mechanism and no translated documents found on the site,EH,derived
food_dshs,DSHS Basic Food (SNAP),food,Turkish,0,0,,False,none,0,,True,,https://www.dshs.wa.gov/office-of-the-secretary/forms?field_number_value=14-001,2026-09-06,,"No translation mechanism and no translated documents found on the site | DSHS DOES publish form 02-611, the Mid-Certification Review statement, in this language, and form 02-528, Fair Hearing Withdrawal, in most of these. Translation capacity is not the constraint; the application is simply not translated",EH,derived
food_dshs,DSHS Basic Food (SNAP),food,Twi,0,0,,False,none,0,,True,,https://www.dshs.wa.gov/office-of-the-secretary/forms?field_number_value=14-001,2026-09-06,,No translation mechanism and no translated documents found on the site,EH,derived
food_dshs,DSHS Basic Food (SNAP),food,Ukrainian,0,0,,False,none,0,,True,5881,https://www.dshs.wa.gov/office-of-the-secretary/forms?field_number_value=14-001,2026-09-06,,"No translation mechanism and no translated documents found on the site | DSHS's own June 2026 report counts 5,881 households on cash, food or medical assistance whose primary language is this one, and it does not publish the application form in it | DSHS DOES publish form 02-611, the Mid-Certification Review statement, in this language, and form 02-528, Fair Hearing Withdrawal, in most of these. Translation capacity is not the constraint; the application is simply not translated",EH,derived
food_dshs,DSHS Basic Food (SNAP),food,Urdu,0,0,,False,none,0,,True,,https://www.dshs.wa.gov/office-of-the-secretary/forms?field_number_value=14-001,2026-09-06,,No translation mechanism and no translated documents found on the site,EH,derived
food_dshs,DSHS Basic Food (SNAP),food,Uzbek,0,0,,False,none,0,,True,,https://www.dshs.wa.gov/office-of-the-secretary/forms?field_number_value=14-001,2026-09-06,,No translation mechanism and no translated documents found on the site,EH,derived
food_dshs,DSHS Basic Food (SNAP),food,Vietnamese,3,2,,True,in_language_document,1,Vietnamese (Adobe PDF),True,9202,https://www.dshs.wa.gov/office-of-the-secretary/forms?field_number_value=14-001,2026-09-06,unchecked,"Form 14-001, Application for Cash or Food Assistance, is published in this language",EH,derived
food_dshs,DSHS Basic Food (SNAP),food,Wolof,0,0,,False,none,0,,True,,https://www.dshs.wa.gov/office-of-the-secretary/forms?field_number_value=14-001,2026-09-06,,"No translation mechanism and no translated documents found on the site | DSHS DOES publish form 02-611, the Mid-Certification Review statement, in this language, and form 02-528, Fair Hearing Withdrawal, in most of these. Translation capacity is not the constraint; the application is simply not translated",EH,derived
food_dshs,DSHS Basic Food (SNAP),food,Yap,0,0,,False,none,0,,True,,https://www.dshs.wa.gov/office-of-the-secretary/forms?field_number_value=14-001,2026-09-06,,No translation mechanism and no translated documents found on the site,EH,derived
food_dshs,DSHS Basic Food (SNAP),food,Yoruba,0,0,,False,none,0,,True,,https://www.dshs.wa.gov/office-of-the-secretary/forms?field_number_value=14-001,2026-09-06,,No translation mechanism and no translated documents found on the site,EH,derived
food_waconnection,Washington Connection (benefits application),food,Acholi,0,0,,False,none,0,,True,,https://www.washingtonconnection.org,2026-09-06,,No translation mechanism and no translated documents found on the site,EH,derived
food_waconnection,Washington Connection (benefits application),food,Aguacateco,0,0,,False,none,0,,True,,https://www.washingtonconnection.org,2026-09-06,,No translation mechanism and no translated documents found on the site,EH,derived
food_waconnection,Washington Connection (benefits application),food,Akateko,0,0,,False,none,0,,True,,https://www.washingtonconnection.org,2026-09-06,,No translation mechanism and no translated documents found on the site,EH,derived
food_waconnection,Washington Connection (benefits application),food,Albanian,0,0,,False,none,0,,True,,https://www.washingtonconnection.org,2026-09-06,,No translation mechanism and no translated documents found on the site,EH,derived
food_waconnection,Washington Connection (benefits application),food,American Sign Language,0,0,,False,none,0,,True,298,https://www.washingtonconnection.org,2026-09-06,,No translation mechanism and no translated documents found on the site,EH,derived
food_waconnection,Washington Connection (benefits application),food,Amharic,0,0,,False,none,0,,True,1615,https://www.washingtonconnection.org,2026-09-06,,No translation mechanism and no translated documents found on the site,EH,derived
food_waconnection,Washington Connection (benefits application),food,Arabic,0,0,,False,none,0,,True,2447,https://www.washingtonconnection.org,2026-09-06,,No translation mechanism and no translated documents found on the site,EH,derived
food_waconnection,Washington Connection (benefits application),food,Armenian,0,0,,False,none,0,,True,,https://www.washingtonconnection.org,2026-09-06,,No translation mechanism and no translated documents found on the site,EH,derived
food_waconnection,Washington Connection (benefits application),food,Ayula-Bambara,0,0,,False,none,0,,True,,https://www.washingtonconnection.org,2026-09-06,,No translation mechanism and no translated documents found on the site,EH,derived
food_waconnection,Washington Connection (benefits application),food,Azerbaijani,0,0,,False,none,0,,True,,https://www.washingtonconnection.org,2026-09-06,,No translation mechanism and no translated documents found on the site,EH,derived
food_waconnection,Washington Connection (benefits application),food,Bambara,0,0,,False,none,0,,True,,https://www.washingtonconnection.org,2026-09-06,,No translation mechanism and no translated documents found on the site,EH,derived
food_waconnection,Washington Connection (benefits application),food,Bangala,0,0,,False,none,0,,True,,https://www.washingtonconnection.org,2026-09-06,,No translation mechanism and no translated documents found on the site,EH,derived
food_waconnection,Washington Connection (benefits application),food,Bassa,0,0,,False,none,0,,True,,https://www.washingtonconnection.org,2026-09-06,,No translation mechanism and no translated documents found on the site,EH,derived
food_waconnection,Washington Connection (benefits application),food,Bengali,0,0,,False,none,0,,True,,https://www.washingtonconnection.org,2026-09-06,,No translation mechanism and no translated documents found on the site,EH,derived
food_waconnection,Washington Connection (benefits application),food,Bosnian,0,0,,False,none,0,,True,,https://www.washingtonconnection.org,2026-09-06,,No translation mechanism and no translated documents found on the site,EH,derived
food_waconnection,Washington Connection (benefits application),food,Bulgarian,0,0,,False,none,0,,True,,https://www.washingtonconnection.org,2026-09-06,,No translation mechanism and no translated documents found on the site,EH,derived
food_waconnection,Washington Connection (benefits application),food,Burmese,0,0,,False,none,0,,True,349,https://www.washingtonconnection.org,2026-09-06,,No translation mechanism and no translated documents found on the site,EH,derived
food_waconnection,Washington Connection (benefits application),food,Carolinian,0,0,,False,none,0,,True,,https://www.washingtonconnection.org,2026-09-06,,No translation mechanism and no translated documents found on the site,EH,derived
food_waconnection,Washington Connection (benefits application),food,Catalan,0,0,,False,none,0,,True,,https://www.washingtonconnection.org,2026-09-06,,No translation mechanism and no translated documents found on the site,EH,derived
food_waconnection,Washington Connection (benefits application),food,Cebuano,0,0,,False,none,0,,True,,https://www.washingtonconnection.org,2026-09-06,,No translation mechanism and no translated documents found on the site,EH,derived
food_waconnection,Washington Connection (benefits application),food,Cham,0,0,,False,none,0,,True,,https://www.washingtonconnection.org,2026-09-06,,No translation mechanism and no translated documents found on the site,EH,derived
food_waconnection,Washington Connection (benefits application),food,Chamorro,0,0,,False,none,0,,True,,https://www.washingtonconnection.org,2026-09-06,,No translation mechanism and no translated documents found on the site,EH,derived
food_waconnection,Washington Connection (benefits application),food,Chin,0,0,,False,none,0,,True,,https://www.washingtonconnection.org,2026-09-06,,No translation mechanism and no translated documents found on the site,EH,derived
food_waconnection,Washington Connection (benefits application),food,Chinese-Cantonese,0,0,,False,none,0,,True,,https://www.washingtonconnection.org,2026-09-06,,No translation mechanism and no translated documents found on the site,EH,derived
food_waconnection,Washington Connection (benefits application),food,Chinese-Fukienese,0,0,,False,none,0,,True,,https://www.washingtonconnection.org,2026-09-06,,No translation mechanism and no translated documents found on the site,EH,derived
food_waconnection,Washington Connection (benefits application),food,Chinese-Mandarin,0,0,,False,none,0,,True,,https://www.washingtonconnection.org,2026-09-06,,No translation mechanism and no translated documents found on the site,EH,derived
food_waconnection,Washington Connection (benefits application),food,Chinese-Taiwanese,0,0,,False,none,0,,True,,https://www.washingtonconnection.org,2026-09-06,,No translation mechanism and no translated documents found on the site,EH,derived
food_waconnection,Washington Connection (benefits application),food,Chuukese,0,0,,False,none,0,,True,677,https://www.washingtonconnection.org,2026-09-06,,No translation mechanism and no translated documents found on the site,EH,derived
food_waconnection,Washington Connection (benefits application),food,Dari,0,0,,False,none,0,,True,2702,https://www.washingtonconnection.org,2026-09-06,,No translation mechanism and no translated documents found on the site,EH,derived
food_waconnection,Washington Connection (benefits application),food,Dinka,0,0,,False,none,0,,True,,https://www.washingtonconnection.org,2026-09-06,,No translation mechanism and no translated documents found on the site,EH,derived
food_waconnection,Washington Connection (benefits application),food,Dutch,0,0,,False,none,0,,True,,https://www.washingtonconnection.org,2026-09-06,,No translation mechanism and no translated documents found on the site,EH,derived
food_waconnection,Washington Connection (benefits application),food,Egyptian-Arabic,0,0,,False,none,0,,True,,https://www.washingtonconnection.org,2026-09-06,,No translation mechanism and no translated documents found on the site,EH,derived
food_waconnection,Washington Connection (benefits application),food,Eritai,0,0,,False,none,0,,True,,https://www.washingtonconnection.org,2026-09-06,,No translation mechanism and no translated documents found on the site,EH,derived
food_waconnection,Washington Connection (benefits application),food,Estonian,0,0,,False,none,0,,True,,https://www.washingtonconnection.org,2026-09-06,,No translation mechanism and no translated documents found on the site,EH,derived
food_waconnection,Washington Connection (benefits application),food,Ewe,0,0,,False,none,0,,True,,https://www.washingtonconnection.org,2026-09-06,,No translation mechanism and no translated documents found on the site,EH,derived
food_waconnection,Washington Connection (benefits application),food,Fallani,0,0,,False,none,0,,True,,https://www.washingtonconnection.org,2026-09-06,,No translation mechanism and no translated documents found on the site,EH,derived
food_waconnection,Washington Connection (benefits application),food,Farsi,0,0,,False,none,0,,True,990,https://www.washingtonconnection.org,2026-09-06,,No translation mechanism and no translated documents found on the site,EH,derived
food_waconnection,Washington Connection (benefits application),food,French,0,0,,False,none,0,,True,994,https://www.washingtonconnection.org,2026-09-06,,No translation mechanism and no translated documents found on the site,EH,derived
food_waconnection,Washington Connection (benefits application),food,Fula,0,0,,False,none,0,,True,,https://www.washingtonconnection.org,2026-09-06,,No translation mechanism and no translated documents found on the site,EH,derived
food_waconnection,Washington Connection (benefits application),food,Ga,0,0,,False,none,0,,True,,https://www.washingtonconnection.org,2026-09-06,,No translation mechanism and no translated documents found on the site,EH,derived
food_waconnection,Washington Connection (benefits application),food,German,0,0,,False,none,0,,True,,https://www.washingtonconnection.org,2026-09-06,,No translation mechanism and no translated documents found on the site,EH,derived
food_waconnection,Washington Connection (benefits application),food,"Greek, Modern",0,0,,False,none,0,,True,,https://www.washingtonconnection.org,2026-09-06,,No translation mechanism and no translated documents found on the site,EH,derived
food_waconnection,Washington Connection (benefits application),food,Gujarati,0,0,,False,none,0,,True,,https://www.washingtonconnection.org,2026-09-06,,No translation mechanism and no translated documents found on the site,EH,derived
food_waconnection,Washington Connection (benefits application),food,Haitian Creole,0,0,,False,none,0,,True,317,https://www.washingtonconnection.org,2026-09-06,,No translation mechanism and no translated documents found on the site,EH,derived
food_waconnection,Washington Connection (benefits application),food,Hausa,0,0,,False,none,0,,True,,https://www.washingtonconnection.org,2026-09-06,,No translation mechanism and no translated documents found on the site,EH,derived
food_waconnection,Washington Connection (benefits application),food,Hawaiian,0,0,,False,none,0,,True,,https://www.washingtonconnection.org,2026-09-06,,No translation mechanism and no translated documents found on the site,EH,derived
food_waconnection,Washington Connection (benefits application),food,Herero,0,0,,False,none,0,,True,,https://www.washingtonconnection.org,2026-09-06,,No translation mechanism and no translated documents found on the site,EH,derived
food_waconnection,Washington Connection (benefits application),food,Hindi,0,0,,False,none,0,,True,212,https://www.washingtonconnection.org,2026-09-06,,No translation mechanism and no translated documents found on the site,EH,derived
food_waconnection,Washington Connection (benefits application),food,Hmong,0,0,,False,none,0,,True,,https://www.washingtonconnection.org,2026-09-06,,No translation mechanism and no translated documents found on the site,EH,derived
food_waconnection,Washington Connection (benefits application),food,Hungarian,0,0,,False,none,0,,True,,https://www.washingtonconnection.org,2026-09-06,,No translation mechanism and no translated documents found on the site,EH,derived
food_waconnection,Washington Connection (benefits application),food,Igbo,0,0,,False,none,0,,True,,https://www.washingtonconnection.org,2026-09-06,,No translation mechanism and no translated documents found on the site,EH,derived
food_waconnection,Washington Connection (benefits application),food,Ilokano,0,0,,False,none,0,,True,,https://www.washingtonconnection.org,2026-09-06,,No translation mechanism and no translated documents found on the site,EH,derived
food_waconnection,Washington Connection (benefits application),food,Indonesian,0,0,,False,none,0,,True,,https://www.washingtonconnection.org,2026-09-06,,No translation mechanism and no translated documents found on the site,EH,derived
food_waconnection,Washington Connection (benefits application),food,Italian,0,0,,False,none,0,,True,,https://www.washingtonconnection.org,2026-09-06,,No translation mechanism and no translated documents found on the site,EH,derived
food_waconnection,Washington Connection (benefits application),food,Japanese,0,0,,False,none,0,,True,,https://www.washingtonconnection.org,2026-09-06,,No translation mechanism and no translated documents found on the site,EH,derived
food_waconnection,Washington Connection (benefits application),food,Kakwa,0,0,,False,none,0,,True,,https://www.washingtonconnection.org,2026-09-06,,No translation mechanism and no translated documents found on the site,EH,derived
food_waconnection,Washington Connection (benefits application),food,Kannada,0,0,,False,none,0,,True,,https://www.washingtonconnection.org,2026-09-06,,No translation mechanism and no translated documents found on the site,EH,derived
food_waconnection,Washington Connection (benefits application),food,Karen,0,0,,False,none,0,,True,,https://www.washingtonconnection.org,2026-09-06,,No translation mechanism and no translated documents found on the site,EH,derived
food_waconnection,Washington Connection (benefits application),food,Karenni,0,0,,False,none,0,,True,,https://www.washingtonconnection.org,2026-09-06,,No translation mechanism and no translated documents found on the site,EH,derived
food_waconnection,Washington Connection (benefits application),food,Kazakh,0,0,,False,none,0,,True,,https://www.washingtonconnection.org,2026-09-06,,No translation mechanism and no translated documents found on the site,EH,derived
food_waconnection,Washington Connection (benefits application),food,Khmer,0,0,,False,none,0,,True,1645,https://www.washingtonconnection.org,2026-09-06,,No translation mechanism and no translated documents found on the site,EH,derived
food_waconnection,Washington Connection (benefits application),food,Kikuyu,0,0,,False,none,0,,True,,https://www.washingtonconnection.org,2026-09-06,,No translation mechanism and no translated documents found on the site,EH,derived
food_waconnection,Washington Connection (benefits application),food,Kinyarwanda,0,0,,False,none,0,,True,,https://www.washingtonconnection.org,2026-09-06,,No translation mechanism and no translated documents found on the site,EH,derived
food_waconnection,Washington Connection (benefits application),food,Kirgiz,0,0,,False,none,0,,True,,https://www.washingtonconnection.org,2026-09-06,,No translation mechanism and no translated documents found on the site,EH,derived
food_waconnection,Washington Connection (benefits application),food,Kirundi,0,0,,False,none,0,,True,,https://www.washingtonconnection.org,2026-09-06,,No translation mechanism and no translated documents found on the site,EH,derived
food_waconnection,Washington Connection (benefits application),food,Kmhmu,0,0,,False,none,0,,True,,https://www.washingtonconnection.org,2026-09-06,,No translation mechanism and no translated documents found on the site,EH,derived
food_waconnection,Washington Connection (benefits application),food,Kongo,0,0,,False,none,0,,True,,https://www.washingtonconnection.org,2026-09-06,,No translation mechanism and no translated documents found on the site,EH,derived
food_waconnection,Washington Connection (benefits application),food,Korean,0,0,,False,none,0,,True,3625,https://www.washingtonconnection.org,2026-09-06,,No translation mechanism and no translated documents found on the site,EH,derived
food_waconnection,Washington Connection (benefits application),food,Kosraean,0,0,,False,none,0,,True,,https://www.washingtonconnection.org,2026-09-06,,No translation mechanism and no translated documents found on the site,EH,derived
food_waconnection,Washington Connection (benefits application),food,Krahn,0,0,,False,none,0,,True,,https://www.washingtonconnection.org,2026-09-06,,No translation mechanism and no translated documents found on the site,EH,derived
food_waconnection,Washington Connection (benefits application),food,Krio,0,0,,False,none,0,,True,,https://www.washingtonconnection.org,2026-09-06,,No translation mechanism and no translated documents found on the site,EH,derived
food_waconnection,Washington Connection (benefits application),food,Kru,0,0,,False,none,0,,True,,https://www.washingtonconnection.org,2026-09-06,,No translation mechanism and no translated documents found on the site,EH,derived
food_waconnection,Washington Connection (benefits application),food,Kurdish,0,0,,False,none,0,,True,,https://www.washingtonconnection.org,2026-09-06,,No translation mechanism and no translated documents found on the site,EH,derived
food_waconnection,Washington Connection (benefits application),food,Lao,0,0,,False,none,0,,True,399,https://www.washingtonconnection.org,2026-09-06,,No translation mechanism and no translated documents found on the site,EH,derived
food_waconnection,Washington Connection (benefits application),food,Latvian,0,0,,False,none,0,,True,,https://www.washingtonconnection.org,2026-09-06,,No translation mechanism and no translated documents found on the site,EH,derived
food_waconnection,Washington Connection (benefits application),food,Lingala,0,0,,False,none,0,,True,,https://www.washingtonconnection.org,2026-09-06,,No translation mechanism and no translated documents found on the site,EH,derived
food_waconnection,Washington Connection (benefits application),food,Luganda,0,0,,False,none,0,,True,,https://www.washingtonconnection.org,2026-09-06,,No translation mechanism and no translated documents found on the site,EH,derived
food_waconnection,Washington Connection (benefits application),food,Maay Maay,0,0,,False,none,0,,True,,https://www.washingtonconnection.org,2026-09-06,,No translation mechanism and no translated documents found on the site,EH,derived
food_waconnection,Washington Connection (benefits application),food,Malay,0,0,,False,none,0,,True,,https://www.washingtonconnection.org,2026-09-06,,No translation mechanism and no translated documents found on the site,EH,derived
food_waconnection,Washington Connection (benefits application),food,Malayalam,0,0,,False,none,0,,True,,https://www.washingtonconnection.org,2026-09-06,,No translation mechanism and no translated documents found on the site,EH,derived
food_waconnection,Washington Connection (benefits application),food,Mam,0,0,,False,none,0,,True,,https://www.washingtonconnection.org,2026-09-06,,No translation mechanism and no translated documents found on the site,EH,derived
food_waconnection,Washington Connection (benefits application),food,Mandingo,0,0,,False,none,0,,True,,https://www.washingtonconnection.org,2026-09-06,,No translation mechanism and no translated documents found on the site,EH,derived
food_waconnection,Washington Connection (benefits application),food,Mandinka,0,0,,False,none,0,,True,,https://www.washingtonconnection.org,2026-09-06,,No translation mechanism and no translated documents found on the site,EH,derived
food_waconnection,Washington Connection (benefits application),food,Marathi,0,0,,False,none,0,,True,,https://www.washingtonconnection.org,2026-09-06,,No translation mechanism and no translated documents found on the site,EH,derived
food_waconnection,Washington Connection (benefits application),food,Marquesan,0,0,,False,none,0,,True,,https://www.washingtonconnection.org,2026-09-06,,No translation mechanism and no translated documents found on the site,EH,derived
food_waconnection,Washington Connection (benefits application),food,Marshallese,0,0,,False,none,0,,True,,https://www.washingtonconnection.org,2026-09-06,,No translation mechanism and no translated documents found on the site,EH,derived
food_waconnection,Washington Connection (benefits application),food,Maya-Quiche,0,0,,False,none,0,,True,,https://www.washingtonconnection.org,2026-09-06,,No translation mechanism and no translated documents found on the site,EH,derived
food_waconnection,Washington Connection (benefits application),food,Mien,0,0,,False,none,0,,True,,https://www.washingtonconnection.org,2026-09-06,,No translation mechanism and no translated documents found on the site,EH,derived
food_waconnection,Washington Connection (benefits application),food,Mixteco,0,0,,False,none,0,,True,,https://www.washingtonconnection.org,2026-09-06,,No translation mechanism and no translated documents found on the site,EH,derived
food_waconnection,Washington Connection (benefits application),food,Moldavian,0,0,,False,none,0,,True,,https://www.washingtonconnection.org,2026-09-06,,No translation mechanism and no translated documents found on the site,EH,derived
food_waconnection,Washington Connection (benefits application),food,Mongolian,0,0,,False,none,0,,True,,https://www.washingtonconnection.org,2026-09-06,,No translation mechanism and no translated documents found on the site,EH,derived
food_waconnection,Washington Connection (benefits application),food,Moore,0,0,,False,none,0,,True,,https://www.washingtonconnection.org,2026-09-06,,No translation mechanism and no translated documents found on the site,EH,derived
food_waconnection,Washington Connection (benefits application),food,"Nahuatl, Guerrero region",0,0,,False,none,0,,True,,https://www.washingtonconnection.org,2026-09-06,,No translation mechanism and no translated documents found on the site,EH,derived
food_waconnection,Washington Connection (benefits application),food,Nepali,0,0,,False,none,0,,True,,https://www.washingtonconnection.org,2026-09-06,,No translation mechanism and no translated documents found on the site,EH,derived
food_waconnection,Washington Connection (benefits application),food,Nuer,0,0,,False,none,0,,True,,https://www.washingtonconnection.org,2026-09-06,,No translation mechanism and no translated documents found on the site,EH,derived
food_waconnection,Washington Connection (benefits application),food,Oromo,0,0,,False,none,0,,True,252,https://www.washingtonconnection.org,2026-09-06,,No translation mechanism and no translated documents found on the site,EH,derived
food_waconnection,Washington Connection (benefits application),food,Palau,0,0,,False,none,0,,True,,https://www.washingtonconnection.org,2026-09-06,,No translation mechanism and no translated documents found on the site,EH,derived
food_waconnection,Washington Connection (benefits application),food,Pashai,0,0,,False,none,0,,True,,https://www.washingtonconnection.org,2026-09-06,,No translation mechanism and no translated documents found on the site,EH,derived
food_waconnection,Washington Connection (benefits application),food,Pashto,0,0,,False,none,0,,True,680,https://www.washingtonconnection.org,2026-09-06,,No translation mechanism and no translated documents found on the site,EH,derived
food_waconnection,Washington Connection (benefits application),food,Pere,0,0,,False,none,0,,True,,https://www.washingtonconnection.org,2026-09-06,,No translation mechanism and no translated documents found on the site,EH,derived
food_waconnection,Washington Connection (benefits application),food,Polish,0,0,,False,none,0,,True,,https://www.washingtonconnection.org,2026-09-06,,No translation mechanism and no translated documents found on the site,EH,derived
food_waconnection,Washington Connection (benefits application),food,Portuguese,0,0,,False,none,0,,True,1449,https://www.washingtonconnection.org,2026-09-06,,No translation mechanism and no translated documents found on the site,EH,derived
food_waconnection,Washington Connection (benefits application),food,Punjabi,0,0,,False,none,0,,True,1632,https://www.washingtonconnection.org,2026-09-06,,No translation mechanism and no translated documents found on the site,EH,derived
food_waconnection,Washington Connection (benefits application),food,Purepecha,0,0,,False,none,0,,True,,https://www.washingtonconnection.org,2026-09-06,,No translation mechanism and no translated documents found on the site,EH,derived
food_waconnection,Washington Connection (benefits application),food,Rohingya,0,0,,False,none,0,,True,,https://www.washingtonconnection.org,2026-09-06,,No translation mechanism and no translated documents found on the site,EH,derived
food_waconnection,Washington Connection (benefits application),food,Romanian,0,0,,False,none,0,,True,453,https://www.washingtonconnection.org,2026-09-06,,No translation mechanism and no translated documents found on the site,EH,derived
food_waconnection,Washington Connection (benefits application),food,Russian,0,0,,False,none,0,,True,12029,https://www.washingtonconnection.org,2026-09-06,,No translation mechanism and no translated documents found on the site,EH,derived
food_waconnection,Washington Connection (benefits application),food,Samoan,0,0,,False,none,0,,True,261,https://www.washingtonconnection.org,2026-09-06,,No translation mechanism and no translated documents found on the site,EH,derived
food_waconnection,Washington Connection (benefits application),food,Sao,0,0,,False,none,0,,True,,https://www.washingtonconnection.org,2026-09-06,,No translation mechanism and no translated documents found on the site,EH,derived
food_waconnection,Washington Connection (benefits application),food,Serbo-Croation,0,0,,False,none,0,,True,,https://www.washingtonconnection.org,2026-09-06,,No translation mechanism and no translated documents found on the site,EH,derived
food_waconnection,Washington Connection (benefits application),food,Shona,0,0,,False,none,0,,True,,https://www.washingtonconnection.org,2026-09-06,,No translation mechanism and no translated documents found on the site,EH,derived
food_waconnection,Washington Connection (benefits application),food,Sinhalese,0,0,,False,none,0,,True,,https://www.washingtonconnection.org,2026-09-06,,No translation mechanism and no translated documents found on the site,EH,derived
food_waconnection,Washington Connection (benefits application),food,Slovenian,0,0,,False,none,0,,True,,https://www.washingtonconnection.org,2026-09-06,,No translation mechanism and no translated documents found on the site,EH,derived
food_waconnection,Washington Connection (benefits application),food,Somali,0,0,,False,none,0,,True,1417,https://www.washingtonconnection.org,2026-09-06,,No translation mechanism and no translated documents found on the site,EH,derived
food_waconnection,Washington Connection (benefits application),food,Soninke,0,0,,False,none,0,,True,,https://www.washingtonconnection.org,2026-09-06,,No translation mechanism and no translated documents found on the site,EH,derived
food_waconnection,Washington Connection (benefits application),food,Sotho,0,0,,False,none,0,,True,,https://www.washingtonconnection.org,2026-09-06,,No translation mechanism and no translated documents found on the site,EH,derived
food_waconnection,Washington Connection (benefits application),food,Spanish,0,0,,False,none,0,,True,105998,https://www.washingtonconnection.org,2026-09-06,,No translation mechanism and no translated documents found on the site,EH,derived
food_waconnection,Washington Connection (benefits application),food,Swahili,0,0,,False,none,0,,True,324,https://www.washingtonconnection.org,2026-09-06,,No translation mechanism and no translated documents found on the site,EH,derived
food_waconnection,Washington Connection (benefits application),food,Tagalog,0,0,,False,none,0,,True,871,https://www.washingtonconnection.org,2026-09-06,,No translation mechanism and no translated documents found on the site,EH,derived
food_waconnection,Washington Connection (benefits application),food,Taishanese,0,0,,False,none,0,,True,,https://www.washingtonconnection.org,2026-09-06,,No translation mechanism and no translated documents found on the site,EH,derived
food_waconnection,Washington Connection (benefits application),food,Tajiki,0,0,,False,none,0,,True,,https://www.washingtonconnection.org,2026-09-06,,No translation mechanism and no translated documents found on the site,EH,derived
food_waconnection,Washington Connection (benefits application),food,Tamil,0,0,,False,none,0,,True,,https://www.washingtonconnection.org,2026-09-06,,No translation mechanism and no translated documents found on the site,EH,derived
food_waconnection,Washington Connection (benefits application),food,Tarasco,0,0,,False,none,0,,True,,https://www.washingtonconnection.org,2026-09-06,,No translation mechanism and no translated documents found on the site,EH,derived
food_waconnection,Washington Connection (benefits application),food,Tedim,0,0,,False,none,0,,True,,https://www.washingtonconnection.org,2026-09-06,,No translation mechanism and no translated documents found on the site,EH,derived
food_waconnection,Washington Connection (benefits application),food,Telugu,0,0,,False,none,0,,True,,https://www.washingtonconnection.org,2026-09-06,,No translation mechanism and no translated documents found on the site,EH,derived
food_waconnection,Washington Connection (benefits application),food,Thai,0,0,,False,none,0,,True,232,https://www.washingtonconnection.org,2026-09-06,,No translation mechanism and no translated documents found on the site,EH,derived
food_waconnection,Washington Connection (benefits application),food,Tibetan,0,0,,False,none,0,,True,,https://www.washingtonconnection.org,2026-09-06,,No translation mechanism and no translated documents found on the site,EH,derived
food_waconnection,Washington Connection (benefits application),food,Tigrinya,0,0,,False,none,0,,True,1144,https://www.washingtonconnection.org,2026-09-06,,No translation mechanism and no translated documents found on the site,EH,derived
food_waconnection,Washington Connection (benefits application),food,Tongan,0,0,,False,none,0,,True,,https://www.washingtonconnection.org,2026-09-06,,No translation mechanism and no translated documents found on the site,EH,derived
food_waconnection,Washington Connection (benefits application),food,Turkish,0,0,,False,none,0,,True,,https://www.washingtonconnection.org,2026-09-06,,No translation mechanism and no translated documents found on the site,EH,derived
food_waconnection,Washington Connection (benefits application),food,Twi,0,0,,False,none,0,,True,,https://www.washingtonconnection.org,2026-09-06,,No translation mechanism and no translated documents found on the site,EH,derived
food_waconnection,Washington Connection (benefits application),food,Ukrainian,0,0,,False,none,0,,True,5881,https://www.washingtonconnection.org,2026-09-06,,No translation mechanism and no translated documents found on the site,EH,derived
food_waconnection,Washington Connection (benefits application),food,Urdu,0,0,,False,none,0,,True,,https://www.washingtonconnection.org,2026-09-06,,No translation mechanism and no translated documents found on the site,EH,derived
food_waconnection,Washington Connection (benefits application),food,Uzbek,0,0,,False,none,0,,True,,https://www.washingtonconnection.org,2026-09-06,,No translation mechanism and no translated documents found on the site,EH,derived
food_waconnection,Washington Connection (benefits application),food,Vietnamese,0,0,,False,none,0,,True,9202,https://www.washingtonconnection.org,2026-09-06,,No translation mechanism and no translated documents found on the site,EH,derived
food_waconnection,Washington Connection (benefits application),food,Wolof,0,0,,False,none,0,,True,,https://www.washingtonconnection.org,2026-09-06,,No translation mechanism and no translated documents found on the site,EH,derived
food_waconnection,Washington Connection (benefits application),food,Yap,0,0,,False,none,0,,True,,https://www.washingtonconnection.org,2026-09-06,,No translation mechanism and no translated documents found on the site,EH,derived
food_waconnection,Washington Connection (benefits application),food,Yoruba,0,0,,False,none,0,,True,,https://www.washingtonconnection.org,2026-09-06,,No translation mechanism and no translated documents found on the site,EH,derived
