agency_id,agency_name,sector,language,written_tier,oral_tier,collection_tier,pathway_in_language,pathway_type,translated_page_count,translated_page_slugs,widget_language_count,is_state_channel,evidence_url,capture_date,quality_verdict,notes,assigned_by,assignment_method
health_healthpoint,HealthPoint,health,Acholi,1,0,,False,none,0,,,False,https://www.healthpointchc.org/,2026-09-07,,"Unrestricted widget, machine translation only | Direct care provider. Federally funded providers must offer interpreters at the point of care regardless of what their website shows, so a web assessment understates this sector. Read the tier as published information, not as bedside access",EH,derived
health_healthpoint,HealthPoint,health,Aguacateco,0,0,,False,none,0,,,False,https://www.healthpointchc.org/,2026-09-07,,"Unrestricted widget, machine translation only | Direct care provider. Federally funded providers must offer interpreters at the point of care regardless of what their website shows, so a web assessment understates this sector. Read the tier as published information, not as bedside access",EH,derived
health_healthpoint,HealthPoint,health,Akateko,0,0,,False,none,0,,,False,https://www.healthpointchc.org/,2026-09-07,,"Unrestricted widget, machine translation only | Direct care provider. Federally funded providers must offer interpreters at the point of care regardless of what their website shows, so a web assessment understates this sector. Read the tier as published information, not as bedside access",EH,derived
health_healthpoint,HealthPoint,health,Albanian,1,0,,False,none,0,,,False,https://www.healthpointchc.org/,2026-09-07,,"Unrestricted widget, machine translation only | Direct care provider. Federally funded providers must offer interpreters at the point of care regardless of what their website shows, so a web assessment understates this sector. Read the tier as published information, not as bedside access",EH,derived
health_healthpoint,HealthPoint,health,American Sign Language,0,0,,False,none,0,,,False,https://www.healthpointchc.org/,2026-09-07,,"Unrestricted widget, machine translation only | Direct care provider. Federally funded providers must offer interpreters at the point of care regardless of what their website shows, so a web assessment understates this sector. Read the tier as published information, not as bedside access",EH,derived
health_healthpoint,HealthPoint,health,Amharic,1,0,,False,none,0,,,False,https://www.healthpointchc.org/,2026-09-07,,"Unrestricted widget, machine translation only | Direct care provider. Federally funded providers must offer interpreters at the point of care regardless of what their website shows, so a web assessment understates this sector. Read the tier as published information, not as bedside access",EH,derived
health_healthpoint,HealthPoint,health,Arabic,1,0,,False,none,0,,,False,https://www.healthpointchc.org/,2026-09-07,,"Unrestricted widget, machine translation only | Direct care provider. Federally funded providers must offer interpreters at the point of care regardless of what their website shows, so a web assessment understates this sector. Read the tier as published information, not as bedside access",EH,derived
health_healthpoint,HealthPoint,health,Armenian,1,0,,False,none,0,,,False,https://www.healthpointchc.org/,2026-09-07,,"Unrestricted widget, machine translation only | Direct care provider. Federally funded providers must offer interpreters at the point of care regardless of what their website shows, so a web assessment understates this sector. Read the tier as published information, not as bedside access",EH,derived
health_healthpoint,HealthPoint,health,Ayula-Bambara,0,0,,False,none,0,,,False,https://www.healthpointchc.org/,2026-09-07,,"Unrestricted widget, machine translation only | Direct care provider. Federally funded providers must offer interpreters at the point of care regardless of what their website shows, so a web assessment understates this sector. Read the tier as published information, not as bedside access",EH,derived
health_healthpoint,HealthPoint,health,Azerbaijani,1,0,,False,none,0,,,False,https://www.healthpointchc.org/,2026-09-07,,"Unrestricted widget, machine translation only | Direct care provider. Federally funded providers must offer interpreters at the point of care regardless of what their website shows, so a web assessment understates this sector. Read the tier as published information, not as bedside access",EH,derived
health_healthpoint,HealthPoint,health,Bambara,1,0,,False,none,0,,,False,https://www.healthpointchc.org/,2026-09-07,,"Unrestricted widget, machine translation only | Direct care provider. Federally funded providers must offer interpreters at the point of care regardless of what their website shows, so a web assessment understates this sector. Read the tier as published information, not as bedside access",EH,derived
health_healthpoint,HealthPoint,health,Bangala,0,0,,False,none,0,,,False,https://www.healthpointchc.org/,2026-09-07,,"Unrestricted widget, machine translation only | Direct care provider. Federally funded providers must offer interpreters at the point of care regardless of what their website shows, so a web assessment understates this sector. Read the tier as published information, not as bedside access",EH,derived
health_healthpoint,HealthPoint,health,Bassa,0,0,,False,none,0,,,False,https://www.healthpointchc.org/,2026-09-07,,"Unrestricted widget, machine translation only | Direct care provider. Federally funded providers must offer interpreters at the point of care regardless of what their website shows, so a web assessment understates this sector. Read the tier as published information, not as bedside access",EH,derived
health_healthpoint,HealthPoint,health,Bengali,1,0,,False,none,0,,,False,https://www.healthpointchc.org/,2026-09-07,,"Unrestricted widget, machine translation only | Direct care provider. Federally funded providers must offer interpreters at the point of care regardless of what their website shows, so a web assessment understates this sector. Read the tier as published information, not as bedside access",EH,derived
health_healthpoint,HealthPoint,health,Bosnian,1,0,,False,none,0,,,False,https://www.healthpointchc.org/,2026-09-07,,"Unrestricted widget, machine translation only | Direct care provider. Federally funded providers must offer interpreters at the point of care regardless of what their website shows, so a web assessment understates this sector. Read the tier as published information, not as bedside access",EH,derived
health_healthpoint,HealthPoint,health,Bulgarian,1,0,,False,none,0,,,False,https://www.healthpointchc.org/,2026-09-07,,"Unrestricted widget, machine translation only | Direct care provider. Federally funded providers must offer interpreters at the point of care regardless of what their website shows, so a web assessment understates this sector. Read the tier as published information, not as bedside access",EH,derived
health_healthpoint,HealthPoint,health,Burmese,1,0,,False,none,0,,,False,https://www.healthpointchc.org/,2026-09-07,,"Unrestricted widget, machine translation only | Direct care provider. Federally funded providers must offer interpreters at the point of care regardless of what their website shows, so a web assessment understates this sector. Read the tier as published information, not as bedside access",EH,derived
health_healthpoint,HealthPoint,health,Carolinian,0,0,,False,none,0,,,False,https://www.healthpointchc.org/,2026-09-07,,"Unrestricted widget, machine translation only | Direct care provider. Federally funded providers must offer interpreters at the point of care regardless of what their website shows, so a web assessment understates this sector. Read the tier as published information, not as bedside access",EH,derived
health_healthpoint,HealthPoint,health,Catalan,1,0,,False,none,0,,,False,https://www.healthpointchc.org/,2026-09-07,,"Unrestricted widget, machine translation only | Direct care provider. Federally funded providers must offer interpreters at the point of care regardless of what their website shows, so a web assessment understates this sector. Read the tier as published information, not as bedside access",EH,derived
health_healthpoint,HealthPoint,health,Cebuano,1,0,,False,none,0,,,False,https://www.healthpointchc.org/,2026-09-07,,"Unrestricted widget, machine translation only | Direct care provider. Federally funded providers must offer interpreters at the point of care regardless of what their website shows, so a web assessment understates this sector. Read the tier as published information, not as bedside access",EH,derived
health_healthpoint,HealthPoint,health,Cham,0,0,,False,none,0,,,False,https://www.healthpointchc.org/,2026-09-07,,"Unrestricted widget, machine translation only | Direct care provider. Federally funded providers must offer interpreters at the point of care regardless of what their website shows, so a web assessment understates this sector. Read the tier as published information, not as bedside access",EH,derived
health_healthpoint,HealthPoint,health,Chamorro,1,0,,False,none,0,,,False,https://www.healthpointchc.org/,2026-09-07,,"Unrestricted widget, machine translation only | Direct care provider. Federally funded providers must offer interpreters at the point of care regardless of what their website shows, so a web assessment understates this sector. Read the tier as published information, not as bedside access",EH,derived
health_healthpoint,HealthPoint,health,Chin,0,0,,False,none,0,,,False,https://www.healthpointchc.org/,2026-09-07,,"Unrestricted widget, machine translation only | Direct care provider. Federally funded providers must offer interpreters at the point of care regardless of what their website shows, so a web assessment understates this sector. Read the tier as published information, not as bedside access",EH,derived
health_healthpoint,HealthPoint,health,Chinese-Cantonese,1,0,,False,none,0,,,False,https://www.healthpointchc.org/,2026-09-07,,"Unrestricted widget, machine translation only | Direct care provider. Federally funded providers must offer interpreters at the point of care regardless of what their website shows, so a web assessment understates this sector. Read the tier as published information, not as bedside access",EH,derived
health_healthpoint,HealthPoint,health,Chinese-Fukienese,0,0,,False,none,0,,,False,https://www.healthpointchc.org/,2026-09-07,,"Unrestricted widget, machine translation only | Direct care provider. Federally funded providers must offer interpreters at the point of care regardless of what their website shows, so a web assessment understates this sector. Read the tier as published information, not as bedside access",EH,derived
health_healthpoint,HealthPoint,health,Chinese-Mandarin,1,0,,False,none,0,,,False,https://www.healthpointchc.org/,2026-09-07,,"Unrestricted widget, machine translation only | Direct care provider. Federally funded providers must offer interpreters at the point of care regardless of what their website shows, so a web assessment understates this sector. Read the tier as published information, not as bedside access",EH,derived
health_healthpoint,HealthPoint,health,Chinese-Taiwanese,0,0,,False,none,0,,,False,https://www.healthpointchc.org/,2026-09-07,,"Unrestricted widget, machine translation only | Direct care provider. Federally funded providers must offer interpreters at the point of care regardless of what their website shows, so a web assessment understates this sector. Read the tier as published information, not as bedside access",EH,derived
health_healthpoint,HealthPoint,health,Chuukese,1,0,,False,none,0,,,False,https://www.healthpointchc.org/,2026-09-07,,"Unrestricted widget, machine translation only | Direct care provider. Federally funded providers must offer interpreters at the point of care regardless of what their website shows, so a web assessment understates this sector. Read the tier as published information, not as bedside access",EH,derived
health_healthpoint,HealthPoint,health,Dari,1,0,,False,none,0,,,False,https://www.healthpointchc.org/,2026-09-07,,"Unrestricted widget, machine translation only | Direct care provider. Federally funded providers must offer interpreters at the point of care regardless of what their website shows, so a web assessment understates this sector. Read the tier as published information, not as bedside access",EH,derived
health_healthpoint,HealthPoint,health,Dinka,1,0,,False,none,0,,,False,https://www.healthpointchc.org/,2026-09-07,,"Unrestricted widget, machine translation only | Direct care provider. Federally funded providers must offer interpreters at the point of care regardless of what their website shows, so a web assessment understates this sector. Read the tier as published information, not as bedside access",EH,derived
health_healthpoint,HealthPoint,health,Dutch,1,0,,False,none,0,,,False,https://www.healthpointchc.org/,2026-09-07,,"Unrestricted widget, machine translation only | Direct care provider. Federally funded providers must offer interpreters at the point of care regardless of what their website shows, so a web assessment understates this sector. Read the tier as published information, not as bedside access",EH,derived
health_healthpoint,HealthPoint,health,Egyptian-Arabic,0,0,,False,none,0,,,False,https://www.healthpointchc.org/,2026-09-07,,"Unrestricted widget, machine translation only | Direct care provider. Federally funded providers must offer interpreters at the point of care regardless of what their website shows, so a web assessment understates this sector. Read the tier as published information, not as bedside access",EH,derived
health_healthpoint,HealthPoint,health,Eritai,0,0,,False,none,0,,,False,https://www.healthpointchc.org/,2026-09-07,,"Unrestricted widget, machine translation only | Direct care provider. Federally funded providers must offer interpreters at the point of care regardless of what their website shows, so a web assessment understates this sector. Read the tier as published information, not as bedside access",EH,derived
health_healthpoint,HealthPoint,health,Estonian,1,0,,False,none,0,,,False,https://www.healthpointchc.org/,2026-09-07,,"Unrestricted widget, machine translation only | Direct care provider. Federally funded providers must offer interpreters at the point of care regardless of what their website shows, so a web assessment understates this sector. Read the tier as published information, not as bedside access",EH,derived
health_healthpoint,HealthPoint,health,Ewe,1,0,,False,none,0,,,False,https://www.healthpointchc.org/,2026-09-07,,"Unrestricted widget, machine translation only | Direct care provider. Federally funded providers must offer interpreters at the point of care regardless of what their website shows, so a web assessment understates this sector. Read the tier as published information, not as bedside access",EH,derived
health_healthpoint,HealthPoint,health,Fallani,0,0,,False,none,0,,,False,https://www.healthpointchc.org/,2026-09-07,,"Unrestricted widget, machine translation only | Direct care provider. Federally funded providers must offer interpreters at the point of care regardless of what their website shows, so a web assessment understates this sector. Read the tier as published information, not as bedside access",EH,derived
health_healthpoint,HealthPoint,health,Farsi,1,0,,False,none,0,,,False,https://www.healthpointchc.org/,2026-09-07,,"Unrestricted widget, machine translation only | Direct care provider. Federally funded providers must offer interpreters at the point of care regardless of what their website shows, so a web assessment understates this sector. Read the tier as published information, not as bedside access",EH,derived
health_healthpoint,HealthPoint,health,French,1,0,,False,none,0,,,False,https://www.healthpointchc.org/,2026-09-07,,"Unrestricted widget, machine translation only | Direct care provider. Federally funded providers must offer interpreters at the point of care regardless of what their website shows, so a web assessment understates this sector. Read the tier as published information, not as bedside access",EH,derived
health_healthpoint,HealthPoint,health,Fula,0,0,,False,none,0,,,False,https://www.healthpointchc.org/,2026-09-07,,"Unrestricted widget, machine translation only | Direct care provider. Federally funded providers must offer interpreters at the point of care regardless of what their website shows, so a web assessment understates this sector. Read the tier as published information, not as bedside access",EH,derived
health_healthpoint,HealthPoint,health,Ga,1,0,,False,none,0,,,False,https://www.healthpointchc.org/,2026-09-07,,"Unrestricted widget, machine translation only | Direct care provider. Federally funded providers must offer interpreters at the point of care regardless of what their website shows, so a web assessment understates this sector. Read the tier as published information, not as bedside access",EH,derived
health_healthpoint,HealthPoint,health,German,1,0,,False,none,0,,,False,https://www.healthpointchc.org/,2026-09-07,,"Unrestricted widget, machine translation only | Direct care provider. Federally funded providers must offer interpreters at the point of care regardless of what their website shows, so a web assessment understates this sector. Read the tier as published information, not as bedside access",EH,derived
health_healthpoint,HealthPoint,health,"Greek, Modern",0,0,,False,none,0,,,False,https://www.healthpointchc.org/,2026-09-07,,"Unrestricted widget, machine translation only | Direct care provider. Federally funded providers must offer interpreters at the point of care regardless of what their website shows, so a web assessment understates this sector. Read the tier as published information, not as bedside access",EH,derived
health_healthpoint,HealthPoint,health,Gujarati,1,0,,False,none,0,,,False,https://www.healthpointchc.org/,2026-09-07,,"Unrestricted widget, machine translation only | Direct care provider. Federally funded providers must offer interpreters at the point of care regardless of what their website shows, so a web assessment understates this sector. Read the tier as published information, not as bedside access",EH,derived
health_healthpoint,HealthPoint,health,Haitian Creole,1,0,,False,none,0,,,False,https://www.healthpointchc.org/,2026-09-07,,"Unrestricted widget, machine translation only | Direct care provider. Federally funded providers must offer interpreters at the point of care regardless of what their website shows, so a web assessment understates this sector. Read the tier as published information, not as bedside access",EH,derived
health_healthpoint,HealthPoint,health,Hausa,1,0,,False,none,0,,,False,https://www.healthpointchc.org/,2026-09-07,,"Unrestricted widget, machine translation only | Direct care provider. Federally funded providers must offer interpreters at the point of care regardless of what their website shows, so a web assessment understates this sector. Read the tier as published information, not as bedside access",EH,derived
health_healthpoint,HealthPoint,health,Hawaiian,1,0,,False,none,0,,,False,https://www.healthpointchc.org/,2026-09-07,,"Unrestricted widget, machine translation only | Direct care provider. Federally funded providers must offer interpreters at the point of care regardless of what their website shows, so a web assessment understates this sector. Read the tier as published information, not as bedside access",EH,derived
health_healthpoint,HealthPoint,health,Herero,0,0,,False,none,0,,,False,https://www.healthpointchc.org/,2026-09-07,,"Unrestricted widget, machine translation only | Direct care provider. Federally funded providers must offer interpreters at the point of care regardless of what their website shows, so a web assessment understates this sector. Read the tier as published information, not as bedside access",EH,derived
health_healthpoint,HealthPoint,health,Hindi,1,0,,False,none,0,,,False,https://www.healthpointchc.org/,2026-09-07,,"Unrestricted widget, machine translation only | Direct care provider. Federally funded providers must offer interpreters at the point of care regardless of what their website shows, so a web assessment understates this sector. Read the tier as published information, not as bedside access",EH,derived
health_healthpoint,HealthPoint,health,Hmong,1,0,,False,none,0,,,False,https://www.healthpointchc.org/,2026-09-07,,"Unrestricted widget, machine translation only | Direct care provider. Federally funded providers must offer interpreters at the point of care regardless of what their website shows, so a web assessment understates this sector. Read the tier as published information, not as bedside access",EH,derived
health_healthpoint,HealthPoint,health,Hungarian,1,0,,False,none,0,,,False,https://www.healthpointchc.org/,2026-09-07,,"Unrestricted widget, machine translation only | Direct care provider. Federally funded providers must offer interpreters at the point of care regardless of what their website shows, so a web assessment understates this sector. Read the tier as published information, not as bedside access",EH,derived
health_healthpoint,HealthPoint,health,Igbo,1,0,,False,none,0,,,False,https://www.healthpointchc.org/,2026-09-07,,"Unrestricted widget, machine translation only | Direct care provider. Federally funded providers must offer interpreters at the point of care regardless of what their website shows, so a web assessment understates this sector. Read the tier as published information, not as bedside access",EH,derived
health_healthpoint,HealthPoint,health,Ilokano,0,0,,False,none,0,,,False,https://www.healthpointchc.org/,2026-09-07,,"Unrestricted widget, machine translation only | Direct care provider. Federally funded providers must offer interpreters at the point of care regardless of what their website shows, so a web assessment understates this sector. Read the tier as published information, not as bedside access",EH,derived
health_healthpoint,HealthPoint,health,Indonesian,1,0,,False,none,0,,,False,https://www.healthpointchc.org/,2026-09-07,,"Unrestricted widget, machine translation only | Direct care provider. Federally funded providers must offer interpreters at the point of care regardless of what their website shows, so a web assessment understates this sector. Read the tier as published information, not as bedside access",EH,derived
health_healthpoint,HealthPoint,health,Italian,1,0,,False,none,0,,,False,https://www.healthpointchc.org/,2026-09-07,,"Unrestricted widget, machine translation only | Direct care provider. Federally funded providers must offer interpreters at the point of care regardless of what their website shows, so a web assessment understates this sector. Read the tier as published information, not as bedside access",EH,derived
health_healthpoint,HealthPoint,health,Japanese,1,0,,False,none,0,,,False,https://www.healthpointchc.org/,2026-09-07,,"Unrestricted widget, machine translation only | Direct care provider. Federally funded providers must offer interpreters at the point of care regardless of what their website shows, so a web assessment understates this sector. Read the tier as published information, not as bedside access",EH,derived
health_healthpoint,HealthPoint,health,Kakwa,0,0,,False,none,0,,,False,https://www.healthpointchc.org/,2026-09-07,,"Unrestricted widget, machine translation only | Direct care provider. Federally funded providers must offer interpreters at the point of care regardless of what their website shows, so a web assessment understates this sector. Read the tier as published information, not as bedside access",EH,derived
health_healthpoint,HealthPoint,health,Kannada,1,0,,False,none,0,,,False,https://www.healthpointchc.org/,2026-09-07,,"Unrestricted widget, machine translation only | Direct care provider. Federally funded providers must offer interpreters at the point of care regardless of what their website shows, so a web assessment understates this sector. Read the tier as published information, not as bedside access",EH,derived
health_healthpoint,HealthPoint,health,Karen,0,0,,False,none,0,,,False,https://www.healthpointchc.org/,2026-09-07,,"Unrestricted widget, machine translation only | Direct care provider. Federally funded providers must offer interpreters at the point of care regardless of what their website shows, so a web assessment understates this sector. Read the tier as published information, not as bedside access",EH,derived
health_healthpoint,HealthPoint,health,Karenni,0,0,,False,none,0,,,False,https://www.healthpointchc.org/,2026-09-07,,"Unrestricted widget, machine translation only | Direct care provider. Federally funded providers must offer interpreters at the point of care regardless of what their website shows, so a web assessment understates this sector. Read the tier as published information, not as bedside access",EH,derived
health_healthpoint,HealthPoint,health,Kazakh,1,0,,False,none,0,,,False,https://www.healthpointchc.org/,2026-09-07,,"Unrestricted widget, machine translation only | Direct care provider. Federally funded providers must offer interpreters at the point of care regardless of what their website shows, so a web assessment understates this sector. Read the tier as published information, not as bedside access",EH,derived
health_healthpoint,HealthPoint,health,Khmer,1,0,,False,none,0,,,False,https://www.healthpointchc.org/,2026-09-07,,"Unrestricted widget, machine translation only | Direct care provider. Federally funded providers must offer interpreters at the point of care regardless of what their website shows, so a web assessment understates this sector. Read the tier as published information, not as bedside access",EH,derived
health_healthpoint,HealthPoint,health,Kikuyu,0,0,,False,none,0,,,False,https://www.healthpointchc.org/,2026-09-07,,"Unrestricted widget, machine translation only | Direct care provider. Federally funded providers must offer interpreters at the point of care regardless of what their website shows, so a web assessment understates this sector. Read the tier as published information, not as bedside access",EH,derived
health_healthpoint,HealthPoint,health,Kinyarwanda,1,0,,False,none,0,,,False,https://www.healthpointchc.org/,2026-09-07,,"Unrestricted widget, machine translation only | Direct care provider. Federally funded providers must offer interpreters at the point of care regardless of what their website shows, so a web assessment understates this sector. Read the tier as published information, not as bedside access",EH,derived
health_healthpoint,HealthPoint,health,Kirgiz,0,0,,False,none,0,,,False,https://www.healthpointchc.org/,2026-09-07,,"Unrestricted widget, machine translation only | Direct care provider. Federally funded providers must offer interpreters at the point of care regardless of what their website shows, so a web assessment understates this sector. Read the tier as published information, not as bedside access",EH,derived
health_healthpoint,HealthPoint,health,Kirundi,0,0,,False,none,0,,,False,https://www.healthpointchc.org/,2026-09-07,,"Unrestricted widget, machine translation only | Direct care provider. Federally funded providers must offer interpreters at the point of care regardless of what their website shows, so a web assessment understates this sector. Read the tier as published information, not as bedside access",EH,derived
health_healthpoint,HealthPoint,health,Kmhmu,0,0,,False,none,0,,,False,https://www.healthpointchc.org/,2026-09-07,,"Unrestricted widget, machine translation only | Direct care provider. Federally funded providers must offer interpreters at the point of care regardless of what their website shows, so a web assessment understates this sector. Read the tier as published information, not as bedside access",EH,derived
health_healthpoint,HealthPoint,health,Kongo,0,0,,False,none,0,,,False,https://www.healthpointchc.org/,2026-09-07,,"Unrestricted widget, machine translation only | Direct care provider. Federally funded providers must offer interpreters at the point of care regardless of what their website shows, so a web assessment understates this sector. Read the tier as published information, not as bedside access",EH,derived
health_healthpoint,HealthPoint,health,Korean,1,0,,False,none,0,,,False,https://www.healthpointchc.org/,2026-09-07,,"Unrestricted widget, machine translation only | Direct care provider. Federally funded providers must offer interpreters at the point of care regardless of what their website shows, so a web assessment understates this sector. Read the tier as published information, not as bedside access",EH,derived
health_healthpoint,HealthPoint,health,Kosraean,0,0,,False,none,0,,,False,https://www.healthpointchc.org/,2026-09-07,,"Unrestricted widget, machine translation only | Direct care provider. Federally funded providers must offer interpreters at the point of care regardless of what their website shows, so a web assessment understates this sector. Read the tier as published information, not as bedside access",EH,derived
health_healthpoint,HealthPoint,health,Krahn,0,0,,False,none,0,,,False,https://www.healthpointchc.org/,2026-09-07,,"Unrestricted widget, machine translation only | Direct care provider. Federally funded providers must offer interpreters at the point of care regardless of what their website shows, so a web assessment understates this sector. Read the tier as published information, not as bedside access",EH,derived
health_healthpoint,HealthPoint,health,Krio,1,0,,False,none,0,,,False,https://www.healthpointchc.org/,2026-09-07,,"Unrestricted widget, machine translation only | Direct care provider. Federally funded providers must offer interpreters at the point of care regardless of what their website shows, so a web assessment understates this sector. Read the tier as published information, not as bedside access",EH,derived
health_healthpoint,HealthPoint,health,Kru,0,0,,False,none,0,,,False,https://www.healthpointchc.org/,2026-09-07,,"Unrestricted widget, machine translation only | Direct care provider. Federally funded providers must offer interpreters at the point of care regardless of what their website shows, so a web assessment understates this sector. Read the tier as published information, not as bedside access",EH,derived
health_healthpoint,HealthPoint,health,Kurdish,0,0,,False,none,0,,,False,https://www.healthpointchc.org/,2026-09-07,,"Unrestricted widget, machine translation only | Direct care provider. Federally funded providers must offer interpreters at the point of care regardless of what their website shows, so a web assessment understates this sector. Read the tier as published information, not as bedside access",EH,derived
health_healthpoint,HealthPoint,health,Lao,1,0,,False,none,0,,,False,https://www.healthpointchc.org/,2026-09-07,,"Unrestricted widget, machine translation only | Direct care provider. Federally funded providers must offer interpreters at the point of care regardless of what their website shows, so a web assessment understates this sector. Read the tier as published information, not as bedside access",EH,derived
health_healthpoint,HealthPoint,health,Latvian,1,0,,False,none,0,,,False,https://www.healthpointchc.org/,2026-09-07,,"Unrestricted widget, machine translation only | Direct care provider. Federally funded providers must offer interpreters at the point of care regardless of what their website shows, so a web assessment understates this sector. Read the tier as published information, not as bedside access",EH,derived
health_healthpoint,HealthPoint,health,Lingala,1,0,,False,none,0,,,False,https://www.healthpointchc.org/,2026-09-07,,"Unrestricted widget, machine translation only | Direct care provider. Federally funded providers must offer interpreters at the point of care regardless of what their website shows, so a web assessment understates this sector. Read the tier as published information, not as bedside access",EH,derived
health_healthpoint,HealthPoint,health,Luganda,1,0,,False,none,0,,,False,https://www.healthpointchc.org/,2026-09-07,,"Unrestricted widget, machine translation only | Direct care provider. Federally funded providers must offer interpreters at the point of care regardless of what their website shows, so a web assessment understates this sector. Read the tier as published information, not as bedside access",EH,derived
health_healthpoint,HealthPoint,health,Maay Maay,0,0,,False,none,0,,,False,https://www.healthpointchc.org/,2026-09-07,,"Unrestricted widget, machine translation only | Direct care provider. Federally funded providers must offer interpreters at the point of care regardless of what their website shows, so a web assessment understates this sector. Read the tier as published information, not as bedside access",EH,derived
health_healthpoint,HealthPoint,health,Malay,1,0,,False,none,0,,,False,https://www.healthpointchc.org/,2026-09-07,,"Unrestricted widget, machine translation only | Direct care provider. Federally funded providers must offer interpreters at the point of care regardless of what their website shows, so a web assessment understates this sector. Read the tier as published information, not as bedside access",EH,derived
health_healthpoint,HealthPoint,health,Malayalam,1,0,,False,none,0,,,False,https://www.healthpointchc.org/,2026-09-07,,"Unrestricted widget, machine translation only | Direct care provider. Federally funded providers must offer interpreters at the point of care regardless of what their website shows, so a web assessment understates this sector. Read the tier as published information, not as bedside access",EH,derived
health_healthpoint,HealthPoint,health,Mam,1,0,,False,none,0,,,False,https://www.healthpointchc.org/,2026-09-07,,"Unrestricted widget, machine translation only | Direct care provider. Federally funded providers must offer interpreters at the point of care regardless of what their website shows, so a web assessment understates this sector. Read the tier as published information, not as bedside access",EH,derived
health_healthpoint,HealthPoint,health,Mandingo,0,0,,False,none,0,,,False,https://www.healthpointchc.org/,2026-09-07,,"Unrestricted widget, machine translation only | Direct care provider. Federally funded providers must offer interpreters at the point of care regardless of what their website shows, so a web assessment understates this sector. Read the tier as published information, not as bedside access",EH,derived
health_healthpoint,HealthPoint,health,Mandinka,0,0,,False,none,0,,,False,https://www.healthpointchc.org/,2026-09-07,,"Unrestricted widget, machine translation only | Direct care provider. Federally funded providers must offer interpreters at the point of care regardless of what their website shows, so a web assessment understates this sector. Read the tier as published information, not as bedside access",EH,derived
health_healthpoint,HealthPoint,health,Marathi,1,0,,False,none,0,,,False,https://www.healthpointchc.org/,2026-09-07,,"Unrestricted widget, machine translation only | Direct care provider. Federally funded providers must offer interpreters at the point of care regardless of what their website shows, so a web assessment understates this sector. Read the tier as published information, not as bedside access",EH,derived
health_healthpoint,HealthPoint,health,Marquesan,0,0,,False,none,0,,,False,https://www.healthpointchc.org/,2026-09-07,,"Unrestricted widget, machine translation only | Direct care provider. Federally funded providers must offer interpreters at the point of care regardless of what their website shows, so a web assessment understates this sector. Read the tier as published information, not as bedside access",EH,derived
health_healthpoint,HealthPoint,health,Marshallese,1,0,,False,none,0,,,False,https://www.healthpointchc.org/,2026-09-07,,"Unrestricted widget, machine translation only | Direct care provider. Federally funded providers must offer interpreters at the point of care regardless of what their website shows, so a web assessment understates this sector. Read the tier as published information, not as bedside access",EH,derived
health_healthpoint,HealthPoint,health,Maya-Quiche,0,0,,False,none,0,,,False,https://www.healthpointchc.org/,2026-09-07,,"Unrestricted widget, machine translation only | Direct care provider. Federally funded providers must offer interpreters at the point of care regardless of what their website shows, so a web assessment understates this sector. Read the tier as published information, not as bedside access",EH,derived
health_healthpoint,HealthPoint,health,Mien,0,0,,False,none,0,,,False,https://www.healthpointchc.org/,2026-09-07,,"Unrestricted widget, machine translation only | Direct care provider. Federally funded providers must offer interpreters at the point of care regardless of what their website shows, so a web assessment understates this sector. Read the tier as published information, not as bedside access",EH,derived
health_healthpoint,HealthPoint,health,Mixteco,0,0,,False,none,0,,,False,https://www.healthpointchc.org/,2026-09-07,,"Unrestricted widget, machine translation only | Direct care provider. Federally funded providers must offer interpreters at the point of care regardless of what their website shows, so a web assessment understates this sector. Read the tier as published information, not as bedside access",EH,derived
health_healthpoint,HealthPoint,health,Moldavian,0,0,,False,none,0,,,False,https://www.healthpointchc.org/,2026-09-07,,"Unrestricted widget, machine translation only | Direct care provider. Federally funded providers must offer interpreters at the point of care regardless of what their website shows, so a web assessment understates this sector. Read the tier as published information, not as bedside access",EH,derived
health_healthpoint,HealthPoint,health,Mongolian,1,0,,False,none,0,,,False,https://www.healthpointchc.org/,2026-09-07,,"Unrestricted widget, machine translation only | Direct care provider. Federally funded providers must offer interpreters at the point of care regardless of what their website shows, so a web assessment understates this sector. Read the tier as published information, not as bedside access",EH,derived
health_healthpoint,HealthPoint,health,Moore,0,0,,False,none,0,,,False,https://www.healthpointchc.org/,2026-09-07,,"Unrestricted widget, machine translation only | Direct care provider. Federally funded providers must offer interpreters at the point of care regardless of what their website shows, so a web assessment understates this sector. Read the tier as published information, not as bedside access",EH,derived
health_healthpoint,HealthPoint,health,"Nahuatl, Guerrero region",0,0,,False,none,0,,,False,https://www.healthpointchc.org/,2026-09-07,,"Unrestricted widget, machine translation only | Direct care provider. Federally funded providers must offer interpreters at the point of care regardless of what their website shows, so a web assessment understates this sector. Read the tier as published information, not as bedside access",EH,derived
health_healthpoint,HealthPoint,health,Nepali,1,0,,False,none,0,,,False,https://www.healthpointchc.org/,2026-09-07,,"Unrestricted widget, machine translation only | Direct care provider. Federally funded providers must offer interpreters at the point of care regardless of what their website shows, so a web assessment understates this sector. Read the tier as published information, not as bedside access",EH,derived
health_healthpoint,HealthPoint,health,Nuer,1,0,,False,none,0,,,False,https://www.healthpointchc.org/,2026-09-07,,"Unrestricted widget, machine translation only | Direct care provider. Federally funded providers must offer interpreters at the point of care regardless of what their website shows, so a web assessment understates this sector. Read the tier as published information, not as bedside access",EH,derived
health_healthpoint,HealthPoint,health,Oromo,1,0,,False,none,0,,,False,https://www.healthpointchc.org/,2026-09-07,,"Unrestricted widget, machine translation only | Direct care provider. Federally funded providers must offer interpreters at the point of care regardless of what their website shows, so a web assessment understates this sector. Read the tier as published information, not as bedside access",EH,derived
health_healthpoint,HealthPoint,health,Palau,0,0,,False,none,0,,,False,https://www.healthpointchc.org/,2026-09-07,,"Unrestricted widget, machine translation only | Direct care provider. Federally funded providers must offer interpreters at the point of care regardless of what their website shows, so a web assessment understates this sector. Read the tier as published information, not as bedside access",EH,derived
health_healthpoint,HealthPoint,health,Pashai,0,0,,False,none,0,,,False,https://www.healthpointchc.org/,2026-09-07,,"Unrestricted widget, machine translation only | Direct care provider. Federally funded providers must offer interpreters at the point of care regardless of what their website shows, so a web assessment understates this sector. Read the tier as published information, not as bedside access",EH,derived
health_healthpoint,HealthPoint,health,Pashto,1,0,,False,none,0,,,False,https://www.healthpointchc.org/,2026-09-07,,"Unrestricted widget, machine translation only | Direct care provider. Federally funded providers must offer interpreters at the point of care regardless of what their website shows, so a web assessment understates this sector. Read the tier as published information, not as bedside access",EH,derived
health_healthpoint,HealthPoint,health,Pere,0,0,,False,none,0,,,False,https://www.healthpointchc.org/,2026-09-07,,"Unrestricted widget, machine translation only | Direct care provider. Federally funded providers must offer interpreters at the point of care regardless of what their website shows, so a web assessment understates this sector. Read the tier as published information, not as bedside access",EH,derived
health_healthpoint,HealthPoint,health,Polish,1,0,,False,none,0,,,False,https://www.healthpointchc.org/,2026-09-07,,"Unrestricted widget, machine translation only | Direct care provider. Federally funded providers must offer interpreters at the point of care regardless of what their website shows, so a web assessment understates this sector. Read the tier as published information, not as bedside access",EH,derived
health_healthpoint,HealthPoint,health,Portuguese,0,0,,False,none,0,,,False,https://www.healthpointchc.org/,2026-09-07,,"Unrestricted widget, machine translation only | Direct care provider. Federally funded providers must offer interpreters at the point of care regardless of what their website shows, so a web assessment understates this sector. Read the tier as published information, not as bedside access",EH,derived
health_healthpoint,HealthPoint,health,Punjabi,1,0,,False,none,0,,,False,https://www.healthpointchc.org/,2026-09-07,,"Unrestricted widget, machine translation only | Direct care provider. Federally funded providers must offer interpreters at the point of care regardless of what their website shows, so a web assessment understates this sector. Read the tier as published information, not as bedside access",EH,derived
health_healthpoint,HealthPoint,health,Purepecha,0,0,,False,none,0,,,False,https://www.healthpointchc.org/,2026-09-07,,"Unrestricted widget, machine translation only | Direct care provider. Federally funded providers must offer interpreters at the point of care regardless of what their website shows, so a web assessment understates this sector. Read the tier as published information, not as bedside access",EH,derived
health_healthpoint,HealthPoint,health,Rohingya,0,0,,False,none,0,,,False,https://www.healthpointchc.org/,2026-09-07,,"Unrestricted widget, machine translation only | Direct care provider. Federally funded providers must offer interpreters at the point of care regardless of what their website shows, so a web assessment understates this sector. Read the tier as published information, not as bedside access",EH,derived
health_healthpoint,HealthPoint,health,Romanian,1,0,,False,none,0,,,False,https://www.healthpointchc.org/,2026-09-07,,"Unrestricted widget, machine translation only | Direct care provider. Federally funded providers must offer interpreters at the point of care regardless of what their website shows, so a web assessment understates this sector. Read the tier as published information, not as bedside access",EH,derived
health_healthpoint,HealthPoint,health,Russian,1,0,,False,none,0,,,False,https://www.healthpointchc.org/,2026-09-07,,"Unrestricted widget, machine translation only | Direct care provider. Federally funded providers must offer interpreters at the point of care regardless of what their website shows, so a web assessment understates this sector. Read the tier as published information, not as bedside access",EH,derived
health_healthpoint,HealthPoint,health,Samoan,1,0,,False,none,0,,,False,https://www.healthpointchc.org/,2026-09-07,,"Unrestricted widget, machine translation only | Direct care provider. Federally funded providers must offer interpreters at the point of care regardless of what their website shows, so a web assessment understates this sector. Read the tier as published information, not as bedside access",EH,derived
health_healthpoint,HealthPoint,health,Sao,0,0,,False,none,0,,,False,https://www.healthpointchc.org/,2026-09-07,,"Unrestricted widget, machine translation only | Direct care provider. Federally funded providers must offer interpreters at the point of care regardless of what their website shows, so a web assessment understates this sector. Read the tier as published information, not as bedside access",EH,derived
health_healthpoint,HealthPoint,health,Serbo-Croation,0,0,,False,none,0,,,False,https://www.healthpointchc.org/,2026-09-07,,"Unrestricted widget, machine translation only | Direct care provider. Federally funded providers must offer interpreters at the point of care regardless of what their website shows, so a web assessment understates this sector. Read the tier as published information, not as bedside access",EH,derived
health_healthpoint,HealthPoint,health,Shona,1,0,,False,none,0,,,False,https://www.healthpointchc.org/,2026-09-07,,"Unrestricted widget, machine translation only | Direct care provider. Federally funded providers must offer interpreters at the point of care regardless of what their website shows, so a web assessment understates this sector. Read the tier as published information, not as bedside access",EH,derived
health_healthpoint,HealthPoint,health,Sinhalese,0,0,,False,none,0,,,False,https://www.healthpointchc.org/,2026-09-07,,"Unrestricted widget, machine translation only | Direct care provider. Federally funded providers must offer interpreters at the point of care regardless of what their website shows, so a web assessment understates this sector. Read the tier as published information, not as bedside access",EH,derived
health_healthpoint,HealthPoint,health,Slovenian,1,0,,False,none,0,,,False,https://www.healthpointchc.org/,2026-09-07,,"Unrestricted widget, machine translation only | Direct care provider. Federally funded providers must offer interpreters at the point of care regardless of what their website shows, so a web assessment understates this sector. Read the tier as published information, not as bedside access",EH,derived
health_healthpoint,HealthPoint,health,Somali,1,0,,False,none,0,,,False,https://www.healthpointchc.org/,2026-09-07,,"Unrestricted widget, machine translation only | Direct care provider. Federally funded providers must offer interpreters at the point of care regardless of what their website shows, so a web assessment understates this sector. Read the tier as published information, not as bedside access",EH,derived
health_healthpoint,HealthPoint,health,Soninke,0,0,,False,none,0,,,False,https://www.healthpointchc.org/,2026-09-07,,"Unrestricted widget, machine translation only | Direct care provider. Federally funded providers must offer interpreters at the point of care regardless of what their website shows, so a web assessment understates this sector. Read the tier as published information, not as bedside access",EH,derived
health_healthpoint,HealthPoint,health,Sotho,0,0,,False,none,0,,,False,https://www.healthpointchc.org/,2026-09-07,,"Unrestricted widget, machine translation only | Direct care provider. Federally funded providers must offer interpreters at the point of care regardless of what their website shows, so a web assessment understates this sector. Read the tier as published information, not as bedside access",EH,derived
health_healthpoint,HealthPoint,health,Spanish,1,0,,False,none,0,,,False,https://www.healthpointchc.org/,2026-09-07,,"Unrestricted widget, machine translation only | Direct care provider. Federally funded providers must offer interpreters at the point of care regardless of what their website shows, so a web assessment understates this sector. Read the tier as published information, not as bedside access",EH,derived
health_healthpoint,HealthPoint,health,Swahili,1,0,,False,none,0,,,False,https://www.healthpointchc.org/,2026-09-07,,"Unrestricted widget, machine translation only | Direct care provider. Federally funded providers must offer interpreters at the point of care regardless of what their website shows, so a web assessment understates this sector. Read the tier as published information, not as bedside access",EH,derived
health_healthpoint,HealthPoint,health,Tagalog,1,0,,False,none,0,,,False,https://www.healthpointchc.org/,2026-09-07,,"Unrestricted widget, machine translation only | Direct care provider. Federally funded providers must offer interpreters at the point of care regardless of what their website shows, so a web assessment understates this sector. Read the tier as published information, not as bedside access",EH,derived
health_healthpoint,HealthPoint,health,Taishanese,0,0,,False,none,0,,,False,https://www.healthpointchc.org/,2026-09-07,,"Unrestricted widget, machine translation only | Direct care provider. Federally funded providers must offer interpreters at the point of care regardless of what their website shows, so a web assessment understates this sector. Read the tier as published information, not as bedside access",EH,derived
health_healthpoint,HealthPoint,health,Tajiki,0,0,,False,none,0,,,False,https://www.healthpointchc.org/,2026-09-07,,"Unrestricted widget, machine translation only | Direct care provider. Federally funded providers must offer interpreters at the point of care regardless of what their website shows, so a web assessment understates this sector. Read the tier as published information, not as bedside access",EH,derived
health_healthpoint,HealthPoint,health,Tamil,1,0,,False,none,0,,,False,https://www.healthpointchc.org/,2026-09-07,,"Unrestricted widget, machine translation only | Direct care provider. Federally funded providers must offer interpreters at the point of care regardless of what their website shows, so a web assessment understates this sector. Read the tier as published information, not as bedside access",EH,derived
health_healthpoint,HealthPoint,health,Tarasco,0,0,,False,none,0,,,False,https://www.healthpointchc.org/,2026-09-07,,"Unrestricted widget, machine translation only | Direct care provider. Federally funded providers must offer interpreters at the point of care regardless of what their website shows, so a web assessment understates this sector. Read the tier as published information, not as bedside access",EH,derived
health_healthpoint,HealthPoint,health,Tedim,0,0,,False,none,0,,,False,https://www.healthpointchc.org/,2026-09-07,,"Unrestricted widget, machine translation only | Direct care provider. Federally funded providers must offer interpreters at the point of care regardless of what their website shows, so a web assessment understates this sector. Read the tier as published information, not as bedside access",EH,derived
health_healthpoint,HealthPoint,health,Telugu,1,0,,False,none,0,,,False,https://www.healthpointchc.org/,2026-09-07,,"Unrestricted widget, machine translation only | Direct care provider. Federally funded providers must offer interpreters at the point of care regardless of what their website shows, so a web assessment understates this sector. Read the tier as published information, not as bedside access",EH,derived
health_healthpoint,HealthPoint,health,Thai,1,0,,False,none,0,,,False,https://www.healthpointchc.org/,2026-09-07,,"Unrestricted widget, machine translation only | Direct care provider. Federally funded providers must offer interpreters at the point of care regardless of what their website shows, so a web assessment understates this sector. Read the tier as published information, not as bedside access",EH,derived
health_healthpoint,HealthPoint,health,Tibetan,1,0,,False,none,0,,,False,https://www.healthpointchc.org/,2026-09-07,,"Unrestricted widget, machine translation only | Direct care provider. Federally funded providers must offer interpreters at the point of care regardless of what their website shows, so a web assessment understates this sector. Read the tier as published information, not as bedside access",EH,derived
health_healthpoint,HealthPoint,health,Tigrinya,1,0,,False,none,0,,,False,https://www.healthpointchc.org/,2026-09-07,,"Unrestricted widget, machine translation only | Direct care provider. Federally funded providers must offer interpreters at the point of care regardless of what their website shows, so a web assessment understates this sector. Read the tier as published information, not as bedside access",EH,derived
health_healthpoint,HealthPoint,health,Tongan,1,0,,False,none,0,,,False,https://www.healthpointchc.org/,2026-09-07,,"Unrestricted widget, machine translation only | Direct care provider. Federally funded providers must offer interpreters at the point of care regardless of what their website shows, so a web assessment understates this sector. Read the tier as published information, not as bedside access",EH,derived
health_healthpoint,HealthPoint,health,Turkish,1,0,,False,none,0,,,False,https://www.healthpointchc.org/,2026-09-07,,"Unrestricted widget, machine translation only | Direct care provider. Federally funded providers must offer interpreters at the point of care regardless of what their website shows, so a web assessment understates this sector. Read the tier as published information, not as bedside access",EH,derived
health_healthpoint,HealthPoint,health,Twi,1,0,,False,none,0,,,False,https://www.healthpointchc.org/,2026-09-07,,"Unrestricted widget, machine translation only | Direct care provider. Federally funded providers must offer interpreters at the point of care regardless of what their website shows, so a web assessment understates this sector. Read the tier as published information, not as bedside access",EH,derived
health_healthpoint,HealthPoint,health,Ukrainian,1,0,,False,none,0,,,False,https://www.healthpointchc.org/,2026-09-07,,"Unrestricted widget, machine translation only | Direct care provider. Federally funded providers must offer interpreters at the point of care regardless of what their website shows, so a web assessment understates this sector. Read the tier as published information, not as bedside access",EH,derived
health_healthpoint,HealthPoint,health,Urdu,1,0,,False,none,0,,,False,https://www.healthpointchc.org/,2026-09-07,,"Unrestricted widget, machine translation only | Direct care provider. Federally funded providers must offer interpreters at the point of care regardless of what their website shows, so a web assessment understates this sector. Read the tier as published information, not as bedside access",EH,derived
health_healthpoint,HealthPoint,health,Uzbek,1,0,,False,none,0,,,False,https://www.healthpointchc.org/,2026-09-07,,"Unrestricted widget, machine translation only | Direct care provider. Federally funded providers must offer interpreters at the point of care regardless of what their website shows, so a web assessment understates this sector. Read the tier as published information, not as bedside access",EH,derived
health_healthpoint,HealthPoint,health,Vietnamese,1,0,,False,none,0,,,False,https://www.healthpointchc.org/,2026-09-07,,"Unrestricted widget, machine translation only | Direct care provider. Federally funded providers must offer interpreters at the point of care regardless of what their website shows, so a web assessment understates this sector. Read the tier as published information, not as bedside access",EH,derived
health_healthpoint,HealthPoint,health,Wolof,1,0,,False,none,0,,,False,https://www.healthpointchc.org/,2026-09-07,,"Unrestricted widget, machine translation only | Direct care provider. Federally funded providers must offer interpreters at the point of care regardless of what their website shows, so a web assessment understates this sector. Read the tier as published information, not as bedside access",EH,derived
health_healthpoint,HealthPoint,health,Yap,0,0,,False,none,0,,,False,https://www.healthpointchc.org/,2026-09-07,,"Unrestricted widget, machine translation only | Direct care provider. Federally funded providers must offer interpreters at the point of care regardless of what their website shows, so a web assessment understates this sector. Read the tier as published information, not as bedside access",EH,derived
health_healthpoint,HealthPoint,health,Yoruba,1,0,,False,none,0,,,False,https://www.healthpointchc.org/,2026-09-07,,"Unrestricted widget, machine translation only | Direct care provider. Federally funded providers must offer interpreters at the point of care regardless of what their website shows, so a web assessment understates this sector. Read the tier as published information, not as bedside access",EH,derived
health_seamar,Sea Mar Community Health Centers,health,Acholi,0,0,,False,none,0,,,False,https://www.seamar.org,2026-09-07,,"No translation mechanism found on the site | Direct care provider. Federally funded providers must offer interpreters at the point of care regardless of what their website shows, so a web assessment understates this sector. Read the tier as published information, not as bedside access",EH,derived
health_seamar,Sea Mar Community Health Centers,health,Aguacateco,0,0,,False,none,0,,,False,https://www.seamar.org,2026-09-07,,"No translation mechanism found on the site | Direct care provider. Federally funded providers must offer interpreters at the point of care regardless of what their website shows, so a web assessment understates this sector. Read the tier as published information, not as bedside access",EH,derived
health_seamar,Sea Mar Community Health Centers,health,Akateko,0,0,,False,none,0,,,False,https://www.seamar.org,2026-09-07,,"No translation mechanism found on the site | Direct care provider. Federally funded providers must offer interpreters at the point of care regardless of what their website shows, so a web assessment understates this sector. Read the tier as published information, not as bedside access",EH,derived
health_seamar,Sea Mar Community Health Centers,health,Albanian,0,0,,False,none,0,,,False,https://www.seamar.org,2026-09-07,,"No translation mechanism found on the site | Direct care provider. Federally funded providers must offer interpreters at the point of care regardless of what their website shows, so a web assessment understates this sector. Read the tier as published information, not as bedside access",EH,derived
health_seamar,Sea Mar Community Health Centers,health,American Sign Language,0,0,,False,none,0,,,False,https://www.seamar.org,2026-09-07,,"No translation mechanism found on the site | Direct care provider. Federally funded providers must offer interpreters at the point of care regardless of what their website shows, so a web assessment understates this sector. Read the tier as published information, not as bedside access",EH,derived
health_seamar,Sea Mar Community Health Centers,health,Amharic,0,0,,False,none,0,,,False,https://www.seamar.org,2026-09-07,,"No translation mechanism found on the site | Direct care provider. Federally funded providers must offer interpreters at the point of care regardless of what their website shows, so a web assessment understates this sector. Read the tier as published information, not as bedside access",EH,derived
health_seamar,Sea Mar Community Health Centers,health,Arabic,0,0,,False,none,0,,,False,https://www.seamar.org,2026-09-07,,"No translation mechanism found on the site | Direct care provider. Federally funded providers must offer interpreters at the point of care regardless of what their website shows, so a web assessment understates this sector. Read the tier as published information, not as bedside access",EH,derived
health_seamar,Sea Mar Community Health Centers,health,Armenian,0,0,,False,none,0,,,False,https://www.seamar.org,2026-09-07,,"No translation mechanism found on the site | Direct care provider. Federally funded providers must offer interpreters at the point of care regardless of what their website shows, so a web assessment understates this sector. Read the tier as published information, not as bedside access",EH,derived
health_seamar,Sea Mar Community Health Centers,health,Ayula-Bambara,0,0,,False,none,0,,,False,https://www.seamar.org,2026-09-07,,"No translation mechanism found on the site | Direct care provider. Federally funded providers must offer interpreters at the point of care regardless of what their website shows, so a web assessment understates this sector. Read the tier as published information, not as bedside access",EH,derived
health_seamar,Sea Mar Community Health Centers,health,Azerbaijani,0,0,,False,none,0,,,False,https://www.seamar.org,2026-09-07,,"No translation mechanism found on the site | Direct care provider. Federally funded providers must offer interpreters at the point of care regardless of what their website shows, so a web assessment understates this sector. Read the tier as published information, not as bedside access",EH,derived
health_seamar,Sea Mar Community Health Centers,health,Bambara,0,0,,False,none,0,,,False,https://www.seamar.org,2026-09-07,,"No translation mechanism found on the site | Direct care provider. Federally funded providers must offer interpreters at the point of care regardless of what their website shows, so a web assessment understates this sector. Read the tier as published information, not as bedside access",EH,derived
health_seamar,Sea Mar Community Health Centers,health,Bangala,0,0,,False,none,0,,,False,https://www.seamar.org,2026-09-07,,"No translation mechanism found on the site | Direct care provider. Federally funded providers must offer interpreters at the point of care regardless of what their website shows, so a web assessment understates this sector. Read the tier as published information, not as bedside access",EH,derived
health_seamar,Sea Mar Community Health Centers,health,Bassa,0,0,,False,none,0,,,False,https://www.seamar.org,2026-09-07,,"No translation mechanism found on the site | Direct care provider. Federally funded providers must offer interpreters at the point of care regardless of what their website shows, so a web assessment understates this sector. Read the tier as published information, not as bedside access",EH,derived
health_seamar,Sea Mar Community Health Centers,health,Bengali,0,0,,False,none,0,,,False,https://www.seamar.org,2026-09-07,,"No translation mechanism found on the site | Direct care provider. Federally funded providers must offer interpreters at the point of care regardless of what their website shows, so a web assessment understates this sector. Read the tier as published information, not as bedside access",EH,derived
health_seamar,Sea Mar Community Health Centers,health,Bosnian,0,0,,False,none,0,,,False,https://www.seamar.org,2026-09-07,,"No translation mechanism found on the site | Direct care provider. Federally funded providers must offer interpreters at the point of care regardless of what their website shows, so a web assessment understates this sector. Read the tier as published information, not as bedside access",EH,derived
health_seamar,Sea Mar Community Health Centers,health,Bulgarian,0,0,,False,none,0,,,False,https://www.seamar.org,2026-09-07,,"No translation mechanism found on the site | Direct care provider. Federally funded providers must offer interpreters at the point of care regardless of what their website shows, so a web assessment understates this sector. Read the tier as published information, not as bedside access",EH,derived
health_seamar,Sea Mar Community Health Centers,health,Burmese,0,0,,False,none,0,,,False,https://www.seamar.org,2026-09-07,,"No translation mechanism found on the site | Direct care provider. Federally funded providers must offer interpreters at the point of care regardless of what their website shows, so a web assessment understates this sector. Read the tier as published information, not as bedside access",EH,derived
health_seamar,Sea Mar Community Health Centers,health,Carolinian,0,0,,False,none,0,,,False,https://www.seamar.org,2026-09-07,,"No translation mechanism found on the site | Direct care provider. Federally funded providers must offer interpreters at the point of care regardless of what their website shows, so a web assessment understates this sector. Read the tier as published information, not as bedside access",EH,derived
health_seamar,Sea Mar Community Health Centers,health,Catalan,0,0,,False,none,0,,,False,https://www.seamar.org,2026-09-07,,"No translation mechanism found on the site | Direct care provider. Federally funded providers must offer interpreters at the point of care regardless of what their website shows, so a web assessment understates this sector. Read the tier as published information, not as bedside access",EH,derived
health_seamar,Sea Mar Community Health Centers,health,Cebuano,0,0,,False,none,0,,,False,https://www.seamar.org,2026-09-07,,"No translation mechanism found on the site | Direct care provider. Federally funded providers must offer interpreters at the point of care regardless of what their website shows, so a web assessment understates this sector. Read the tier as published information, not as bedside access",EH,derived
health_seamar,Sea Mar Community Health Centers,health,Cham,0,0,,False,none,0,,,False,https://www.seamar.org,2026-09-07,,"No translation mechanism found on the site | Direct care provider. Federally funded providers must offer interpreters at the point of care regardless of what their website shows, so a web assessment understates this sector. Read the tier as published information, not as bedside access",EH,derived
health_seamar,Sea Mar Community Health Centers,health,Chamorro,0,0,,False,none,0,,,False,https://www.seamar.org,2026-09-07,,"No translation mechanism found on the site | Direct care provider. Federally funded providers must offer interpreters at the point of care regardless of what their website shows, so a web assessment understates this sector. Read the tier as published information, not as bedside access",EH,derived
health_seamar,Sea Mar Community Health Centers,health,Chin,0,0,,False,none,0,,,False,https://www.seamar.org,2026-09-07,,"No translation mechanism found on the site | Direct care provider. Federally funded providers must offer interpreters at the point of care regardless of what their website shows, so a web assessment understates this sector. Read the tier as published information, not as bedside access",EH,derived
health_seamar,Sea Mar Community Health Centers,health,Chinese-Cantonese,0,0,,False,none,0,,,False,https://www.seamar.org,2026-09-07,,"No translation mechanism found on the site | Direct care provider. Federally funded providers must offer interpreters at the point of care regardless of what their website shows, so a web assessment understates this sector. Read the tier as published information, not as bedside access",EH,derived
health_seamar,Sea Mar Community Health Centers,health,Chinese-Fukienese,0,0,,False,none,0,,,False,https://www.seamar.org,2026-09-07,,"No translation mechanism found on the site | Direct care provider. Federally funded providers must offer interpreters at the point of care regardless of what their website shows, so a web assessment understates this sector. Read the tier as published information, not as bedside access",EH,derived
health_seamar,Sea Mar Community Health Centers,health,Chinese-Mandarin,0,0,,False,none,0,,,False,https://www.seamar.org,2026-09-07,,"No translation mechanism found on the site | Direct care provider. Federally funded providers must offer interpreters at the point of care regardless of what their website shows, so a web assessment understates this sector. Read the tier as published information, not as bedside access",EH,derived
health_seamar,Sea Mar Community Health Centers,health,Chinese-Taiwanese,0,0,,False,none,0,,,False,https://www.seamar.org,2026-09-07,,"No translation mechanism found on the site | Direct care provider. Federally funded providers must offer interpreters at the point of care regardless of what their website shows, so a web assessment understates this sector. Read the tier as published information, not as bedside access",EH,derived
health_seamar,Sea Mar Community Health Centers,health,Chuukese,0,0,,False,none,0,,,False,https://www.seamar.org,2026-09-07,,"No translation mechanism found on the site | Direct care provider. Federally funded providers must offer interpreters at the point of care regardless of what their website shows, so a web assessment understates this sector. Read the tier as published information, not as bedside access",EH,derived
health_seamar,Sea Mar Community Health Centers,health,Dari,0,0,,False,none,0,,,False,https://www.seamar.org,2026-09-07,,"No translation mechanism found on the site | Direct care provider. Federally funded providers must offer interpreters at the point of care regardless of what their website shows, so a web assessment understates this sector. Read the tier as published information, not as bedside access",EH,derived
health_seamar,Sea Mar Community Health Centers,health,Dinka,0,0,,False,none,0,,,False,https://www.seamar.org,2026-09-07,,"No translation mechanism found on the site | Direct care provider. Federally funded providers must offer interpreters at the point of care regardless of what their website shows, so a web assessment understates this sector. Read the tier as published information, not as bedside access",EH,derived
health_seamar,Sea Mar Community Health Centers,health,Dutch,0,0,,False,none,0,,,False,https://www.seamar.org,2026-09-07,,"No translation mechanism found on the site | Direct care provider. Federally funded providers must offer interpreters at the point of care regardless of what their website shows, so a web assessment understates this sector. Read the tier as published information, not as bedside access",EH,derived
health_seamar,Sea Mar Community Health Centers,health,Egyptian-Arabic,0,0,,False,none,0,,,False,https://www.seamar.org,2026-09-07,,"No translation mechanism found on the site | Direct care provider. Federally funded providers must offer interpreters at the point of care regardless of what their website shows, so a web assessment understates this sector. Read the tier as published information, not as bedside access",EH,derived
health_seamar,Sea Mar Community Health Centers,health,Eritai,0,0,,False,none,0,,,False,https://www.seamar.org,2026-09-07,,"No translation mechanism found on the site | Direct care provider. Federally funded providers must offer interpreters at the point of care regardless of what their website shows, so a web assessment understates this sector. Read the tier as published information, not as bedside access",EH,derived
health_seamar,Sea Mar Community Health Centers,health,Estonian,0,0,,False,none,0,,,False,https://www.seamar.org,2026-09-07,,"No translation mechanism found on the site | Direct care provider. Federally funded providers must offer interpreters at the point of care regardless of what their website shows, so a web assessment understates this sector. Read the tier as published information, not as bedside access",EH,derived
health_seamar,Sea Mar Community Health Centers,health,Ewe,0,0,,False,none,0,,,False,https://www.seamar.org,2026-09-07,,"No translation mechanism found on the site | Direct care provider. Federally funded providers must offer interpreters at the point of care regardless of what their website shows, so a web assessment understates this sector. Read the tier as published information, not as bedside access",EH,derived
health_seamar,Sea Mar Community Health Centers,health,Fallani,0,0,,False,none,0,,,False,https://www.seamar.org,2026-09-07,,"No translation mechanism found on the site | Direct care provider. Federally funded providers must offer interpreters at the point of care regardless of what their website shows, so a web assessment understates this sector. Read the tier as published information, not as bedside access",EH,derived
health_seamar,Sea Mar Community Health Centers,health,Farsi,0,0,,False,none,0,,,False,https://www.seamar.org,2026-09-07,,"No translation mechanism found on the site | Direct care provider. Federally funded providers must offer interpreters at the point of care regardless of what their website shows, so a web assessment understates this sector. Read the tier as published information, not as bedside access",EH,derived
health_seamar,Sea Mar Community Health Centers,health,French,0,0,,False,none,0,,,False,https://www.seamar.org,2026-09-07,,"No translation mechanism found on the site | Direct care provider. Federally funded providers must offer interpreters at the point of care regardless of what their website shows, so a web assessment understates this sector. Read the tier as published information, not as bedside access",EH,derived
health_seamar,Sea Mar Community Health Centers,health,Fula,0,0,,False,none,0,,,False,https://www.seamar.org,2026-09-07,,"No translation mechanism found on the site | Direct care provider. Federally funded providers must offer interpreters at the point of care regardless of what their website shows, so a web assessment understates this sector. Read the tier as published information, not as bedside access",EH,derived
health_seamar,Sea Mar Community Health Centers,health,Ga,0,0,,False,none,0,,,False,https://www.seamar.org,2026-09-07,,"No translation mechanism found on the site | Direct care provider. Federally funded providers must offer interpreters at the point of care regardless of what their website shows, so a web assessment understates this sector. Read the tier as published information, not as bedside access",EH,derived
health_seamar,Sea Mar Community Health Centers,health,German,0,0,,False,none,0,,,False,https://www.seamar.org,2026-09-07,,"No translation mechanism found on the site | Direct care provider. Federally funded providers must offer interpreters at the point of care regardless of what their website shows, so a web assessment understates this sector. Read the tier as published information, not as bedside access",EH,derived
health_seamar,Sea Mar Community Health Centers,health,"Greek, Modern",0,0,,False,none,0,,,False,https://www.seamar.org,2026-09-07,,"No translation mechanism found on the site | Direct care provider. Federally funded providers must offer interpreters at the point of care regardless of what their website shows, so a web assessment understates this sector. Read the tier as published information, not as bedside access",EH,derived
health_seamar,Sea Mar Community Health Centers,health,Gujarati,0,0,,False,none,0,,,False,https://www.seamar.org,2026-09-07,,"No translation mechanism found on the site | Direct care provider. Federally funded providers must offer interpreters at the point of care regardless of what their website shows, so a web assessment understates this sector. Read the tier as published information, not as bedside access",EH,derived
health_seamar,Sea Mar Community Health Centers,health,Haitian Creole,0,0,,False,none,0,,,False,https://www.seamar.org,2026-09-07,,"No translation mechanism found on the site | Direct care provider. Federally funded providers must offer interpreters at the point of care regardless of what their website shows, so a web assessment understates this sector. Read the tier as published information, not as bedside access",EH,derived
health_seamar,Sea Mar Community Health Centers,health,Hausa,0,0,,False,none,0,,,False,https://www.seamar.org,2026-09-07,,"No translation mechanism found on the site | Direct care provider. Federally funded providers must offer interpreters at the point of care regardless of what their website shows, so a web assessment understates this sector. Read the tier as published information, not as bedside access",EH,derived
health_seamar,Sea Mar Community Health Centers,health,Hawaiian,0,0,,False,none,0,,,False,https://www.seamar.org,2026-09-07,,"No translation mechanism found on the site | Direct care provider. Federally funded providers must offer interpreters at the point of care regardless of what their website shows, so a web assessment understates this sector. Read the tier as published information, not as bedside access",EH,derived
health_seamar,Sea Mar Community Health Centers,health,Herero,0,0,,False,none,0,,,False,https://www.seamar.org,2026-09-07,,"No translation mechanism found on the site | Direct care provider. Federally funded providers must offer interpreters at the point of care regardless of what their website shows, so a web assessment understates this sector. Read the tier as published information, not as bedside access",EH,derived
health_seamar,Sea Mar Community Health Centers,health,Hindi,0,0,,False,none,0,,,False,https://www.seamar.org,2026-09-07,,"No translation mechanism found on the site | Direct care provider. Federally funded providers must offer interpreters at the point of care regardless of what their website shows, so a web assessment understates this sector. Read the tier as published information, not as bedside access",EH,derived
health_seamar,Sea Mar Community Health Centers,health,Hmong,0,0,,False,none,0,,,False,https://www.seamar.org,2026-09-07,,"No translation mechanism found on the site | Direct care provider. Federally funded providers must offer interpreters at the point of care regardless of what their website shows, so a web assessment understates this sector. Read the tier as published information, not as bedside access",EH,derived
health_seamar,Sea Mar Community Health Centers,health,Hungarian,0,0,,False,none,0,,,False,https://www.seamar.org,2026-09-07,,"No translation mechanism found on the site | Direct care provider. Federally funded providers must offer interpreters at the point of care regardless of what their website shows, so a web assessment understates this sector. Read the tier as published information, not as bedside access",EH,derived
health_seamar,Sea Mar Community Health Centers,health,Igbo,0,0,,False,none,0,,,False,https://www.seamar.org,2026-09-07,,"No translation mechanism found on the site | Direct care provider. Federally funded providers must offer interpreters at the point of care regardless of what their website shows, so a web assessment understates this sector. Read the tier as published information, not as bedside access",EH,derived
health_seamar,Sea Mar Community Health Centers,health,Ilokano,0,0,,False,none,0,,,False,https://www.seamar.org,2026-09-07,,"No translation mechanism found on the site | Direct care provider. Federally funded providers must offer interpreters at the point of care regardless of what their website shows, so a web assessment understates this sector. Read the tier as published information, not as bedside access",EH,derived
health_seamar,Sea Mar Community Health Centers,health,Indonesian,0,0,,False,none,0,,,False,https://www.seamar.org,2026-09-07,,"No translation mechanism found on the site | Direct care provider. Federally funded providers must offer interpreters at the point of care regardless of what their website shows, so a web assessment understates this sector. Read the tier as published information, not as bedside access",EH,derived
health_seamar,Sea Mar Community Health Centers,health,Italian,0,0,,False,none,0,,,False,https://www.seamar.org,2026-09-07,,"No translation mechanism found on the site | Direct care provider. Federally funded providers must offer interpreters at the point of care regardless of what their website shows, so a web assessment understates this sector. Read the tier as published information, not as bedside access",EH,derived
health_seamar,Sea Mar Community Health Centers,health,Japanese,0,0,,False,none,0,,,False,https://www.seamar.org,2026-09-07,,"No translation mechanism found on the site | Direct care provider. Federally funded providers must offer interpreters at the point of care regardless of what their website shows, so a web assessment understates this sector. Read the tier as published information, not as bedside access",EH,derived
health_seamar,Sea Mar Community Health Centers,health,Kakwa,0,0,,False,none,0,,,False,https://www.seamar.org,2026-09-07,,"No translation mechanism found on the site | Direct care provider. Federally funded providers must offer interpreters at the point of care regardless of what their website shows, so a web assessment understates this sector. Read the tier as published information, not as bedside access",EH,derived
health_seamar,Sea Mar Community Health Centers,health,Kannada,0,0,,False,none,0,,,False,https://www.seamar.org,2026-09-07,,"No translation mechanism found on the site | Direct care provider. Federally funded providers must offer interpreters at the point of care regardless of what their website shows, so a web assessment understates this sector. Read the tier as published information, not as bedside access",EH,derived
health_seamar,Sea Mar Community Health Centers,health,Karen,0,0,,False,none,0,,,False,https://www.seamar.org,2026-09-07,,"No translation mechanism found on the site | Direct care provider. Federally funded providers must offer interpreters at the point of care regardless of what their website shows, so a web assessment understates this sector. Read the tier as published information, not as bedside access",EH,derived
health_seamar,Sea Mar Community Health Centers,health,Karenni,0,0,,False,none,0,,,False,https://www.seamar.org,2026-09-07,,"No translation mechanism found on the site | Direct care provider. Federally funded providers must offer interpreters at the point of care regardless of what their website shows, so a web assessment understates this sector. Read the tier as published information, not as bedside access",EH,derived
health_seamar,Sea Mar Community Health Centers,health,Kazakh,0,0,,False,none,0,,,False,https://www.seamar.org,2026-09-07,,"No translation mechanism found on the site | Direct care provider. Federally funded providers must offer interpreters at the point of care regardless of what their website shows, so a web assessment understates this sector. Read the tier as published information, not as bedside access",EH,derived
health_seamar,Sea Mar Community Health Centers,health,Khmer,0,0,,False,none,0,,,False,https://www.seamar.org,2026-09-07,,"No translation mechanism found on the site | Direct care provider. Federally funded providers must offer interpreters at the point of care regardless of what their website shows, so a web assessment understates this sector. Read the tier as published information, not as bedside access",EH,derived
health_seamar,Sea Mar Community Health Centers,health,Kikuyu,0,0,,False,none,0,,,False,https://www.seamar.org,2026-09-07,,"No translation mechanism found on the site | Direct care provider. Federally funded providers must offer interpreters at the point of care regardless of what their website shows, so a web assessment understates this sector. Read the tier as published information, not as bedside access",EH,derived
health_seamar,Sea Mar Community Health Centers,health,Kinyarwanda,0,0,,False,none,0,,,False,https://www.seamar.org,2026-09-07,,"No translation mechanism found on the site | Direct care provider. Federally funded providers must offer interpreters at the point of care regardless of what their website shows, so a web assessment understates this sector. Read the tier as published information, not as bedside access",EH,derived
health_seamar,Sea Mar Community Health Centers,health,Kirgiz,0,0,,False,none,0,,,False,https://www.seamar.org,2026-09-07,,"No translation mechanism found on the site | Direct care provider. Federally funded providers must offer interpreters at the point of care regardless of what their website shows, so a web assessment understates this sector. Read the tier as published information, not as bedside access",EH,derived
health_seamar,Sea Mar Community Health Centers,health,Kirundi,0,0,,False,none,0,,,False,https://www.seamar.org,2026-09-07,,"No translation mechanism found on the site | Direct care provider. Federally funded providers must offer interpreters at the point of care regardless of what their website shows, so a web assessment understates this sector. Read the tier as published information, not as bedside access",EH,derived
health_seamar,Sea Mar Community Health Centers,health,Kmhmu,0,0,,False,none,0,,,False,https://www.seamar.org,2026-09-07,,"No translation mechanism found on the site | Direct care provider. Federally funded providers must offer interpreters at the point of care regardless of what their website shows, so a web assessment understates this sector. Read the tier as published information, not as bedside access",EH,derived
health_seamar,Sea Mar Community Health Centers,health,Kongo,0,0,,False,none,0,,,False,https://www.seamar.org,2026-09-07,,"No translation mechanism found on the site | Direct care provider. Federally funded providers must offer interpreters at the point of care regardless of what their website shows, so a web assessment understates this sector. Read the tier as published information, not as bedside access",EH,derived
health_seamar,Sea Mar Community Health Centers,health,Korean,0,0,,False,none,0,,,False,https://www.seamar.org,2026-09-07,,"No translation mechanism found on the site | Direct care provider. Federally funded providers must offer interpreters at the point of care regardless of what their website shows, so a web assessment understates this sector. Read the tier as published information, not as bedside access",EH,derived
health_seamar,Sea Mar Community Health Centers,health,Kosraean,0,0,,False,none,0,,,False,https://www.seamar.org,2026-09-07,,"No translation mechanism found on the site | Direct care provider. Federally funded providers must offer interpreters at the point of care regardless of what their website shows, so a web assessment understates this sector. Read the tier as published information, not as bedside access",EH,derived
health_seamar,Sea Mar Community Health Centers,health,Krahn,0,0,,False,none,0,,,False,https://www.seamar.org,2026-09-07,,"No translation mechanism found on the site | Direct care provider. Federally funded providers must offer interpreters at the point of care regardless of what their website shows, so a web assessment understates this sector. Read the tier as published information, not as bedside access",EH,derived
health_seamar,Sea Mar Community Health Centers,health,Krio,0,0,,False,none,0,,,False,https://www.seamar.org,2026-09-07,,"No translation mechanism found on the site | Direct care provider. Federally funded providers must offer interpreters at the point of care regardless of what their website shows, so a web assessment understates this sector. Read the tier as published information, not as bedside access",EH,derived
health_seamar,Sea Mar Community Health Centers,health,Kru,0,0,,False,none,0,,,False,https://www.seamar.org,2026-09-07,,"No translation mechanism found on the site | Direct care provider. Federally funded providers must offer interpreters at the point of care regardless of what their website shows, so a web assessment understates this sector. Read the tier as published information, not as bedside access",EH,derived
health_seamar,Sea Mar Community Health Centers,health,Kurdish,0,0,,False,none,0,,,False,https://www.seamar.org,2026-09-07,,"No translation mechanism found on the site | Direct care provider. Federally funded providers must offer interpreters at the point of care regardless of what their website shows, so a web assessment understates this sector. Read the tier as published information, not as bedside access",EH,derived
health_seamar,Sea Mar Community Health Centers,health,Lao,0,0,,False,none,0,,,False,https://www.seamar.org,2026-09-07,,"No translation mechanism found on the site | Direct care provider. Federally funded providers must offer interpreters at the point of care regardless of what their website shows, so a web assessment understates this sector. Read the tier as published information, not as bedside access",EH,derived
health_seamar,Sea Mar Community Health Centers,health,Latvian,0,0,,False,none,0,,,False,https://www.seamar.org,2026-09-07,,"No translation mechanism found on the site | Direct care provider. Federally funded providers must offer interpreters at the point of care regardless of what their website shows, so a web assessment understates this sector. Read the tier as published information, not as bedside access",EH,derived
health_seamar,Sea Mar Community Health Centers,health,Lingala,0,0,,False,none,0,,,False,https://www.seamar.org,2026-09-07,,"No translation mechanism found on the site | Direct care provider. Federally funded providers must offer interpreters at the point of care regardless of what their website shows, so a web assessment understates this sector. Read the tier as published information, not as bedside access",EH,derived
health_seamar,Sea Mar Community Health Centers,health,Luganda,0,0,,False,none,0,,,False,https://www.seamar.org,2026-09-07,,"No translation mechanism found on the site | Direct care provider. Federally funded providers must offer interpreters at the point of care regardless of what their website shows, so a web assessment understates this sector. Read the tier as published information, not as bedside access",EH,derived
health_seamar,Sea Mar Community Health Centers,health,Maay Maay,0,0,,False,none,0,,,False,https://www.seamar.org,2026-09-07,,"No translation mechanism found on the site | Direct care provider. Federally funded providers must offer interpreters at the point of care regardless of what their website shows, so a web assessment understates this sector. Read the tier as published information, not as bedside access",EH,derived
health_seamar,Sea Mar Community Health Centers,health,Malay,0,0,,False,none,0,,,False,https://www.seamar.org,2026-09-07,,"No translation mechanism found on the site | Direct care provider. Federally funded providers must offer interpreters at the point of care regardless of what their website shows, so a web assessment understates this sector. Read the tier as published information, not as bedside access",EH,derived
health_seamar,Sea Mar Community Health Centers,health,Malayalam,0,0,,False,none,0,,,False,https://www.seamar.org,2026-09-07,,"No translation mechanism found on the site | Direct care provider. Federally funded providers must offer interpreters at the point of care regardless of what their website shows, so a web assessment understates this sector. Read the tier as published information, not as bedside access",EH,derived
health_seamar,Sea Mar Community Health Centers,health,Mam,0,0,,False,none,0,,,False,https://www.seamar.org,2026-09-07,,"No translation mechanism found on the site | Direct care provider. Federally funded providers must offer interpreters at the point of care regardless of what their website shows, so a web assessment understates this sector. Read the tier as published information, not as bedside access",EH,derived
health_seamar,Sea Mar Community Health Centers,health,Mandingo,0,0,,False,none,0,,,False,https://www.seamar.org,2026-09-07,,"No translation mechanism found on the site | Direct care provider. Federally funded providers must offer interpreters at the point of care regardless of what their website shows, so a web assessment understates this sector. Read the tier as published information, not as bedside access",EH,derived
health_seamar,Sea Mar Community Health Centers,health,Mandinka,0,0,,False,none,0,,,False,https://www.seamar.org,2026-09-07,,"No translation mechanism found on the site | Direct care provider. Federally funded providers must offer interpreters at the point of care regardless of what their website shows, so a web assessment understates this sector. Read the tier as published information, not as bedside access",EH,derived
health_seamar,Sea Mar Community Health Centers,health,Marathi,0,0,,False,none,0,,,False,https://www.seamar.org,2026-09-07,,"No translation mechanism found on the site | Direct care provider. Federally funded providers must offer interpreters at the point of care regardless of what their website shows, so a web assessment understates this sector. Read the tier as published information, not as bedside access",EH,derived
health_seamar,Sea Mar Community Health Centers,health,Marquesan,0,0,,False,none,0,,,False,https://www.seamar.org,2026-09-07,,"No translation mechanism found on the site | Direct care provider. Federally funded providers must offer interpreters at the point of care regardless of what their website shows, so a web assessment understates this sector. Read the tier as published information, not as bedside access",EH,derived
health_seamar,Sea Mar Community Health Centers,health,Marshallese,0,0,,False,none,0,,,False,https://www.seamar.org,2026-09-07,,"No translation mechanism found on the site | Direct care provider. Federally funded providers must offer interpreters at the point of care regardless of what their website shows, so a web assessment understates this sector. Read the tier as published information, not as bedside access",EH,derived
health_seamar,Sea Mar Community Health Centers,health,Maya-Quiche,0,0,,False,none,0,,,False,https://www.seamar.org,2026-09-07,,"No translation mechanism found on the site | Direct care provider. Federally funded providers must offer interpreters at the point of care regardless of what their website shows, so a web assessment understates this sector. Read the tier as published information, not as bedside access",EH,derived
health_seamar,Sea Mar Community Health Centers,health,Mien,0,0,,False,none,0,,,False,https://www.seamar.org,2026-09-07,,"No translation mechanism found on the site | Direct care provider. Federally funded providers must offer interpreters at the point of care regardless of what their website shows, so a web assessment understates this sector. Read the tier as published information, not as bedside access",EH,derived
health_seamar,Sea Mar Community Health Centers,health,Mixteco,0,0,,False,none,0,,,False,https://www.seamar.org,2026-09-07,,"No translation mechanism found on the site | Direct care provider. Federally funded providers must offer interpreters at the point of care regardless of what their website shows, so a web assessment understates this sector. Read the tier as published information, not as bedside access",EH,derived
health_seamar,Sea Mar Community Health Centers,health,Moldavian,0,0,,False,none,0,,,False,https://www.seamar.org,2026-09-07,,"No translation mechanism found on the site | Direct care provider. Federally funded providers must offer interpreters at the point of care regardless of what their website shows, so a web assessment understates this sector. Read the tier as published information, not as bedside access",EH,derived
health_seamar,Sea Mar Community Health Centers,health,Mongolian,0,0,,False,none,0,,,False,https://www.seamar.org,2026-09-07,,"No translation mechanism found on the site | Direct care provider. Federally funded providers must offer interpreters at the point of care regardless of what their website shows, so a web assessment understates this sector. Read the tier as published information, not as bedside access",EH,derived
health_seamar,Sea Mar Community Health Centers,health,Moore,0,0,,False,none,0,,,False,https://www.seamar.org,2026-09-07,,"No translation mechanism found on the site | Direct care provider. Federally funded providers must offer interpreters at the point of care regardless of what their website shows, so a web assessment understates this sector. Read the tier as published information, not as bedside access",EH,derived
health_seamar,Sea Mar Community Health Centers,health,"Nahuatl, Guerrero region",0,0,,False,none,0,,,False,https://www.seamar.org,2026-09-07,,"No translation mechanism found on the site | Direct care provider. Federally funded providers must offer interpreters at the point of care regardless of what their website shows, so a web assessment understates this sector. Read the tier as published information, not as bedside access",EH,derived
health_seamar,Sea Mar Community Health Centers,health,Nepali,0,0,,False,none,0,,,False,https://www.seamar.org,2026-09-07,,"No translation mechanism found on the site | Direct care provider. Federally funded providers must offer interpreters at the point of care regardless of what their website shows, so a web assessment understates this sector. Read the tier as published information, not as bedside access",EH,derived
health_seamar,Sea Mar Community Health Centers,health,Nuer,0,0,,False,none,0,,,False,https://www.seamar.org,2026-09-07,,"No translation mechanism found on the site | Direct care provider. Federally funded providers must offer interpreters at the point of care regardless of what their website shows, so a web assessment understates this sector. Read the tier as published information, not as bedside access",EH,derived
health_seamar,Sea Mar Community Health Centers,health,Oromo,0,0,,False,none,0,,,False,https://www.seamar.org,2026-09-07,,"No translation mechanism found on the site | Direct care provider. Federally funded providers must offer interpreters at the point of care regardless of what their website shows, so a web assessment understates this sector. Read the tier as published information, not as bedside access",EH,derived
health_seamar,Sea Mar Community Health Centers,health,Palau,0,0,,False,none,0,,,False,https://www.seamar.org,2026-09-07,,"No translation mechanism found on the site | Direct care provider. Federally funded providers must offer interpreters at the point of care regardless of what their website shows, so a web assessment understates this sector. Read the tier as published information, not as bedside access",EH,derived
health_seamar,Sea Mar Community Health Centers,health,Pashai,0,0,,False,none,0,,,False,https://www.seamar.org,2026-09-07,,"No translation mechanism found on the site | Direct care provider. Federally funded providers must offer interpreters at the point of care regardless of what their website shows, so a web assessment understates this sector. Read the tier as published information, not as bedside access",EH,derived
health_seamar,Sea Mar Community Health Centers,health,Pashto,0,0,,False,none,0,,,False,https://www.seamar.org,2026-09-07,,"No translation mechanism found on the site | Direct care provider. Federally funded providers must offer interpreters at the point of care regardless of what their website shows, so a web assessment understates this sector. Read the tier as published information, not as bedside access",EH,derived
health_seamar,Sea Mar Community Health Centers,health,Pere,0,0,,False,none,0,,,False,https://www.seamar.org,2026-09-07,,"No translation mechanism found on the site | Direct care provider. Federally funded providers must offer interpreters at the point of care regardless of what their website shows, so a web assessment understates this sector. Read the tier as published information, not as bedside access",EH,derived
health_seamar,Sea Mar Community Health Centers,health,Polish,0,0,,False,none,0,,,False,https://www.seamar.org,2026-09-07,,"No translation mechanism found on the site | Direct care provider. Federally funded providers must offer interpreters at the point of care regardless of what their website shows, so a web assessment understates this sector. Read the tier as published information, not as bedside access",EH,derived
health_seamar,Sea Mar Community Health Centers,health,Portuguese,0,0,,False,none,0,,,False,https://www.seamar.org,2026-09-07,,"No translation mechanism found on the site | Direct care provider. Federally funded providers must offer interpreters at the point of care regardless of what their website shows, so a web assessment understates this sector. Read the tier as published information, not as bedside access",EH,derived
health_seamar,Sea Mar Community Health Centers,health,Punjabi,0,0,,False,none,0,,,False,https://www.seamar.org,2026-09-07,,"No translation mechanism found on the site | Direct care provider. Federally funded providers must offer interpreters at the point of care regardless of what their website shows, so a web assessment understates this sector. Read the tier as published information, not as bedside access",EH,derived
health_seamar,Sea Mar Community Health Centers,health,Purepecha,0,0,,False,none,0,,,False,https://www.seamar.org,2026-09-07,,"No translation mechanism found on the site | Direct care provider. Federally funded providers must offer interpreters at the point of care regardless of what their website shows, so a web assessment understates this sector. Read the tier as published information, not as bedside access",EH,derived
health_seamar,Sea Mar Community Health Centers,health,Rohingya,0,0,,False,none,0,,,False,https://www.seamar.org,2026-09-07,,"No translation mechanism found on the site | Direct care provider. Federally funded providers must offer interpreters at the point of care regardless of what their website shows, so a web assessment understates this sector. Read the tier as published information, not as bedside access",EH,derived
health_seamar,Sea Mar Community Health Centers,health,Romanian,0,0,,False,none,0,,,False,https://www.seamar.org,2026-09-07,,"No translation mechanism found on the site | Direct care provider. Federally funded providers must offer interpreters at the point of care regardless of what their website shows, so a web assessment understates this sector. Read the tier as published information, not as bedside access",EH,derived
health_seamar,Sea Mar Community Health Centers,health,Russian,0,0,,False,none,0,,,False,https://www.seamar.org,2026-09-07,,"No translation mechanism found on the site | Direct care provider. Federally funded providers must offer interpreters at the point of care regardless of what their website shows, so a web assessment understates this sector. Read the tier as published information, not as bedside access",EH,derived
health_seamar,Sea Mar Community Health Centers,health,Samoan,0,0,,False,none,0,,,False,https://www.seamar.org,2026-09-07,,"No translation mechanism found on the site | Direct care provider. Federally funded providers must offer interpreters at the point of care regardless of what their website shows, so a web assessment understates this sector. Read the tier as published information, not as bedside access",EH,derived
health_seamar,Sea Mar Community Health Centers,health,Sao,0,0,,False,none,0,,,False,https://www.seamar.org,2026-09-07,,"No translation mechanism found on the site | Direct care provider. Federally funded providers must offer interpreters at the point of care regardless of what their website shows, so a web assessment understates this sector. Read the tier as published information, not as bedside access",EH,derived
health_seamar,Sea Mar Community Health Centers,health,Serbo-Croation,0,0,,False,none,0,,,False,https://www.seamar.org,2026-09-07,,"No translation mechanism found on the site | Direct care provider. Federally funded providers must offer interpreters at the point of care regardless of what their website shows, so a web assessment understates this sector. Read the tier as published information, not as bedside access",EH,derived
health_seamar,Sea Mar Community Health Centers,health,Shona,0,0,,False,none,0,,,False,https://www.seamar.org,2026-09-07,,"No translation mechanism found on the site | Direct care provider. Federally funded providers must offer interpreters at the point of care regardless of what their website shows, so a web assessment understates this sector. Read the tier as published information, not as bedside access",EH,derived
health_seamar,Sea Mar Community Health Centers,health,Sinhalese,0,0,,False,none,0,,,False,https://www.seamar.org,2026-09-07,,"No translation mechanism found on the site | Direct care provider. Federally funded providers must offer interpreters at the point of care regardless of what their website shows, so a web assessment understates this sector. Read the tier as published information, not as bedside access",EH,derived
health_seamar,Sea Mar Community Health Centers,health,Slovenian,0,0,,False,none,0,,,False,https://www.seamar.org,2026-09-07,,"No translation mechanism found on the site | Direct care provider. Federally funded providers must offer interpreters at the point of care regardless of what their website shows, so a web assessment understates this sector. Read the tier as published information, not as bedside access",EH,derived
health_seamar,Sea Mar Community Health Centers,health,Somali,0,0,,False,none,0,,,False,https://www.seamar.org,2026-09-07,,"No translation mechanism found on the site | Direct care provider. Federally funded providers must offer interpreters at the point of care regardless of what their website shows, so a web assessment understates this sector. Read the tier as published information, not as bedside access",EH,derived
health_seamar,Sea Mar Community Health Centers,health,Soninke,0,0,,False,none,0,,,False,https://www.seamar.org,2026-09-07,,"No translation mechanism found on the site | Direct care provider. Federally funded providers must offer interpreters at the point of care regardless of what their website shows, so a web assessment understates this sector. Read the tier as published information, not as bedside access",EH,derived
health_seamar,Sea Mar Community Health Centers,health,Sotho,0,0,,False,none,0,,,False,https://www.seamar.org,2026-09-07,,"No translation mechanism found on the site | Direct care provider. Federally funded providers must offer interpreters at the point of care regardless of what their website shows, so a web assessment understates this sector. Read the tier as published information, not as bedside access",EH,derived
health_seamar,Sea Mar Community Health Centers,health,Spanish,0,0,,False,none,0,,,False,https://www.seamar.org,2026-09-07,,"No translation mechanism found on the site | Direct care provider. Federally funded providers must offer interpreters at the point of care regardless of what their website shows, so a web assessment understates this sector. Read the tier as published information, not as bedside access",EH,derived
health_seamar,Sea Mar Community Health Centers,health,Swahili,0,0,,False,none,0,,,False,https://www.seamar.org,2026-09-07,,"No translation mechanism found on the site | Direct care provider. Federally funded providers must offer interpreters at the point of care regardless of what their website shows, so a web assessment understates this sector. Read the tier as published information, not as bedside access",EH,derived
health_seamar,Sea Mar Community Health Centers,health,Tagalog,0,0,,False,none,0,,,False,https://www.seamar.org,2026-09-07,,"No translation mechanism found on the site | Direct care provider. Federally funded providers must offer interpreters at the point of care regardless of what their website shows, so a web assessment understates this sector. Read the tier as published information, not as bedside access",EH,derived
health_seamar,Sea Mar Community Health Centers,health,Taishanese,0,0,,False,none,0,,,False,https://www.seamar.org,2026-09-07,,"No translation mechanism found on the site | Direct care provider. Federally funded providers must offer interpreters at the point of care regardless of what their website shows, so a web assessment understates this sector. Read the tier as published information, not as bedside access",EH,derived
health_seamar,Sea Mar Community Health Centers,health,Tajiki,0,0,,False,none,0,,,False,https://www.seamar.org,2026-09-07,,"No translation mechanism found on the site | Direct care provider. Federally funded providers must offer interpreters at the point of care regardless of what their website shows, so a web assessment understates this sector. Read the tier as published information, not as bedside access",EH,derived
health_seamar,Sea Mar Community Health Centers,health,Tamil,0,0,,False,none,0,,,False,https://www.seamar.org,2026-09-07,,"No translation mechanism found on the site | Direct care provider. Federally funded providers must offer interpreters at the point of care regardless of what their website shows, so a web assessment understates this sector. Read the tier as published information, not as bedside access",EH,derived
health_seamar,Sea Mar Community Health Centers,health,Tarasco,0,0,,False,none,0,,,False,https://www.seamar.org,2026-09-07,,"No translation mechanism found on the site | Direct care provider. Federally funded providers must offer interpreters at the point of care regardless of what their website shows, so a web assessment understates this sector. Read the tier as published information, not as bedside access",EH,derived
health_seamar,Sea Mar Community Health Centers,health,Tedim,0,0,,False,none,0,,,False,https://www.seamar.org,2026-09-07,,"No translation mechanism found on the site | Direct care provider. Federally funded providers must offer interpreters at the point of care regardless of what their website shows, so a web assessment understates this sector. Read the tier as published information, not as bedside access",EH,derived
health_seamar,Sea Mar Community Health Centers,health,Telugu,0,0,,False,none,0,,,False,https://www.seamar.org,2026-09-07,,"No translation mechanism found on the site | Direct care provider. Federally funded providers must offer interpreters at the point of care regardless of what their website shows, so a web assessment understates this sector. Read the tier as published information, not as bedside access",EH,derived
health_seamar,Sea Mar Community Health Centers,health,Thai,0,0,,False,none,0,,,False,https://www.seamar.org,2026-09-07,,"No translation mechanism found on the site | Direct care provider. Federally funded providers must offer interpreters at the point of care regardless of what their website shows, so a web assessment understates this sector. Read the tier as published information, not as bedside access",EH,derived
health_seamar,Sea Mar Community Health Centers,health,Tibetan,0,0,,False,none,0,,,False,https://www.seamar.org,2026-09-07,,"No translation mechanism found on the site | Direct care provider. Federally funded providers must offer interpreters at the point of care regardless of what their website shows, so a web assessment understates this sector. Read the tier as published information, not as bedside access",EH,derived
health_seamar,Sea Mar Community Health Centers,health,Tigrinya,0,0,,False,none,0,,,False,https://www.seamar.org,2026-09-07,,"No translation mechanism found on the site | Direct care provider. Federally funded providers must offer interpreters at the point of care regardless of what their website shows, so a web assessment understates this sector. Read the tier as published information, not as bedside access",EH,derived
health_seamar,Sea Mar Community Health Centers,health,Tongan,0,0,,False,none,0,,,False,https://www.seamar.org,2026-09-07,,"No translation mechanism found on the site | Direct care provider. Federally funded providers must offer interpreters at the point of care regardless of what their website shows, so a web assessment understates this sector. Read the tier as published information, not as bedside access",EH,derived
health_seamar,Sea Mar Community Health Centers,health,Turkish,0,0,,False,none,0,,,False,https://www.seamar.org,2026-09-07,,"No translation mechanism found on the site | Direct care provider. Federally funded providers must offer interpreters at the point of care regardless of what their website shows, so a web assessment understates this sector. Read the tier as published information, not as bedside access",EH,derived
health_seamar,Sea Mar Community Health Centers,health,Twi,0,0,,False,none,0,,,False,https://www.seamar.org,2026-09-07,,"No translation mechanism found on the site | Direct care provider. Federally funded providers must offer interpreters at the point of care regardless of what their website shows, so a web assessment understates this sector. Read the tier as published information, not as bedside access",EH,derived
health_seamar,Sea Mar Community Health Centers,health,Ukrainian,0,0,,False,none,0,,,False,https://www.seamar.org,2026-09-07,,"No translation mechanism found on the site | Direct care provider. Federally funded providers must offer interpreters at the point of care regardless of what their website shows, so a web assessment understates this sector. Read the tier as published information, not as bedside access",EH,derived
health_seamar,Sea Mar Community Health Centers,health,Urdu,0,0,,False,none,0,,,False,https://www.seamar.org,2026-09-07,,"No translation mechanism found on the site | Direct care provider. Federally funded providers must offer interpreters at the point of care regardless of what their website shows, so a web assessment understates this sector. Read the tier as published information, not as bedside access",EH,derived
health_seamar,Sea Mar Community Health Centers,health,Uzbek,0,0,,False,none,0,,,False,https://www.seamar.org,2026-09-07,,"No translation mechanism found on the site | Direct care provider. Federally funded providers must offer interpreters at the point of care regardless of what their website shows, so a web assessment understates this sector. Read the tier as published information, not as bedside access",EH,derived
health_seamar,Sea Mar Community Health Centers,health,Vietnamese,0,0,,False,none,0,,,False,https://www.seamar.org,2026-09-07,,"No translation mechanism found on the site | Direct care provider. Federally funded providers must offer interpreters at the point of care regardless of what their website shows, so a web assessment understates this sector. Read the tier as published information, not as bedside access",EH,derived
health_seamar,Sea Mar Community Health Centers,health,Wolof,0,0,,False,none,0,,,False,https://www.seamar.org,2026-09-07,,"No translation mechanism found on the site | Direct care provider. Federally funded providers must offer interpreters at the point of care regardless of what their website shows, so a web assessment understates this sector. Read the tier as published information, not as bedside access",EH,derived
health_seamar,Sea Mar Community Health Centers,health,Yap,0,0,,False,none,0,,,False,https://www.seamar.org,2026-09-07,,"No translation mechanism found on the site | Direct care provider. Federally funded providers must offer interpreters at the point of care regardless of what their website shows, so a web assessment understates this sector. Read the tier as published information, not as bedside access",EH,derived
health_seamar,Sea Mar Community Health Centers,health,Yoruba,0,0,,False,none,0,,,False,https://www.seamar.org,2026-09-07,,"No translation mechanism found on the site | Direct care provider. Federally funded providers must offer interpreters at the point of care regardless of what their website shows, so a web assessment understates this sector. Read the tier as published information, not as bedside access",EH,derived
health_ichs,International Community Health Services,health,Acholi,0,0,,False,none,0,,19,False,https://www.ichs.com,2026-09-07,,"Translation widget restricted to 19 languages; this language is NOT on the list | Direct care provider. Federally funded providers must offer interpreters at the point of care regardless of what their website shows, so a web assessment understates this sector. Read the tier as published information, not as bedside access",EH,derived
health_ichs,International Community Health Services,health,Aguacateco,0,0,,False,none,0,,19,False,https://www.ichs.com,2026-09-07,,"Translation widget restricted to 19 languages; this language is NOT on the list | Direct care provider. Federally funded providers must offer interpreters at the point of care regardless of what their website shows, so a web assessment understates this sector. Read the tier as published information, not as bedside access",EH,derived
health_ichs,International Community Health Services,health,Akateko,0,0,,False,none,0,,19,False,https://www.ichs.com,2026-09-07,,"Translation widget restricted to 19 languages; this language is NOT on the list | Direct care provider. Federally funded providers must offer interpreters at the point of care regardless of what their website shows, so a web assessment understates this sector. Read the tier as published information, not as bedside access",EH,derived
health_ichs,International Community Health Services,health,Albanian,0,0,,False,none,0,,19,False,https://www.ichs.com,2026-09-07,,"Translation widget restricted to 19 languages; this language is NOT on the list | Direct care provider. Federally funded providers must offer interpreters at the point of care regardless of what their website shows, so a web assessment understates this sector. Read the tier as published information, not as bedside access",EH,derived
health_ichs,International Community Health Services,health,American Sign Language,0,0,,False,none,0,,19,False,https://www.ichs.com,2026-09-07,,"Translation widget restricted to 19 languages; this language is NOT on the list | Direct care provider. Federally funded providers must offer interpreters at the point of care regardless of what their website shows, so a web assessment understates this sector. Read the tier as published information, not as bedside access",EH,derived
health_ichs,International Community Health Services,health,Amharic,3,2,,True,in_language_document,1,know-your-rights-resources-amharic,19,False,https://www.ichs.com/know-your-rights-resources-amharic,2026-09-07,unchecked,"Translation widget restricted to 19 languages; this language is on the list | Direct care provider. Federally funded providers must offer interpreters at the point of care regardless of what their website shows, so a web assessment understates this sector. Read the tier as published information, not as bedside access",EH,derived
health_ichs,International Community Health Services,health,Arabic,1,2,,True,machine_widget,0,,19,False,https://www.ichs.com,2026-09-07,,"Translation widget restricted to 19 languages; this language is on the list | Direct care provider. Federally funded providers must offer interpreters at the point of care regardless of what their website shows, so a web assessment understates this sector. Read the tier as published information, not as bedside access",EH,derived
health_ichs,International Community Health Services,health,Armenian,0,0,,False,none,0,,19,False,https://www.ichs.com,2026-09-07,,"Translation widget restricted to 19 languages; this language is NOT on the list | Direct care provider. Federally funded providers must offer interpreters at the point of care regardless of what their website shows, so a web assessment understates this sector. Read the tier as published information, not as bedside access",EH,derived
health_ichs,International Community Health Services,health,Ayula-Bambara,0,0,,False,none,0,,19,False,https://www.ichs.com,2026-09-07,,"Translation widget restricted to 19 languages; this language is NOT on the list | Direct care provider. Federally funded providers must offer interpreters at the point of care regardless of what their website shows, so a web assessment understates this sector. Read the tier as published information, not as bedside access",EH,derived
health_ichs,International Community Health Services,health,Azerbaijani,0,0,,False,none,0,,19,False,https://www.ichs.com,2026-09-07,,"Translation widget restricted to 19 languages; this language is NOT on the list | Direct care provider. Federally funded providers must offer interpreters at the point of care regardless of what their website shows, so a web assessment understates this sector. Read the tier as published information, not as bedside access",EH,derived
health_ichs,International Community Health Services,health,Bambara,0,0,,False,none,0,,19,False,https://www.ichs.com,2026-09-07,,"Translation widget restricted to 19 languages; this language is NOT on the list | Direct care provider. Federally funded providers must offer interpreters at the point of care regardless of what their website shows, so a web assessment understates this sector. Read the tier as published information, not as bedside access",EH,derived
health_ichs,International Community Health Services,health,Bangala,0,0,,False,none,0,,19,False,https://www.ichs.com,2026-09-07,,"Translation widget restricted to 19 languages; this language is NOT on the list | Direct care provider. Federally funded providers must offer interpreters at the point of care regardless of what their website shows, so a web assessment understates this sector. Read the tier as published information, not as bedside access",EH,derived
health_ichs,International Community Health Services,health,Bassa,0,0,,False,none,0,,19,False,https://www.ichs.com,2026-09-07,,"Translation widget restricted to 19 languages; this language is NOT on the list | Direct care provider. Federally funded providers must offer interpreters at the point of care regardless of what their website shows, so a web assessment understates this sector. Read the tier as published information, not as bedside access",EH,derived
health_ichs,International Community Health Services,health,Bengali,0,0,,False,none,0,,19,False,https://www.ichs.com,2026-09-07,,"Translation widget restricted to 19 languages; this language is NOT on the list | Direct care provider. Federally funded providers must offer interpreters at the point of care regardless of what their website shows, so a web assessment understates this sector. Read the tier as published information, not as bedside access",EH,derived
health_ichs,International Community Health Services,health,Bosnian,0,0,,False,none,0,,19,False,https://www.ichs.com,2026-09-07,,"Translation widget restricted to 19 languages; this language is NOT on the list | Direct care provider. Federally funded providers must offer interpreters at the point of care regardless of what their website shows, so a web assessment understates this sector. Read the tier as published information, not as bedside access",EH,derived
health_ichs,International Community Health Services,health,Bulgarian,0,0,,False,none,0,,19,False,https://www.ichs.com,2026-09-07,,"Translation widget restricted to 19 languages; this language is NOT on the list | Direct care provider. Federally funded providers must offer interpreters at the point of care regardless of what their website shows, so a web assessment understates this sector. Read the tier as published information, not as bedside access",EH,derived
health_ichs,International Community Health Services,health,Burmese,1,2,,True,machine_widget,0,,19,False,https://www.ichs.com,2026-09-07,,"Translation widget restricted to 19 languages; this language is on the list | Direct care provider. Federally funded providers must offer interpreters at the point of care regardless of what their website shows, so a web assessment understates this sector. Read the tier as published information, not as bedside access",EH,derived
health_ichs,International Community Health Services,health,Carolinian,0,0,,False,none,0,,19,False,https://www.ichs.com,2026-09-07,,"Translation widget restricted to 19 languages; this language is NOT on the list | Direct care provider. Federally funded providers must offer interpreters at the point of care regardless of what their website shows, so a web assessment understates this sector. Read the tier as published information, not as bedside access",EH,derived
health_ichs,International Community Health Services,health,Catalan,0,0,,False,none,0,,19,False,https://www.ichs.com,2026-09-07,,"Translation widget restricted to 19 languages; this language is NOT on the list | Direct care provider. Federally funded providers must offer interpreters at the point of care regardless of what their website shows, so a web assessment understates this sector. Read the tier as published information, not as bedside access",EH,derived
health_ichs,International Community Health Services,health,Cebuano,0,0,,False,none,0,,19,False,https://www.ichs.com,2026-09-07,,"Translation widget restricted to 19 languages; this language is NOT on the list | Direct care provider. Federally funded providers must offer interpreters at the point of care regardless of what their website shows, so a web assessment understates this sector. Read the tier as published information, not as bedside access",EH,derived
health_ichs,International Community Health Services,health,Cham,0,0,,False,none,0,,19,False,https://www.ichs.com,2026-09-07,,"Translation widget restricted to 19 languages; this language is NOT on the list | Direct care provider. Federally funded providers must offer interpreters at the point of care regardless of what their website shows, so a web assessment understates this sector. Read the tier as published information, not as bedside access",EH,derived
health_ichs,International Community Health Services,health,Chamorro,0,0,,False,none,0,,19,False,https://www.ichs.com,2026-09-07,,"Translation widget restricted to 19 languages; this language is NOT on the list | Direct care provider. Federally funded providers must offer interpreters at the point of care regardless of what their website shows, so a web assessment understates this sector. Read the tier as published information, not as bedside access",EH,derived
health_ichs,International Community Health Services,health,Chin,0,0,,False,none,0,,19,False,https://www.ichs.com,2026-09-07,,"Translation widget restricted to 19 languages; this language is NOT on the list | Direct care provider. Federally funded providers must offer interpreters at the point of care regardless of what their website shows, so a web assessment understates this sector. Read the tier as published information, not as bedside access",EH,derived
health_ichs,International Community Health Services,health,Chinese-Cantonese,1,2,,True,machine_widget,0,,19,False,https://www.ichs.com,2026-09-07,,"Translation widget restricted to 19 languages; this language is on the list | Direct care provider. Federally funded providers must offer interpreters at the point of care regardless of what their website shows, so a web assessment understates this sector. Read the tier as published information, not as bedside access",EH,derived
health_ichs,International Community Health Services,health,Chinese-Fukienese,0,0,,False,none,0,,19,False,https://www.ichs.com,2026-09-07,,"Translation widget restricted to 19 languages; this language is NOT on the list | Direct care provider. Federally funded providers must offer interpreters at the point of care regardless of what their website shows, so a web assessment understates this sector. Read the tier as published information, not as bedside access",EH,derived
health_ichs,International Community Health Services,health,Chinese-Mandarin,3,2,,True,in_language_document,1,know-your-rights-resources-simplified-chinese,19,False,https://www.ichs.com/know-your-rights-resources-simplified-chinese,2026-09-07,unchecked,"Translation widget restricted to 19 languages; this language is on the list | Direct care provider. Federally funded providers must offer interpreters at the point of care regardless of what their website shows, so a web assessment understates this sector. Read the tier as published information, not as bedside access",EH,derived
health_ichs,International Community Health Services,health,Chinese-Taiwanese,0,0,,False,none,0,,19,False,https://www.ichs.com,2026-09-07,,"Translation widget restricted to 19 languages; this language is NOT on the list | Direct care provider. Federally funded providers must offer interpreters at the point of care regardless of what their website shows, so a web assessment understates this sector. Read the tier as published information, not as bedside access",EH,derived
health_ichs,International Community Health Services,health,Chuukese,0,0,,False,none,0,,19,False,https://www.ichs.com,2026-09-07,,"Translation widget restricted to 19 languages; this language is NOT on the list | Direct care provider. Federally funded providers must offer interpreters at the point of care regardless of what their website shows, so a web assessment understates this sector. Read the tier as published information, not as bedside access",EH,derived
health_ichs,International Community Health Services,health,Dari,1,2,,True,machine_widget,0,,19,False,https://www.ichs.com,2026-09-07,,"Translation widget restricted to 19 languages; this language is on the list | Direct care provider. Federally funded providers must offer interpreters at the point of care regardless of what their website shows, so a web assessment understates this sector. Read the tier as published information, not as bedside access",EH,derived
health_ichs,International Community Health Services,health,Dinka,0,0,,False,none,0,,19,False,https://www.ichs.com,2026-09-07,,"Translation widget restricted to 19 languages; this language is NOT on the list | Direct care provider. Federally funded providers must offer interpreters at the point of care regardless of what their website shows, so a web assessment understates this sector. Read the tier as published information, not as bedside access",EH,derived
health_ichs,International Community Health Services,health,Dutch,0,0,,False,none,0,,19,False,https://www.ichs.com,2026-09-07,,"Translation widget restricted to 19 languages; this language is NOT on the list | Direct care provider. Federally funded providers must offer interpreters at the point of care regardless of what their website shows, so a web assessment understates this sector. Read the tier as published information, not as bedside access",EH,derived
health_ichs,International Community Health Services,health,Egyptian-Arabic,0,0,,False,none,0,,19,False,https://www.ichs.com,2026-09-07,,"Translation widget restricted to 19 languages; this language is NOT on the list | Direct care provider. Federally funded providers must offer interpreters at the point of care regardless of what their website shows, so a web assessment understates this sector. Read the tier as published information, not as bedside access",EH,derived
health_ichs,International Community Health Services,health,Eritai,0,0,,False,none,0,,19,False,https://www.ichs.com,2026-09-07,,"Translation widget restricted to 19 languages; this language is NOT on the list | Direct care provider. Federally funded providers must offer interpreters at the point of care regardless of what their website shows, so a web assessment understates this sector. Read the tier as published information, not as bedside access",EH,derived
health_ichs,International Community Health Services,health,Estonian,0,0,,False,none,0,,19,False,https://www.ichs.com,2026-09-07,,"Translation widget restricted to 19 languages; this language is NOT on the list | Direct care provider. Federally funded providers must offer interpreters at the point of care regardless of what their website shows, so a web assessment understates this sector. Read the tier as published information, not as bedside access",EH,derived
health_ichs,International Community Health Services,health,Ewe,0,0,,False,none,0,,19,False,https://www.ichs.com,2026-09-07,,"Translation widget restricted to 19 languages; this language is NOT on the list | Direct care provider. Federally funded providers must offer interpreters at the point of care regardless of what their website shows, so a web assessment understates this sector. Read the tier as published information, not as bedside access",EH,derived
health_ichs,International Community Health Services,health,Fallani,0,0,,False,none,0,,19,False,https://www.ichs.com,2026-09-07,,"Translation widget restricted to 19 languages; this language is NOT on the list | Direct care provider. Federally funded providers must offer interpreters at the point of care regardless of what their website shows, so a web assessment understates this sector. Read the tier as published information, not as bedside access",EH,derived
health_ichs,International Community Health Services,health,Farsi,1,2,,True,machine_widget,0,,19,False,https://www.ichs.com,2026-09-07,,"Translation widget restricted to 19 languages; this language is on the list | Direct care provider. Federally funded providers must offer interpreters at the point of care regardless of what their website shows, so a web assessment understates this sector. Read the tier as published information, not as bedside access",EH,derived
health_ichs,International Community Health Services,health,French,0,0,,False,none,0,,19,False,https://www.ichs.com,2026-09-07,,"Translation widget restricted to 19 languages; this language is NOT on the list | Direct care provider. Federally funded providers must offer interpreters at the point of care regardless of what their website shows, so a web assessment understates this sector. Read the tier as published information, not as bedside access",EH,derived
health_ichs,International Community Health Services,health,Fula,0,0,,False,none,0,,19,False,https://www.ichs.com,2026-09-07,,"Translation widget restricted to 19 languages; this language is NOT on the list | Direct care provider. Federally funded providers must offer interpreters at the point of care regardless of what their website shows, so a web assessment understates this sector. Read the tier as published information, not as bedside access",EH,derived
health_ichs,International Community Health Services,health,Ga,0,0,,False,none,0,,19,False,https://www.ichs.com,2026-09-07,,"Translation widget restricted to 19 languages; this language is NOT on the list | Direct care provider. Federally funded providers must offer interpreters at the point of care regardless of what their website shows, so a web assessment understates this sector. Read the tier as published information, not as bedside access",EH,derived
health_ichs,International Community Health Services,health,German,0,0,,False,none,0,,19,False,https://www.ichs.com,2026-09-07,,"Translation widget restricted to 19 languages; this language is NOT on the list | Direct care provider. Federally funded providers must offer interpreters at the point of care regardless of what their website shows, so a web assessment understates this sector. Read the tier as published information, not as bedside access",EH,derived
health_ichs,International Community Health Services,health,"Greek, Modern",0,0,,False,none,0,,19,False,https://www.ichs.com,2026-09-07,,"Translation widget restricted to 19 languages; this language is NOT on the list | Direct care provider. Federally funded providers must offer interpreters at the point of care regardless of what their website shows, so a web assessment understates this sector. Read the tier as published information, not as bedside access",EH,derived
health_ichs,International Community Health Services,health,Gujarati,0,0,,False,none,0,,19,False,https://www.ichs.com,2026-09-07,,"Translation widget restricted to 19 languages; this language is NOT on the list | Direct care provider. Federally funded providers must offer interpreters at the point of care regardless of what their website shows, so a web assessment understates this sector. Read the tier as published information, not as bedside access",EH,derived
health_ichs,International Community Health Services,health,Haitian Creole,0,0,,False,none,0,,19,False,https://www.ichs.com,2026-09-07,,"Translation widget restricted to 19 languages; this language is NOT on the list | Direct care provider. Federally funded providers must offer interpreters at the point of care regardless of what their website shows, so a web assessment understates this sector. Read the tier as published information, not as bedside access",EH,derived
health_ichs,International Community Health Services,health,Hausa,0,0,,False,none,0,,19,False,https://www.ichs.com,2026-09-07,,"Translation widget restricted to 19 languages; this language is NOT on the list | Direct care provider. Federally funded providers must offer interpreters at the point of care regardless of what their website shows, so a web assessment understates this sector. Read the tier as published information, not as bedside access",EH,derived
health_ichs,International Community Health Services,health,Hawaiian,0,0,,False,none,0,,19,False,https://www.ichs.com,2026-09-07,,"Translation widget restricted to 19 languages; this language is NOT on the list | Direct care provider. Federally funded providers must offer interpreters at the point of care regardless of what their website shows, so a web assessment understates this sector. Read the tier as published information, not as bedside access",EH,derived
health_ichs,International Community Health Services,health,Herero,0,0,,False,none,0,,19,False,https://www.ichs.com,2026-09-07,,"Translation widget restricted to 19 languages; this language is NOT on the list | Direct care provider. Federally funded providers must offer interpreters at the point of care regardless of what their website shows, so a web assessment understates this sector. Read the tier as published information, not as bedside access",EH,derived
health_ichs,International Community Health Services,health,Hindi,1,2,,True,machine_widget,0,,19,False,https://www.ichs.com,2026-09-07,,"Translation widget restricted to 19 languages; this language is on the list | Direct care provider. Federally funded providers must offer interpreters at the point of care regardless of what their website shows, so a web assessment understates this sector. Read the tier as published information, not as bedside access",EH,derived
health_ichs,International Community Health Services,health,Hmong,0,0,,False,none,0,,19,False,https://www.ichs.com,2026-09-07,,"Translation widget restricted to 19 languages; this language is NOT on the list | Direct care provider. Federally funded providers must offer interpreters at the point of care regardless of what their website shows, so a web assessment understates this sector. Read the tier as published information, not as bedside access",EH,derived
health_ichs,International Community Health Services,health,Hungarian,0,0,,False,none,0,,19,False,https://www.ichs.com,2026-09-07,,"Translation widget restricted to 19 languages; this language is NOT on the list | Direct care provider. Federally funded providers must offer interpreters at the point of care regardless of what their website shows, so a web assessment understates this sector. Read the tier as published information, not as bedside access",EH,derived
health_ichs,International Community Health Services,health,Igbo,0,0,,False,none,0,,19,False,https://www.ichs.com,2026-09-07,,"Translation widget restricted to 19 languages; this language is NOT on the list | Direct care provider. Federally funded providers must offer interpreters at the point of care regardless of what their website shows, so a web assessment understates this sector. Read the tier as published information, not as bedside access",EH,derived
health_ichs,International Community Health Services,health,Ilokano,0,0,,False,none,0,,19,False,https://www.ichs.com,2026-09-07,,"Translation widget restricted to 19 languages; this language is NOT on the list | Direct care provider. Federally funded providers must offer interpreters at the point of care regardless of what their website shows, so a web assessment understates this sector. Read the tier as published information, not as bedside access",EH,derived
health_ichs,International Community Health Services,health,Indonesian,0,0,,False,none,0,,19,False,https://www.ichs.com,2026-09-07,,"Translation widget restricted to 19 languages; this language is NOT on the list | Direct care provider. Federally funded providers must offer interpreters at the point of care regardless of what their website shows, so a web assessment understates this sector. Read the tier as published information, not as bedside access",EH,derived
health_ichs,International Community Health Services,health,Italian,0,0,,False,none,0,,19,False,https://www.ichs.com,2026-09-07,,"Translation widget restricted to 19 languages; this language is NOT on the list | Direct care provider. Federally funded providers must offer interpreters at the point of care regardless of what their website shows, so a web assessment understates this sector. Read the tier as published information, not as bedside access",EH,derived
health_ichs,International Community Health Services,health,Japanese,1,2,,True,machine_widget,0,,19,False,https://www.ichs.com,2026-09-07,,"Translation widget restricted to 19 languages; this language is on the list | Direct care provider. Federally funded providers must offer interpreters at the point of care regardless of what their website shows, so a web assessment understates this sector. Read the tier as published information, not as bedside access",EH,derived
health_ichs,International Community Health Services,health,Kakwa,0,0,,False,none,0,,19,False,https://www.ichs.com,2026-09-07,,"Translation widget restricted to 19 languages; this language is NOT on the list | Direct care provider. Federally funded providers must offer interpreters at the point of care regardless of what their website shows, so a web assessment understates this sector. Read the tier as published information, not as bedside access",EH,derived
health_ichs,International Community Health Services,health,Kannada,0,0,,False,none,0,,19,False,https://www.ichs.com,2026-09-07,,"Translation widget restricted to 19 languages; this language is NOT on the list | Direct care provider. Federally funded providers must offer interpreters at the point of care regardless of what their website shows, so a web assessment understates this sector. Read the tier as published information, not as bedside access",EH,derived
health_ichs,International Community Health Services,health,Karen,0,0,,False,none,0,,19,False,https://www.ichs.com,2026-09-07,,"Translation widget restricted to 19 languages; this language is NOT on the list | Direct care provider. Federally funded providers must offer interpreters at the point of care regardless of what their website shows, so a web assessment understates this sector. Read the tier as published information, not as bedside access",EH,derived
health_ichs,International Community Health Services,health,Karenni,0,0,,False,none,0,,19,False,https://www.ichs.com,2026-09-07,,"Translation widget restricted to 19 languages; this language is NOT on the list | Direct care provider. Federally funded providers must offer interpreters at the point of care regardless of what their website shows, so a web assessment understates this sector. Read the tier as published information, not as bedside access",EH,derived
health_ichs,International Community Health Services,health,Kazakh,0,0,,False,none,0,,19,False,https://www.ichs.com,2026-09-07,,"Translation widget restricted to 19 languages; this language is NOT on the list | Direct care provider. Federally funded providers must offer interpreters at the point of care regardless of what their website shows, so a web assessment understates this sector. Read the tier as published information, not as bedside access",EH,derived
health_ichs,International Community Health Services,health,Khmer,1,2,,True,machine_widget,0,,19,False,https://www.ichs.com,2026-09-07,,"Translation widget restricted to 19 languages; this language is on the list | Direct care provider. Federally funded providers must offer interpreters at the point of care regardless of what their website shows, so a web assessment understates this sector. Read the tier as published information, not as bedside access",EH,derived
health_ichs,International Community Health Services,health,Kikuyu,0,0,,False,none,0,,19,False,https://www.ichs.com,2026-09-07,,"Translation widget restricted to 19 languages; this language is NOT on the list | Direct care provider. Federally funded providers must offer interpreters at the point of care regardless of what their website shows, so a web assessment understates this sector. Read the tier as published information, not as bedside access",EH,derived
health_ichs,International Community Health Services,health,Kinyarwanda,0,0,,False,none,0,,19,False,https://www.ichs.com,2026-09-07,,"Translation widget restricted to 19 languages; this language is NOT on the list | Direct care provider. Federally funded providers must offer interpreters at the point of care regardless of what their website shows, so a web assessment understates this sector. Read the tier as published information, not as bedside access",EH,derived
health_ichs,International Community Health Services,health,Kirgiz,0,0,,False,none,0,,19,False,https://www.ichs.com,2026-09-07,,"Translation widget restricted to 19 languages; this language is NOT on the list | Direct care provider. Federally funded providers must offer interpreters at the point of care regardless of what their website shows, so a web assessment understates this sector. Read the tier as published information, not as bedside access",EH,derived
health_ichs,International Community Health Services,health,Kirundi,0,0,,False,none,0,,19,False,https://www.ichs.com,2026-09-07,,"Translation widget restricted to 19 languages; this language is NOT on the list | Direct care provider. Federally funded providers must offer interpreters at the point of care regardless of what their website shows, so a web assessment understates this sector. Read the tier as published information, not as bedside access",EH,derived
health_ichs,International Community Health Services,health,Kmhmu,0,0,,False,none,0,,19,False,https://www.ichs.com,2026-09-07,,"Translation widget restricted to 19 languages; this language is NOT on the list | Direct care provider. Federally funded providers must offer interpreters at the point of care regardless of what their website shows, so a web assessment understates this sector. Read the tier as published information, not as bedside access",EH,derived
health_ichs,International Community Health Services,health,Kongo,0,0,,False,none,0,,19,False,https://www.ichs.com,2026-09-07,,"Translation widget restricted to 19 languages; this language is NOT on the list | Direct care provider. Federally funded providers must offer interpreters at the point of care regardless of what their website shows, so a web assessment understates this sector. Read the tier as published information, not as bedside access",EH,derived
health_ichs,International Community Health Services,health,Korean,3,2,,True,in_language_document,1,know-your-rights-resources-korean,19,False,https://www.ichs.com/know-your-rights-resources-korean,2026-09-07,unchecked,"Translation widget restricted to 19 languages; this language is on the list | Direct care provider. Federally funded providers must offer interpreters at the point of care regardless of what their website shows, so a web assessment understates this sector. Read the tier as published information, not as bedside access",EH,derived
health_ichs,International Community Health Services,health,Kosraean,0,0,,False,none,0,,19,False,https://www.ichs.com,2026-09-07,,"Translation widget restricted to 19 languages; this language is NOT on the list | Direct care provider. Federally funded providers must offer interpreters at the point of care regardless of what their website shows, so a web assessment understates this sector. Read the tier as published information, not as bedside access",EH,derived
health_ichs,International Community Health Services,health,Krahn,0,0,,False,none,0,,19,False,https://www.ichs.com,2026-09-07,,"Translation widget restricted to 19 languages; this language is NOT on the list | Direct care provider. Federally funded providers must offer interpreters at the point of care regardless of what their website shows, so a web assessment understates this sector. Read the tier as published information, not as bedside access",EH,derived
health_ichs,International Community Health Services,health,Krio,0,0,,False,none,0,,19,False,https://www.ichs.com,2026-09-07,,"Translation widget restricted to 19 languages; this language is NOT on the list | Direct care provider. Federally funded providers must offer interpreters at the point of care regardless of what their website shows, so a web assessment understates this sector. Read the tier as published information, not as bedside access",EH,derived
health_ichs,International Community Health Services,health,Kru,0,0,,False,none,0,,19,False,https://www.ichs.com,2026-09-07,,"Translation widget restricted to 19 languages; this language is NOT on the list | Direct care provider. Federally funded providers must offer interpreters at the point of care regardless of what their website shows, so a web assessment understates this sector. Read the tier as published information, not as bedside access",EH,derived
health_ichs,International Community Health Services,health,Kurdish,0,0,,False,none,0,,19,False,https://www.ichs.com,2026-09-07,,"Translation widget restricted to 19 languages; this language is NOT on the list | Direct care provider. Federally funded providers must offer interpreters at the point of care regardless of what their website shows, so a web assessment understates this sector. Read the tier as published information, not as bedside access",EH,derived
health_ichs,International Community Health Services,health,Lao,1,2,,True,machine_widget,0,,19,False,https://www.ichs.com,2026-09-07,,"Translation widget restricted to 19 languages; this language is on the list | Direct care provider. Federally funded providers must offer interpreters at the point of care regardless of what their website shows, so a web assessment understates this sector. Read the tier as published information, not as bedside access",EH,derived
health_ichs,International Community Health Services,health,Latvian,0,0,,False,none,0,,19,False,https://www.ichs.com,2026-09-07,,"Translation widget restricted to 19 languages; this language is NOT on the list | Direct care provider. Federally funded providers must offer interpreters at the point of care regardless of what their website shows, so a web assessment understates this sector. Read the tier as published information, not as bedside access",EH,derived
health_ichs,International Community Health Services,health,Lingala,0,0,,False,none,0,,19,False,https://www.ichs.com,2026-09-07,,"Translation widget restricted to 19 languages; this language is NOT on the list | Direct care provider. Federally funded providers must offer interpreters at the point of care regardless of what their website shows, so a web assessment understates this sector. Read the tier as published information, not as bedside access",EH,derived
health_ichs,International Community Health Services,health,Luganda,0,0,,False,none,0,,19,False,https://www.ichs.com,2026-09-07,,"Translation widget restricted to 19 languages; this language is NOT on the list | Direct care provider. Federally funded providers must offer interpreters at the point of care regardless of what their website shows, so a web assessment understates this sector. Read the tier as published information, not as bedside access",EH,derived
health_ichs,International Community Health Services,health,Maay Maay,0,0,,False,none,0,,19,False,https://www.ichs.com,2026-09-07,,"Translation widget restricted to 19 languages; this language is NOT on the list | Direct care provider. Federally funded providers must offer interpreters at the point of care regardless of what their website shows, so a web assessment understates this sector. Read the tier as published information, not as bedside access",EH,derived
health_ichs,International Community Health Services,health,Malay,0,0,,False,none,0,,19,False,https://www.ichs.com,2026-09-07,,"Translation widget restricted to 19 languages; this language is NOT on the list | Direct care provider. Federally funded providers must offer interpreters at the point of care regardless of what their website shows, so a web assessment understates this sector. Read the tier as published information, not as bedside access",EH,derived
health_ichs,International Community Health Services,health,Malayalam,0,0,,False,none,0,,19,False,https://www.ichs.com,2026-09-07,,"Translation widget restricted to 19 languages; this language is NOT on the list | Direct care provider. Federally funded providers must offer interpreters at the point of care regardless of what their website shows, so a web assessment understates this sector. Read the tier as published information, not as bedside access",EH,derived
health_ichs,International Community Health Services,health,Mam,0,0,,False,none,0,,19,False,https://www.ichs.com,2026-09-07,,"Translation widget restricted to 19 languages; this language is NOT on the list | Direct care provider. Federally funded providers must offer interpreters at the point of care regardless of what their website shows, so a web assessment understates this sector. Read the tier as published information, not as bedside access",EH,derived
health_ichs,International Community Health Services,health,Mandingo,0,0,,False,none,0,,19,False,https://www.ichs.com,2026-09-07,,"Translation widget restricted to 19 languages; this language is NOT on the list | Direct care provider. Federally funded providers must offer interpreters at the point of care regardless of what their website shows, so a web assessment understates this sector. Read the tier as published information, not as bedside access",EH,derived
health_ichs,International Community Health Services,health,Mandinka,0,0,,False,none,0,,19,False,https://www.ichs.com,2026-09-07,,"Translation widget restricted to 19 languages; this language is NOT on the list | Direct care provider. Federally funded providers must offer interpreters at the point of care regardless of what their website shows, so a web assessment understates this sector. Read the tier as published information, not as bedside access",EH,derived
health_ichs,International Community Health Services,health,Marathi,0,0,,False,none,0,,19,False,https://www.ichs.com,2026-09-07,,"Translation widget restricted to 19 languages; this language is NOT on the list | Direct care provider. Federally funded providers must offer interpreters at the point of care regardless of what their website shows, so a web assessment understates this sector. Read the tier as published information, not as bedside access",EH,derived
health_ichs,International Community Health Services,health,Marquesan,0,0,,False,none,0,,19,False,https://www.ichs.com,2026-09-07,,"Translation widget restricted to 19 languages; this language is NOT on the list | Direct care provider. Federally funded providers must offer interpreters at the point of care regardless of what their website shows, so a web assessment understates this sector. Read the tier as published information, not as bedside access",EH,derived
health_ichs,International Community Health Services,health,Marshallese,0,0,,False,none,0,,19,False,https://www.ichs.com,2026-09-07,,"Translation widget restricted to 19 languages; this language is NOT on the list | Direct care provider. Federally funded providers must offer interpreters at the point of care regardless of what their website shows, so a web assessment understates this sector. Read the tier as published information, not as bedside access",EH,derived
health_ichs,International Community Health Services,health,Maya-Quiche,0,0,,False,none,0,,19,False,https://www.ichs.com,2026-09-07,,"Translation widget restricted to 19 languages; this language is NOT on the list | Direct care provider. Federally funded providers must offer interpreters at the point of care regardless of what their website shows, so a web assessment understates this sector. Read the tier as published information, not as bedside access",EH,derived
health_ichs,International Community Health Services,health,Mien,0,0,,False,none,0,,19,False,https://www.ichs.com,2026-09-07,,"Translation widget restricted to 19 languages; this language is NOT on the list | Direct care provider. Federally funded providers must offer interpreters at the point of care regardless of what their website shows, so a web assessment understates this sector. Read the tier as published information, not as bedside access",EH,derived
health_ichs,International Community Health Services,health,Mixteco,0,0,,False,none,0,,19,False,https://www.ichs.com,2026-09-07,,"Translation widget restricted to 19 languages; this language is NOT on the list | Direct care provider. Federally funded providers must offer interpreters at the point of care regardless of what their website shows, so a web assessment understates this sector. Read the tier as published information, not as bedside access",EH,derived
health_ichs,International Community Health Services,health,Moldavian,0,0,,False,none,0,,19,False,https://www.ichs.com,2026-09-07,,"Translation widget restricted to 19 languages; this language is NOT on the list | Direct care provider. Federally funded providers must offer interpreters at the point of care regardless of what their website shows, so a web assessment understates this sector. Read the tier as published information, not as bedside access",EH,derived
health_ichs,International Community Health Services,health,Mongolian,0,0,,False,none,0,,19,False,https://www.ichs.com,2026-09-07,,"Translation widget restricted to 19 languages; this language is NOT on the list | Direct care provider. Federally funded providers must offer interpreters at the point of care regardless of what their website shows, so a web assessment understates this sector. Read the tier as published information, not as bedside access",EH,derived
health_ichs,International Community Health Services,health,Moore,0,0,,False,none,0,,19,False,https://www.ichs.com,2026-09-07,,"Translation widget restricted to 19 languages; this language is NOT on the list | Direct care provider. Federally funded providers must offer interpreters at the point of care regardless of what their website shows, so a web assessment understates this sector. Read the tier as published information, not as bedside access",EH,derived
health_ichs,International Community Health Services,health,"Nahuatl, Guerrero region",0,0,,False,none,0,,19,False,https://www.ichs.com,2026-09-07,,"Translation widget restricted to 19 languages; this language is NOT on the list | Direct care provider. Federally funded providers must offer interpreters at the point of care regardless of what their website shows, so a web assessment understates this sector. Read the tier as published information, not as bedside access",EH,derived
health_ichs,International Community Health Services,health,Nepali,1,2,,True,machine_widget,0,,19,False,https://www.ichs.com,2026-09-07,,"Translation widget restricted to 19 languages; this language is on the list | Direct care provider. Federally funded providers must offer interpreters at the point of care regardless of what their website shows, so a web assessment understates this sector. Read the tier as published information, not as bedside access",EH,derived
health_ichs,International Community Health Services,health,Nuer,0,0,,False,none,0,,19,False,https://www.ichs.com,2026-09-07,,"Translation widget restricted to 19 languages; this language is NOT on the list | Direct care provider. Federally funded providers must offer interpreters at the point of care regardless of what their website shows, so a web assessment understates this sector. Read the tier as published information, not as bedside access",EH,derived
health_ichs,International Community Health Services,health,Oromo,0,0,,False,none,0,,19,False,https://www.ichs.com,2026-09-07,,"Translation widget restricted to 19 languages; this language is NOT on the list | Direct care provider. Federally funded providers must offer interpreters at the point of care regardless of what their website shows, so a web assessment understates this sector. Read the tier as published information, not as bedside access",EH,derived
health_ichs,International Community Health Services,health,Palau,0,0,,False,none,0,,19,False,https://www.ichs.com,2026-09-07,,"Translation widget restricted to 19 languages; this language is NOT on the list | Direct care provider. Federally funded providers must offer interpreters at the point of care regardless of what their website shows, so a web assessment understates this sector. Read the tier as published information, not as bedside access",EH,derived
health_ichs,International Community Health Services,health,Pashai,0,0,,False,none,0,,19,False,https://www.ichs.com,2026-09-07,,"Translation widget restricted to 19 languages; this language is NOT on the list | Direct care provider. Federally funded providers must offer interpreters at the point of care regardless of what their website shows, so a web assessment understates this sector. Read the tier as published information, not as bedside access",EH,derived
health_ichs,International Community Health Services,health,Pashto,0,0,,False,none,0,,19,False,https://www.ichs.com,2026-09-07,,"Translation widget restricted to 19 languages; this language is NOT on the list | Direct care provider. Federally funded providers must offer interpreters at the point of care regardless of what their website shows, so a web assessment understates this sector. Read the tier as published information, not as bedside access",EH,derived
health_ichs,International Community Health Services,health,Pere,0,0,,False,none,0,,19,False,https://www.ichs.com,2026-09-07,,"Translation widget restricted to 19 languages; this language is NOT on the list | Direct care provider. Federally funded providers must offer interpreters at the point of care regardless of what their website shows, so a web assessment understates this sector. Read the tier as published information, not as bedside access",EH,derived
health_ichs,International Community Health Services,health,Polish,0,0,,False,none,0,,19,False,https://www.ichs.com,2026-09-07,,"Translation widget restricted to 19 languages; this language is NOT on the list | Direct care provider. Federally funded providers must offer interpreters at the point of care regardless of what their website shows, so a web assessment understates this sector. Read the tier as published information, not as bedside access",EH,derived
health_ichs,International Community Health Services,health,Portuguese,0,0,,False,none,0,,19,False,https://www.ichs.com,2026-09-07,,"Translation widget restricted to 19 languages; this language is NOT on the list | Direct care provider. Federally funded providers must offer interpreters at the point of care regardless of what their website shows, so a web assessment understates this sector. Read the tier as published information, not as bedside access",EH,derived
health_ichs,International Community Health Services,health,Punjabi,1,2,,True,machine_widget,0,,19,False,https://www.ichs.com,2026-09-07,,"Translation widget restricted to 19 languages; this language is on the list | Direct care provider. Federally funded providers must offer interpreters at the point of care regardless of what their website shows, so a web assessment understates this sector. Read the tier as published information, not as bedside access",EH,derived
health_ichs,International Community Health Services,health,Purepecha,0,0,,False,none,0,,19,False,https://www.ichs.com,2026-09-07,,"Translation widget restricted to 19 languages; this language is NOT on the list | Direct care provider. Federally funded providers must offer interpreters at the point of care regardless of what their website shows, so a web assessment understates this sector. Read the tier as published information, not as bedside access",EH,derived
health_ichs,International Community Health Services,health,Rohingya,0,0,,False,none,0,,19,False,https://www.ichs.com,2026-09-07,,"Translation widget restricted to 19 languages; this language is NOT on the list | Direct care provider. Federally funded providers must offer interpreters at the point of care regardless of what their website shows, so a web assessment understates this sector. Read the tier as published information, not as bedside access",EH,derived
health_ichs,International Community Health Services,health,Romanian,0,0,,False,none,0,,19,False,https://www.ichs.com,2026-09-07,,"Translation widget restricted to 19 languages; this language is NOT on the list | Direct care provider. Federally funded providers must offer interpreters at the point of care regardless of what their website shows, so a web assessment understates this sector. Read the tier as published information, not as bedside access",EH,derived
health_ichs,International Community Health Services,health,Russian,3,2,,True,in_language_document,1,know-your-rights-resources-russian,19,False,https://www.ichs.com/know-your-rights-resources-russian,2026-09-07,unchecked,"Translation widget restricted to 19 languages; this language is on the list | Direct care provider. Federally funded providers must offer interpreters at the point of care regardless of what their website shows, so a web assessment understates this sector. Read the tier as published information, not as bedside access",EH,derived
health_ichs,International Community Health Services,health,Samoan,0,0,,False,none,0,,19,False,https://www.ichs.com,2026-09-07,,"Translation widget restricted to 19 languages; this language is NOT on the list | Direct care provider. Federally funded providers must offer interpreters at the point of care regardless of what their website shows, so a web assessment understates this sector. Read the tier as published information, not as bedside access",EH,derived
health_ichs,International Community Health Services,health,Sao,0,0,,False,none,0,,19,False,https://www.ichs.com,2026-09-07,,"Translation widget restricted to 19 languages; this language is NOT on the list | Direct care provider. Federally funded providers must offer interpreters at the point of care regardless of what their website shows, so a web assessment understates this sector. Read the tier as published information, not as bedside access",EH,derived
health_ichs,International Community Health Services,health,Serbo-Croation,0,0,,False,none,0,,19,False,https://www.ichs.com,2026-09-07,,"Translation widget restricted to 19 languages; this language is NOT on the list | Direct care provider. Federally funded providers must offer interpreters at the point of care regardless of what their website shows, so a web assessment understates this sector. Read the tier as published information, not as bedside access",EH,derived
health_ichs,International Community Health Services,health,Shona,0,0,,False,none,0,,19,False,https://www.ichs.com,2026-09-07,,"Translation widget restricted to 19 languages; this language is NOT on the list | Direct care provider. Federally funded providers must offer interpreters at the point of care regardless of what their website shows, so a web assessment understates this sector. Read the tier as published information, not as bedside access",EH,derived
health_ichs,International Community Health Services,health,Sinhalese,0,0,,False,none,0,,19,False,https://www.ichs.com,2026-09-07,,"Translation widget restricted to 19 languages; this language is NOT on the list | Direct care provider. Federally funded providers must offer interpreters at the point of care regardless of what their website shows, so a web assessment understates this sector. Read the tier as published information, not as bedside access",EH,derived
health_ichs,International Community Health Services,health,Slovenian,0,0,,False,none,0,,19,False,https://www.ichs.com,2026-09-07,,"Translation widget restricted to 19 languages; this language is NOT on the list | Direct care provider. Federally funded providers must offer interpreters at the point of care regardless of what their website shows, so a web assessment understates this sector. Read the tier as published information, not as bedside access",EH,derived
health_ichs,International Community Health Services,health,Somali,1,2,,True,machine_widget,0,,19,False,https://www.ichs.com,2026-09-07,,"Translation widget restricted to 19 languages; this language is on the list | Direct care provider. Federally funded providers must offer interpreters at the point of care regardless of what their website shows, so a web assessment understates this sector. Read the tier as published information, not as bedside access",EH,derived
health_ichs,International Community Health Services,health,Soninke,0,0,,False,none,0,,19,False,https://www.ichs.com,2026-09-07,,"Translation widget restricted to 19 languages; this language is NOT on the list | Direct care provider. Federally funded providers must offer interpreters at the point of care regardless of what their website shows, so a web assessment understates this sector. Read the tier as published information, not as bedside access",EH,derived
health_ichs,International Community Health Services,health,Sotho,0,0,,False,none,0,,19,False,https://www.ichs.com,2026-09-07,,"Translation widget restricted to 19 languages; this language is NOT on the list | Direct care provider. Federally funded providers must offer interpreters at the point of care regardless of what their website shows, so a web assessment understates this sector. Read the tier as published information, not as bedside access",EH,derived
health_ichs,International Community Health Services,health,Spanish,3,2,,True,in_language_document,1,know-your-rights-resources-spanish,19,False,https://www.ichs.com/know-your-rights-resources-spanish,2026-09-07,unchecked,"Translation widget restricted to 19 languages; this language is on the list | Direct care provider. Federally funded providers must offer interpreters at the point of care regardless of what their website shows, so a web assessment understates this sector. Read the tier as published information, not as bedside access",EH,derived
health_ichs,International Community Health Services,health,Swahili,0,0,,False,none,0,,19,False,https://www.ichs.com,2026-09-07,,"Translation widget restricted to 19 languages; this language is NOT on the list | Direct care provider. Federally funded providers must offer interpreters at the point of care regardless of what their website shows, so a web assessment understates this sector. Read the tier as published information, not as bedside access",EH,derived
health_ichs,International Community Health Services,health,Tagalog,1,2,,True,machine_widget,0,,19,False,https://www.ichs.com,2026-09-07,,"Translation widget restricted to 19 languages; this language is on the list | Direct care provider. Federally funded providers must offer interpreters at the point of care regardless of what their website shows, so a web assessment understates this sector. Read the tier as published information, not as bedside access",EH,derived
health_ichs,International Community Health Services,health,Taishanese,0,0,,False,none,0,,19,False,https://www.ichs.com,2026-09-07,,"Translation widget restricted to 19 languages; this language is NOT on the list | Direct care provider. Federally funded providers must offer interpreters at the point of care regardless of what their website shows, so a web assessment understates this sector. Read the tier as published information, not as bedside access",EH,derived
health_ichs,International Community Health Services,health,Tajiki,0,0,,False,none,0,,19,False,https://www.ichs.com,2026-09-07,,"Translation widget restricted to 19 languages; this language is NOT on the list | Direct care provider. Federally funded providers must offer interpreters at the point of care regardless of what their website shows, so a web assessment understates this sector. Read the tier as published information, not as bedside access",EH,derived
health_ichs,International Community Health Services,health,Tamil,0,0,,False,none,0,,19,False,https://www.ichs.com,2026-09-07,,"Translation widget restricted to 19 languages; this language is NOT on the list | Direct care provider. Federally funded providers must offer interpreters at the point of care regardless of what their website shows, so a web assessment understates this sector. Read the tier as published information, not as bedside access",EH,derived
health_ichs,International Community Health Services,health,Tarasco,0,0,,False,none,0,,19,False,https://www.ichs.com,2026-09-07,,"Translation widget restricted to 19 languages; this language is NOT on the list | Direct care provider. Federally funded providers must offer interpreters at the point of care regardless of what their website shows, so a web assessment understates this sector. Read the tier as published information, not as bedside access",EH,derived
health_ichs,International Community Health Services,health,Tedim,0,0,,False,none,0,,19,False,https://www.ichs.com,2026-09-07,,"Translation widget restricted to 19 languages; this language is NOT on the list | Direct care provider. Federally funded providers must offer interpreters at the point of care regardless of what their website shows, so a web assessment understates this sector. Read the tier as published information, not as bedside access",EH,derived
health_ichs,International Community Health Services,health,Telugu,0,0,,False,none,0,,19,False,https://www.ichs.com,2026-09-07,,"Translation widget restricted to 19 languages; this language is NOT on the list | Direct care provider. Federally funded providers must offer interpreters at the point of care regardless of what their website shows, so a web assessment understates this sector. Read the tier as published information, not as bedside access",EH,derived
health_ichs,International Community Health Services,health,Thai,1,2,,True,machine_widget,0,,19,False,https://www.ichs.com,2026-09-07,,"Translation widget restricted to 19 languages; this language is on the list | Direct care provider. Federally funded providers must offer interpreters at the point of care regardless of what their website shows, so a web assessment understates this sector. Read the tier as published information, not as bedside access",EH,derived
health_ichs,International Community Health Services,health,Tibetan,0,0,,False,none,0,,19,False,https://www.ichs.com,2026-09-07,,"Translation widget restricted to 19 languages; this language is NOT on the list | Direct care provider. Federally funded providers must offer interpreters at the point of care regardless of what their website shows, so a web assessment understates this sector. Read the tier as published information, not as bedside access",EH,derived
health_ichs,International Community Health Services,health,Tigrinya,0,0,,False,none,0,,19,False,https://www.ichs.com,2026-09-07,,"Translation widget restricted to 19 languages; this language is NOT on the list | Direct care provider. Federally funded providers must offer interpreters at the point of care regardless of what their website shows, so a web assessment understates this sector. Read the tier as published information, not as bedside access",EH,derived
health_ichs,International Community Health Services,health,Tongan,0,0,,False,none,0,,19,False,https://www.ichs.com,2026-09-07,,"Translation widget restricted to 19 languages; this language is NOT on the list | Direct care provider. Federally funded providers must offer interpreters at the point of care regardless of what their website shows, so a web assessment understates this sector. Read the tier as published information, not as bedside access",EH,derived
health_ichs,International Community Health Services,health,Turkish,0,0,,False,none,0,,19,False,https://www.ichs.com,2026-09-07,,"Translation widget restricted to 19 languages; this language is NOT on the list | Direct care provider. Federally funded providers must offer interpreters at the point of care regardless of what their website shows, so a web assessment understates this sector. Read the tier as published information, not as bedside access",EH,derived
health_ichs,International Community Health Services,health,Twi,0,0,,False,none,0,,19,False,https://www.ichs.com,2026-09-07,,"Translation widget restricted to 19 languages; this language is NOT on the list | Direct care provider. Federally funded providers must offer interpreters at the point of care regardless of what their website shows, so a web assessment understates this sector. Read the tier as published information, not as bedside access",EH,derived
health_ichs,International Community Health Services,health,Ukrainian,0,0,,False,none,0,,19,False,https://www.ichs.com,2026-09-07,,"Translation widget restricted to 19 languages; this language is NOT on the list | Direct care provider. Federally funded providers must offer interpreters at the point of care regardless of what their website shows, so a web assessment understates this sector. Read the tier as published information, not as bedside access",EH,derived
health_ichs,International Community Health Services,health,Urdu,0,0,,False,none,0,,19,False,https://www.ichs.com,2026-09-07,,"Translation widget restricted to 19 languages; this language is NOT on the list | Direct care provider. Federally funded providers must offer interpreters at the point of care regardless of what their website shows, so a web assessment understates this sector. Read the tier as published information, not as bedside access",EH,derived
health_ichs,International Community Health Services,health,Uzbek,0,0,,False,none,0,,19,False,https://www.ichs.com,2026-09-07,,"Translation widget restricted to 19 languages; this language is NOT on the list | Direct care provider. Federally funded providers must offer interpreters at the point of care regardless of what their website shows, so a web assessment understates this sector. Read the tier as published information, not as bedside access",EH,derived
health_ichs,International Community Health Services,health,Vietnamese,3,2,,True,in_language_document,1,know-your-rights-resources-vietnamese,19,False,https://www.ichs.com/know-your-rights-resources-vietnamese,2026-09-07,unchecked,"Translation widget restricted to 19 languages; this language is on the list | Direct care provider. Federally funded providers must offer interpreters at the point of care regardless of what their website shows, so a web assessment understates this sector. Read the tier as published information, not as bedside access",EH,derived
health_ichs,International Community Health Services,health,Wolof,0,0,,False,none,0,,19,False,https://www.ichs.com,2026-09-07,,"Translation widget restricted to 19 languages; this language is NOT on the list | Direct care provider. Federally funded providers must offer interpreters at the point of care regardless of what their website shows, so a web assessment understates this sector. Read the tier as published information, not as bedside access",EH,derived
health_ichs,International Community Health Services,health,Yap,0,0,,False,none,0,,19,False,https://www.ichs.com,2026-09-07,,"Translation widget restricted to 19 languages; this language is NOT on the list | Direct care provider. Federally funded providers must offer interpreters at the point of care regardless of what their website shows, so a web assessment understates this sector. Read the tier as published information, not as bedside access",EH,derived
health_ichs,International Community Health Services,health,Yoruba,0,0,,False,none,0,,19,False,https://www.ichs.com,2026-09-07,,"Translation widget restricted to 19 languages; this language is NOT on the list | Direct care provider. Federally funded providers must offer interpreters at the point of care regardless of what their website shows, so a web assessment understates this sector. Read the tier as published information, not as bedside access",EH,derived
health_neighborcare,Neighborcare Health,health,Acholi,1,0,,False,none,0,,,False,https://neighborcare.org,2026-09-07,,"Unrestricted widget, machine translation only | Direct care provider. Federally funded providers must offer interpreters at the point of care regardless of what their website shows, so a web assessment understates this sector. Read the tier as published information, not as bedside access",EH,derived
health_neighborcare,Neighborcare Health,health,Aguacateco,0,0,,False,none,0,,,False,https://neighborcare.org,2026-09-07,,"Unrestricted widget, machine translation only | Direct care provider. Federally funded providers must offer interpreters at the point of care regardless of what their website shows, so a web assessment understates this sector. Read the tier as published information, not as bedside access",EH,derived
health_neighborcare,Neighborcare Health,health,Akateko,0,0,,False,none,0,,,False,https://neighborcare.org,2026-09-07,,"Unrestricted widget, machine translation only | Direct care provider. Federally funded providers must offer interpreters at the point of care regardless of what their website shows, so a web assessment understates this sector. Read the tier as published information, not as bedside access",EH,derived
health_neighborcare,Neighborcare Health,health,Albanian,1,0,,False,none,0,,,False,https://neighborcare.org,2026-09-07,,"Unrestricted widget, machine translation only | Direct care provider. Federally funded providers must offer interpreters at the point of care regardless of what their website shows, so a web assessment understates this sector. Read the tier as published information, not as bedside access",EH,derived
health_neighborcare,Neighborcare Health,health,American Sign Language,0,0,,False,none,0,,,False,https://neighborcare.org,2026-09-07,,"Unrestricted widget, machine translation only | Direct care provider. Federally funded providers must offer interpreters at the point of care regardless of what their website shows, so a web assessment understates this sector. Read the tier as published information, not as bedside access",EH,derived
health_neighborcare,Neighborcare Health,health,Amharic,1,0,,False,none,0,,,False,https://neighborcare.org,2026-09-07,,"Unrestricted widget, machine translation only | Direct care provider. Federally funded providers must offer interpreters at the point of care regardless of what their website shows, so a web assessment understates this sector. Read the tier as published information, not as bedside access",EH,derived
health_neighborcare,Neighborcare Health,health,Arabic,1,0,,False,none,0,,,False,https://neighborcare.org,2026-09-07,,"Unrestricted widget, machine translation only | Direct care provider. Federally funded providers must offer interpreters at the point of care regardless of what their website shows, so a web assessment understates this sector. Read the tier as published information, not as bedside access",EH,derived
health_neighborcare,Neighborcare Health,health,Armenian,1,0,,False,none,0,,,False,https://neighborcare.org,2026-09-07,,"Unrestricted widget, machine translation only | Direct care provider. Federally funded providers must offer interpreters at the point of care regardless of what their website shows, so a web assessment understates this sector. Read the tier as published information, not as bedside access",EH,derived
health_neighborcare,Neighborcare Health,health,Ayula-Bambara,0,0,,False,none,0,,,False,https://neighborcare.org,2026-09-07,,"Unrestricted widget, machine translation only | Direct care provider. Federally funded providers must offer interpreters at the point of care regardless of what their website shows, so a web assessment understates this sector. Read the tier as published information, not as bedside access",EH,derived
health_neighborcare,Neighborcare Health,health,Azerbaijani,1,0,,False,none,0,,,False,https://neighborcare.org,2026-09-07,,"Unrestricted widget, machine translation only | Direct care provider. Federally funded providers must offer interpreters at the point of care regardless of what their website shows, so a web assessment understates this sector. Read the tier as published information, not as bedside access",EH,derived
health_neighborcare,Neighborcare Health,health,Bambara,1,0,,False,none,0,,,False,https://neighborcare.org,2026-09-07,,"Unrestricted widget, machine translation only | Direct care provider. Federally funded providers must offer interpreters at the point of care regardless of what their website shows, so a web assessment understates this sector. Read the tier as published information, not as bedside access",EH,derived
health_neighborcare,Neighborcare Health,health,Bangala,0,0,,False,none,0,,,False,https://neighborcare.org,2026-09-07,,"Unrestricted widget, machine translation only | Direct care provider. Federally funded providers must offer interpreters at the point of care regardless of what their website shows, so a web assessment understates this sector. Read the tier as published information, not as bedside access",EH,derived
health_neighborcare,Neighborcare Health,health,Bassa,0,0,,False,none,0,,,False,https://neighborcare.org,2026-09-07,,"Unrestricted widget, machine translation only | Direct care provider. Federally funded providers must offer interpreters at the point of care regardless of what their website shows, so a web assessment understates this sector. Read the tier as published information, not as bedside access",EH,derived
health_neighborcare,Neighborcare Health,health,Bengali,1,0,,False,none,0,,,False,https://neighborcare.org,2026-09-07,,"Unrestricted widget, machine translation only | Direct care provider. Federally funded providers must offer interpreters at the point of care regardless of what their website shows, so a web assessment understates this sector. Read the tier as published information, not as bedside access",EH,derived
health_neighborcare,Neighborcare Health,health,Bosnian,1,0,,False,none,0,,,False,https://neighborcare.org,2026-09-07,,"Unrestricted widget, machine translation only | Direct care provider. Federally funded providers must offer interpreters at the point of care regardless of what their website shows, so a web assessment understates this sector. Read the tier as published information, not as bedside access",EH,derived
health_neighborcare,Neighborcare Health,health,Bulgarian,1,0,,False,none,0,,,False,https://neighborcare.org,2026-09-07,,"Unrestricted widget, machine translation only | Direct care provider. Federally funded providers must offer interpreters at the point of care regardless of what their website shows, so a web assessment understates this sector. Read the tier as published information, not as bedside access",EH,derived
health_neighborcare,Neighborcare Health,health,Burmese,1,0,,False,none,0,,,False,https://neighborcare.org,2026-09-07,,"Unrestricted widget, machine translation only | Direct care provider. Federally funded providers must offer interpreters at the point of care regardless of what their website shows, so a web assessment understates this sector. Read the tier as published information, not as bedside access",EH,derived
health_neighborcare,Neighborcare Health,health,Carolinian,0,0,,False,none,0,,,False,https://neighborcare.org,2026-09-07,,"Unrestricted widget, machine translation only | Direct care provider. Federally funded providers must offer interpreters at the point of care regardless of what their website shows, so a web assessment understates this sector. Read the tier as published information, not as bedside access",EH,derived
health_neighborcare,Neighborcare Health,health,Catalan,1,0,,False,none,0,,,False,https://neighborcare.org,2026-09-07,,"Unrestricted widget, machine translation only | Direct care provider. Federally funded providers must offer interpreters at the point of care regardless of what their website shows, so a web assessment understates this sector. Read the tier as published information, not as bedside access",EH,derived
health_neighborcare,Neighborcare Health,health,Cebuano,1,0,,False,none,0,,,False,https://neighborcare.org,2026-09-07,,"Unrestricted widget, machine translation only | Direct care provider. Federally funded providers must offer interpreters at the point of care regardless of what their website shows, so a web assessment understates this sector. Read the tier as published information, not as bedside access",EH,derived
health_neighborcare,Neighborcare Health,health,Cham,0,0,,False,none,0,,,False,https://neighborcare.org,2026-09-07,,"Unrestricted widget, machine translation only | Direct care provider. Federally funded providers must offer interpreters at the point of care regardless of what their website shows, so a web assessment understates this sector. Read the tier as published information, not as bedside access",EH,derived
health_neighborcare,Neighborcare Health,health,Chamorro,1,0,,False,none,0,,,False,https://neighborcare.org,2026-09-07,,"Unrestricted widget, machine translation only | Direct care provider. Federally funded providers must offer interpreters at the point of care regardless of what their website shows, so a web assessment understates this sector. Read the tier as published information, not as bedside access",EH,derived
health_neighborcare,Neighborcare Health,health,Chin,0,0,,False,none,0,,,False,https://neighborcare.org,2026-09-07,,"Unrestricted widget, machine translation only | Direct care provider. Federally funded providers must offer interpreters at the point of care regardless of what their website shows, so a web assessment understates this sector. Read the tier as published information, not as bedside access",EH,derived
health_neighborcare,Neighborcare Health,health,Chinese-Cantonese,1,0,,False,none,0,,,False,https://neighborcare.org,2026-09-07,,"Unrestricted widget, machine translation only | Direct care provider. Federally funded providers must offer interpreters at the point of care regardless of what their website shows, so a web assessment understates this sector. Read the tier as published information, not as bedside access",EH,derived
health_neighborcare,Neighborcare Health,health,Chinese-Fukienese,0,0,,False,none,0,,,False,https://neighborcare.org,2026-09-07,,"Unrestricted widget, machine translation only | Direct care provider. Federally funded providers must offer interpreters at the point of care regardless of what their website shows, so a web assessment understates this sector. Read the tier as published information, not as bedside access",EH,derived
health_neighborcare,Neighborcare Health,health,Chinese-Mandarin,1,0,,False,none,0,,,False,https://neighborcare.org,2026-09-07,,"Unrestricted widget, machine translation only | Direct care provider. Federally funded providers must offer interpreters at the point of care regardless of what their website shows, so a web assessment understates this sector. Read the tier as published information, not as bedside access",EH,derived
health_neighborcare,Neighborcare Health,health,Chinese-Taiwanese,0,0,,False,none,0,,,False,https://neighborcare.org,2026-09-07,,"Unrestricted widget, machine translation only | Direct care provider. Federally funded providers must offer interpreters at the point of care regardless of what their website shows, so a web assessment understates this sector. Read the tier as published information, not as bedside access",EH,derived
health_neighborcare,Neighborcare Health,health,Chuukese,1,0,,False,none,0,,,False,https://neighborcare.org,2026-09-07,,"Unrestricted widget, machine translation only | Direct care provider. Federally funded providers must offer interpreters at the point of care regardless of what their website shows, so a web assessment understates this sector. Read the tier as published information, not as bedside access",EH,derived
health_neighborcare,Neighborcare Health,health,Dari,1,0,,False,none,0,,,False,https://neighborcare.org,2026-09-07,,"Unrestricted widget, machine translation only | Direct care provider. Federally funded providers must offer interpreters at the point of care regardless of what their website shows, so a web assessment understates this sector. Read the tier as published information, not as bedside access",EH,derived
health_neighborcare,Neighborcare Health,health,Dinka,1,0,,False,none,0,,,False,https://neighborcare.org,2026-09-07,,"Unrestricted widget, machine translation only | Direct care provider. Federally funded providers must offer interpreters at the point of care regardless of what their website shows, so a web assessment understates this sector. Read the tier as published information, not as bedside access",EH,derived
health_neighborcare,Neighborcare Health,health,Dutch,1,0,,False,none,0,,,False,https://neighborcare.org,2026-09-07,,"Unrestricted widget, machine translation only | Direct care provider. Federally funded providers must offer interpreters at the point of care regardless of what their website shows, so a web assessment understates this sector. Read the tier as published information, not as bedside access",EH,derived
health_neighborcare,Neighborcare Health,health,Egyptian-Arabic,0,0,,False,none,0,,,False,https://neighborcare.org,2026-09-07,,"Unrestricted widget, machine translation only | Direct care provider. Federally funded providers must offer interpreters at the point of care regardless of what their website shows, so a web assessment understates this sector. Read the tier as published information, not as bedside access",EH,derived
health_neighborcare,Neighborcare Health,health,Eritai,0,0,,False,none,0,,,False,https://neighborcare.org,2026-09-07,,"Unrestricted widget, machine translation only | Direct care provider. Federally funded providers must offer interpreters at the point of care regardless of what their website shows, so a web assessment understates this sector. Read the tier as published information, not as bedside access",EH,derived
health_neighborcare,Neighborcare Health,health,Estonian,1,0,,False,none,0,,,False,https://neighborcare.org,2026-09-07,,"Unrestricted widget, machine translation only | Direct care provider. Federally funded providers must offer interpreters at the point of care regardless of what their website shows, so a web assessment understates this sector. Read the tier as published information, not as bedside access",EH,derived
health_neighborcare,Neighborcare Health,health,Ewe,1,0,,False,none,0,,,False,https://neighborcare.org,2026-09-07,,"Unrestricted widget, machine translation only | Direct care provider. Federally funded providers must offer interpreters at the point of care regardless of what their website shows, so a web assessment understates this sector. Read the tier as published information, not as bedside access",EH,derived
health_neighborcare,Neighborcare Health,health,Fallani,0,0,,False,none,0,,,False,https://neighborcare.org,2026-09-07,,"Unrestricted widget, machine translation only | Direct care provider. Federally funded providers must offer interpreters at the point of care regardless of what their website shows, so a web assessment understates this sector. Read the tier as published information, not as bedside access",EH,derived
health_neighborcare,Neighborcare Health,health,Farsi,1,0,,False,none,0,,,False,https://neighborcare.org,2026-09-07,,"Unrestricted widget, machine translation only | Direct care provider. Federally funded providers must offer interpreters at the point of care regardless of what their website shows, so a web assessment understates this sector. Read the tier as published information, not as bedside access",EH,derived
health_neighborcare,Neighborcare Health,health,French,1,0,,False,none,0,,,False,https://neighborcare.org,2026-09-07,,"Unrestricted widget, machine translation only | Direct care provider. Federally funded providers must offer interpreters at the point of care regardless of what their website shows, so a web assessment understates this sector. Read the tier as published information, not as bedside access",EH,derived
health_neighborcare,Neighborcare Health,health,Fula,0,0,,False,none,0,,,False,https://neighborcare.org,2026-09-07,,"Unrestricted widget, machine translation only | Direct care provider. Federally funded providers must offer interpreters at the point of care regardless of what their website shows, so a web assessment understates this sector. Read the tier as published information, not as bedside access",EH,derived
health_neighborcare,Neighborcare Health,health,Ga,1,0,,False,none,0,,,False,https://neighborcare.org,2026-09-07,,"Unrestricted widget, machine translation only | Direct care provider. Federally funded providers must offer interpreters at the point of care regardless of what their website shows, so a web assessment understates this sector. Read the tier as published information, not as bedside access",EH,derived
health_neighborcare,Neighborcare Health,health,German,1,0,,False,none,0,,,False,https://neighborcare.org,2026-09-07,,"Unrestricted widget, machine translation only | Direct care provider. Federally funded providers must offer interpreters at the point of care regardless of what their website shows, so a web assessment understates this sector. Read the tier as published information, not as bedside access",EH,derived
health_neighborcare,Neighborcare Health,health,"Greek, Modern",0,0,,False,none,0,,,False,https://neighborcare.org,2026-09-07,,"Unrestricted widget, machine translation only | Direct care provider. Federally funded providers must offer interpreters at the point of care regardless of what their website shows, so a web assessment understates this sector. Read the tier as published information, not as bedside access",EH,derived
health_neighborcare,Neighborcare Health,health,Gujarati,1,0,,False,none,0,,,False,https://neighborcare.org,2026-09-07,,"Unrestricted widget, machine translation only | Direct care provider. Federally funded providers must offer interpreters at the point of care regardless of what their website shows, so a web assessment understates this sector. Read the tier as published information, not as bedside access",EH,derived
health_neighborcare,Neighborcare Health,health,Haitian Creole,1,0,,False,none,0,,,False,https://neighborcare.org,2026-09-07,,"Unrestricted widget, machine translation only | Direct care provider. Federally funded providers must offer interpreters at the point of care regardless of what their website shows, so a web assessment understates this sector. Read the tier as published information, not as bedside access",EH,derived
health_neighborcare,Neighborcare Health,health,Hausa,1,0,,False,none,0,,,False,https://neighborcare.org,2026-09-07,,"Unrestricted widget, machine translation only | Direct care provider. Federally funded providers must offer interpreters at the point of care regardless of what their website shows, so a web assessment understates this sector. Read the tier as published information, not as bedside access",EH,derived
health_neighborcare,Neighborcare Health,health,Hawaiian,1,0,,False,none,0,,,False,https://neighborcare.org,2026-09-07,,"Unrestricted widget, machine translation only | Direct care provider. Federally funded providers must offer interpreters at the point of care regardless of what their website shows, so a web assessment understates this sector. Read the tier as published information, not as bedside access",EH,derived
health_neighborcare,Neighborcare Health,health,Herero,0,0,,False,none,0,,,False,https://neighborcare.org,2026-09-07,,"Unrestricted widget, machine translation only | Direct care provider. Federally funded providers must offer interpreters at the point of care regardless of what their website shows, so a web assessment understates this sector. Read the tier as published information, not as bedside access",EH,derived
health_neighborcare,Neighborcare Health,health,Hindi,1,0,,False,none,0,,,False,https://neighborcare.org,2026-09-07,,"Unrestricted widget, machine translation only | Direct care provider. Federally funded providers must offer interpreters at the point of care regardless of what their website shows, so a web assessment understates this sector. Read the tier as published information, not as bedside access",EH,derived
health_neighborcare,Neighborcare Health,health,Hmong,1,0,,False,none,0,,,False,https://neighborcare.org,2026-09-07,,"Unrestricted widget, machine translation only | Direct care provider. Federally funded providers must offer interpreters at the point of care regardless of what their website shows, so a web assessment understates this sector. Read the tier as published information, not as bedside access",EH,derived
health_neighborcare,Neighborcare Health,health,Hungarian,1,0,,False,none,0,,,False,https://neighborcare.org,2026-09-07,,"Unrestricted widget, machine translation only | Direct care provider. Federally funded providers must offer interpreters at the point of care regardless of what their website shows, so a web assessment understates this sector. Read the tier as published information, not as bedside access",EH,derived
health_neighborcare,Neighborcare Health,health,Igbo,1,0,,False,none,0,,,False,https://neighborcare.org,2026-09-07,,"Unrestricted widget, machine translation only | Direct care provider. Federally funded providers must offer interpreters at the point of care regardless of what their website shows, so a web assessment understates this sector. Read the tier as published information, not as bedside access",EH,derived
health_neighborcare,Neighborcare Health,health,Ilokano,0,0,,False,none,0,,,False,https://neighborcare.org,2026-09-07,,"Unrestricted widget, machine translation only | Direct care provider. Federally funded providers must offer interpreters at the point of care regardless of what their website shows, so a web assessment understates this sector. Read the tier as published information, not as bedside access",EH,derived
health_neighborcare,Neighborcare Health,health,Indonesian,1,0,,False,none,0,,,False,https://neighborcare.org,2026-09-07,,"Unrestricted widget, machine translation only | Direct care provider. Federally funded providers must offer interpreters at the point of care regardless of what their website shows, so a web assessment understates this sector. Read the tier as published information, not as bedside access",EH,derived
health_neighborcare,Neighborcare Health,health,Italian,1,0,,False,none,0,,,False,https://neighborcare.org,2026-09-07,,"Unrestricted widget, machine translation only | Direct care provider. Federally funded providers must offer interpreters at the point of care regardless of what their website shows, so a web assessment understates this sector. Read the tier as published information, not as bedside access",EH,derived
health_neighborcare,Neighborcare Health,health,Japanese,1,0,,False,none,0,,,False,https://neighborcare.org,2026-09-07,,"Unrestricted widget, machine translation only | Direct care provider. Federally funded providers must offer interpreters at the point of care regardless of what their website shows, so a web assessment understates this sector. Read the tier as published information, not as bedside access",EH,derived
health_neighborcare,Neighborcare Health,health,Kakwa,0,0,,False,none,0,,,False,https://neighborcare.org,2026-09-07,,"Unrestricted widget, machine translation only | Direct care provider. Federally funded providers must offer interpreters at the point of care regardless of what their website shows, so a web assessment understates this sector. Read the tier as published information, not as bedside access",EH,derived
health_neighborcare,Neighborcare Health,health,Kannada,1,0,,False,none,0,,,False,https://neighborcare.org,2026-09-07,,"Unrestricted widget, machine translation only | Direct care provider. Federally funded providers must offer interpreters at the point of care regardless of what their website shows, so a web assessment understates this sector. Read the tier as published information, not as bedside access",EH,derived
health_neighborcare,Neighborcare Health,health,Karen,0,0,,False,none,0,,,False,https://neighborcare.org,2026-09-07,,"Unrestricted widget, machine translation only | Direct care provider. Federally funded providers must offer interpreters at the point of care regardless of what their website shows, so a web assessment understates this sector. Read the tier as published information, not as bedside access",EH,derived
health_neighborcare,Neighborcare Health,health,Karenni,0,0,,False,none,0,,,False,https://neighborcare.org,2026-09-07,,"Unrestricted widget, machine translation only | Direct care provider. Federally funded providers must offer interpreters at the point of care regardless of what their website shows, so a web assessment understates this sector. Read the tier as published information, not as bedside access",EH,derived
health_neighborcare,Neighborcare Health,health,Kazakh,1,0,,False,none,0,,,False,https://neighborcare.org,2026-09-07,,"Unrestricted widget, machine translation only | Direct care provider. Federally funded providers must offer interpreters at the point of care regardless of what their website shows, so a web assessment understates this sector. Read the tier as published information, not as bedside access",EH,derived
health_neighborcare,Neighborcare Health,health,Khmer,1,0,,False,none,0,,,False,https://neighborcare.org,2026-09-07,,"Unrestricted widget, machine translation only | Direct care provider. Federally funded providers must offer interpreters at the point of care regardless of what their website shows, so a web assessment understates this sector. Read the tier as published information, not as bedside access",EH,derived
health_neighborcare,Neighborcare Health,health,Kikuyu,0,0,,False,none,0,,,False,https://neighborcare.org,2026-09-07,,"Unrestricted widget, machine translation only | Direct care provider. Federally funded providers must offer interpreters at the point of care regardless of what their website shows, so a web assessment understates this sector. Read the tier as published information, not as bedside access",EH,derived
health_neighborcare,Neighborcare Health,health,Kinyarwanda,1,0,,False,none,0,,,False,https://neighborcare.org,2026-09-07,,"Unrestricted widget, machine translation only | Direct care provider. Federally funded providers must offer interpreters at the point of care regardless of what their website shows, so a web assessment understates this sector. Read the tier as published information, not as bedside access",EH,derived
health_neighborcare,Neighborcare Health,health,Kirgiz,0,0,,False,none,0,,,False,https://neighborcare.org,2026-09-07,,"Unrestricted widget, machine translation only | Direct care provider. Federally funded providers must offer interpreters at the point of care regardless of what their website shows, so a web assessment understates this sector. Read the tier as published information, not as bedside access",EH,derived
health_neighborcare,Neighborcare Health,health,Kirundi,0,0,,False,none,0,,,False,https://neighborcare.org,2026-09-07,,"Unrestricted widget, machine translation only | Direct care provider. Federally funded providers must offer interpreters at the point of care regardless of what their website shows, so a web assessment understates this sector. Read the tier as published information, not as bedside access",EH,derived
health_neighborcare,Neighborcare Health,health,Kmhmu,0,0,,False,none,0,,,False,https://neighborcare.org,2026-09-07,,"Unrestricted widget, machine translation only | Direct care provider. Federally funded providers must offer interpreters at the point of care regardless of what their website shows, so a web assessment understates this sector. Read the tier as published information, not as bedside access",EH,derived
health_neighborcare,Neighborcare Health,health,Kongo,0,0,,False,none,0,,,False,https://neighborcare.org,2026-09-07,,"Unrestricted widget, machine translation only | Direct care provider. Federally funded providers must offer interpreters at the point of care regardless of what their website shows, so a web assessment understates this sector. Read the tier as published information, not as bedside access",EH,derived
health_neighborcare,Neighborcare Health,health,Korean,1,0,,False,none,0,,,False,https://neighborcare.org,2026-09-07,,"Unrestricted widget, machine translation only | Direct care provider. Federally funded providers must offer interpreters at the point of care regardless of what their website shows, so a web assessment understates this sector. Read the tier as published information, not as bedside access",EH,derived
health_neighborcare,Neighborcare Health,health,Kosraean,0,0,,False,none,0,,,False,https://neighborcare.org,2026-09-07,,"Unrestricted widget, machine translation only | Direct care provider. Federally funded providers must offer interpreters at the point of care regardless of what their website shows, so a web assessment understates this sector. Read the tier as published information, not as bedside access",EH,derived
health_neighborcare,Neighborcare Health,health,Krahn,0,0,,False,none,0,,,False,https://neighborcare.org,2026-09-07,,"Unrestricted widget, machine translation only | Direct care provider. Federally funded providers must offer interpreters at the point of care regardless of what their website shows, so a web assessment understates this sector. Read the tier as published information, not as bedside access",EH,derived
health_neighborcare,Neighborcare Health,health,Krio,1,0,,False,none,0,,,False,https://neighborcare.org,2026-09-07,,"Unrestricted widget, machine translation only | Direct care provider. Federally funded providers must offer interpreters at the point of care regardless of what their website shows, so a web assessment understates this sector. Read the tier as published information, not as bedside access",EH,derived
health_neighborcare,Neighborcare Health,health,Kru,0,0,,False,none,0,,,False,https://neighborcare.org,2026-09-07,,"Unrestricted widget, machine translation only | Direct care provider. Federally funded providers must offer interpreters at the point of care regardless of what their website shows, so a web assessment understates this sector. Read the tier as published information, not as bedside access",EH,derived
health_neighborcare,Neighborcare Health,health,Kurdish,0,0,,False,none,0,,,False,https://neighborcare.org,2026-09-07,,"Unrestricted widget, machine translation only | Direct care provider. Federally funded providers must offer interpreters at the point of care regardless of what their website shows, so a web assessment understates this sector. Read the tier as published information, not as bedside access",EH,derived
health_neighborcare,Neighborcare Health,health,Lao,1,0,,False,none,0,,,False,https://neighborcare.org,2026-09-07,,"Unrestricted widget, machine translation only | Direct care provider. Federally funded providers must offer interpreters at the point of care regardless of what their website shows, so a web assessment understates this sector. Read the tier as published information, not as bedside access",EH,derived
health_neighborcare,Neighborcare Health,health,Latvian,1,0,,False,none,0,,,False,https://neighborcare.org,2026-09-07,,"Unrestricted widget, machine translation only | Direct care provider. Federally funded providers must offer interpreters at the point of care regardless of what their website shows, so a web assessment understates this sector. Read the tier as published information, not as bedside access",EH,derived
health_neighborcare,Neighborcare Health,health,Lingala,1,0,,False,none,0,,,False,https://neighborcare.org,2026-09-07,,"Unrestricted widget, machine translation only | Direct care provider. Federally funded providers must offer interpreters at the point of care regardless of what their website shows, so a web assessment understates this sector. Read the tier as published information, not as bedside access",EH,derived
health_neighborcare,Neighborcare Health,health,Luganda,1,0,,False,none,0,,,False,https://neighborcare.org,2026-09-07,,"Unrestricted widget, machine translation only | Direct care provider. Federally funded providers must offer interpreters at the point of care regardless of what their website shows, so a web assessment understates this sector. Read the tier as published information, not as bedside access",EH,derived
health_neighborcare,Neighborcare Health,health,Maay Maay,0,0,,False,none,0,,,False,https://neighborcare.org,2026-09-07,,"Unrestricted widget, machine translation only | Direct care provider. Federally funded providers must offer interpreters at the point of care regardless of what their website shows, so a web assessment understates this sector. Read the tier as published information, not as bedside access",EH,derived
health_neighborcare,Neighborcare Health,health,Malay,1,0,,False,none,0,,,False,https://neighborcare.org,2026-09-07,,"Unrestricted widget, machine translation only | Direct care provider. Federally funded providers must offer interpreters at the point of care regardless of what their website shows, so a web assessment understates this sector. Read the tier as published information, not as bedside access",EH,derived
health_neighborcare,Neighborcare Health,health,Malayalam,1,0,,False,none,0,,,False,https://neighborcare.org,2026-09-07,,"Unrestricted widget, machine translation only | Direct care provider. Federally funded providers must offer interpreters at the point of care regardless of what their website shows, so a web assessment understates this sector. Read the tier as published information, not as bedside access",EH,derived
health_neighborcare,Neighborcare Health,health,Mam,1,0,,False,none,0,,,False,https://neighborcare.org,2026-09-07,,"Unrestricted widget, machine translation only | Direct care provider. Federally funded providers must offer interpreters at the point of care regardless of what their website shows, so a web assessment understates this sector. Read the tier as published information, not as bedside access",EH,derived
health_neighborcare,Neighborcare Health,health,Mandingo,0,0,,False,none,0,,,False,https://neighborcare.org,2026-09-07,,"Unrestricted widget, machine translation only | Direct care provider. Federally funded providers must offer interpreters at the point of care regardless of what their website shows, so a web assessment understates this sector. Read the tier as published information, not as bedside access",EH,derived
health_neighborcare,Neighborcare Health,health,Mandinka,0,0,,False,none,0,,,False,https://neighborcare.org,2026-09-07,,"Unrestricted widget, machine translation only | Direct care provider. Federally funded providers must offer interpreters at the point of care regardless of what their website shows, so a web assessment understates this sector. Read the tier as published information, not as bedside access",EH,derived
health_neighborcare,Neighborcare Health,health,Marathi,1,0,,False,none,0,,,False,https://neighborcare.org,2026-09-07,,"Unrestricted widget, machine translation only | Direct care provider. Federally funded providers must offer interpreters at the point of care regardless of what their website shows, so a web assessment understates this sector. Read the tier as published information, not as bedside access",EH,derived
health_neighborcare,Neighborcare Health,health,Marquesan,0,0,,False,none,0,,,False,https://neighborcare.org,2026-09-07,,"Unrestricted widget, machine translation only | Direct care provider. Federally funded providers must offer interpreters at the point of care regardless of what their website shows, so a web assessment understates this sector. Read the tier as published information, not as bedside access",EH,derived
health_neighborcare,Neighborcare Health,health,Marshallese,1,0,,False,none,0,,,False,https://neighborcare.org,2026-09-07,,"Unrestricted widget, machine translation only | Direct care provider. Federally funded providers must offer interpreters at the point of care regardless of what their website shows, so a web assessment understates this sector. Read the tier as published information, not as bedside access",EH,derived
health_neighborcare,Neighborcare Health,health,Maya-Quiche,0,0,,False,none,0,,,False,https://neighborcare.org,2026-09-07,,"Unrestricted widget, machine translation only | Direct care provider. Federally funded providers must offer interpreters at the point of care regardless of what their website shows, so a web assessment understates this sector. Read the tier as published information, not as bedside access",EH,derived
health_neighborcare,Neighborcare Health,health,Mien,0,0,,False,none,0,,,False,https://neighborcare.org,2026-09-07,,"Unrestricted widget, machine translation only | Direct care provider. Federally funded providers must offer interpreters at the point of care regardless of what their website shows, so a web assessment understates this sector. Read the tier as published information, not as bedside access",EH,derived
health_neighborcare,Neighborcare Health,health,Mixteco,0,0,,False,none,0,,,False,https://neighborcare.org,2026-09-07,,"Unrestricted widget, machine translation only | Direct care provider. Federally funded providers must offer interpreters at the point of care regardless of what their website shows, so a web assessment understates this sector. Read the tier as published information, not as bedside access",EH,derived
health_neighborcare,Neighborcare Health,health,Moldavian,0,0,,False,none,0,,,False,https://neighborcare.org,2026-09-07,,"Unrestricted widget, machine translation only | Direct care provider. Federally funded providers must offer interpreters at the point of care regardless of what their website shows, so a web assessment understates this sector. Read the tier as published information, not as bedside access",EH,derived
health_neighborcare,Neighborcare Health,health,Mongolian,1,0,,False,none,0,,,False,https://neighborcare.org,2026-09-07,,"Unrestricted widget, machine translation only | Direct care provider. Federally funded providers must offer interpreters at the point of care regardless of what their website shows, so a web assessment understates this sector. Read the tier as published information, not as bedside access",EH,derived
health_neighborcare,Neighborcare Health,health,Moore,0,0,,False,none,0,,,False,https://neighborcare.org,2026-09-07,,"Unrestricted widget, machine translation only | Direct care provider. Federally funded providers must offer interpreters at the point of care regardless of what their website shows, so a web assessment understates this sector. Read the tier as published information, not as bedside access",EH,derived
health_neighborcare,Neighborcare Health,health,"Nahuatl, Guerrero region",0,0,,False,none,0,,,False,https://neighborcare.org,2026-09-07,,"Unrestricted widget, machine translation only | Direct care provider. Federally funded providers must offer interpreters at the point of care regardless of what their website shows, so a web assessment understates this sector. Read the tier as published information, not as bedside access",EH,derived
health_neighborcare,Neighborcare Health,health,Nepali,1,0,,False,none,0,,,False,https://neighborcare.org,2026-09-07,,"Unrestricted widget, machine translation only | Direct care provider. Federally funded providers must offer interpreters at the point of care regardless of what their website shows, so a web assessment understates this sector. Read the tier as published information, not as bedside access",EH,derived
health_neighborcare,Neighborcare Health,health,Nuer,1,0,,False,none,0,,,False,https://neighborcare.org,2026-09-07,,"Unrestricted widget, machine translation only | Direct care provider. Federally funded providers must offer interpreters at the point of care regardless of what their website shows, so a web assessment understates this sector. Read the tier as published information, not as bedside access",EH,derived
health_neighborcare,Neighborcare Health,health,Oromo,1,0,,False,none,0,,,False,https://neighborcare.org,2026-09-07,,"Unrestricted widget, machine translation only | Direct care provider. Federally funded providers must offer interpreters at the point of care regardless of what their website shows, so a web assessment understates this sector. Read the tier as published information, not as bedside access",EH,derived
health_neighborcare,Neighborcare Health,health,Palau,0,0,,False,none,0,,,False,https://neighborcare.org,2026-09-07,,"Unrestricted widget, machine translation only | Direct care provider. Federally funded providers must offer interpreters at the point of care regardless of what their website shows, so a web assessment understates this sector. Read the tier as published information, not as bedside access",EH,derived
health_neighborcare,Neighborcare Health,health,Pashai,0,0,,False,none,0,,,False,https://neighborcare.org,2026-09-07,,"Unrestricted widget, machine translation only | Direct care provider. Federally funded providers must offer interpreters at the point of care regardless of what their website shows, so a web assessment understates this sector. Read the tier as published information, not as bedside access",EH,derived
health_neighborcare,Neighborcare Health,health,Pashto,1,0,,False,none,0,,,False,https://neighborcare.org,2026-09-07,,"Unrestricted widget, machine translation only | Direct care provider. Federally funded providers must offer interpreters at the point of care regardless of what their website shows, so a web assessment understates this sector. Read the tier as published information, not as bedside access",EH,derived
health_neighborcare,Neighborcare Health,health,Pere,0,0,,False,none,0,,,False,https://neighborcare.org,2026-09-07,,"Unrestricted widget, machine translation only | Direct care provider. Federally funded providers must offer interpreters at the point of care regardless of what their website shows, so a web assessment understates this sector. Read the tier as published information, not as bedside access",EH,derived
health_neighborcare,Neighborcare Health,health,Polish,1,0,,False,none,0,,,False,https://neighborcare.org,2026-09-07,,"Unrestricted widget, machine translation only | Direct care provider. Federally funded providers must offer interpreters at the point of care regardless of what their website shows, so a web assessment understates this sector. Read the tier as published information, not as bedside access",EH,derived
health_neighborcare,Neighborcare Health,health,Portuguese,0,0,,False,none,0,,,False,https://neighborcare.org,2026-09-07,,"Unrestricted widget, machine translation only | Direct care provider. Federally funded providers must offer interpreters at the point of care regardless of what their website shows, so a web assessment understates this sector. Read the tier as published information, not as bedside access",EH,derived
health_neighborcare,Neighborcare Health,health,Punjabi,1,0,,False,none,0,,,False,https://neighborcare.org,2026-09-07,,"Unrestricted widget, machine translation only | Direct care provider. Federally funded providers must offer interpreters at the point of care regardless of what their website shows, so a web assessment understates this sector. Read the tier as published information, not as bedside access",EH,derived
health_neighborcare,Neighborcare Health,health,Purepecha,0,0,,False,none,0,,,False,https://neighborcare.org,2026-09-07,,"Unrestricted widget, machine translation only | Direct care provider. Federally funded providers must offer interpreters at the point of care regardless of what their website shows, so a web assessment understates this sector. Read the tier as published information, not as bedside access",EH,derived
health_neighborcare,Neighborcare Health,health,Rohingya,0,0,,False,none,0,,,False,https://neighborcare.org,2026-09-07,,"Unrestricted widget, machine translation only | Direct care provider. Federally funded providers must offer interpreters at the point of care regardless of what their website shows, so a web assessment understates this sector. Read the tier as published information, not as bedside access",EH,derived
health_neighborcare,Neighborcare Health,health,Romanian,1,0,,False,none,0,,,False,https://neighborcare.org,2026-09-07,,"Unrestricted widget, machine translation only | Direct care provider. Federally funded providers must offer interpreters at the point of care regardless of what their website shows, so a web assessment understates this sector. Read the tier as published information, not as bedside access",EH,derived
health_neighborcare,Neighborcare Health,health,Russian,1,0,,False,none,0,,,False,https://neighborcare.org,2026-09-07,,"Unrestricted widget, machine translation only | Direct care provider. Federally funded providers must offer interpreters at the point of care regardless of what their website shows, so a web assessment understates this sector. Read the tier as published information, not as bedside access",EH,derived
health_neighborcare,Neighborcare Health,health,Samoan,1,0,,False,none,0,,,False,https://neighborcare.org,2026-09-07,,"Unrestricted widget, machine translation only | Direct care provider. Federally funded providers must offer interpreters at the point of care regardless of what their website shows, so a web assessment understates this sector. Read the tier as published information, not as bedside access",EH,derived
health_neighborcare,Neighborcare Health,health,Sao,0,0,,False,none,0,,,False,https://neighborcare.org,2026-09-07,,"Unrestricted widget, machine translation only | Direct care provider. Federally funded providers must offer interpreters at the point of care regardless of what their website shows, so a web assessment understates this sector. Read the tier as published information, not as bedside access",EH,derived
health_neighborcare,Neighborcare Health,health,Serbo-Croation,0,0,,False,none,0,,,False,https://neighborcare.org,2026-09-07,,"Unrestricted widget, machine translation only | Direct care provider. Federally funded providers must offer interpreters at the point of care regardless of what their website shows, so a web assessment understates this sector. Read the tier as published information, not as bedside access",EH,derived
health_neighborcare,Neighborcare Health,health,Shona,1,0,,False,none,0,,,False,https://neighborcare.org,2026-09-07,,"Unrestricted widget, machine translation only | Direct care provider. Federally funded providers must offer interpreters at the point of care regardless of what their website shows, so a web assessment understates this sector. Read the tier as published information, not as bedside access",EH,derived
health_neighborcare,Neighborcare Health,health,Sinhalese,0,0,,False,none,0,,,False,https://neighborcare.org,2026-09-07,,"Unrestricted widget, machine translation only | Direct care provider. Federally funded providers must offer interpreters at the point of care regardless of what their website shows, so a web assessment understates this sector. Read the tier as published information, not as bedside access",EH,derived
health_neighborcare,Neighborcare Health,health,Slovenian,1,0,,False,none,0,,,False,https://neighborcare.org,2026-09-07,,"Unrestricted widget, machine translation only | Direct care provider. Federally funded providers must offer interpreters at the point of care regardless of what their website shows, so a web assessment understates this sector. Read the tier as published information, not as bedside access",EH,derived
health_neighborcare,Neighborcare Health,health,Somali,1,0,,False,none,0,,,False,https://neighborcare.org,2026-09-07,,"Unrestricted widget, machine translation only | Direct care provider. Federally funded providers must offer interpreters at the point of care regardless of what their website shows, so a web assessment understates this sector. Read the tier as published information, not as bedside access",EH,derived
health_neighborcare,Neighborcare Health,health,Soninke,0,0,,False,none,0,,,False,https://neighborcare.org,2026-09-07,,"Unrestricted widget, machine translation only | Direct care provider. Federally funded providers must offer interpreters at the point of care regardless of what their website shows, so a web assessment understates this sector. Read the tier as published information, not as bedside access",EH,derived
health_neighborcare,Neighborcare Health,health,Sotho,0,0,,False,none,0,,,False,https://neighborcare.org,2026-09-07,,"Unrestricted widget, machine translation only | Direct care provider. Federally funded providers must offer interpreters at the point of care regardless of what their website shows, so a web assessment understates this sector. Read the tier as published information, not as bedside access",EH,derived
health_neighborcare,Neighborcare Health,health,Spanish,1,0,,False,none,0,,,False,https://neighborcare.org,2026-09-07,,"Unrestricted widget, machine translation only | Direct care provider. Federally funded providers must offer interpreters at the point of care regardless of what their website shows, so a web assessment understates this sector. Read the tier as published information, not as bedside access",EH,derived
health_neighborcare,Neighborcare Health,health,Swahili,1,0,,False,none,0,,,False,https://neighborcare.org,2026-09-07,,"Unrestricted widget, machine translation only | Direct care provider. Federally funded providers must offer interpreters at the point of care regardless of what their website shows, so a web assessment understates this sector. Read the tier as published information, not as bedside access",EH,derived
health_neighborcare,Neighborcare Health,health,Tagalog,1,0,,False,none,0,,,False,https://neighborcare.org,2026-09-07,,"Unrestricted widget, machine translation only | Direct care provider. Federally funded providers must offer interpreters at the point of care regardless of what their website shows, so a web assessment understates this sector. Read the tier as published information, not as bedside access",EH,derived
health_neighborcare,Neighborcare Health,health,Taishanese,0,0,,False,none,0,,,False,https://neighborcare.org,2026-09-07,,"Unrestricted widget, machine translation only | Direct care provider. Federally funded providers must offer interpreters at the point of care regardless of what their website shows, so a web assessment understates this sector. Read the tier as published information, not as bedside access",EH,derived
health_neighborcare,Neighborcare Health,health,Tajiki,0,0,,False,none,0,,,False,https://neighborcare.org,2026-09-07,,"Unrestricted widget, machine translation only | Direct care provider. Federally funded providers must offer interpreters at the point of care regardless of what their website shows, so a web assessment understates this sector. Read the tier as published information, not as bedside access",EH,derived
health_neighborcare,Neighborcare Health,health,Tamil,1,0,,False,none,0,,,False,https://neighborcare.org,2026-09-07,,"Unrestricted widget, machine translation only | Direct care provider. Federally funded providers must offer interpreters at the point of care regardless of what their website shows, so a web assessment understates this sector. Read the tier as published information, not as bedside access",EH,derived
health_neighborcare,Neighborcare Health,health,Tarasco,0,0,,False,none,0,,,False,https://neighborcare.org,2026-09-07,,"Unrestricted widget, machine translation only | Direct care provider. Federally funded providers must offer interpreters at the point of care regardless of what their website shows, so a web assessment understates this sector. Read the tier as published information, not as bedside access",EH,derived
health_neighborcare,Neighborcare Health,health,Tedim,0,0,,False,none,0,,,False,https://neighborcare.org,2026-09-07,,"Unrestricted widget, machine translation only | Direct care provider. Federally funded providers must offer interpreters at the point of care regardless of what their website shows, so a web assessment understates this sector. Read the tier as published information, not as bedside access",EH,derived
health_neighborcare,Neighborcare Health,health,Telugu,1,0,,False,none,0,,,False,https://neighborcare.org,2026-09-07,,"Unrestricted widget, machine translation only | Direct care provider. Federally funded providers must offer interpreters at the point of care regardless of what their website shows, so a web assessment understates this sector. Read the tier as published information, not as bedside access",EH,derived
health_neighborcare,Neighborcare Health,health,Thai,1,0,,False,none,0,,,False,https://neighborcare.org,2026-09-07,,"Unrestricted widget, machine translation only | Direct care provider. Federally funded providers must offer interpreters at the point of care regardless of what their website shows, so a web assessment understates this sector. Read the tier as published information, not as bedside access",EH,derived
health_neighborcare,Neighborcare Health,health,Tibetan,1,0,,False,none,0,,,False,https://neighborcare.org,2026-09-07,,"Unrestricted widget, machine translation only | Direct care provider. Federally funded providers must offer interpreters at the point of care regardless of what their website shows, so a web assessment understates this sector. Read the tier as published information, not as bedside access",EH,derived
health_neighborcare,Neighborcare Health,health,Tigrinya,1,0,,False,none,0,,,False,https://neighborcare.org,2026-09-07,,"Unrestricted widget, machine translation only | Direct care provider. Federally funded providers must offer interpreters at the point of care regardless of what their website shows, so a web assessment understates this sector. Read the tier as published information, not as bedside access",EH,derived
health_neighborcare,Neighborcare Health,health,Tongan,1,0,,False,none,0,,,False,https://neighborcare.org,2026-09-07,,"Unrestricted widget, machine translation only | Direct care provider. Federally funded providers must offer interpreters at the point of care regardless of what their website shows, so a web assessment understates this sector. Read the tier as published information, not as bedside access",EH,derived
health_neighborcare,Neighborcare Health,health,Turkish,1,0,,False,none,0,,,False,https://neighborcare.org,2026-09-07,,"Unrestricted widget, machine translation only | Direct care provider. Federally funded providers must offer interpreters at the point of care regardless of what their website shows, so a web assessment understates this sector. Read the tier as published information, not as bedside access",EH,derived
health_neighborcare,Neighborcare Health,health,Twi,1,0,,False,none,0,,,False,https://neighborcare.org,2026-09-07,,"Unrestricted widget, machine translation only | Direct care provider. Federally funded providers must offer interpreters at the point of care regardless of what their website shows, so a web assessment understates this sector. Read the tier as published information, not as bedside access",EH,derived
health_neighborcare,Neighborcare Health,health,Ukrainian,1,0,,False,none,0,,,False,https://neighborcare.org,2026-09-07,,"Unrestricted widget, machine translation only | Direct care provider. Federally funded providers must offer interpreters at the point of care regardless of what their website shows, so a web assessment understates this sector. Read the tier as published information, not as bedside access",EH,derived
health_neighborcare,Neighborcare Health,health,Urdu,1,0,,False,none,0,,,False,https://neighborcare.org,2026-09-07,,"Unrestricted widget, machine translation only | Direct care provider. Federally funded providers must offer interpreters at the point of care regardless of what their website shows, so a web assessment understates this sector. Read the tier as published information, not as bedside access",EH,derived
health_neighborcare,Neighborcare Health,health,Uzbek,1,0,,False,none,0,,,False,https://neighborcare.org,2026-09-07,,"Unrestricted widget, machine translation only | Direct care provider. Federally funded providers must offer interpreters at the point of care regardless of what their website shows, so a web assessment understates this sector. Read the tier as published information, not as bedside access",EH,derived
health_neighborcare,Neighborcare Health,health,Vietnamese,1,0,,False,none,0,,,False,https://neighborcare.org,2026-09-07,,"Unrestricted widget, machine translation only | Direct care provider. Federally funded providers must offer interpreters at the point of care regardless of what their website shows, so a web assessment understates this sector. Read the tier as published information, not as bedside access",EH,derived
health_neighborcare,Neighborcare Health,health,Wolof,1,0,,False,none,0,,,False,https://neighborcare.org,2026-09-07,,"Unrestricted widget, machine translation only | Direct care provider. Federally funded providers must offer interpreters at the point of care regardless of what their website shows, so a web assessment understates this sector. Read the tier as published information, not as bedside access",EH,derived
health_neighborcare,Neighborcare Health,health,Yap,0,0,,False,none,0,,,False,https://neighborcare.org,2026-09-07,,"Unrestricted widget, machine translation only | Direct care provider. Federally funded providers must offer interpreters at the point of care regardless of what their website shows, so a web assessment understates this sector. Read the tier as published information, not as bedside access",EH,derived
health_neighborcare,Neighborcare Health,health,Yoruba,1,0,,False,none,0,,,False,https://neighborcare.org,2026-09-07,,"Unrestricted widget, machine translation only | Direct care provider. Federally funded providers must offer interpreters at the point of care regardless of what their website shows, so a web assessment understates this sector. Read the tier as published information, not as bedside access",EH,derived
health_globaltolocal,Global to Local,health,Acholi,0,0,,False,none,0,,,False,https://www.globaltolocal.org/,2026-09-07,,"No translation mechanism found on the site | Direct care provider. Federally funded providers must offer interpreters at the point of care regardless of what their website shows, so a web assessment understates this sector. Read the tier as published information, not as bedside access",EH,derived
health_globaltolocal,Global to Local,health,Aguacateco,0,0,,False,none,0,,,False,https://www.globaltolocal.org/,2026-09-07,,"No translation mechanism found on the site | Direct care provider. Federally funded providers must offer interpreters at the point of care regardless of what their website shows, so a web assessment understates this sector. Read the tier as published information, not as bedside access",EH,derived
health_globaltolocal,Global to Local,health,Akateko,0,0,,False,none,0,,,False,https://www.globaltolocal.org/,2026-09-07,,"No translation mechanism found on the site | Direct care provider. Federally funded providers must offer interpreters at the point of care regardless of what their website shows, so a web assessment understates this sector. Read the tier as published information, not as bedside access",EH,derived
health_globaltolocal,Global to Local,health,Albanian,0,0,,False,none,0,,,False,https://www.globaltolocal.org/,2026-09-07,,"No translation mechanism found on the site | Direct care provider. Federally funded providers must offer interpreters at the point of care regardless of what their website shows, so a web assessment understates this sector. Read the tier as published information, not as bedside access",EH,derived
health_globaltolocal,Global to Local,health,American Sign Language,0,0,,False,none,0,,,False,https://www.globaltolocal.org/,2026-09-07,,"No translation mechanism found on the site | Direct care provider. Federally funded providers must offer interpreters at the point of care regardless of what their website shows, so a web assessment understates this sector. Read the tier as published information, not as bedside access",EH,derived
health_globaltolocal,Global to Local,health,Amharic,0,0,,False,none,0,,,False,https://www.globaltolocal.org/,2026-09-07,,"No translation mechanism found on the site | Direct care provider. Federally funded providers must offer interpreters at the point of care regardless of what their website shows, so a web assessment understates this sector. Read the tier as published information, not as bedside access",EH,derived
health_globaltolocal,Global to Local,health,Arabic,0,0,,False,none,0,,,False,https://www.globaltolocal.org/,2026-09-07,,"No translation mechanism found on the site | Direct care provider. Federally funded providers must offer interpreters at the point of care regardless of what their website shows, so a web assessment understates this sector. Read the tier as published information, not as bedside access",EH,derived
health_globaltolocal,Global to Local,health,Armenian,0,0,,False,none,0,,,False,https://www.globaltolocal.org/,2026-09-07,,"No translation mechanism found on the site | Direct care provider. Federally funded providers must offer interpreters at the point of care regardless of what their website shows, so a web assessment understates this sector. Read the tier as published information, not as bedside access",EH,derived
health_globaltolocal,Global to Local,health,Ayula-Bambara,0,0,,False,none,0,,,False,https://www.globaltolocal.org/,2026-09-07,,"No translation mechanism found on the site | Direct care provider. Federally funded providers must offer interpreters at the point of care regardless of what their website shows, so a web assessment understates this sector. Read the tier as published information, not as bedside access",EH,derived
health_globaltolocal,Global to Local,health,Azerbaijani,0,0,,False,none,0,,,False,https://www.globaltolocal.org/,2026-09-07,,"No translation mechanism found on the site | Direct care provider. Federally funded providers must offer interpreters at the point of care regardless of what their website shows, so a web assessment understates this sector. Read the tier as published information, not as bedside access",EH,derived
health_globaltolocal,Global to Local,health,Bambara,0,0,,False,none,0,,,False,https://www.globaltolocal.org/,2026-09-07,,"No translation mechanism found on the site | Direct care provider. Federally funded providers must offer interpreters at the point of care regardless of what their website shows, so a web assessment understates this sector. Read the tier as published information, not as bedside access",EH,derived
health_globaltolocal,Global to Local,health,Bangala,0,0,,False,none,0,,,False,https://www.globaltolocal.org/,2026-09-07,,"No translation mechanism found on the site | Direct care provider. Federally funded providers must offer interpreters at the point of care regardless of what their website shows, so a web assessment understates this sector. Read the tier as published information, not as bedside access",EH,derived
health_globaltolocal,Global to Local,health,Bassa,0,0,,False,none,0,,,False,https://www.globaltolocal.org/,2026-09-07,,"No translation mechanism found on the site | Direct care provider. Federally funded providers must offer interpreters at the point of care regardless of what their website shows, so a web assessment understates this sector. Read the tier as published information, not as bedside access",EH,derived
health_globaltolocal,Global to Local,health,Bengali,0,0,,False,none,0,,,False,https://www.globaltolocal.org/,2026-09-07,,"No translation mechanism found on the site | Direct care provider. Federally funded providers must offer interpreters at the point of care regardless of what their website shows, so a web assessment understates this sector. Read the tier as published information, not as bedside access",EH,derived
health_globaltolocal,Global to Local,health,Bosnian,0,0,,False,none,0,,,False,https://www.globaltolocal.org/,2026-09-07,,"No translation mechanism found on the site | Direct care provider. Federally funded providers must offer interpreters at the point of care regardless of what their website shows, so a web assessment understates this sector. Read the tier as published information, not as bedside access",EH,derived
health_globaltolocal,Global to Local,health,Bulgarian,0,0,,False,none,0,,,False,https://www.globaltolocal.org/,2026-09-07,,"No translation mechanism found on the site | Direct care provider. Federally funded providers must offer interpreters at the point of care regardless of what their website shows, so a web assessment understates this sector. Read the tier as published information, not as bedside access",EH,derived
health_globaltolocal,Global to Local,health,Burmese,0,0,,False,none,0,,,False,https://www.globaltolocal.org/,2026-09-07,,"No translation mechanism found on the site | Direct care provider. Federally funded providers must offer interpreters at the point of care regardless of what their website shows, so a web assessment understates this sector. Read the tier as published information, not as bedside access",EH,derived
health_globaltolocal,Global to Local,health,Carolinian,0,0,,False,none,0,,,False,https://www.globaltolocal.org/,2026-09-07,,"No translation mechanism found on the site | Direct care provider. Federally funded providers must offer interpreters at the point of care regardless of what their website shows, so a web assessment understates this sector. Read the tier as published information, not as bedside access",EH,derived
health_globaltolocal,Global to Local,health,Catalan,0,0,,False,none,0,,,False,https://www.globaltolocal.org/,2026-09-07,,"No translation mechanism found on the site | Direct care provider. Federally funded providers must offer interpreters at the point of care regardless of what their website shows, so a web assessment understates this sector. Read the tier as published information, not as bedside access",EH,derived
health_globaltolocal,Global to Local,health,Cebuano,0,0,,False,none,0,,,False,https://www.globaltolocal.org/,2026-09-07,,"No translation mechanism found on the site | Direct care provider. Federally funded providers must offer interpreters at the point of care regardless of what their website shows, so a web assessment understates this sector. Read the tier as published information, not as bedside access",EH,derived
health_globaltolocal,Global to Local,health,Cham,0,0,,False,none,0,,,False,https://www.globaltolocal.org/,2026-09-07,,"No translation mechanism found on the site | Direct care provider. Federally funded providers must offer interpreters at the point of care regardless of what their website shows, so a web assessment understates this sector. Read the tier as published information, not as bedside access",EH,derived
health_globaltolocal,Global to Local,health,Chamorro,0,0,,False,none,0,,,False,https://www.globaltolocal.org/,2026-09-07,,"No translation mechanism found on the site | Direct care provider. Federally funded providers must offer interpreters at the point of care regardless of what their website shows, so a web assessment understates this sector. Read the tier as published information, not as bedside access",EH,derived
health_globaltolocal,Global to Local,health,Chin,0,0,,False,none,0,,,False,https://www.globaltolocal.org/,2026-09-07,,"No translation mechanism found on the site | Direct care provider. Federally funded providers must offer interpreters at the point of care regardless of what their website shows, so a web assessment understates this sector. Read the tier as published information, not as bedside access",EH,derived
health_globaltolocal,Global to Local,health,Chinese-Cantonese,0,0,,False,none,0,,,False,https://www.globaltolocal.org/,2026-09-07,,"No translation mechanism found on the site | Direct care provider. Federally funded providers must offer interpreters at the point of care regardless of what their website shows, so a web assessment understates this sector. Read the tier as published information, not as bedside access",EH,derived
health_globaltolocal,Global to Local,health,Chinese-Fukienese,0,0,,False,none,0,,,False,https://www.globaltolocal.org/,2026-09-07,,"No translation mechanism found on the site | Direct care provider. Federally funded providers must offer interpreters at the point of care regardless of what their website shows, so a web assessment understates this sector. Read the tier as published information, not as bedside access",EH,derived
health_globaltolocal,Global to Local,health,Chinese-Mandarin,0,0,,False,none,0,,,False,https://www.globaltolocal.org/,2026-09-07,,"No translation mechanism found on the site | Direct care provider. Federally funded providers must offer interpreters at the point of care regardless of what their website shows, so a web assessment understates this sector. Read the tier as published information, not as bedside access",EH,derived
health_globaltolocal,Global to Local,health,Chinese-Taiwanese,0,0,,False,none,0,,,False,https://www.globaltolocal.org/,2026-09-07,,"No translation mechanism found on the site | Direct care provider. Federally funded providers must offer interpreters at the point of care regardless of what their website shows, so a web assessment understates this sector. Read the tier as published information, not as bedside access",EH,derived
health_globaltolocal,Global to Local,health,Chuukese,0,0,,False,none,0,,,False,https://www.globaltolocal.org/,2026-09-07,,"No translation mechanism found on the site | Direct care provider. Federally funded providers must offer interpreters at the point of care regardless of what their website shows, so a web assessment understates this sector. Read the tier as published information, not as bedside access",EH,derived
health_globaltolocal,Global to Local,health,Dari,0,0,,False,none,0,,,False,https://www.globaltolocal.org/,2026-09-07,,"No translation mechanism found on the site | Direct care provider. Federally funded providers must offer interpreters at the point of care regardless of what their website shows, so a web assessment understates this sector. Read the tier as published information, not as bedside access",EH,derived
health_globaltolocal,Global to Local,health,Dinka,0,0,,False,none,0,,,False,https://www.globaltolocal.org/,2026-09-07,,"No translation mechanism found on the site | Direct care provider. Federally funded providers must offer interpreters at the point of care regardless of what their website shows, so a web assessment understates this sector. Read the tier as published information, not as bedside access",EH,derived
health_globaltolocal,Global to Local,health,Dutch,0,0,,False,none,0,,,False,https://www.globaltolocal.org/,2026-09-07,,"No translation mechanism found on the site | Direct care provider. Federally funded providers must offer interpreters at the point of care regardless of what their website shows, so a web assessment understates this sector. Read the tier as published information, not as bedside access",EH,derived
health_globaltolocal,Global to Local,health,Egyptian-Arabic,0,0,,False,none,0,,,False,https://www.globaltolocal.org/,2026-09-07,,"No translation mechanism found on the site | Direct care provider. Federally funded providers must offer interpreters at the point of care regardless of what their website shows, so a web assessment understates this sector. Read the tier as published information, not as bedside access",EH,derived
health_globaltolocal,Global to Local,health,Eritai,0,0,,False,none,0,,,False,https://www.globaltolocal.org/,2026-09-07,,"No translation mechanism found on the site | Direct care provider. Federally funded providers must offer interpreters at the point of care regardless of what their website shows, so a web assessment understates this sector. Read the tier as published information, not as bedside access",EH,derived
health_globaltolocal,Global to Local,health,Estonian,0,0,,False,none,0,,,False,https://www.globaltolocal.org/,2026-09-07,,"No translation mechanism found on the site | Direct care provider. Federally funded providers must offer interpreters at the point of care regardless of what their website shows, so a web assessment understates this sector. Read the tier as published information, not as bedside access",EH,derived
health_globaltolocal,Global to Local,health,Ewe,0,0,,False,none,0,,,False,https://www.globaltolocal.org/,2026-09-07,,"No translation mechanism found on the site | Direct care provider. Federally funded providers must offer interpreters at the point of care regardless of what their website shows, so a web assessment understates this sector. Read the tier as published information, not as bedside access",EH,derived
health_globaltolocal,Global to Local,health,Fallani,0,0,,False,none,0,,,False,https://www.globaltolocal.org/,2026-09-07,,"No translation mechanism found on the site | Direct care provider. Federally funded providers must offer interpreters at the point of care regardless of what their website shows, so a web assessment understates this sector. Read the tier as published information, not as bedside access",EH,derived
health_globaltolocal,Global to Local,health,Farsi,0,0,,False,none,0,,,False,https://www.globaltolocal.org/,2026-09-07,,"No translation mechanism found on the site | Direct care provider. Federally funded providers must offer interpreters at the point of care regardless of what their website shows, so a web assessment understates this sector. Read the tier as published information, not as bedside access",EH,derived
health_globaltolocal,Global to Local,health,French,0,0,,False,none,0,,,False,https://www.globaltolocal.org/,2026-09-07,,"No translation mechanism found on the site | Direct care provider. Federally funded providers must offer interpreters at the point of care regardless of what their website shows, so a web assessment understates this sector. Read the tier as published information, not as bedside access",EH,derived
health_globaltolocal,Global to Local,health,Fula,0,0,,False,none,0,,,False,https://www.globaltolocal.org/,2026-09-07,,"No translation mechanism found on the site | Direct care provider. Federally funded providers must offer interpreters at the point of care regardless of what their website shows, so a web assessment understates this sector. Read the tier as published information, not as bedside access",EH,derived
health_globaltolocal,Global to Local,health,Ga,0,0,,False,none,0,,,False,https://www.globaltolocal.org/,2026-09-07,,"No translation mechanism found on the site | Direct care provider. Federally funded providers must offer interpreters at the point of care regardless of what their website shows, so a web assessment understates this sector. Read the tier as published information, not as bedside access",EH,derived
health_globaltolocal,Global to Local,health,German,0,0,,False,none,0,,,False,https://www.globaltolocal.org/,2026-09-07,,"No translation mechanism found on the site | Direct care provider. Federally funded providers must offer interpreters at the point of care regardless of what their website shows, so a web assessment understates this sector. Read the tier as published information, not as bedside access",EH,derived
health_globaltolocal,Global to Local,health,"Greek, Modern",0,0,,False,none,0,,,False,https://www.globaltolocal.org/,2026-09-07,,"No translation mechanism found on the site | Direct care provider. Federally funded providers must offer interpreters at the point of care regardless of what their website shows, so a web assessment understates this sector. Read the tier as published information, not as bedside access",EH,derived
health_globaltolocal,Global to Local,health,Gujarati,0,0,,False,none,0,,,False,https://www.globaltolocal.org/,2026-09-07,,"No translation mechanism found on the site | Direct care provider. Federally funded providers must offer interpreters at the point of care regardless of what their website shows, so a web assessment understates this sector. Read the tier as published information, not as bedside access",EH,derived
health_globaltolocal,Global to Local,health,Haitian Creole,0,0,,False,none,0,,,False,https://www.globaltolocal.org/,2026-09-07,,"No translation mechanism found on the site | Direct care provider. Federally funded providers must offer interpreters at the point of care regardless of what their website shows, so a web assessment understates this sector. Read the tier as published information, not as bedside access",EH,derived
health_globaltolocal,Global to Local,health,Hausa,0,0,,False,none,0,,,False,https://www.globaltolocal.org/,2026-09-07,,"No translation mechanism found on the site | Direct care provider. Federally funded providers must offer interpreters at the point of care regardless of what their website shows, so a web assessment understates this sector. Read the tier as published information, not as bedside access",EH,derived
health_globaltolocal,Global to Local,health,Hawaiian,0,0,,False,none,0,,,False,https://www.globaltolocal.org/,2026-09-07,,"No translation mechanism found on the site | Direct care provider. Federally funded providers must offer interpreters at the point of care regardless of what their website shows, so a web assessment understates this sector. Read the tier as published information, not as bedside access",EH,derived
health_globaltolocal,Global to Local,health,Herero,0,0,,False,none,0,,,False,https://www.globaltolocal.org/,2026-09-07,,"No translation mechanism found on the site | Direct care provider. Federally funded providers must offer interpreters at the point of care regardless of what their website shows, so a web assessment understates this sector. Read the tier as published information, not as bedside access",EH,derived
health_globaltolocal,Global to Local,health,Hindi,0,0,,False,none,0,,,False,https://www.globaltolocal.org/,2026-09-07,,"No translation mechanism found on the site | Direct care provider. Federally funded providers must offer interpreters at the point of care regardless of what their website shows, so a web assessment understates this sector. Read the tier as published information, not as bedside access",EH,derived
health_globaltolocal,Global to Local,health,Hmong,0,0,,False,none,0,,,False,https://www.globaltolocal.org/,2026-09-07,,"No translation mechanism found on the site | Direct care provider. Federally funded providers must offer interpreters at the point of care regardless of what their website shows, so a web assessment understates this sector. Read the tier as published information, not as bedside access",EH,derived
health_globaltolocal,Global to Local,health,Hungarian,0,0,,False,none,0,,,False,https://www.globaltolocal.org/,2026-09-07,,"No translation mechanism found on the site | Direct care provider. Federally funded providers must offer interpreters at the point of care regardless of what their website shows, so a web assessment understates this sector. Read the tier as published information, not as bedside access",EH,derived
health_globaltolocal,Global to Local,health,Igbo,0,0,,False,none,0,,,False,https://www.globaltolocal.org/,2026-09-07,,"No translation mechanism found on the site | Direct care provider. Federally funded providers must offer interpreters at the point of care regardless of what their website shows, so a web assessment understates this sector. Read the tier as published information, not as bedside access",EH,derived
health_globaltolocal,Global to Local,health,Ilokano,0,0,,False,none,0,,,False,https://www.globaltolocal.org/,2026-09-07,,"No translation mechanism found on the site | Direct care provider. Federally funded providers must offer interpreters at the point of care regardless of what their website shows, so a web assessment understates this sector. Read the tier as published information, not as bedside access",EH,derived
health_globaltolocal,Global to Local,health,Indonesian,0,0,,False,none,0,,,False,https://www.globaltolocal.org/,2026-09-07,,"No translation mechanism found on the site | Direct care provider. Federally funded providers must offer interpreters at the point of care regardless of what their website shows, so a web assessment understates this sector. Read the tier as published information, not as bedside access",EH,derived
health_globaltolocal,Global to Local,health,Italian,0,0,,False,none,0,,,False,https://www.globaltolocal.org/,2026-09-07,,"No translation mechanism found on the site | Direct care provider. Federally funded providers must offer interpreters at the point of care regardless of what their website shows, so a web assessment understates this sector. Read the tier as published information, not as bedside access",EH,derived
health_globaltolocal,Global to Local,health,Japanese,0,0,,False,none,0,,,False,https://www.globaltolocal.org/,2026-09-07,,"No translation mechanism found on the site | Direct care provider. Federally funded providers must offer interpreters at the point of care regardless of what their website shows, so a web assessment understates this sector. Read the tier as published information, not as bedside access",EH,derived
health_globaltolocal,Global to Local,health,Kakwa,0,0,,False,none,0,,,False,https://www.globaltolocal.org/,2026-09-07,,"No translation mechanism found on the site | Direct care provider. Federally funded providers must offer interpreters at the point of care regardless of what their website shows, so a web assessment understates this sector. Read the tier as published information, not as bedside access",EH,derived
health_globaltolocal,Global to Local,health,Kannada,0,0,,False,none,0,,,False,https://www.globaltolocal.org/,2026-09-07,,"No translation mechanism found on the site | Direct care provider. Federally funded providers must offer interpreters at the point of care regardless of what their website shows, so a web assessment understates this sector. Read the tier as published information, not as bedside access",EH,derived
health_globaltolocal,Global to Local,health,Karen,0,0,,False,none,0,,,False,https://www.globaltolocal.org/,2026-09-07,,"No translation mechanism found on the site | Direct care provider. Federally funded providers must offer interpreters at the point of care regardless of what their website shows, so a web assessment understates this sector. Read the tier as published information, not as bedside access",EH,derived
health_globaltolocal,Global to Local,health,Karenni,0,0,,False,none,0,,,False,https://www.globaltolocal.org/,2026-09-07,,"No translation mechanism found on the site | Direct care provider. Federally funded providers must offer interpreters at the point of care regardless of what their website shows, so a web assessment understates this sector. Read the tier as published information, not as bedside access",EH,derived
health_globaltolocal,Global to Local,health,Kazakh,0,0,,False,none,0,,,False,https://www.globaltolocal.org/,2026-09-07,,"No translation mechanism found on the site | Direct care provider. Federally funded providers must offer interpreters at the point of care regardless of what their website shows, so a web assessment understates this sector. Read the tier as published information, not as bedside access",EH,derived
health_globaltolocal,Global to Local,health,Khmer,0,0,,False,none,0,,,False,https://www.globaltolocal.org/,2026-09-07,,"No translation mechanism found on the site | Direct care provider. Federally funded providers must offer interpreters at the point of care regardless of what their website shows, so a web assessment understates this sector. Read the tier as published information, not as bedside access",EH,derived
health_globaltolocal,Global to Local,health,Kikuyu,0,0,,False,none,0,,,False,https://www.globaltolocal.org/,2026-09-07,,"No translation mechanism found on the site | Direct care provider. Federally funded providers must offer interpreters at the point of care regardless of what their website shows, so a web assessment understates this sector. Read the tier as published information, not as bedside access",EH,derived
health_globaltolocal,Global to Local,health,Kinyarwanda,0,0,,False,none,0,,,False,https://www.globaltolocal.org/,2026-09-07,,"No translation mechanism found on the site | Direct care provider. Federally funded providers must offer interpreters at the point of care regardless of what their website shows, so a web assessment understates this sector. Read the tier as published information, not as bedside access",EH,derived
health_globaltolocal,Global to Local,health,Kirgiz,0,0,,False,none,0,,,False,https://www.globaltolocal.org/,2026-09-07,,"No translation mechanism found on the site | Direct care provider. Federally funded providers must offer interpreters at the point of care regardless of what their website shows, so a web assessment understates this sector. Read the tier as published information, not as bedside access",EH,derived
health_globaltolocal,Global to Local,health,Kirundi,0,0,,False,none,0,,,False,https://www.globaltolocal.org/,2026-09-07,,"No translation mechanism found on the site | Direct care provider. Federally funded providers must offer interpreters at the point of care regardless of what their website shows, so a web assessment understates this sector. Read the tier as published information, not as bedside access",EH,derived
health_globaltolocal,Global to Local,health,Kmhmu,0,0,,False,none,0,,,False,https://www.globaltolocal.org/,2026-09-07,,"No translation mechanism found on the site | Direct care provider. Federally funded providers must offer interpreters at the point of care regardless of what their website shows, so a web assessment understates this sector. Read the tier as published information, not as bedside access",EH,derived
health_globaltolocal,Global to Local,health,Kongo,0,0,,False,none,0,,,False,https://www.globaltolocal.org/,2026-09-07,,"No translation mechanism found on the site | Direct care provider. Federally funded providers must offer interpreters at the point of care regardless of what their website shows, so a web assessment understates this sector. Read the tier as published information, not as bedside access",EH,derived
health_globaltolocal,Global to Local,health,Korean,0,0,,False,none,0,,,False,https://www.globaltolocal.org/,2026-09-07,,"No translation mechanism found on the site | Direct care provider. Federally funded providers must offer interpreters at the point of care regardless of what their website shows, so a web assessment understates this sector. Read the tier as published information, not as bedside access",EH,derived
health_globaltolocal,Global to Local,health,Kosraean,0,0,,False,none,0,,,False,https://www.globaltolocal.org/,2026-09-07,,"No translation mechanism found on the site | Direct care provider. Federally funded providers must offer interpreters at the point of care regardless of what their website shows, so a web assessment understates this sector. Read the tier as published information, not as bedside access",EH,derived
health_globaltolocal,Global to Local,health,Krahn,0,0,,False,none,0,,,False,https://www.globaltolocal.org/,2026-09-07,,"No translation mechanism found on the site | Direct care provider. Federally funded providers must offer interpreters at the point of care regardless of what their website shows, so a web assessment understates this sector. Read the tier as published information, not as bedside access",EH,derived
health_globaltolocal,Global to Local,health,Krio,0,0,,False,none,0,,,False,https://www.globaltolocal.org/,2026-09-07,,"No translation mechanism found on the site | Direct care provider. Federally funded providers must offer interpreters at the point of care regardless of what their website shows, so a web assessment understates this sector. Read the tier as published information, not as bedside access",EH,derived
health_globaltolocal,Global to Local,health,Kru,0,0,,False,none,0,,,False,https://www.globaltolocal.org/,2026-09-07,,"No translation mechanism found on the site | Direct care provider. Federally funded providers must offer interpreters at the point of care regardless of what their website shows, so a web assessment understates this sector. Read the tier as published information, not as bedside access",EH,derived
health_globaltolocal,Global to Local,health,Kurdish,0,0,,False,none,0,,,False,https://www.globaltolocal.org/,2026-09-07,,"No translation mechanism found on the site | Direct care provider. Federally funded providers must offer interpreters at the point of care regardless of what their website shows, so a web assessment understates this sector. Read the tier as published information, not as bedside access",EH,derived
health_globaltolocal,Global to Local,health,Lao,0,0,,False,none,0,,,False,https://www.globaltolocal.org/,2026-09-07,,"No translation mechanism found on the site | Direct care provider. Federally funded providers must offer interpreters at the point of care regardless of what their website shows, so a web assessment understates this sector. Read the tier as published information, not as bedside access",EH,derived
health_globaltolocal,Global to Local,health,Latvian,0,0,,False,none,0,,,False,https://www.globaltolocal.org/,2026-09-07,,"No translation mechanism found on the site | Direct care provider. Federally funded providers must offer interpreters at the point of care regardless of what their website shows, so a web assessment understates this sector. Read the tier as published information, not as bedside access",EH,derived
health_globaltolocal,Global to Local,health,Lingala,0,0,,False,none,0,,,False,https://www.globaltolocal.org/,2026-09-07,,"No translation mechanism found on the site | Direct care provider. Federally funded providers must offer interpreters at the point of care regardless of what their website shows, so a web assessment understates this sector. Read the tier as published information, not as bedside access",EH,derived
health_globaltolocal,Global to Local,health,Luganda,0,0,,False,none,0,,,False,https://www.globaltolocal.org/,2026-09-07,,"No translation mechanism found on the site | Direct care provider. Federally funded providers must offer interpreters at the point of care regardless of what their website shows, so a web assessment understates this sector. Read the tier as published information, not as bedside access",EH,derived
health_globaltolocal,Global to Local,health,Maay Maay,0,0,,False,none,0,,,False,https://www.globaltolocal.org/,2026-09-07,,"No translation mechanism found on the site | Direct care provider. Federally funded providers must offer interpreters at the point of care regardless of what their website shows, so a web assessment understates this sector. Read the tier as published information, not as bedside access",EH,derived
health_globaltolocal,Global to Local,health,Malay,0,0,,False,none,0,,,False,https://www.globaltolocal.org/,2026-09-07,,"No translation mechanism found on the site | Direct care provider. Federally funded providers must offer interpreters at the point of care regardless of what their website shows, so a web assessment understates this sector. Read the tier as published information, not as bedside access",EH,derived
health_globaltolocal,Global to Local,health,Malayalam,0,0,,False,none,0,,,False,https://www.globaltolocal.org/,2026-09-07,,"No translation mechanism found on the site | Direct care provider. Federally funded providers must offer interpreters at the point of care regardless of what their website shows, so a web assessment understates this sector. Read the tier as published information, not as bedside access",EH,derived
health_globaltolocal,Global to Local,health,Mam,0,0,,False,none,0,,,False,https://www.globaltolocal.org/,2026-09-07,,"No translation mechanism found on the site | Direct care provider. Federally funded providers must offer interpreters at the point of care regardless of what their website shows, so a web assessment understates this sector. Read the tier as published information, not as bedside access",EH,derived
health_globaltolocal,Global to Local,health,Mandingo,0,0,,False,none,0,,,False,https://www.globaltolocal.org/,2026-09-07,,"No translation mechanism found on the site | Direct care provider. Federally funded providers must offer interpreters at the point of care regardless of what their website shows, so a web assessment understates this sector. Read the tier as published information, not as bedside access",EH,derived
health_globaltolocal,Global to Local,health,Mandinka,0,0,,False,none,0,,,False,https://www.globaltolocal.org/,2026-09-07,,"No translation mechanism found on the site | Direct care provider. Federally funded providers must offer interpreters at the point of care regardless of what their website shows, so a web assessment understates this sector. Read the tier as published information, not as bedside access",EH,derived
health_globaltolocal,Global to Local,health,Marathi,0,0,,False,none,0,,,False,https://www.globaltolocal.org/,2026-09-07,,"No translation mechanism found on the site | Direct care provider. Federally funded providers must offer interpreters at the point of care regardless of what their website shows, so a web assessment understates this sector. Read the tier as published information, not as bedside access",EH,derived
health_globaltolocal,Global to Local,health,Marquesan,0,0,,False,none,0,,,False,https://www.globaltolocal.org/,2026-09-07,,"No translation mechanism found on the site | Direct care provider. Federally funded providers must offer interpreters at the point of care regardless of what their website shows, so a web assessment understates this sector. Read the tier as published information, not as bedside access",EH,derived
health_globaltolocal,Global to Local,health,Marshallese,0,0,,False,none,0,,,False,https://www.globaltolocal.org/,2026-09-07,,"No translation mechanism found on the site | Direct care provider. Federally funded providers must offer interpreters at the point of care regardless of what their website shows, so a web assessment understates this sector. Read the tier as published information, not as bedside access",EH,derived
health_globaltolocal,Global to Local,health,Maya-Quiche,0,0,,False,none,0,,,False,https://www.globaltolocal.org/,2026-09-07,,"No translation mechanism found on the site | Direct care provider. Federally funded providers must offer interpreters at the point of care regardless of what their website shows, so a web assessment understates this sector. Read the tier as published information, not as bedside access",EH,derived
health_globaltolocal,Global to Local,health,Mien,0,0,,False,none,0,,,False,https://www.globaltolocal.org/,2026-09-07,,"No translation mechanism found on the site | Direct care provider. Federally funded providers must offer interpreters at the point of care regardless of what their website shows, so a web assessment understates this sector. Read the tier as published information, not as bedside access",EH,derived
health_globaltolocal,Global to Local,health,Mixteco,0,0,,False,none,0,,,False,https://www.globaltolocal.org/,2026-09-07,,"No translation mechanism found on the site | Direct care provider. Federally funded providers must offer interpreters at the point of care regardless of what their website shows, so a web assessment understates this sector. Read the tier as published information, not as bedside access",EH,derived
health_globaltolocal,Global to Local,health,Moldavian,0,0,,False,none,0,,,False,https://www.globaltolocal.org/,2026-09-07,,"No translation mechanism found on the site | Direct care provider. Federally funded providers must offer interpreters at the point of care regardless of what their website shows, so a web assessment understates this sector. Read the tier as published information, not as bedside access",EH,derived
health_globaltolocal,Global to Local,health,Mongolian,0,0,,False,none,0,,,False,https://www.globaltolocal.org/,2026-09-07,,"No translation mechanism found on the site | Direct care provider. Federally funded providers must offer interpreters at the point of care regardless of what their website shows, so a web assessment understates this sector. Read the tier as published information, not as bedside access",EH,derived
health_globaltolocal,Global to Local,health,Moore,0,0,,False,none,0,,,False,https://www.globaltolocal.org/,2026-09-07,,"No translation mechanism found on the site | Direct care provider. Federally funded providers must offer interpreters at the point of care regardless of what their website shows, so a web assessment understates this sector. Read the tier as published information, not as bedside access",EH,derived
health_globaltolocal,Global to Local,health,"Nahuatl, Guerrero region",0,0,,False,none,0,,,False,https://www.globaltolocal.org/,2026-09-07,,"No translation mechanism found on the site | Direct care provider. Federally funded providers must offer interpreters at the point of care regardless of what their website shows, so a web assessment understates this sector. Read the tier as published information, not as bedside access",EH,derived
health_globaltolocal,Global to Local,health,Nepali,0,0,,False,none,0,,,False,https://www.globaltolocal.org/,2026-09-07,,"No translation mechanism found on the site | Direct care provider. Federally funded providers must offer interpreters at the point of care regardless of what their website shows, so a web assessment understates this sector. Read the tier as published information, not as bedside access",EH,derived
health_globaltolocal,Global to Local,health,Nuer,0,0,,False,none,0,,,False,https://www.globaltolocal.org/,2026-09-07,,"No translation mechanism found on the site | Direct care provider. Federally funded providers must offer interpreters at the point of care regardless of what their website shows, so a web assessment understates this sector. Read the tier as published information, not as bedside access",EH,derived
health_globaltolocal,Global to Local,health,Oromo,0,0,,False,none,0,,,False,https://www.globaltolocal.org/,2026-09-07,,"No translation mechanism found on the site | Direct care provider. Federally funded providers must offer interpreters at the point of care regardless of what their website shows, so a web assessment understates this sector. Read the tier as published information, not as bedside access",EH,derived
health_globaltolocal,Global to Local,health,Palau,0,0,,False,none,0,,,False,https://www.globaltolocal.org/,2026-09-07,,"No translation mechanism found on the site | Direct care provider. Federally funded providers must offer interpreters at the point of care regardless of what their website shows, so a web assessment understates this sector. Read the tier as published information, not as bedside access",EH,derived
health_globaltolocal,Global to Local,health,Pashai,0,0,,False,none,0,,,False,https://www.globaltolocal.org/,2026-09-07,,"No translation mechanism found on the site | Direct care provider. Federally funded providers must offer interpreters at the point of care regardless of what their website shows, so a web assessment understates this sector. Read the tier as published information, not as bedside access",EH,derived
health_globaltolocal,Global to Local,health,Pashto,0,0,,False,none,0,,,False,https://www.globaltolocal.org/,2026-09-07,,"No translation mechanism found on the site | Direct care provider. Federally funded providers must offer interpreters at the point of care regardless of what their website shows, so a web assessment understates this sector. Read the tier as published information, not as bedside access",EH,derived
health_globaltolocal,Global to Local,health,Pere,0,0,,False,none,0,,,False,https://www.globaltolocal.org/,2026-09-07,,"No translation mechanism found on the site | Direct care provider. Federally funded providers must offer interpreters at the point of care regardless of what their website shows, so a web assessment understates this sector. Read the tier as published information, not as bedside access",EH,derived
health_globaltolocal,Global to Local,health,Polish,0,0,,False,none,0,,,False,https://www.globaltolocal.org/,2026-09-07,,"No translation mechanism found on the site | Direct care provider. Federally funded providers must offer interpreters at the point of care regardless of what their website shows, so a web assessment understates this sector. Read the tier as published information, not as bedside access",EH,derived
health_globaltolocal,Global to Local,health,Portuguese,0,0,,False,none,0,,,False,https://www.globaltolocal.org/,2026-09-07,,"No translation mechanism found on the site | Direct care provider. Federally funded providers must offer interpreters at the point of care regardless of what their website shows, so a web assessment understates this sector. Read the tier as published information, not as bedside access",EH,derived
health_globaltolocal,Global to Local,health,Punjabi,0,0,,False,none,0,,,False,https://www.globaltolocal.org/,2026-09-07,,"No translation mechanism found on the site | Direct care provider. Federally funded providers must offer interpreters at the point of care regardless of what their website shows, so a web assessment understates this sector. Read the tier as published information, not as bedside access",EH,derived
health_globaltolocal,Global to Local,health,Purepecha,0,0,,False,none,0,,,False,https://www.globaltolocal.org/,2026-09-07,,"No translation mechanism found on the site | Direct care provider. Federally funded providers must offer interpreters at the point of care regardless of what their website shows, so a web assessment understates this sector. Read the tier as published information, not as bedside access",EH,derived
health_globaltolocal,Global to Local,health,Rohingya,0,0,,False,none,0,,,False,https://www.globaltolocal.org/,2026-09-07,,"No translation mechanism found on the site | Direct care provider. Federally funded providers must offer interpreters at the point of care regardless of what their website shows, so a web assessment understates this sector. Read the tier as published information, not as bedside access",EH,derived
health_globaltolocal,Global to Local,health,Romanian,0,0,,False,none,0,,,False,https://www.globaltolocal.org/,2026-09-07,,"No translation mechanism found on the site | Direct care provider. Federally funded providers must offer interpreters at the point of care regardless of what their website shows, so a web assessment understates this sector. Read the tier as published information, not as bedside access",EH,derived
health_globaltolocal,Global to Local,health,Russian,0,0,,False,none,0,,,False,https://www.globaltolocal.org/,2026-09-07,,"No translation mechanism found on the site | Direct care provider. Federally funded providers must offer interpreters at the point of care regardless of what their website shows, so a web assessment understates this sector. Read the tier as published information, not as bedside access",EH,derived
health_globaltolocal,Global to Local,health,Samoan,0,0,,False,none,0,,,False,https://www.globaltolocal.org/,2026-09-07,,"No translation mechanism found on the site | Direct care provider. Federally funded providers must offer interpreters at the point of care regardless of what their website shows, so a web assessment understates this sector. Read the tier as published information, not as bedside access",EH,derived
health_globaltolocal,Global to Local,health,Sao,0,0,,False,none,0,,,False,https://www.globaltolocal.org/,2026-09-07,,"No translation mechanism found on the site | Direct care provider. Federally funded providers must offer interpreters at the point of care regardless of what their website shows, so a web assessment understates this sector. Read the tier as published information, not as bedside access",EH,derived
health_globaltolocal,Global to Local,health,Serbo-Croation,0,0,,False,none,0,,,False,https://www.globaltolocal.org/,2026-09-07,,"No translation mechanism found on the site | Direct care provider. Federally funded providers must offer interpreters at the point of care regardless of what their website shows, so a web assessment understates this sector. Read the tier as published information, not as bedside access",EH,derived
health_globaltolocal,Global to Local,health,Shona,0,0,,False,none,0,,,False,https://www.globaltolocal.org/,2026-09-07,,"No translation mechanism found on the site | Direct care provider. Federally funded providers must offer interpreters at the point of care regardless of what their website shows, so a web assessment understates this sector. Read the tier as published information, not as bedside access",EH,derived
health_globaltolocal,Global to Local,health,Sinhalese,0,0,,False,none,0,,,False,https://www.globaltolocal.org/,2026-09-07,,"No translation mechanism found on the site | Direct care provider. Federally funded providers must offer interpreters at the point of care regardless of what their website shows, so a web assessment understates this sector. Read the tier as published information, not as bedside access",EH,derived
health_globaltolocal,Global to Local,health,Slovenian,0,0,,False,none,0,,,False,https://www.globaltolocal.org/,2026-09-07,,"No translation mechanism found on the site | Direct care provider. Federally funded providers must offer interpreters at the point of care regardless of what their website shows, so a web assessment understates this sector. Read the tier as published information, not as bedside access",EH,derived
health_globaltolocal,Global to Local,health,Somali,0,0,,False,none,0,,,False,https://www.globaltolocal.org/,2026-09-07,,"No translation mechanism found on the site | Direct care provider. Federally funded providers must offer interpreters at the point of care regardless of what their website shows, so a web assessment understates this sector. Read the tier as published information, not as bedside access",EH,derived
health_globaltolocal,Global to Local,health,Soninke,0,0,,False,none,0,,,False,https://www.globaltolocal.org/,2026-09-07,,"No translation mechanism found on the site | Direct care provider. Federally funded providers must offer interpreters at the point of care regardless of what their website shows, so a web assessment understates this sector. Read the tier as published information, not as bedside access",EH,derived
health_globaltolocal,Global to Local,health,Sotho,0,0,,False,none,0,,,False,https://www.globaltolocal.org/,2026-09-07,,"No translation mechanism found on the site | Direct care provider. Federally funded providers must offer interpreters at the point of care regardless of what their website shows, so a web assessment understates this sector. Read the tier as published information, not as bedside access",EH,derived
health_globaltolocal,Global to Local,health,Spanish,0,0,,False,none,0,,,False,https://www.globaltolocal.org/,2026-09-07,,"No translation mechanism found on the site | Direct care provider. Federally funded providers must offer interpreters at the point of care regardless of what their website shows, so a web assessment understates this sector. Read the tier as published information, not as bedside access",EH,derived
health_globaltolocal,Global to Local,health,Swahili,0,0,,False,none,0,,,False,https://www.globaltolocal.org/,2026-09-07,,"No translation mechanism found on the site | Direct care provider. Federally funded providers must offer interpreters at the point of care regardless of what their website shows, so a web assessment understates this sector. Read the tier as published information, not as bedside access",EH,derived
health_globaltolocal,Global to Local,health,Tagalog,0,0,,False,none,0,,,False,https://www.globaltolocal.org/,2026-09-07,,"No translation mechanism found on the site | Direct care provider. Federally funded providers must offer interpreters at the point of care regardless of what their website shows, so a web assessment understates this sector. Read the tier as published information, not as bedside access",EH,derived
health_globaltolocal,Global to Local,health,Taishanese,0,0,,False,none,0,,,False,https://www.globaltolocal.org/,2026-09-07,,"No translation mechanism found on the site | Direct care provider. Federally funded providers must offer interpreters at the point of care regardless of what their website shows, so a web assessment understates this sector. Read the tier as published information, not as bedside access",EH,derived
health_globaltolocal,Global to Local,health,Tajiki,0,0,,False,none,0,,,False,https://www.globaltolocal.org/,2026-09-07,,"No translation mechanism found on the site | Direct care provider. Federally funded providers must offer interpreters at the point of care regardless of what their website shows, so a web assessment understates this sector. Read the tier as published information, not as bedside access",EH,derived
health_globaltolocal,Global to Local,health,Tamil,0,0,,False,none,0,,,False,https://www.globaltolocal.org/,2026-09-07,,"No translation mechanism found on the site | Direct care provider. Federally funded providers must offer interpreters at the point of care regardless of what their website shows, so a web assessment understates this sector. Read the tier as published information, not as bedside access",EH,derived
health_globaltolocal,Global to Local,health,Tarasco,0,0,,False,none,0,,,False,https://www.globaltolocal.org/,2026-09-07,,"No translation mechanism found on the site | Direct care provider. Federally funded providers must offer interpreters at the point of care regardless of what their website shows, so a web assessment understates this sector. Read the tier as published information, not as bedside access",EH,derived
health_globaltolocal,Global to Local,health,Tedim,0,0,,False,none,0,,,False,https://www.globaltolocal.org/,2026-09-07,,"No translation mechanism found on the site | Direct care provider. Federally funded providers must offer interpreters at the point of care regardless of what their website shows, so a web assessment understates this sector. Read the tier as published information, not as bedside access",EH,derived
health_globaltolocal,Global to Local,health,Telugu,0,0,,False,none,0,,,False,https://www.globaltolocal.org/,2026-09-07,,"No translation mechanism found on the site | Direct care provider. Federally funded providers must offer interpreters at the point of care regardless of what their website shows, so a web assessment understates this sector. Read the tier as published information, not as bedside access",EH,derived
health_globaltolocal,Global to Local,health,Thai,0,0,,False,none,0,,,False,https://www.globaltolocal.org/,2026-09-07,,"No translation mechanism found on the site | Direct care provider. Federally funded providers must offer interpreters at the point of care regardless of what their website shows, so a web assessment understates this sector. Read the tier as published information, not as bedside access",EH,derived
health_globaltolocal,Global to Local,health,Tibetan,0,0,,False,none,0,,,False,https://www.globaltolocal.org/,2026-09-07,,"No translation mechanism found on the site | Direct care provider. Federally funded providers must offer interpreters at the point of care regardless of what their website shows, so a web assessment understates this sector. Read the tier as published information, not as bedside access",EH,derived
health_globaltolocal,Global to Local,health,Tigrinya,0,0,,False,none,0,,,False,https://www.globaltolocal.org/,2026-09-07,,"No translation mechanism found on the site | Direct care provider. Federally funded providers must offer interpreters at the point of care regardless of what their website shows, so a web assessment understates this sector. Read the tier as published information, not as bedside access",EH,derived
health_globaltolocal,Global to Local,health,Tongan,0,0,,False,none,0,,,False,https://www.globaltolocal.org/,2026-09-07,,"No translation mechanism found on the site | Direct care provider. Federally funded providers must offer interpreters at the point of care regardless of what their website shows, so a web assessment understates this sector. Read the tier as published information, not as bedside access",EH,derived
health_globaltolocal,Global to Local,health,Turkish,0,0,,False,none,0,,,False,https://www.globaltolocal.org/,2026-09-07,,"No translation mechanism found on the site | Direct care provider. Federally funded providers must offer interpreters at the point of care regardless of what their website shows, so a web assessment understates this sector. Read the tier as published information, not as bedside access",EH,derived
health_globaltolocal,Global to Local,health,Twi,0,0,,False,none,0,,,False,https://www.globaltolocal.org/,2026-09-07,,"No translation mechanism found on the site | Direct care provider. Federally funded providers must offer interpreters at the point of care regardless of what their website shows, so a web assessment understates this sector. Read the tier as published information, not as bedside access",EH,derived
health_globaltolocal,Global to Local,health,Ukrainian,0,0,,False,none,0,,,False,https://www.globaltolocal.org/,2026-09-07,,"No translation mechanism found on the site | Direct care provider. Federally funded providers must offer interpreters at the point of care regardless of what their website shows, so a web assessment understates this sector. Read the tier as published information, not as bedside access",EH,derived
health_globaltolocal,Global to Local,health,Urdu,0,0,,False,none,0,,,False,https://www.globaltolocal.org/,2026-09-07,,"No translation mechanism found on the site | Direct care provider. Federally funded providers must offer interpreters at the point of care regardless of what their website shows, so a web assessment understates this sector. Read the tier as published information, not as bedside access",EH,derived
health_globaltolocal,Global to Local,health,Uzbek,0,0,,False,none,0,,,False,https://www.globaltolocal.org/,2026-09-07,,"No translation mechanism found on the site | Direct care provider. Federally funded providers must offer interpreters at the point of care regardless of what their website shows, so a web assessment understates this sector. Read the tier as published information, not as bedside access",EH,derived
health_globaltolocal,Global to Local,health,Vietnamese,0,0,,False,none,0,,,False,https://www.globaltolocal.org/,2026-09-07,,"No translation mechanism found on the site | Direct care provider. Federally funded providers must offer interpreters at the point of care regardless of what their website shows, so a web assessment understates this sector. Read the tier as published information, not as bedside access",EH,derived
health_globaltolocal,Global to Local,health,Wolof,0,0,,False,none,0,,,False,https://www.globaltolocal.org/,2026-09-07,,"No translation mechanism found on the site | Direct care provider. Federally funded providers must offer interpreters at the point of care regardless of what their website shows, so a web assessment understates this sector. Read the tier as published information, not as bedside access",EH,derived
health_globaltolocal,Global to Local,health,Yap,0,0,,False,none,0,,,False,https://www.globaltolocal.org/,2026-09-07,,"No translation mechanism found on the site | Direct care provider. Federally funded providers must offer interpreters at the point of care regardless of what their website shows, so a web assessment understates this sector. Read the tier as published information, not as bedside access",EH,derived
health_globaltolocal,Global to Local,health,Yoruba,0,0,,False,none,0,,,False,https://www.globaltolocal.org/,2026-09-07,,"No translation mechanism found on the site | Direct care provider. Federally funded providers must offer interpreters at the point of care regardless of what their website shows, so a web assessment understates this sector. Read the tier as published information, not as bedside access",EH,derived
health_valleymed,Valley Medical Center,health,Acholi,1,2,,True,machine_widget,0,,,False,https://www.valleymed.org/,2026-09-07,,"Unrestricted widget, machine translation only | Direct care provider. Federally funded providers must offer interpreters at the point of care regardless of what their website shows, so a web assessment understates this sector. Read the tier as published information, not as bedside access",EH,derived
health_valleymed,Valley Medical Center,health,Aguacateco,0,0,,False,none,0,,,False,https://www.valleymed.org/,2026-09-07,,"Unrestricted widget, machine translation only | Direct care provider. Federally funded providers must offer interpreters at the point of care regardless of what their website shows, so a web assessment understates this sector. Read the tier as published information, not as bedside access",EH,derived
health_valleymed,Valley Medical Center,health,Akateko,0,0,,False,none,0,,,False,https://www.valleymed.org/,2026-09-07,,"Unrestricted widget, machine translation only | Direct care provider. Federally funded providers must offer interpreters at the point of care regardless of what their website shows, so a web assessment understates this sector. Read the tier as published information, not as bedside access",EH,derived
health_valleymed,Valley Medical Center,health,Albanian,1,2,,True,machine_widget,0,,,False,https://www.valleymed.org/,2026-09-07,,"Unrestricted widget, machine translation only | Direct care provider. Federally funded providers must offer interpreters at the point of care regardless of what their website shows, so a web assessment understates this sector. Read the tier as published information, not as bedside access",EH,derived
health_valleymed,Valley Medical Center,health,American Sign Language,0,0,,False,none,0,,,False,https://www.valleymed.org/,2026-09-07,,"Unrestricted widget, machine translation only | Direct care provider. Federally funded providers must offer interpreters at the point of care regardless of what their website shows, so a web assessment understates this sector. Read the tier as published information, not as bedside access",EH,derived
health_valleymed,Valley Medical Center,health,Amharic,1,2,,True,machine_widget,0,,,False,https://www.valleymed.org/,2026-09-07,,"Unrestricted widget, machine translation only | Direct care provider. Federally funded providers must offer interpreters at the point of care regardless of what their website shows, so a web assessment understates this sector. Read the tier as published information, not as bedside access",EH,derived
health_valleymed,Valley Medical Center,health,Arabic,1,2,,True,machine_widget,0,,,False,https://www.valleymed.org/,2026-09-07,,"Unrestricted widget, machine translation only | Direct care provider. Federally funded providers must offer interpreters at the point of care regardless of what their website shows, so a web assessment understates this sector. Read the tier as published information, not as bedside access",EH,derived
health_valleymed,Valley Medical Center,health,Armenian,1,2,,True,machine_widget,0,,,False,https://www.valleymed.org/,2026-09-07,,"Unrestricted widget, machine translation only | Direct care provider. Federally funded providers must offer interpreters at the point of care regardless of what their website shows, so a web assessment understates this sector. Read the tier as published information, not as bedside access",EH,derived
health_valleymed,Valley Medical Center,health,Ayula-Bambara,0,0,,False,none,0,,,False,https://www.valleymed.org/,2026-09-07,,"Unrestricted widget, machine translation only | Direct care provider. Federally funded providers must offer interpreters at the point of care regardless of what their website shows, so a web assessment understates this sector. Read the tier as published information, not as bedside access",EH,derived
health_valleymed,Valley Medical Center,health,Azerbaijani,1,2,,True,machine_widget,0,,,False,https://www.valleymed.org/,2026-09-07,,"Unrestricted widget, machine translation only | Direct care provider. Federally funded providers must offer interpreters at the point of care regardless of what their website shows, so a web assessment understates this sector. Read the tier as published information, not as bedside access",EH,derived
health_valleymed,Valley Medical Center,health,Bambara,1,2,,True,machine_widget,0,,,False,https://www.valleymed.org/,2026-09-07,,"Unrestricted widget, machine translation only | Direct care provider. Federally funded providers must offer interpreters at the point of care regardless of what their website shows, so a web assessment understates this sector. Read the tier as published information, not as bedside access",EH,derived
health_valleymed,Valley Medical Center,health,Bangala,0,0,,False,none,0,,,False,https://www.valleymed.org/,2026-09-07,,"Unrestricted widget, machine translation only | Direct care provider. Federally funded providers must offer interpreters at the point of care regardless of what their website shows, so a web assessment understates this sector. Read the tier as published information, not as bedside access",EH,derived
health_valleymed,Valley Medical Center,health,Bassa,0,0,,False,none,0,,,False,https://www.valleymed.org/,2026-09-07,,"Unrestricted widget, machine translation only | Direct care provider. Federally funded providers must offer interpreters at the point of care regardless of what their website shows, so a web assessment understates this sector. Read the tier as published information, not as bedside access",EH,derived
health_valleymed,Valley Medical Center,health,Bengali,1,2,,True,machine_widget,0,,,False,https://www.valleymed.org/,2026-09-07,,"Unrestricted widget, machine translation only | Direct care provider. Federally funded providers must offer interpreters at the point of care regardless of what their website shows, so a web assessment understates this sector. Read the tier as published information, not as bedside access",EH,derived
health_valleymed,Valley Medical Center,health,Bosnian,1,2,,True,machine_widget,0,,,False,https://www.valleymed.org/,2026-09-07,,"Unrestricted widget, machine translation only | Direct care provider. Federally funded providers must offer interpreters at the point of care regardless of what their website shows, so a web assessment understates this sector. Read the tier as published information, not as bedside access",EH,derived
health_valleymed,Valley Medical Center,health,Bulgarian,1,2,,True,machine_widget,0,,,False,https://www.valleymed.org/,2026-09-07,,"Unrestricted widget, machine translation only | Direct care provider. Federally funded providers must offer interpreters at the point of care regardless of what their website shows, so a web assessment understates this sector. Read the tier as published information, not as bedside access",EH,derived
health_valleymed,Valley Medical Center,health,Burmese,1,2,,True,machine_widget,0,,,False,https://www.valleymed.org/,2026-09-07,,"Unrestricted widget, machine translation only | Direct care provider. Federally funded providers must offer interpreters at the point of care regardless of what their website shows, so a web assessment understates this sector. Read the tier as published information, not as bedside access",EH,derived
health_valleymed,Valley Medical Center,health,Carolinian,0,0,,False,none,0,,,False,https://www.valleymed.org/,2026-09-07,,"Unrestricted widget, machine translation only | Direct care provider. Federally funded providers must offer interpreters at the point of care regardless of what their website shows, so a web assessment understates this sector. Read the tier as published information, not as bedside access",EH,derived
health_valleymed,Valley Medical Center,health,Catalan,1,2,,True,machine_widget,0,,,False,https://www.valleymed.org/,2026-09-07,,"Unrestricted widget, machine translation only | Direct care provider. Federally funded providers must offer interpreters at the point of care regardless of what their website shows, so a web assessment understates this sector. Read the tier as published information, not as bedside access",EH,derived
health_valleymed,Valley Medical Center,health,Cebuano,1,2,,True,machine_widget,0,,,False,https://www.valleymed.org/,2026-09-07,,"Unrestricted widget, machine translation only | Direct care provider. Federally funded providers must offer interpreters at the point of care regardless of what their website shows, so a web assessment understates this sector. Read the tier as published information, not as bedside access",EH,derived
health_valleymed,Valley Medical Center,health,Cham,0,0,,False,none,0,,,False,https://www.valleymed.org/,2026-09-07,,"Unrestricted widget, machine translation only | Direct care provider. Federally funded providers must offer interpreters at the point of care regardless of what their website shows, so a web assessment understates this sector. Read the tier as published information, not as bedside access",EH,derived
health_valleymed,Valley Medical Center,health,Chamorro,1,2,,True,machine_widget,0,,,False,https://www.valleymed.org/,2026-09-07,,"Unrestricted widget, machine translation only | Direct care provider. Federally funded providers must offer interpreters at the point of care regardless of what their website shows, so a web assessment understates this sector. Read the tier as published information, not as bedside access",EH,derived
health_valleymed,Valley Medical Center,health,Chin,0,0,,False,none,0,,,False,https://www.valleymed.org/,2026-09-07,,"Unrestricted widget, machine translation only | Direct care provider. Federally funded providers must offer interpreters at the point of care regardless of what their website shows, so a web assessment understates this sector. Read the tier as published information, not as bedside access",EH,derived
health_valleymed,Valley Medical Center,health,Chinese-Cantonese,1,2,,True,machine_widget,0,,,False,https://www.valleymed.org/,2026-09-07,,"Unrestricted widget, machine translation only | Direct care provider. Federally funded providers must offer interpreters at the point of care regardless of what their website shows, so a web assessment understates this sector. Read the tier as published information, not as bedside access",EH,derived
health_valleymed,Valley Medical Center,health,Chinese-Fukienese,0,0,,False,none,0,,,False,https://www.valleymed.org/,2026-09-07,,"Unrestricted widget, machine translation only | Direct care provider. Federally funded providers must offer interpreters at the point of care regardless of what their website shows, so a web assessment understates this sector. Read the tier as published information, not as bedside access",EH,derived
health_valleymed,Valley Medical Center,health,Chinese-Mandarin,1,2,,True,machine_widget,0,,,False,https://www.valleymed.org/,2026-09-07,,"Unrestricted widget, machine translation only | Direct care provider. Federally funded providers must offer interpreters at the point of care regardless of what their website shows, so a web assessment understates this sector. Read the tier as published information, not as bedside access",EH,derived
health_valleymed,Valley Medical Center,health,Chinese-Taiwanese,0,0,,False,none,0,,,False,https://www.valleymed.org/,2026-09-07,,"Unrestricted widget, machine translation only | Direct care provider. Federally funded providers must offer interpreters at the point of care regardless of what their website shows, so a web assessment understates this sector. Read the tier as published information, not as bedside access",EH,derived
health_valleymed,Valley Medical Center,health,Chuukese,1,2,,True,machine_widget,0,,,False,https://www.valleymed.org/,2026-09-07,,"Unrestricted widget, machine translation only | Direct care provider. Federally funded providers must offer interpreters at the point of care regardless of what their website shows, so a web assessment understates this sector. Read the tier as published information, not as bedside access",EH,derived
health_valleymed,Valley Medical Center,health,Dari,1,2,,True,machine_widget,0,,,False,https://www.valleymed.org/,2026-09-07,,"Unrestricted widget, machine translation only | Direct care provider. Federally funded providers must offer interpreters at the point of care regardless of what their website shows, so a web assessment understates this sector. Read the tier as published information, not as bedside access",EH,derived
health_valleymed,Valley Medical Center,health,Dinka,1,2,,True,machine_widget,0,,,False,https://www.valleymed.org/,2026-09-07,,"Unrestricted widget, machine translation only | Direct care provider. Federally funded providers must offer interpreters at the point of care regardless of what their website shows, so a web assessment understates this sector. Read the tier as published information, not as bedside access",EH,derived
health_valleymed,Valley Medical Center,health,Dutch,1,2,,True,machine_widget,0,,,False,https://www.valleymed.org/,2026-09-07,,"Unrestricted widget, machine translation only | Direct care provider. Federally funded providers must offer interpreters at the point of care regardless of what their website shows, so a web assessment understates this sector. Read the tier as published information, not as bedside access",EH,derived
health_valleymed,Valley Medical Center,health,Egyptian-Arabic,0,0,,False,none,0,,,False,https://www.valleymed.org/,2026-09-07,,"Unrestricted widget, machine translation only | Direct care provider. Federally funded providers must offer interpreters at the point of care regardless of what their website shows, so a web assessment understates this sector. Read the tier as published information, not as bedside access",EH,derived
health_valleymed,Valley Medical Center,health,Eritai,0,0,,False,none,0,,,False,https://www.valleymed.org/,2026-09-07,,"Unrestricted widget, machine translation only | Direct care provider. Federally funded providers must offer interpreters at the point of care regardless of what their website shows, so a web assessment understates this sector. Read the tier as published information, not as bedside access",EH,derived
health_valleymed,Valley Medical Center,health,Estonian,1,2,,True,machine_widget,0,,,False,https://www.valleymed.org/,2026-09-07,,"Unrestricted widget, machine translation only | Direct care provider. Federally funded providers must offer interpreters at the point of care regardless of what their website shows, so a web assessment understates this sector. Read the tier as published information, not as bedside access",EH,derived
health_valleymed,Valley Medical Center,health,Ewe,1,2,,True,machine_widget,0,,,False,https://www.valleymed.org/,2026-09-07,,"Unrestricted widget, machine translation only | Direct care provider. Federally funded providers must offer interpreters at the point of care regardless of what their website shows, so a web assessment understates this sector. Read the tier as published information, not as bedside access",EH,derived
health_valleymed,Valley Medical Center,health,Fallani,0,0,,False,none,0,,,False,https://www.valleymed.org/,2026-09-07,,"Unrestricted widget, machine translation only | Direct care provider. Federally funded providers must offer interpreters at the point of care regardless of what their website shows, so a web assessment understates this sector. Read the tier as published information, not as bedside access",EH,derived
health_valleymed,Valley Medical Center,health,Farsi,1,2,,True,machine_widget,0,,,False,https://www.valleymed.org/,2026-09-07,,"Unrestricted widget, machine translation only | Direct care provider. Federally funded providers must offer interpreters at the point of care regardless of what their website shows, so a web assessment understates this sector. Read the tier as published information, not as bedside access",EH,derived
health_valleymed,Valley Medical Center,health,French,1,2,,True,machine_widget,0,,,False,https://www.valleymed.org/,2026-09-07,,"Unrestricted widget, machine translation only | Direct care provider. Federally funded providers must offer interpreters at the point of care regardless of what their website shows, so a web assessment understates this sector. Read the tier as published information, not as bedside access",EH,derived
health_valleymed,Valley Medical Center,health,Fula,0,0,,False,none,0,,,False,https://www.valleymed.org/,2026-09-07,,"Unrestricted widget, machine translation only | Direct care provider. Federally funded providers must offer interpreters at the point of care regardless of what their website shows, so a web assessment understates this sector. Read the tier as published information, not as bedside access",EH,derived
health_valleymed,Valley Medical Center,health,Ga,1,2,,True,machine_widget,0,,,False,https://www.valleymed.org/,2026-09-07,,"Unrestricted widget, machine translation only | Direct care provider. Federally funded providers must offer interpreters at the point of care regardless of what their website shows, so a web assessment understates this sector. Read the tier as published information, not as bedside access",EH,derived
health_valleymed,Valley Medical Center,health,German,1,2,,True,machine_widget,0,,,False,https://www.valleymed.org/,2026-09-07,,"Unrestricted widget, machine translation only | Direct care provider. Federally funded providers must offer interpreters at the point of care regardless of what their website shows, so a web assessment understates this sector. Read the tier as published information, not as bedside access",EH,derived
health_valleymed,Valley Medical Center,health,"Greek, Modern",0,0,,False,none,0,,,False,https://www.valleymed.org/,2026-09-07,,"Unrestricted widget, machine translation only | Direct care provider. Federally funded providers must offer interpreters at the point of care regardless of what their website shows, so a web assessment understates this sector. Read the tier as published information, not as bedside access",EH,derived
health_valleymed,Valley Medical Center,health,Gujarati,1,2,,True,machine_widget,0,,,False,https://www.valleymed.org/,2026-09-07,,"Unrestricted widget, machine translation only | Direct care provider. Federally funded providers must offer interpreters at the point of care regardless of what their website shows, so a web assessment understates this sector. Read the tier as published information, not as bedside access",EH,derived
health_valleymed,Valley Medical Center,health,Haitian Creole,1,2,,True,machine_widget,0,,,False,https://www.valleymed.org/,2026-09-07,,"Unrestricted widget, machine translation only | Direct care provider. Federally funded providers must offer interpreters at the point of care regardless of what their website shows, so a web assessment understates this sector. Read the tier as published information, not as bedside access",EH,derived
health_valleymed,Valley Medical Center,health,Hausa,1,2,,True,machine_widget,0,,,False,https://www.valleymed.org/,2026-09-07,,"Unrestricted widget, machine translation only | Direct care provider. Federally funded providers must offer interpreters at the point of care regardless of what their website shows, so a web assessment understates this sector. Read the tier as published information, not as bedside access",EH,derived
health_valleymed,Valley Medical Center,health,Hawaiian,1,2,,True,machine_widget,0,,,False,https://www.valleymed.org/,2026-09-07,,"Unrestricted widget, machine translation only | Direct care provider. Federally funded providers must offer interpreters at the point of care regardless of what their website shows, so a web assessment understates this sector. Read the tier as published information, not as bedside access",EH,derived
health_valleymed,Valley Medical Center,health,Herero,0,0,,False,none,0,,,False,https://www.valleymed.org/,2026-09-07,,"Unrestricted widget, machine translation only | Direct care provider. Federally funded providers must offer interpreters at the point of care regardless of what their website shows, so a web assessment understates this sector. Read the tier as published information, not as bedside access",EH,derived
health_valleymed,Valley Medical Center,health,Hindi,1,2,,True,machine_widget,0,,,False,https://www.valleymed.org/,2026-09-07,,"Unrestricted widget, machine translation only | Direct care provider. Federally funded providers must offer interpreters at the point of care regardless of what their website shows, so a web assessment understates this sector. Read the tier as published information, not as bedside access",EH,derived
health_valleymed,Valley Medical Center,health,Hmong,1,2,,True,machine_widget,0,,,False,https://www.valleymed.org/,2026-09-07,,"Unrestricted widget, machine translation only | Direct care provider. Federally funded providers must offer interpreters at the point of care regardless of what their website shows, so a web assessment understates this sector. Read the tier as published information, not as bedside access",EH,derived
health_valleymed,Valley Medical Center,health,Hungarian,1,2,,True,machine_widget,0,,,False,https://www.valleymed.org/,2026-09-07,,"Unrestricted widget, machine translation only | Direct care provider. Federally funded providers must offer interpreters at the point of care regardless of what their website shows, so a web assessment understates this sector. Read the tier as published information, not as bedside access",EH,derived
health_valleymed,Valley Medical Center,health,Igbo,1,2,,True,machine_widget,0,,,False,https://www.valleymed.org/,2026-09-07,,"Unrestricted widget, machine translation only | Direct care provider. Federally funded providers must offer interpreters at the point of care regardless of what their website shows, so a web assessment understates this sector. Read the tier as published information, not as bedside access",EH,derived
health_valleymed,Valley Medical Center,health,Ilokano,0,0,,False,none,0,,,False,https://www.valleymed.org/,2026-09-07,,"Unrestricted widget, machine translation only | Direct care provider. Federally funded providers must offer interpreters at the point of care regardless of what their website shows, so a web assessment understates this sector. Read the tier as published information, not as bedside access",EH,derived
health_valleymed,Valley Medical Center,health,Indonesian,1,2,,True,machine_widget,0,,,False,https://www.valleymed.org/,2026-09-07,,"Unrestricted widget, machine translation only | Direct care provider. Federally funded providers must offer interpreters at the point of care regardless of what their website shows, so a web assessment understates this sector. Read the tier as published information, not as bedside access",EH,derived
health_valleymed,Valley Medical Center,health,Italian,1,2,,True,machine_widget,0,,,False,https://www.valleymed.org/,2026-09-07,,"Unrestricted widget, machine translation only | Direct care provider. Federally funded providers must offer interpreters at the point of care regardless of what their website shows, so a web assessment understates this sector. Read the tier as published information, not as bedside access",EH,derived
health_valleymed,Valley Medical Center,health,Japanese,1,2,,True,machine_widget,0,,,False,https://www.valleymed.org/,2026-09-07,,"Unrestricted widget, machine translation only | Direct care provider. Federally funded providers must offer interpreters at the point of care regardless of what their website shows, so a web assessment understates this sector. Read the tier as published information, not as bedside access",EH,derived
health_valleymed,Valley Medical Center,health,Kakwa,0,0,,False,none,0,,,False,https://www.valleymed.org/,2026-09-07,,"Unrestricted widget, machine translation only | Direct care provider. Federally funded providers must offer interpreters at the point of care regardless of what their website shows, so a web assessment understates this sector. Read the tier as published information, not as bedside access",EH,derived
health_valleymed,Valley Medical Center,health,Kannada,1,2,,True,machine_widget,0,,,False,https://www.valleymed.org/,2026-09-07,,"Unrestricted widget, machine translation only | Direct care provider. Federally funded providers must offer interpreters at the point of care regardless of what their website shows, so a web assessment understates this sector. Read the tier as published information, not as bedside access",EH,derived
health_valleymed,Valley Medical Center,health,Karen,0,0,,False,none,0,,,False,https://www.valleymed.org/,2026-09-07,,"Unrestricted widget, machine translation only | Direct care provider. Federally funded providers must offer interpreters at the point of care regardless of what their website shows, so a web assessment understates this sector. Read the tier as published information, not as bedside access",EH,derived
health_valleymed,Valley Medical Center,health,Karenni,0,0,,False,none,0,,,False,https://www.valleymed.org/,2026-09-07,,"Unrestricted widget, machine translation only | Direct care provider. Federally funded providers must offer interpreters at the point of care regardless of what their website shows, so a web assessment understates this sector. Read the tier as published information, not as bedside access",EH,derived
health_valleymed,Valley Medical Center,health,Kazakh,1,2,,True,machine_widget,0,,,False,https://www.valleymed.org/,2026-09-07,,"Unrestricted widget, machine translation only | Direct care provider. Federally funded providers must offer interpreters at the point of care regardless of what their website shows, so a web assessment understates this sector. Read the tier as published information, not as bedside access",EH,derived
health_valleymed,Valley Medical Center,health,Khmer,1,2,,True,machine_widget,0,,,False,https://www.valleymed.org/,2026-09-07,,"Unrestricted widget, machine translation only | Direct care provider. Federally funded providers must offer interpreters at the point of care regardless of what their website shows, so a web assessment understates this sector. Read the tier as published information, not as bedside access",EH,derived
health_valleymed,Valley Medical Center,health,Kikuyu,0,0,,False,none,0,,,False,https://www.valleymed.org/,2026-09-07,,"Unrestricted widget, machine translation only | Direct care provider. Federally funded providers must offer interpreters at the point of care regardless of what their website shows, so a web assessment understates this sector. Read the tier as published information, not as bedside access",EH,derived
health_valleymed,Valley Medical Center,health,Kinyarwanda,1,2,,True,machine_widget,0,,,False,https://www.valleymed.org/,2026-09-07,,"Unrestricted widget, machine translation only | Direct care provider. Federally funded providers must offer interpreters at the point of care regardless of what their website shows, so a web assessment understates this sector. Read the tier as published information, not as bedside access",EH,derived
health_valleymed,Valley Medical Center,health,Kirgiz,0,0,,False,none,0,,,False,https://www.valleymed.org/,2026-09-07,,"Unrestricted widget, machine translation only | Direct care provider. Federally funded providers must offer interpreters at the point of care regardless of what their website shows, so a web assessment understates this sector. Read the tier as published information, not as bedside access",EH,derived
health_valleymed,Valley Medical Center,health,Kirundi,0,0,,False,none,0,,,False,https://www.valleymed.org/,2026-09-07,,"Unrestricted widget, machine translation only | Direct care provider. Federally funded providers must offer interpreters at the point of care regardless of what their website shows, so a web assessment understates this sector. Read the tier as published information, not as bedside access",EH,derived
health_valleymed,Valley Medical Center,health,Kmhmu,0,0,,False,none,0,,,False,https://www.valleymed.org/,2026-09-07,,"Unrestricted widget, machine translation only | Direct care provider. Federally funded providers must offer interpreters at the point of care regardless of what their website shows, so a web assessment understates this sector. Read the tier as published information, not as bedside access",EH,derived
health_valleymed,Valley Medical Center,health,Kongo,0,0,,False,none,0,,,False,https://www.valleymed.org/,2026-09-07,,"Unrestricted widget, machine translation only | Direct care provider. Federally funded providers must offer interpreters at the point of care regardless of what their website shows, so a web assessment understates this sector. Read the tier as published information, not as bedside access",EH,derived
health_valleymed,Valley Medical Center,health,Korean,1,2,,True,machine_widget,0,,,False,https://www.valleymed.org/,2026-09-07,,"Unrestricted widget, machine translation only | Direct care provider. Federally funded providers must offer interpreters at the point of care regardless of what their website shows, so a web assessment understates this sector. Read the tier as published information, not as bedside access",EH,derived
health_valleymed,Valley Medical Center,health,Kosraean,0,0,,False,none,0,,,False,https://www.valleymed.org/,2026-09-07,,"Unrestricted widget, machine translation only | Direct care provider. Federally funded providers must offer interpreters at the point of care regardless of what their website shows, so a web assessment understates this sector. Read the tier as published information, not as bedside access",EH,derived
health_valleymed,Valley Medical Center,health,Krahn,0,0,,False,none,0,,,False,https://www.valleymed.org/,2026-09-07,,"Unrestricted widget, machine translation only | Direct care provider. Federally funded providers must offer interpreters at the point of care regardless of what their website shows, so a web assessment understates this sector. Read the tier as published information, not as bedside access",EH,derived
health_valleymed,Valley Medical Center,health,Krio,1,2,,True,machine_widget,0,,,False,https://www.valleymed.org/,2026-09-07,,"Unrestricted widget, machine translation only | Direct care provider. Federally funded providers must offer interpreters at the point of care regardless of what their website shows, so a web assessment understates this sector. Read the tier as published information, not as bedside access",EH,derived
health_valleymed,Valley Medical Center,health,Kru,0,0,,False,none,0,,,False,https://www.valleymed.org/,2026-09-07,,"Unrestricted widget, machine translation only | Direct care provider. Federally funded providers must offer interpreters at the point of care regardless of what their website shows, so a web assessment understates this sector. Read the tier as published information, not as bedside access",EH,derived
health_valleymed,Valley Medical Center,health,Kurdish,0,0,,False,none,0,,,False,https://www.valleymed.org/,2026-09-07,,"Unrestricted widget, machine translation only | Direct care provider. Federally funded providers must offer interpreters at the point of care regardless of what their website shows, so a web assessment understates this sector. Read the tier as published information, not as bedside access",EH,derived
health_valleymed,Valley Medical Center,health,Lao,1,2,,True,machine_widget,0,,,False,https://www.valleymed.org/,2026-09-07,,"Unrestricted widget, machine translation only | Direct care provider. Federally funded providers must offer interpreters at the point of care regardless of what their website shows, so a web assessment understates this sector. Read the tier as published information, not as bedside access",EH,derived
health_valleymed,Valley Medical Center,health,Latvian,1,2,,True,machine_widget,0,,,False,https://www.valleymed.org/,2026-09-07,,"Unrestricted widget, machine translation only | Direct care provider. Federally funded providers must offer interpreters at the point of care regardless of what their website shows, so a web assessment understates this sector. Read the tier as published information, not as bedside access",EH,derived
health_valleymed,Valley Medical Center,health,Lingala,1,2,,True,machine_widget,0,,,False,https://www.valleymed.org/,2026-09-07,,"Unrestricted widget, machine translation only | Direct care provider. Federally funded providers must offer interpreters at the point of care regardless of what their website shows, so a web assessment understates this sector. Read the tier as published information, not as bedside access",EH,derived
health_valleymed,Valley Medical Center,health,Luganda,1,2,,True,machine_widget,0,,,False,https://www.valleymed.org/,2026-09-07,,"Unrestricted widget, machine translation only | Direct care provider. Federally funded providers must offer interpreters at the point of care regardless of what their website shows, so a web assessment understates this sector. Read the tier as published information, not as bedside access",EH,derived
health_valleymed,Valley Medical Center,health,Maay Maay,0,0,,False,none,0,,,False,https://www.valleymed.org/,2026-09-07,,"Unrestricted widget, machine translation only | Direct care provider. Federally funded providers must offer interpreters at the point of care regardless of what their website shows, so a web assessment understates this sector. Read the tier as published information, not as bedside access",EH,derived
health_valleymed,Valley Medical Center,health,Malay,1,2,,True,machine_widget,0,,,False,https://www.valleymed.org/,2026-09-07,,"Unrestricted widget, machine translation only | Direct care provider. Federally funded providers must offer interpreters at the point of care regardless of what their website shows, so a web assessment understates this sector. Read the tier as published information, not as bedside access",EH,derived
health_valleymed,Valley Medical Center,health,Malayalam,1,2,,True,machine_widget,0,,,False,https://www.valleymed.org/,2026-09-07,,"Unrestricted widget, machine translation only | Direct care provider. Federally funded providers must offer interpreters at the point of care regardless of what their website shows, so a web assessment understates this sector. Read the tier as published information, not as bedside access",EH,derived
health_valleymed,Valley Medical Center,health,Mam,1,2,,True,machine_widget,0,,,False,https://www.valleymed.org/,2026-09-07,,"Unrestricted widget, machine translation only | Direct care provider. Federally funded providers must offer interpreters at the point of care regardless of what their website shows, so a web assessment understates this sector. Read the tier as published information, not as bedside access",EH,derived
health_valleymed,Valley Medical Center,health,Mandingo,0,0,,False,none,0,,,False,https://www.valleymed.org/,2026-09-07,,"Unrestricted widget, machine translation only | Direct care provider. Federally funded providers must offer interpreters at the point of care regardless of what their website shows, so a web assessment understates this sector. Read the tier as published information, not as bedside access",EH,derived
health_valleymed,Valley Medical Center,health,Mandinka,0,0,,False,none,0,,,False,https://www.valleymed.org/,2026-09-07,,"Unrestricted widget, machine translation only | Direct care provider. Federally funded providers must offer interpreters at the point of care regardless of what their website shows, so a web assessment understates this sector. Read the tier as published information, not as bedside access",EH,derived
health_valleymed,Valley Medical Center,health,Marathi,1,2,,True,machine_widget,0,,,False,https://www.valleymed.org/,2026-09-07,,"Unrestricted widget, machine translation only | Direct care provider. Federally funded providers must offer interpreters at the point of care regardless of what their website shows, so a web assessment understates this sector. Read the tier as published information, not as bedside access",EH,derived
health_valleymed,Valley Medical Center,health,Marquesan,0,0,,False,none,0,,,False,https://www.valleymed.org/,2026-09-07,,"Unrestricted widget, machine translation only | Direct care provider. Federally funded providers must offer interpreters at the point of care regardless of what their website shows, so a web assessment understates this sector. Read the tier as published information, not as bedside access",EH,derived
health_valleymed,Valley Medical Center,health,Marshallese,1,2,,True,machine_widget,0,,,False,https://www.valleymed.org/,2026-09-07,,"Unrestricted widget, machine translation only | Direct care provider. Federally funded providers must offer interpreters at the point of care regardless of what their website shows, so a web assessment understates this sector. Read the tier as published information, not as bedside access",EH,derived
health_valleymed,Valley Medical Center,health,Maya-Quiche,0,0,,False,none,0,,,False,https://www.valleymed.org/,2026-09-07,,"Unrestricted widget, machine translation only | Direct care provider. Federally funded providers must offer interpreters at the point of care regardless of what their website shows, so a web assessment understates this sector. Read the tier as published information, not as bedside access",EH,derived
health_valleymed,Valley Medical Center,health,Mien,0,0,,False,none,0,,,False,https://www.valleymed.org/,2026-09-07,,"Unrestricted widget, machine translation only | Direct care provider. Federally funded providers must offer interpreters at the point of care regardless of what their website shows, so a web assessment understates this sector. Read the tier as published information, not as bedside access",EH,derived
health_valleymed,Valley Medical Center,health,Mixteco,0,0,,False,none,0,,,False,https://www.valleymed.org/,2026-09-07,,"Unrestricted widget, machine translation only | Direct care provider. Federally funded providers must offer interpreters at the point of care regardless of what their website shows, so a web assessment understates this sector. Read the tier as published information, not as bedside access",EH,derived
health_valleymed,Valley Medical Center,health,Moldavian,0,0,,False,none,0,,,False,https://www.valleymed.org/,2026-09-07,,"Unrestricted widget, machine translation only | Direct care provider. Federally funded providers must offer interpreters at the point of care regardless of what their website shows, so a web assessment understates this sector. Read the tier as published information, not as bedside access",EH,derived
health_valleymed,Valley Medical Center,health,Mongolian,1,2,,True,machine_widget,0,,,False,https://www.valleymed.org/,2026-09-07,,"Unrestricted widget, machine translation only | Direct care provider. Federally funded providers must offer interpreters at the point of care regardless of what their website shows, so a web assessment understates this sector. Read the tier as published information, not as bedside access",EH,derived
health_valleymed,Valley Medical Center,health,Moore,0,0,,False,none,0,,,False,https://www.valleymed.org/,2026-09-07,,"Unrestricted widget, machine translation only | Direct care provider. Federally funded providers must offer interpreters at the point of care regardless of what their website shows, so a web assessment understates this sector. Read the tier as published information, not as bedside access",EH,derived
health_valleymed,Valley Medical Center,health,"Nahuatl, Guerrero region",0,0,,False,none,0,,,False,https://www.valleymed.org/,2026-09-07,,"Unrestricted widget, machine translation only | Direct care provider. Federally funded providers must offer interpreters at the point of care regardless of what their website shows, so a web assessment understates this sector. Read the tier as published information, not as bedside access",EH,derived
health_valleymed,Valley Medical Center,health,Nepali,1,2,,True,machine_widget,0,,,False,https://www.valleymed.org/,2026-09-07,,"Unrestricted widget, machine translation only | Direct care provider. Federally funded providers must offer interpreters at the point of care regardless of what their website shows, so a web assessment understates this sector. Read the tier as published information, not as bedside access",EH,derived
health_valleymed,Valley Medical Center,health,Nuer,1,2,,True,machine_widget,0,,,False,https://www.valleymed.org/,2026-09-07,,"Unrestricted widget, machine translation only | Direct care provider. Federally funded providers must offer interpreters at the point of care regardless of what their website shows, so a web assessment understates this sector. Read the tier as published information, not as bedside access",EH,derived
health_valleymed,Valley Medical Center,health,Oromo,1,2,,True,machine_widget,0,,,False,https://www.valleymed.org/,2026-09-07,,"Unrestricted widget, machine translation only | Direct care provider. Federally funded providers must offer interpreters at the point of care regardless of what their website shows, so a web assessment understates this sector. Read the tier as published information, not as bedside access",EH,derived
health_valleymed,Valley Medical Center,health,Palau,0,0,,False,none,0,,,False,https://www.valleymed.org/,2026-09-07,,"Unrestricted widget, machine translation only | Direct care provider. Federally funded providers must offer interpreters at the point of care regardless of what their website shows, so a web assessment understates this sector. Read the tier as published information, not as bedside access",EH,derived
health_valleymed,Valley Medical Center,health,Pashai,0,0,,False,none,0,,,False,https://www.valleymed.org/,2026-09-07,,"Unrestricted widget, machine translation only | Direct care provider. Federally funded providers must offer interpreters at the point of care regardless of what their website shows, so a web assessment understates this sector. Read the tier as published information, not as bedside access",EH,derived
health_valleymed,Valley Medical Center,health,Pashto,1,2,,True,machine_widget,0,,,False,https://www.valleymed.org/,2026-09-07,,"Unrestricted widget, machine translation only | Direct care provider. Federally funded providers must offer interpreters at the point of care regardless of what their website shows, so a web assessment understates this sector. Read the tier as published information, not as bedside access",EH,derived
health_valleymed,Valley Medical Center,health,Pere,0,0,,False,none,0,,,False,https://www.valleymed.org/,2026-09-07,,"Unrestricted widget, machine translation only | Direct care provider. Federally funded providers must offer interpreters at the point of care regardless of what their website shows, so a web assessment understates this sector. Read the tier as published information, not as bedside access",EH,derived
health_valleymed,Valley Medical Center,health,Polish,1,2,,True,machine_widget,0,,,False,https://www.valleymed.org/,2026-09-07,,"Unrestricted widget, machine translation only | Direct care provider. Federally funded providers must offer interpreters at the point of care regardless of what their website shows, so a web assessment understates this sector. Read the tier as published information, not as bedside access",EH,derived
health_valleymed,Valley Medical Center,health,Portuguese,0,0,,False,none,0,,,False,https://www.valleymed.org/,2026-09-07,,"Unrestricted widget, machine translation only | Direct care provider. Federally funded providers must offer interpreters at the point of care regardless of what their website shows, so a web assessment understates this sector. Read the tier as published information, not as bedside access",EH,derived
health_valleymed,Valley Medical Center,health,Punjabi,1,2,,True,machine_widget,0,,,False,https://www.valleymed.org/,2026-09-07,,"Unrestricted widget, machine translation only | Direct care provider. Federally funded providers must offer interpreters at the point of care regardless of what their website shows, so a web assessment understates this sector. Read the tier as published information, not as bedside access",EH,derived
health_valleymed,Valley Medical Center,health,Purepecha,0,0,,False,none,0,,,False,https://www.valleymed.org/,2026-09-07,,"Unrestricted widget, machine translation only | Direct care provider. Federally funded providers must offer interpreters at the point of care regardless of what their website shows, so a web assessment understates this sector. Read the tier as published information, not as bedside access",EH,derived
health_valleymed,Valley Medical Center,health,Rohingya,0,0,,False,none,0,,,False,https://www.valleymed.org/,2026-09-07,,"Unrestricted widget, machine translation only | Direct care provider. Federally funded providers must offer interpreters at the point of care regardless of what their website shows, so a web assessment understates this sector. Read the tier as published information, not as bedside access",EH,derived
health_valleymed,Valley Medical Center,health,Romanian,1,2,,True,machine_widget,0,,,False,https://www.valleymed.org/,2026-09-07,,"Unrestricted widget, machine translation only | Direct care provider. Federally funded providers must offer interpreters at the point of care regardless of what their website shows, so a web assessment understates this sector. Read the tier as published information, not as bedside access",EH,derived
health_valleymed,Valley Medical Center,health,Russian,1,2,,True,machine_widget,0,,,False,https://www.valleymed.org/,2026-09-07,,"Unrestricted widget, machine translation only | Direct care provider. Federally funded providers must offer interpreters at the point of care regardless of what their website shows, so a web assessment understates this sector. Read the tier as published information, not as bedside access",EH,derived
health_valleymed,Valley Medical Center,health,Samoan,1,2,,True,machine_widget,0,,,False,https://www.valleymed.org/,2026-09-07,,"Unrestricted widget, machine translation only | Direct care provider. Federally funded providers must offer interpreters at the point of care regardless of what their website shows, so a web assessment understates this sector. Read the tier as published information, not as bedside access",EH,derived
health_valleymed,Valley Medical Center,health,Sao,0,0,,False,none,0,,,False,https://www.valleymed.org/,2026-09-07,,"Unrestricted widget, machine translation only | Direct care provider. Federally funded providers must offer interpreters at the point of care regardless of what their website shows, so a web assessment understates this sector. Read the tier as published information, not as bedside access",EH,derived
health_valleymed,Valley Medical Center,health,Serbo-Croation,0,0,,False,none,0,,,False,https://www.valleymed.org/,2026-09-07,,"Unrestricted widget, machine translation only | Direct care provider. Federally funded providers must offer interpreters at the point of care regardless of what their website shows, so a web assessment understates this sector. Read the tier as published information, not as bedside access",EH,derived
health_valleymed,Valley Medical Center,health,Shona,1,2,,True,machine_widget,0,,,False,https://www.valleymed.org/,2026-09-07,,"Unrestricted widget, machine translation only | Direct care provider. Federally funded providers must offer interpreters at the point of care regardless of what their website shows, so a web assessment understates this sector. Read the tier as published information, not as bedside access",EH,derived
health_valleymed,Valley Medical Center,health,Sinhalese,0,0,,False,none,0,,,False,https://www.valleymed.org/,2026-09-07,,"Unrestricted widget, machine translation only | Direct care provider. Federally funded providers must offer interpreters at the point of care regardless of what their website shows, so a web assessment understates this sector. Read the tier as published information, not as bedside access",EH,derived
health_valleymed,Valley Medical Center,health,Slovenian,1,2,,True,machine_widget,0,,,False,https://www.valleymed.org/,2026-09-07,,"Unrestricted widget, machine translation only | Direct care provider. Federally funded providers must offer interpreters at the point of care regardless of what their website shows, so a web assessment understates this sector. Read the tier as published information, not as bedside access",EH,derived
health_valleymed,Valley Medical Center,health,Somali,1,2,,True,machine_widget,0,,,False,https://www.valleymed.org/,2026-09-07,,"Unrestricted widget, machine translation only | Direct care provider. Federally funded providers must offer interpreters at the point of care regardless of what their website shows, so a web assessment understates this sector. Read the tier as published information, not as bedside access",EH,derived
health_valleymed,Valley Medical Center,health,Soninke,0,0,,False,none,0,,,False,https://www.valleymed.org/,2026-09-07,,"Unrestricted widget, machine translation only | Direct care provider. Federally funded providers must offer interpreters at the point of care regardless of what their website shows, so a web assessment understates this sector. Read the tier as published information, not as bedside access",EH,derived
health_valleymed,Valley Medical Center,health,Sotho,0,0,,False,none,0,,,False,https://www.valleymed.org/,2026-09-07,,"Unrestricted widget, machine translation only | Direct care provider. Federally funded providers must offer interpreters at the point of care regardless of what their website shows, so a web assessment understates this sector. Read the tier as published information, not as bedside access",EH,derived
health_valleymed,Valley Medical Center,health,Spanish,3,2,,True,in_language_document,1,apple-health-expansion-spanish,,False,https://valleymed.org/patients--visitors/billing-and-insurance/washington-health-benefit-exchange/apple-health-expansion-spanish,2026-09-07,unchecked,"Direct care provider. Federally funded providers must offer interpreters at the point of care regardless of what their website shows, so a web assessment understates this sector. Read the tier as published information, not as bedside access",EH,derived
health_valleymed,Valley Medical Center,health,Swahili,1,2,,True,machine_widget,0,,,False,https://www.valleymed.org/,2026-09-07,,"Unrestricted widget, machine translation only | Direct care provider. Federally funded providers must offer interpreters at the point of care regardless of what their website shows, so a web assessment understates this sector. Read the tier as published information, not as bedside access",EH,derived
health_valleymed,Valley Medical Center,health,Tagalog,1,2,,True,machine_widget,0,,,False,https://www.valleymed.org/,2026-09-07,,"Unrestricted widget, machine translation only | Direct care provider. Federally funded providers must offer interpreters at the point of care regardless of what their website shows, so a web assessment understates this sector. Read the tier as published information, not as bedside access",EH,derived
health_valleymed,Valley Medical Center,health,Taishanese,0,0,,False,none,0,,,False,https://www.valleymed.org/,2026-09-07,,"Unrestricted widget, machine translation only | Direct care provider. Federally funded providers must offer interpreters at the point of care regardless of what their website shows, so a web assessment understates this sector. Read the tier as published information, not as bedside access",EH,derived
health_valleymed,Valley Medical Center,health,Tajiki,0,0,,False,none,0,,,False,https://www.valleymed.org/,2026-09-07,,"Unrestricted widget, machine translation only | Direct care provider. Federally funded providers must offer interpreters at the point of care regardless of what their website shows, so a web assessment understates this sector. Read the tier as published information, not as bedside access",EH,derived
health_valleymed,Valley Medical Center,health,Tamil,1,2,,True,machine_widget,0,,,False,https://www.valleymed.org/,2026-09-07,,"Unrestricted widget, machine translation only | Direct care provider. Federally funded providers must offer interpreters at the point of care regardless of what their website shows, so a web assessment understates this sector. Read the tier as published information, not as bedside access",EH,derived
health_valleymed,Valley Medical Center,health,Tarasco,0,0,,False,none,0,,,False,https://www.valleymed.org/,2026-09-07,,"Unrestricted widget, machine translation only | Direct care provider. Federally funded providers must offer interpreters at the point of care regardless of what their website shows, so a web assessment understates this sector. Read the tier as published information, not as bedside access",EH,derived
health_valleymed,Valley Medical Center,health,Tedim,0,0,,False,none,0,,,False,https://www.valleymed.org/,2026-09-07,,"Unrestricted widget, machine translation only | Direct care provider. Federally funded providers must offer interpreters at the point of care regardless of what their website shows, so a web assessment understates this sector. Read the tier as published information, not as bedside access",EH,derived
health_valleymed,Valley Medical Center,health,Telugu,1,2,,True,machine_widget,0,,,False,https://www.valleymed.org/,2026-09-07,,"Unrestricted widget, machine translation only | Direct care provider. Federally funded providers must offer interpreters at the point of care regardless of what their website shows, so a web assessment understates this sector. Read the tier as published information, not as bedside access",EH,derived
health_valleymed,Valley Medical Center,health,Thai,3,2,,True,in_language_document,1,don-q-thai,,False,https://valleymed.org/find-a-provider/t/don-q-thai,2026-09-07,unchecked,"Direct care provider. Federally funded providers must offer interpreters at the point of care regardless of what their website shows, so a web assessment understates this sector. Read the tier as published information, not as bedside access",EH,derived
health_valleymed,Valley Medical Center,health,Tibetan,1,2,,True,machine_widget,0,,,False,https://www.valleymed.org/,2026-09-07,,"Unrestricted widget, machine translation only | Direct care provider. Federally funded providers must offer interpreters at the point of care regardless of what their website shows, so a web assessment understates this sector. Read the tier as published information, not as bedside access",EH,derived
health_valleymed,Valley Medical Center,health,Tigrinya,1,2,,True,machine_widget,0,,,False,https://www.valleymed.org/,2026-09-07,,"Unrestricted widget, machine translation only | Direct care provider. Federally funded providers must offer interpreters at the point of care regardless of what their website shows, so a web assessment understates this sector. Read the tier as published information, not as bedside access",EH,derived
health_valleymed,Valley Medical Center,health,Tongan,1,2,,True,machine_widget,0,,,False,https://www.valleymed.org/,2026-09-07,,"Unrestricted widget, machine translation only | Direct care provider. Federally funded providers must offer interpreters at the point of care regardless of what their website shows, so a web assessment understates this sector. Read the tier as published information, not as bedside access",EH,derived
health_valleymed,Valley Medical Center,health,Turkish,1,2,,True,machine_widget,0,,,False,https://www.valleymed.org/,2026-09-07,,"Unrestricted widget, machine translation only | Direct care provider. Federally funded providers must offer interpreters at the point of care regardless of what their website shows, so a web assessment understates this sector. Read the tier as published information, not as bedside access",EH,derived
health_valleymed,Valley Medical Center,health,Twi,1,2,,True,machine_widget,0,,,False,https://www.valleymed.org/,2026-09-07,,"Unrestricted widget, machine translation only | Direct care provider. Federally funded providers must offer interpreters at the point of care regardless of what their website shows, so a web assessment understates this sector. Read the tier as published information, not as bedside access",EH,derived
health_valleymed,Valley Medical Center,health,Ukrainian,1,2,,True,machine_widget,0,,,False,https://www.valleymed.org/,2026-09-07,,"Unrestricted widget, machine translation only | Direct care provider. Federally funded providers must offer interpreters at the point of care regardless of what their website shows, so a web assessment understates this sector. Read the tier as published information, not as bedside access",EH,derived
health_valleymed,Valley Medical Center,health,Urdu,1,2,,True,machine_widget,0,,,False,https://www.valleymed.org/,2026-09-07,,"Unrestricted widget, machine translation only | Direct care provider. Federally funded providers must offer interpreters at the point of care regardless of what their website shows, so a web assessment understates this sector. Read the tier as published information, not as bedside access",EH,derived
health_valleymed,Valley Medical Center,health,Uzbek,1,2,,True,machine_widget,0,,,False,https://www.valleymed.org/,2026-09-07,,"Unrestricted widget, machine translation only | Direct care provider. Federally funded providers must offer interpreters at the point of care regardless of what their website shows, so a web assessment understates this sector. Read the tier as published information, not as bedside access",EH,derived
health_valleymed,Valley Medical Center,health,Vietnamese,1,2,,True,machine_widget,0,,,False,https://www.valleymed.org/,2026-09-07,,"Unrestricted widget, machine translation only | Direct care provider. Federally funded providers must offer interpreters at the point of care regardless of what their website shows, so a web assessment understates this sector. Read the tier as published information, not as bedside access",EH,derived
health_valleymed,Valley Medical Center,health,Wolof,1,2,,True,machine_widget,0,,,False,https://www.valleymed.org/,2026-09-07,,"Unrestricted widget, machine translation only | Direct care provider. Federally funded providers must offer interpreters at the point of care regardless of what their website shows, so a web assessment understates this sector. Read the tier as published information, not as bedside access",EH,derived
health_valleymed,Valley Medical Center,health,Yap,0,0,,False,none,0,,,False,https://www.valleymed.org/,2026-09-07,,"Unrestricted widget, machine translation only | Direct care provider. Federally funded providers must offer interpreters at the point of care regardless of what their website shows, so a web assessment understates this sector. Read the tier as published information, not as bedside access",EH,derived
health_valleymed,Valley Medical Center,health,Yoruba,1,2,,True,machine_widget,0,,,False,https://www.valleymed.org/,2026-09-07,,"Unrestricted widget, machine translation only | Direct care provider. Federally funded providers must offer interpreters at the point of care regardless of what their website shows, so a web assessment understates this sector. Read the tier as published information, not as bedside access",EH,derived
health_multicare,MultiCare Health System,health,Acholi,0,0,,False,none,0,,2,False,https://www.multicare.org,2026-09-07,,"Translation widget restricted to 2 languages; this language is NOT on the list | Direct care provider. Federally funded providers must offer interpreters at the point of care regardless of what their website shows, so a web assessment understates this sector. Read the tier as published information, not as bedside access",EH,derived
health_multicare,MultiCare Health System,health,Aguacateco,0,0,,False,none,0,,2,False,https://www.multicare.org,2026-09-07,,"Translation widget restricted to 2 languages; this language is NOT on the list | Direct care provider. Federally funded providers must offer interpreters at the point of care regardless of what their website shows, so a web assessment understates this sector. Read the tier as published information, not as bedside access",EH,derived
health_multicare,MultiCare Health System,health,Akateko,0,0,,False,none,0,,2,False,https://www.multicare.org,2026-09-07,,"Translation widget restricted to 2 languages; this language is NOT on the list | Direct care provider. Federally funded providers must offer interpreters at the point of care regardless of what their website shows, so a web assessment understates this sector. Read the tier as published information, not as bedside access",EH,derived
health_multicare,MultiCare Health System,health,Albanian,0,0,,False,none,0,,2,False,https://www.multicare.org,2026-09-07,,"Translation widget restricted to 2 languages; this language is NOT on the list | Direct care provider. Federally funded providers must offer interpreters at the point of care regardless of what their website shows, so a web assessment understates this sector. Read the tier as published information, not as bedside access",EH,derived
health_multicare,MultiCare Health System,health,American Sign Language,0,0,,False,none,0,,2,False,https://www.multicare.org,2026-09-07,,"Translation widget restricted to 2 languages; this language is NOT on the list | Direct care provider. Federally funded providers must offer interpreters at the point of care regardless of what their website shows, so a web assessment understates this sector. Read the tier as published information, not as bedside access",EH,derived
health_multicare,MultiCare Health System,health,Amharic,0,0,,False,none,0,,2,False,https://www.multicare.org,2026-09-07,,"Translation widget restricted to 2 languages; this language is NOT on the list | Direct care provider. Federally funded providers must offer interpreters at the point of care regardless of what their website shows, so a web assessment understates this sector. Read the tier as published information, not as bedside access",EH,derived
health_multicare,MultiCare Health System,health,Arabic,0,0,,False,none,0,,2,False,https://www.multicare.org,2026-09-07,,"Translation widget restricted to 2 languages; this language is NOT on the list | Direct care provider. Federally funded providers must offer interpreters at the point of care regardless of what their website shows, so a web assessment understates this sector. Read the tier as published information, not as bedside access",EH,derived
health_multicare,MultiCare Health System,health,Armenian,0,0,,False,none,0,,2,False,https://www.multicare.org,2026-09-07,,"Translation widget restricted to 2 languages; this language is NOT on the list | Direct care provider. Federally funded providers must offer interpreters at the point of care regardless of what their website shows, so a web assessment understates this sector. Read the tier as published information, not as bedside access",EH,derived
health_multicare,MultiCare Health System,health,Ayula-Bambara,0,0,,False,none,0,,2,False,https://www.multicare.org,2026-09-07,,"Translation widget restricted to 2 languages; this language is NOT on the list | Direct care provider. Federally funded providers must offer interpreters at the point of care regardless of what their website shows, so a web assessment understates this sector. Read the tier as published information, not as bedside access",EH,derived
health_multicare,MultiCare Health System,health,Azerbaijani,0,0,,False,none,0,,2,False,https://www.multicare.org,2026-09-07,,"Translation widget restricted to 2 languages; this language is NOT on the list | Direct care provider. Federally funded providers must offer interpreters at the point of care regardless of what their website shows, so a web assessment understates this sector. Read the tier as published information, not as bedside access",EH,derived
health_multicare,MultiCare Health System,health,Bambara,0,0,,False,none,0,,2,False,https://www.multicare.org,2026-09-07,,"Translation widget restricted to 2 languages; this language is NOT on the list | Direct care provider. Federally funded providers must offer interpreters at the point of care regardless of what their website shows, so a web assessment understates this sector. Read the tier as published information, not as bedside access",EH,derived
health_multicare,MultiCare Health System,health,Bangala,0,0,,False,none,0,,2,False,https://www.multicare.org,2026-09-07,,"Translation widget restricted to 2 languages; this language is NOT on the list | Direct care provider. Federally funded providers must offer interpreters at the point of care regardless of what their website shows, so a web assessment understates this sector. Read the tier as published information, not as bedside access",EH,derived
health_multicare,MultiCare Health System,health,Bassa,0,0,,False,none,0,,2,False,https://www.multicare.org,2026-09-07,,"Translation widget restricted to 2 languages; this language is NOT on the list | Direct care provider. Federally funded providers must offer interpreters at the point of care regardless of what their website shows, so a web assessment understates this sector. Read the tier as published information, not as bedside access",EH,derived
health_multicare,MultiCare Health System,health,Bengali,0,0,,False,none,0,,2,False,https://www.multicare.org,2026-09-07,,"Translation widget restricted to 2 languages; this language is NOT on the list | Direct care provider. Federally funded providers must offer interpreters at the point of care regardless of what their website shows, so a web assessment understates this sector. Read the tier as published information, not as bedside access",EH,derived
health_multicare,MultiCare Health System,health,Bosnian,0,0,,False,none,0,,2,False,https://www.multicare.org,2026-09-07,,"Translation widget restricted to 2 languages; this language is NOT on the list | Direct care provider. Federally funded providers must offer interpreters at the point of care regardless of what their website shows, so a web assessment understates this sector. Read the tier as published information, not as bedside access",EH,derived
health_multicare,MultiCare Health System,health,Bulgarian,0,0,,False,none,0,,2,False,https://www.multicare.org,2026-09-07,,"Translation widget restricted to 2 languages; this language is NOT on the list | Direct care provider. Federally funded providers must offer interpreters at the point of care regardless of what their website shows, so a web assessment understates this sector. Read the tier as published information, not as bedside access",EH,derived
health_multicare,MultiCare Health System,health,Burmese,0,0,,False,none,0,,2,False,https://www.multicare.org,2026-09-07,,"Translation widget restricted to 2 languages; this language is NOT on the list | Direct care provider. Federally funded providers must offer interpreters at the point of care regardless of what their website shows, so a web assessment understates this sector. Read the tier as published information, not as bedside access",EH,derived
health_multicare,MultiCare Health System,health,Carolinian,0,0,,False,none,0,,2,False,https://www.multicare.org,2026-09-07,,"Translation widget restricted to 2 languages; this language is NOT on the list | Direct care provider. Federally funded providers must offer interpreters at the point of care regardless of what their website shows, so a web assessment understates this sector. Read the tier as published information, not as bedside access",EH,derived
health_multicare,MultiCare Health System,health,Catalan,0,0,,False,none,0,,2,False,https://www.multicare.org,2026-09-07,,"Translation widget restricted to 2 languages; this language is NOT on the list | Direct care provider. Federally funded providers must offer interpreters at the point of care regardless of what their website shows, so a web assessment understates this sector. Read the tier as published information, not as bedside access",EH,derived
health_multicare,MultiCare Health System,health,Cebuano,0,0,,False,none,0,,2,False,https://www.multicare.org,2026-09-07,,"Translation widget restricted to 2 languages; this language is NOT on the list | Direct care provider. Federally funded providers must offer interpreters at the point of care regardless of what their website shows, so a web assessment understates this sector. Read the tier as published information, not as bedside access",EH,derived
health_multicare,MultiCare Health System,health,Cham,0,0,,False,none,0,,2,False,https://www.multicare.org,2026-09-07,,"Translation widget restricted to 2 languages; this language is NOT on the list | Direct care provider. Federally funded providers must offer interpreters at the point of care regardless of what their website shows, so a web assessment understates this sector. Read the tier as published information, not as bedside access",EH,derived
health_multicare,MultiCare Health System,health,Chamorro,0,0,,False,none,0,,2,False,https://www.multicare.org,2026-09-07,,"Translation widget restricted to 2 languages; this language is NOT on the list | Direct care provider. Federally funded providers must offer interpreters at the point of care regardless of what their website shows, so a web assessment understates this sector. Read the tier as published information, not as bedside access",EH,derived
health_multicare,MultiCare Health System,health,Chin,0,0,,False,none,0,,2,False,https://www.multicare.org,2026-09-07,,"Translation widget restricted to 2 languages; this language is NOT on the list | Direct care provider. Federally funded providers must offer interpreters at the point of care regardless of what their website shows, so a web assessment understates this sector. Read the tier as published information, not as bedside access",EH,derived
health_multicare,MultiCare Health System,health,Chinese-Cantonese,0,0,,False,none,0,,2,False,https://www.multicare.org,2026-09-07,,"Translation widget restricted to 2 languages; this language is NOT on the list | Direct care provider. Federally funded providers must offer interpreters at the point of care regardless of what their website shows, so a web assessment understates this sector. Read the tier as published information, not as bedside access",EH,derived
health_multicare,MultiCare Health System,health,Chinese-Fukienese,0,0,,False,none,0,,2,False,https://www.multicare.org,2026-09-07,,"Translation widget restricted to 2 languages; this language is NOT on the list | Direct care provider. Federally funded providers must offer interpreters at the point of care regardless of what their website shows, so a web assessment understates this sector. Read the tier as published information, not as bedside access",EH,derived
health_multicare,MultiCare Health System,health,Chinese-Mandarin,0,0,,False,none,0,,2,False,https://www.multicare.org,2026-09-07,,"Translation widget restricted to 2 languages; this language is NOT on the list | Direct care provider. Federally funded providers must offer interpreters at the point of care regardless of what their website shows, so a web assessment understates this sector. Read the tier as published information, not as bedside access",EH,derived
health_multicare,MultiCare Health System,health,Chinese-Taiwanese,0,0,,False,none,0,,2,False,https://www.multicare.org,2026-09-07,,"Translation widget restricted to 2 languages; this language is NOT on the list | Direct care provider. Federally funded providers must offer interpreters at the point of care regardless of what their website shows, so a web assessment understates this sector. Read the tier as published information, not as bedside access",EH,derived
health_multicare,MultiCare Health System,health,Chuukese,0,0,,False,none,0,,2,False,https://www.multicare.org,2026-09-07,,"Translation widget restricted to 2 languages; this language is NOT on the list | Direct care provider. Federally funded providers must offer interpreters at the point of care regardless of what their website shows, so a web assessment understates this sector. Read the tier as published information, not as bedside access",EH,derived
health_multicare,MultiCare Health System,health,Dari,0,0,,False,none,0,,2,False,https://www.multicare.org,2026-09-07,,"Translation widget restricted to 2 languages; this language is NOT on the list | Direct care provider. Federally funded providers must offer interpreters at the point of care regardless of what their website shows, so a web assessment understates this sector. Read the tier as published information, not as bedside access",EH,derived
health_multicare,MultiCare Health System,health,Dinka,0,0,,False,none,0,,2,False,https://www.multicare.org,2026-09-07,,"Translation widget restricted to 2 languages; this language is NOT on the list | Direct care provider. Federally funded providers must offer interpreters at the point of care regardless of what their website shows, so a web assessment understates this sector. Read the tier as published information, not as bedside access",EH,derived
health_multicare,MultiCare Health System,health,Dutch,0,0,,False,none,0,,2,False,https://www.multicare.org,2026-09-07,,"Translation widget restricted to 2 languages; this language is NOT on the list | Direct care provider. Federally funded providers must offer interpreters at the point of care regardless of what their website shows, so a web assessment understates this sector. Read the tier as published information, not as bedside access",EH,derived
health_multicare,MultiCare Health System,health,Egyptian-Arabic,0,0,,False,none,0,,2,False,https://www.multicare.org,2026-09-07,,"Translation widget restricted to 2 languages; this language is NOT on the list | Direct care provider. Federally funded providers must offer interpreters at the point of care regardless of what their website shows, so a web assessment understates this sector. Read the tier as published information, not as bedside access",EH,derived
health_multicare,MultiCare Health System,health,Eritai,0,0,,False,none,0,,2,False,https://www.multicare.org,2026-09-07,,"Translation widget restricted to 2 languages; this language is NOT on the list | Direct care provider. Federally funded providers must offer interpreters at the point of care regardless of what their website shows, so a web assessment understates this sector. Read the tier as published information, not as bedside access",EH,derived
health_multicare,MultiCare Health System,health,Estonian,0,0,,False,none,0,,2,False,https://www.multicare.org,2026-09-07,,"Translation widget restricted to 2 languages; this language is NOT on the list | Direct care provider. Federally funded providers must offer interpreters at the point of care regardless of what their website shows, so a web assessment understates this sector. Read the tier as published information, not as bedside access",EH,derived
health_multicare,MultiCare Health System,health,Ewe,0,0,,False,none,0,,2,False,https://www.multicare.org,2026-09-07,,"Translation widget restricted to 2 languages; this language is NOT on the list | Direct care provider. Federally funded providers must offer interpreters at the point of care regardless of what their website shows, so a web assessment understates this sector. Read the tier as published information, not as bedside access",EH,derived
health_multicare,MultiCare Health System,health,Fallani,0,0,,False,none,0,,2,False,https://www.multicare.org,2026-09-07,,"Translation widget restricted to 2 languages; this language is NOT on the list | Direct care provider. Federally funded providers must offer interpreters at the point of care regardless of what their website shows, so a web assessment understates this sector. Read the tier as published information, not as bedside access",EH,derived
health_multicare,MultiCare Health System,health,Farsi,0,0,,False,none,0,,2,False,https://www.multicare.org,2026-09-07,,"Translation widget restricted to 2 languages; this language is NOT on the list | Direct care provider. Federally funded providers must offer interpreters at the point of care regardless of what their website shows, so a web assessment understates this sector. Read the tier as published information, not as bedside access",EH,derived
health_multicare,MultiCare Health System,health,French,3,2,,True,in_language_document,1,holly-thomason-french,2,False,https://www.multicare.org/provider/holly-thomason-french/,2026-09-07,unchecked,"Translation widget restricted to 2 languages; this language is NOT on the list | Direct care provider. Federally funded providers must offer interpreters at the point of care regardless of what their website shows, so a web assessment understates this sector. Read the tier as published information, not as bedside access",EH,derived
health_multicare,MultiCare Health System,health,Fula,0,0,,False,none,0,,2,False,https://www.multicare.org,2026-09-07,,"Translation widget restricted to 2 languages; this language is NOT on the list | Direct care provider. Federally funded providers must offer interpreters at the point of care regardless of what their website shows, so a web assessment understates this sector. Read the tier as published information, not as bedside access",EH,derived
health_multicare,MultiCare Health System,health,Ga,0,0,,False,none,0,,2,False,https://www.multicare.org,2026-09-07,,"Translation widget restricted to 2 languages; this language is NOT on the list | Direct care provider. Federally funded providers must offer interpreters at the point of care regardless of what their website shows, so a web assessment understates this sector. Read the tier as published information, not as bedside access",EH,derived
health_multicare,MultiCare Health System,health,German,0,0,,False,none,0,,2,False,https://www.multicare.org,2026-09-07,,"Translation widget restricted to 2 languages; this language is NOT on the list | Direct care provider. Federally funded providers must offer interpreters at the point of care regardless of what their website shows, so a web assessment understates this sector. Read the tier as published information, not as bedside access",EH,derived
health_multicare,MultiCare Health System,health,"Greek, Modern",0,0,,False,none,0,,2,False,https://www.multicare.org,2026-09-07,,"Translation widget restricted to 2 languages; this language is NOT on the list | Direct care provider. Federally funded providers must offer interpreters at the point of care regardless of what their website shows, so a web assessment understates this sector. Read the tier as published information, not as bedside access",EH,derived
health_multicare,MultiCare Health System,health,Gujarati,0,0,,False,none,0,,2,False,https://www.multicare.org,2026-09-07,,"Translation widget restricted to 2 languages; this language is NOT on the list | Direct care provider. Federally funded providers must offer interpreters at the point of care regardless of what their website shows, so a web assessment understates this sector. Read the tier as published information, not as bedside access",EH,derived
health_multicare,MultiCare Health System,health,Haitian Creole,0,0,,False,none,0,,2,False,https://www.multicare.org,2026-09-07,,"Translation widget restricted to 2 languages; this language is NOT on the list | Direct care provider. Federally funded providers must offer interpreters at the point of care regardless of what their website shows, so a web assessment understates this sector. Read the tier as published information, not as bedside access",EH,derived
health_multicare,MultiCare Health System,health,Hausa,0,0,,False,none,0,,2,False,https://www.multicare.org,2026-09-07,,"Translation widget restricted to 2 languages; this language is NOT on the list | Direct care provider. Federally funded providers must offer interpreters at the point of care regardless of what their website shows, so a web assessment understates this sector. Read the tier as published information, not as bedside access",EH,derived
health_multicare,MultiCare Health System,health,Hawaiian,0,0,,False,none,0,,2,False,https://www.multicare.org,2026-09-07,,"Translation widget restricted to 2 languages; this language is NOT on the list | Direct care provider. Federally funded providers must offer interpreters at the point of care regardless of what their website shows, so a web assessment understates this sector. Read the tier as published information, not as bedside access",EH,derived
health_multicare,MultiCare Health System,health,Herero,0,0,,False,none,0,,2,False,https://www.multicare.org,2026-09-07,,"Translation widget restricted to 2 languages; this language is NOT on the list | Direct care provider. Federally funded providers must offer interpreters at the point of care regardless of what their website shows, so a web assessment understates this sector. Read the tier as published information, not as bedside access",EH,derived
health_multicare,MultiCare Health System,health,Hindi,0,0,,False,none,0,,2,False,https://www.multicare.org,2026-09-07,,"Translation widget restricted to 2 languages; this language is NOT on the list | Direct care provider. Federally funded providers must offer interpreters at the point of care regardless of what their website shows, so a web assessment understates this sector. Read the tier as published information, not as bedside access",EH,derived
health_multicare,MultiCare Health System,health,Hmong,0,0,,False,none,0,,2,False,https://www.multicare.org,2026-09-07,,"Translation widget restricted to 2 languages; this language is NOT on the list | Direct care provider. Federally funded providers must offer interpreters at the point of care regardless of what their website shows, so a web assessment understates this sector. Read the tier as published information, not as bedside access",EH,derived
health_multicare,MultiCare Health System,health,Hungarian,0,0,,False,none,0,,2,False,https://www.multicare.org,2026-09-07,,"Translation widget restricted to 2 languages; this language is NOT on the list | Direct care provider. Federally funded providers must offer interpreters at the point of care regardless of what their website shows, so a web assessment understates this sector. Read the tier as published information, not as bedside access",EH,derived
health_multicare,MultiCare Health System,health,Igbo,0,0,,False,none,0,,2,False,https://www.multicare.org,2026-09-07,,"Translation widget restricted to 2 languages; this language is NOT on the list | Direct care provider. Federally funded providers must offer interpreters at the point of care regardless of what their website shows, so a web assessment understates this sector. Read the tier as published information, not as bedside access",EH,derived
health_multicare,MultiCare Health System,health,Ilokano,0,0,,False,none,0,,2,False,https://www.multicare.org,2026-09-07,,"Translation widget restricted to 2 languages; this language is NOT on the list | Direct care provider. Federally funded providers must offer interpreters at the point of care regardless of what their website shows, so a web assessment understates this sector. Read the tier as published information, not as bedside access",EH,derived
health_multicare,MultiCare Health System,health,Indonesian,0,0,,False,none,0,,2,False,https://www.multicare.org,2026-09-07,,"Translation widget restricted to 2 languages; this language is NOT on the list | Direct care provider. Federally funded providers must offer interpreters at the point of care regardless of what their website shows, so a web assessment understates this sector. Read the tier as published information, not as bedside access",EH,derived
health_multicare,MultiCare Health System,health,Italian,0,0,,False,none,0,,2,False,https://www.multicare.org,2026-09-07,,"Translation widget restricted to 2 languages; this language is NOT on the list | Direct care provider. Federally funded providers must offer interpreters at the point of care regardless of what their website shows, so a web assessment understates this sector. Read the tier as published information, not as bedside access",EH,derived
health_multicare,MultiCare Health System,health,Japanese,0,0,,False,none,0,,2,False,https://www.multicare.org,2026-09-07,,"Translation widget restricted to 2 languages; this language is NOT on the list | Direct care provider. Federally funded providers must offer interpreters at the point of care regardless of what their website shows, so a web assessment understates this sector. Read the tier as published information, not as bedside access",EH,derived
health_multicare,MultiCare Health System,health,Kakwa,0,0,,False,none,0,,2,False,https://www.multicare.org,2026-09-07,,"Translation widget restricted to 2 languages; this language is NOT on the list | Direct care provider. Federally funded providers must offer interpreters at the point of care regardless of what their website shows, so a web assessment understates this sector. Read the tier as published information, not as bedside access",EH,derived
health_multicare,MultiCare Health System,health,Kannada,0,0,,False,none,0,,2,False,https://www.multicare.org,2026-09-07,,"Translation widget restricted to 2 languages; this language is NOT on the list | Direct care provider. Federally funded providers must offer interpreters at the point of care regardless of what their website shows, so a web assessment understates this sector. Read the tier as published information, not as bedside access",EH,derived
health_multicare,MultiCare Health System,health,Karen,0,0,,False,none,0,,2,False,https://www.multicare.org,2026-09-07,,"Translation widget restricted to 2 languages; this language is NOT on the list | Direct care provider. Federally funded providers must offer interpreters at the point of care regardless of what their website shows, so a web assessment understates this sector. Read the tier as published information, not as bedside access",EH,derived
health_multicare,MultiCare Health System,health,Karenni,0,0,,False,none,0,,2,False,https://www.multicare.org,2026-09-07,,"Translation widget restricted to 2 languages; this language is NOT on the list | Direct care provider. Federally funded providers must offer interpreters at the point of care regardless of what their website shows, so a web assessment understates this sector. Read the tier as published information, not as bedside access",EH,derived
health_multicare,MultiCare Health System,health,Kazakh,0,0,,False,none,0,,2,False,https://www.multicare.org,2026-09-07,,"Translation widget restricted to 2 languages; this language is NOT on the list | Direct care provider. Federally funded providers must offer interpreters at the point of care regardless of what their website shows, so a web assessment understates this sector. Read the tier as published information, not as bedside access",EH,derived
health_multicare,MultiCare Health System,health,Khmer,0,0,,False,none,0,,2,False,https://www.multicare.org,2026-09-07,,"Translation widget restricted to 2 languages; this language is NOT on the list | Direct care provider. Federally funded providers must offer interpreters at the point of care regardless of what their website shows, so a web assessment understates this sector. Read the tier as published information, not as bedside access",EH,derived
health_multicare,MultiCare Health System,health,Kikuyu,0,0,,False,none,0,,2,False,https://www.multicare.org,2026-09-07,,"Translation widget restricted to 2 languages; this language is NOT on the list | Direct care provider. Federally funded providers must offer interpreters at the point of care regardless of what their website shows, so a web assessment understates this sector. Read the tier as published information, not as bedside access",EH,derived
health_multicare,MultiCare Health System,health,Kinyarwanda,0,0,,False,none,0,,2,False,https://www.multicare.org,2026-09-07,,"Translation widget restricted to 2 languages; this language is NOT on the list | Direct care provider. Federally funded providers must offer interpreters at the point of care regardless of what their website shows, so a web assessment understates this sector. Read the tier as published information, not as bedside access",EH,derived
health_multicare,MultiCare Health System,health,Kirgiz,0,0,,False,none,0,,2,False,https://www.multicare.org,2026-09-07,,"Translation widget restricted to 2 languages; this language is NOT on the list | Direct care provider. Federally funded providers must offer interpreters at the point of care regardless of what their website shows, so a web assessment understates this sector. Read the tier as published information, not as bedside access",EH,derived
health_multicare,MultiCare Health System,health,Kirundi,0,0,,False,none,0,,2,False,https://www.multicare.org,2026-09-07,,"Translation widget restricted to 2 languages; this language is NOT on the list | Direct care provider. Federally funded providers must offer interpreters at the point of care regardless of what their website shows, so a web assessment understates this sector. Read the tier as published information, not as bedside access",EH,derived
health_multicare,MultiCare Health System,health,Kmhmu,0,0,,False,none,0,,2,False,https://www.multicare.org,2026-09-07,,"Translation widget restricted to 2 languages; this language is NOT on the list | Direct care provider. Federally funded providers must offer interpreters at the point of care regardless of what their website shows, so a web assessment understates this sector. Read the tier as published information, not as bedside access",EH,derived
health_multicare,MultiCare Health System,health,Kongo,0,0,,False,none,0,,2,False,https://www.multicare.org,2026-09-07,,"Translation widget restricted to 2 languages; this language is NOT on the list | Direct care provider. Federally funded providers must offer interpreters at the point of care regardless of what their website shows, so a web assessment understates this sector. Read the tier as published information, not as bedside access",EH,derived
health_multicare,MultiCare Health System,health,Korean,0,0,,False,none,0,,2,False,https://www.multicare.org,2026-09-07,,"Translation widget restricted to 2 languages; this language is NOT on the list | Direct care provider. Federally funded providers must offer interpreters at the point of care regardless of what their website shows, so a web assessment understates this sector. Read the tier as published information, not as bedside access",EH,derived
health_multicare,MultiCare Health System,health,Kosraean,0,0,,False,none,0,,2,False,https://www.multicare.org,2026-09-07,,"Translation widget restricted to 2 languages; this language is NOT on the list | Direct care provider. Federally funded providers must offer interpreters at the point of care regardless of what their website shows, so a web assessment understates this sector. Read the tier as published information, not as bedside access",EH,derived
health_multicare,MultiCare Health System,health,Krahn,0,0,,False,none,0,,2,False,https://www.multicare.org,2026-09-07,,"Translation widget restricted to 2 languages; this language is NOT on the list | Direct care provider. Federally funded providers must offer interpreters at the point of care regardless of what their website shows, so a web assessment understates this sector. Read the tier as published information, not as bedside access",EH,derived
health_multicare,MultiCare Health System,health,Krio,0,0,,False,none,0,,2,False,https://www.multicare.org,2026-09-07,,"Translation widget restricted to 2 languages; this language is NOT on the list | Direct care provider. Federally funded providers must offer interpreters at the point of care regardless of what their website shows, so a web assessment understates this sector. Read the tier as published information, not as bedside access",EH,derived
health_multicare,MultiCare Health System,health,Kru,0,0,,False,none,0,,2,False,https://www.multicare.org,2026-09-07,,"Translation widget restricted to 2 languages; this language is NOT on the list | Direct care provider. Federally funded providers must offer interpreters at the point of care regardless of what their website shows, so a web assessment understates this sector. Read the tier as published information, not as bedside access",EH,derived
health_multicare,MultiCare Health System,health,Kurdish,0,0,,False,none,0,,2,False,https://www.multicare.org,2026-09-07,,"Translation widget restricted to 2 languages; this language is NOT on the list | Direct care provider. Federally funded providers must offer interpreters at the point of care regardless of what their website shows, so a web assessment understates this sector. Read the tier as published information, not as bedside access",EH,derived
health_multicare,MultiCare Health System,health,Lao,0,0,,False,none,0,,2,False,https://www.multicare.org,2026-09-07,,"Translation widget restricted to 2 languages; this language is NOT on the list | Direct care provider. Federally funded providers must offer interpreters at the point of care regardless of what their website shows, so a web assessment understates this sector. Read the tier as published information, not as bedside access",EH,derived
health_multicare,MultiCare Health System,health,Latvian,0,0,,False,none,0,,2,False,https://www.multicare.org,2026-09-07,,"Translation widget restricted to 2 languages; this language is NOT on the list | Direct care provider. Federally funded providers must offer interpreters at the point of care regardless of what their website shows, so a web assessment understates this sector. Read the tier as published information, not as bedside access",EH,derived
health_multicare,MultiCare Health System,health,Lingala,0,0,,False,none,0,,2,False,https://www.multicare.org,2026-09-07,,"Translation widget restricted to 2 languages; this language is NOT on the list | Direct care provider. Federally funded providers must offer interpreters at the point of care regardless of what their website shows, so a web assessment understates this sector. Read the tier as published information, not as bedside access",EH,derived
health_multicare,MultiCare Health System,health,Luganda,0,0,,False,none,0,,2,False,https://www.multicare.org,2026-09-07,,"Translation widget restricted to 2 languages; this language is NOT on the list | Direct care provider. Federally funded providers must offer interpreters at the point of care regardless of what their website shows, so a web assessment understates this sector. Read the tier as published information, not as bedside access",EH,derived
health_multicare,MultiCare Health System,health,Maay Maay,0,0,,False,none,0,,2,False,https://www.multicare.org,2026-09-07,,"Translation widget restricted to 2 languages; this language is NOT on the list | Direct care provider. Federally funded providers must offer interpreters at the point of care regardless of what their website shows, so a web assessment understates this sector. Read the tier as published information, not as bedside access",EH,derived
health_multicare,MultiCare Health System,health,Malay,0,0,,False,none,0,,2,False,https://www.multicare.org,2026-09-07,,"Translation widget restricted to 2 languages; this language is NOT on the list | Direct care provider. Federally funded providers must offer interpreters at the point of care regardless of what their website shows, so a web assessment understates this sector. Read the tier as published information, not as bedside access",EH,derived
health_multicare,MultiCare Health System,health,Malayalam,0,0,,False,none,0,,2,False,https://www.multicare.org,2026-09-07,,"Translation widget restricted to 2 languages; this language is NOT on the list | Direct care provider. Federally funded providers must offer interpreters at the point of care regardless of what their website shows, so a web assessment understates this sector. Read the tier as published information, not as bedside access",EH,derived
health_multicare,MultiCare Health System,health,Mam,0,0,,False,none,0,,2,False,https://www.multicare.org,2026-09-07,,"Translation widget restricted to 2 languages; this language is NOT on the list | Direct care provider. Federally funded providers must offer interpreters at the point of care regardless of what their website shows, so a web assessment understates this sector. Read the tier as published information, not as bedside access",EH,derived
health_multicare,MultiCare Health System,health,Mandingo,0,0,,False,none,0,,2,False,https://www.multicare.org,2026-09-07,,"Translation widget restricted to 2 languages; this language is NOT on the list | Direct care provider. Federally funded providers must offer interpreters at the point of care regardless of what their website shows, so a web assessment understates this sector. Read the tier as published information, not as bedside access",EH,derived
health_multicare,MultiCare Health System,health,Mandinka,0,0,,False,none,0,,2,False,https://www.multicare.org,2026-09-07,,"Translation widget restricted to 2 languages; this language is NOT on the list | Direct care provider. Federally funded providers must offer interpreters at the point of care regardless of what their website shows, so a web assessment understates this sector. Read the tier as published information, not as bedside access",EH,derived
health_multicare,MultiCare Health System,health,Marathi,0,0,,False,none,0,,2,False,https://www.multicare.org,2026-09-07,,"Translation widget restricted to 2 languages; this language is NOT on the list | Direct care provider. Federally funded providers must offer interpreters at the point of care regardless of what their website shows, so a web assessment understates this sector. Read the tier as published information, not as bedside access",EH,derived
health_multicare,MultiCare Health System,health,Marquesan,0,0,,False,none,0,,2,False,https://www.multicare.org,2026-09-07,,"Translation widget restricted to 2 languages; this language is NOT on the list | Direct care provider. Federally funded providers must offer interpreters at the point of care regardless of what their website shows, so a web assessment understates this sector. Read the tier as published information, not as bedside access",EH,derived
health_multicare,MultiCare Health System,health,Marshallese,0,0,,False,none,0,,2,False,https://www.multicare.org,2026-09-07,,"Translation widget restricted to 2 languages; this language is NOT on the list | Direct care provider. Federally funded providers must offer interpreters at the point of care regardless of what their website shows, so a web assessment understates this sector. Read the tier as published information, not as bedside access",EH,derived
health_multicare,MultiCare Health System,health,Maya-Quiche,0,0,,False,none,0,,2,False,https://www.multicare.org,2026-09-07,,"Translation widget restricted to 2 languages; this language is NOT on the list | Direct care provider. Federally funded providers must offer interpreters at the point of care regardless of what their website shows, so a web assessment understates this sector. Read the tier as published information, not as bedside access",EH,derived
health_multicare,MultiCare Health System,health,Mien,0,0,,False,none,0,,2,False,https://www.multicare.org,2026-09-07,,"Translation widget restricted to 2 languages; this language is NOT on the list | Direct care provider. Federally funded providers must offer interpreters at the point of care regardless of what their website shows, so a web assessment understates this sector. Read the tier as published information, not as bedside access",EH,derived
health_multicare,MultiCare Health System,health,Mixteco,0,0,,False,none,0,,2,False,https://www.multicare.org,2026-09-07,,"Translation widget restricted to 2 languages; this language is NOT on the list | Direct care provider. Federally funded providers must offer interpreters at the point of care regardless of what their website shows, so a web assessment understates this sector. Read the tier as published information, not as bedside access",EH,derived
health_multicare,MultiCare Health System,health,Moldavian,0,0,,False,none,0,,2,False,https://www.multicare.org,2026-09-07,,"Translation widget restricted to 2 languages; this language is NOT on the list | Direct care provider. Federally funded providers must offer interpreters at the point of care regardless of what their website shows, so a web assessment understates this sector. Read the tier as published information, not as bedside access",EH,derived
health_multicare,MultiCare Health System,health,Mongolian,0,0,,False,none,0,,2,False,https://www.multicare.org,2026-09-07,,"Translation widget restricted to 2 languages; this language is NOT on the list | Direct care provider. Federally funded providers must offer interpreters at the point of care regardless of what their website shows, so a web assessment understates this sector. Read the tier as published information, not as bedside access",EH,derived
health_multicare,MultiCare Health System,health,Moore,0,0,,False,none,0,,2,False,https://www.multicare.org,2026-09-07,,"Translation widget restricted to 2 languages; this language is NOT on the list | Direct care provider. Federally funded providers must offer interpreters at the point of care regardless of what their website shows, so a web assessment understates this sector. Read the tier as published information, not as bedside access",EH,derived
health_multicare,MultiCare Health System,health,"Nahuatl, Guerrero region",0,0,,False,none,0,,2,False,https://www.multicare.org,2026-09-07,,"Translation widget restricted to 2 languages; this language is NOT on the list | Direct care provider. Federally funded providers must offer interpreters at the point of care regardless of what their website shows, so a web assessment understates this sector. Read the tier as published information, not as bedside access",EH,derived
health_multicare,MultiCare Health System,health,Nepali,0,0,,False,none,0,,2,False,https://www.multicare.org,2026-09-07,,"Translation widget restricted to 2 languages; this language is NOT on the list | Direct care provider. Federally funded providers must offer interpreters at the point of care regardless of what their website shows, so a web assessment understates this sector. Read the tier as published information, not as bedside access",EH,derived
health_multicare,MultiCare Health System,health,Nuer,0,0,,False,none,0,,2,False,https://www.multicare.org,2026-09-07,,"Translation widget restricted to 2 languages; this language is NOT on the list | Direct care provider. Federally funded providers must offer interpreters at the point of care regardless of what their website shows, so a web assessment understates this sector. Read the tier as published information, not as bedside access",EH,derived
health_multicare,MultiCare Health System,health,Oromo,0,0,,False,none,0,,2,False,https://www.multicare.org,2026-09-07,,"Translation widget restricted to 2 languages; this language is NOT on the list | Direct care provider. Federally funded providers must offer interpreters at the point of care regardless of what their website shows, so a web assessment understates this sector. Read the tier as published information, not as bedside access",EH,derived
health_multicare,MultiCare Health System,health,Palau,0,0,,False,none,0,,2,False,https://www.multicare.org,2026-09-07,,"Translation widget restricted to 2 languages; this language is NOT on the list | Direct care provider. Federally funded providers must offer interpreters at the point of care regardless of what their website shows, so a web assessment understates this sector. Read the tier as published information, not as bedside access",EH,derived
health_multicare,MultiCare Health System,health,Pashai,0,0,,False,none,0,,2,False,https://www.multicare.org,2026-09-07,,"Translation widget restricted to 2 languages; this language is NOT on the list | Direct care provider. Federally funded providers must offer interpreters at the point of care regardless of what their website shows, so a web assessment understates this sector. Read the tier as published information, not as bedside access",EH,derived
health_multicare,MultiCare Health System,health,Pashto,0,0,,False,none,0,,2,False,https://www.multicare.org,2026-09-07,,"Translation widget restricted to 2 languages; this language is NOT on the list | Direct care provider. Federally funded providers must offer interpreters at the point of care regardless of what their website shows, so a web assessment understates this sector. Read the tier as published information, not as bedside access",EH,derived
health_multicare,MultiCare Health System,health,Pere,0,0,,False,none,0,,2,False,https://www.multicare.org,2026-09-07,,"Translation widget restricted to 2 languages; this language is NOT on the list | Direct care provider. Federally funded providers must offer interpreters at the point of care regardless of what their website shows, so a web assessment understates this sector. Read the tier as published information, not as bedside access",EH,derived
health_multicare,MultiCare Health System,health,Polish,0,0,,False,none,0,,2,False,https://www.multicare.org,2026-09-07,,"Translation widget restricted to 2 languages; this language is NOT on the list | Direct care provider. Federally funded providers must offer interpreters at the point of care regardless of what their website shows, so a web assessment understates this sector. Read the tier as published information, not as bedside access",EH,derived
health_multicare,MultiCare Health System,health,Portuguese,0,0,,False,none,0,,2,False,https://www.multicare.org,2026-09-07,,"Translation widget restricted to 2 languages; this language is NOT on the list | Direct care provider. Federally funded providers must offer interpreters at the point of care regardless of what their website shows, so a web assessment understates this sector. Read the tier as published information, not as bedside access",EH,derived
health_multicare,MultiCare Health System,health,Punjabi,0,0,,False,none,0,,2,False,https://www.multicare.org,2026-09-07,,"Translation widget restricted to 2 languages; this language is NOT on the list | Direct care provider. Federally funded providers must offer interpreters at the point of care regardless of what their website shows, so a web assessment understates this sector. Read the tier as published information, not as bedside access",EH,derived
health_multicare,MultiCare Health System,health,Purepecha,0,0,,False,none,0,,2,False,https://www.multicare.org,2026-09-07,,"Translation widget restricted to 2 languages; this language is NOT on the list | Direct care provider. Federally funded providers must offer interpreters at the point of care regardless of what their website shows, so a web assessment understates this sector. Read the tier as published information, not as bedside access",EH,derived
health_multicare,MultiCare Health System,health,Rohingya,0,0,,False,none,0,,2,False,https://www.multicare.org,2026-09-07,,"Translation widget restricted to 2 languages; this language is NOT on the list | Direct care provider. Federally funded providers must offer interpreters at the point of care regardless of what their website shows, so a web assessment understates this sector. Read the tier as published information, not as bedside access",EH,derived
health_multicare,MultiCare Health System,health,Romanian,0,0,,False,none,0,,2,False,https://www.multicare.org,2026-09-07,,"Translation widget restricted to 2 languages; this language is NOT on the list | Direct care provider. Federally funded providers must offer interpreters at the point of care regardless of what their website shows, so a web assessment understates this sector. Read the tier as published information, not as bedside access",EH,derived
health_multicare,MultiCare Health System,health,Russian,0,0,,False,none,0,,2,False,https://www.multicare.org,2026-09-07,,"Translation widget restricted to 2 languages; this language is NOT on the list | Direct care provider. Federally funded providers must offer interpreters at the point of care regardless of what their website shows, so a web assessment understates this sector. Read the tier as published information, not as bedside access",EH,derived
health_multicare,MultiCare Health System,health,Samoan,0,0,,False,none,0,,2,False,https://www.multicare.org,2026-09-07,,"Translation widget restricted to 2 languages; this language is NOT on the list | Direct care provider. Federally funded providers must offer interpreters at the point of care regardless of what their website shows, so a web assessment understates this sector. Read the tier as published information, not as bedside access",EH,derived
health_multicare,MultiCare Health System,health,Sao,0,0,,False,none,0,,2,False,https://www.multicare.org,2026-09-07,,"Translation widget restricted to 2 languages; this language is NOT on the list | Direct care provider. Federally funded providers must offer interpreters at the point of care regardless of what their website shows, so a web assessment understates this sector. Read the tier as published information, not as bedside access",EH,derived
health_multicare,MultiCare Health System,health,Serbo-Croation,0,0,,False,none,0,,2,False,https://www.multicare.org,2026-09-07,,"Translation widget restricted to 2 languages; this language is NOT on the list | Direct care provider. Federally funded providers must offer interpreters at the point of care regardless of what their website shows, so a web assessment understates this sector. Read the tier as published information, not as bedside access",EH,derived
health_multicare,MultiCare Health System,health,Shona,0,0,,False,none,0,,2,False,https://www.multicare.org,2026-09-07,,"Translation widget restricted to 2 languages; this language is NOT on the list | Direct care provider. Federally funded providers must offer interpreters at the point of care regardless of what their website shows, so a web assessment understates this sector. Read the tier as published information, not as bedside access",EH,derived
health_multicare,MultiCare Health System,health,Sinhalese,0,0,,False,none,0,,2,False,https://www.multicare.org,2026-09-07,,"Translation widget restricted to 2 languages; this language is NOT on the list | Direct care provider. Federally funded providers must offer interpreters at the point of care regardless of what their website shows, so a web assessment understates this sector. Read the tier as published information, not as bedside access",EH,derived
health_multicare,MultiCare Health System,health,Slovenian,0,0,,False,none,0,,2,False,https://www.multicare.org,2026-09-07,,"Translation widget restricted to 2 languages; this language is NOT on the list | Direct care provider. Federally funded providers must offer interpreters at the point of care regardless of what their website shows, so a web assessment understates this sector. Read the tier as published information, not as bedside access",EH,derived
health_multicare,MultiCare Health System,health,Somali,0,0,,False,none,0,,2,False,https://www.multicare.org,2026-09-07,,"Translation widget restricted to 2 languages; this language is NOT on the list | Direct care provider. Federally funded providers must offer interpreters at the point of care regardless of what their website shows, so a web assessment understates this sector. Read the tier as published information, not as bedside access",EH,derived
health_multicare,MultiCare Health System,health,Soninke,0,0,,False,none,0,,2,False,https://www.multicare.org,2026-09-07,,"Translation widget restricted to 2 languages; this language is NOT on the list | Direct care provider. Federally funded providers must offer interpreters at the point of care regardless of what their website shows, so a web assessment understates this sector. Read the tier as published information, not as bedside access",EH,derived
health_multicare,MultiCare Health System,health,Sotho,0,0,,False,none,0,,2,False,https://www.multicare.org,2026-09-07,,"Translation widget restricted to 2 languages; this language is NOT on the list | Direct care provider. Federally funded providers must offer interpreters at the point of care regardless of what their website shows, so a web assessment understates this sector. Read the tier as published information, not as bedside access",EH,derived
health_multicare,MultiCare Health System,health,Spanish,1,2,,True,machine_widget,0,,2,False,https://www.multicare.org,2026-09-07,,"Translation widget restricted to 2 languages; this language is on the list | Direct care provider. Federally funded providers must offer interpreters at the point of care regardless of what their website shows, so a web assessment understates this sector. Read the tier as published information, not as bedside access",EH,derived
health_multicare,MultiCare Health System,health,Swahili,0,0,,False,none,0,,2,False,https://www.multicare.org,2026-09-07,,"Translation widget restricted to 2 languages; this language is NOT on the list | Direct care provider. Federally funded providers must offer interpreters at the point of care regardless of what their website shows, so a web assessment understates this sector. Read the tier as published information, not as bedside access",EH,derived
health_multicare,MultiCare Health System,health,Tagalog,0,0,,False,none,0,,2,False,https://www.multicare.org,2026-09-07,,"Translation widget restricted to 2 languages; this language is NOT on the list | Direct care provider. Federally funded providers must offer interpreters at the point of care regardless of what their website shows, so a web assessment understates this sector. Read the tier as published information, not as bedside access",EH,derived
health_multicare,MultiCare Health System,health,Taishanese,0,0,,False,none,0,,2,False,https://www.multicare.org,2026-09-07,,"Translation widget restricted to 2 languages; this language is NOT on the list | Direct care provider. Federally funded providers must offer interpreters at the point of care regardless of what their website shows, so a web assessment understates this sector. Read the tier as published information, not as bedside access",EH,derived
health_multicare,MultiCare Health System,health,Tajiki,0,0,,False,none,0,,2,False,https://www.multicare.org,2026-09-07,,"Translation widget restricted to 2 languages; this language is NOT on the list | Direct care provider. Federally funded providers must offer interpreters at the point of care regardless of what their website shows, so a web assessment understates this sector. Read the tier as published information, not as bedside access",EH,derived
health_multicare,MultiCare Health System,health,Tamil,0,0,,False,none,0,,2,False,https://www.multicare.org,2026-09-07,,"Translation widget restricted to 2 languages; this language is NOT on the list | Direct care provider. Federally funded providers must offer interpreters at the point of care regardless of what their website shows, so a web assessment understates this sector. Read the tier as published information, not as bedside access",EH,derived
health_multicare,MultiCare Health System,health,Tarasco,0,0,,False,none,0,,2,False,https://www.multicare.org,2026-09-07,,"Translation widget restricted to 2 languages; this language is NOT on the list | Direct care provider. Federally funded providers must offer interpreters at the point of care regardless of what their website shows, so a web assessment understates this sector. Read the tier as published information, not as bedside access",EH,derived
health_multicare,MultiCare Health System,health,Tedim,0,0,,False,none,0,,2,False,https://www.multicare.org,2026-09-07,,"Translation widget restricted to 2 languages; this language is NOT on the list | Direct care provider. Federally funded providers must offer interpreters at the point of care regardless of what their website shows, so a web assessment understates this sector. Read the tier as published information, not as bedside access",EH,derived
health_multicare,MultiCare Health System,health,Telugu,0,0,,False,none,0,,2,False,https://www.multicare.org,2026-09-07,,"Translation widget restricted to 2 languages; this language is NOT on the list | Direct care provider. Federally funded providers must offer interpreters at the point of care regardless of what their website shows, so a web assessment understates this sector. Read the tier as published information, not as bedside access",EH,derived
health_multicare,MultiCare Health System,health,Thai,0,0,,False,none,0,,2,False,https://www.multicare.org,2026-09-07,,"Translation widget restricted to 2 languages; this language is NOT on the list | Direct care provider. Federally funded providers must offer interpreters at the point of care regardless of what their website shows, so a web assessment understates this sector. Read the tier as published information, not as bedside access",EH,derived
health_multicare,MultiCare Health System,health,Tibetan,0,0,,False,none,0,,2,False,https://www.multicare.org,2026-09-07,,"Translation widget restricted to 2 languages; this language is NOT on the list | Direct care provider. Federally funded providers must offer interpreters at the point of care regardless of what their website shows, so a web assessment understates this sector. Read the tier as published information, not as bedside access",EH,derived
health_multicare,MultiCare Health System,health,Tigrinya,0,0,,False,none,0,,2,False,https://www.multicare.org,2026-09-07,,"Translation widget restricted to 2 languages; this language is NOT on the list | Direct care provider. Federally funded providers must offer interpreters at the point of care regardless of what their website shows, so a web assessment understates this sector. Read the tier as published information, not as bedside access",EH,derived
health_multicare,MultiCare Health System,health,Tongan,0,0,,False,none,0,,2,False,https://www.multicare.org,2026-09-07,,"Translation widget restricted to 2 languages; this language is NOT on the list | Direct care provider. Federally funded providers must offer interpreters at the point of care regardless of what their website shows, so a web assessment understates this sector. Read the tier as published information, not as bedside access",EH,derived
health_multicare,MultiCare Health System,health,Turkish,0,0,,False,none,0,,2,False,https://www.multicare.org,2026-09-07,,"Translation widget restricted to 2 languages; this language is NOT on the list | Direct care provider. Federally funded providers must offer interpreters at the point of care regardless of what their website shows, so a web assessment understates this sector. Read the tier as published information, not as bedside access",EH,derived
health_multicare,MultiCare Health System,health,Twi,0,0,,False,none,0,,2,False,https://www.multicare.org,2026-09-07,,"Translation widget restricted to 2 languages; this language is NOT on the list | Direct care provider. Federally funded providers must offer interpreters at the point of care regardless of what their website shows, so a web assessment understates this sector. Read the tier as published information, not as bedside access",EH,derived
health_multicare,MultiCare Health System,health,Ukrainian,0,0,,False,none,0,,2,False,https://www.multicare.org,2026-09-07,,"Translation widget restricted to 2 languages; this language is NOT on the list | Direct care provider. Federally funded providers must offer interpreters at the point of care regardless of what their website shows, so a web assessment understates this sector. Read the tier as published information, not as bedside access",EH,derived
health_multicare,MultiCare Health System,health,Urdu,0,0,,False,none,0,,2,False,https://www.multicare.org,2026-09-07,,"Translation widget restricted to 2 languages; this language is NOT on the list | Direct care provider. Federally funded providers must offer interpreters at the point of care regardless of what their website shows, so a web assessment understates this sector. Read the tier as published information, not as bedside access",EH,derived
health_multicare,MultiCare Health System,health,Uzbek,0,0,,False,none,0,,2,False,https://www.multicare.org,2026-09-07,,"Translation widget restricted to 2 languages; this language is NOT on the list | Direct care provider. Federally funded providers must offer interpreters at the point of care regardless of what their website shows, so a web assessment understates this sector. Read the tier as published information, not as bedside access",EH,derived
health_multicare,MultiCare Health System,health,Vietnamese,0,0,,False,none,0,,2,False,https://www.multicare.org,2026-09-07,,"Translation widget restricted to 2 languages; this language is NOT on the list | Direct care provider. Federally funded providers must offer interpreters at the point of care regardless of what their website shows, so a web assessment understates this sector. Read the tier as published information, not as bedside access",EH,derived
health_multicare,MultiCare Health System,health,Wolof,0,0,,False,none,0,,2,False,https://www.multicare.org,2026-09-07,,"Translation widget restricted to 2 languages; this language is NOT on the list | Direct care provider. Federally funded providers must offer interpreters at the point of care regardless of what their website shows, so a web assessment understates this sector. Read the tier as published information, not as bedside access",EH,derived
health_multicare,MultiCare Health System,health,Yap,0,0,,False,none,0,,2,False,https://www.multicare.org,2026-09-07,,"Translation widget restricted to 2 languages; this language is NOT on the list | Direct care provider. Federally funded providers must offer interpreters at the point of care regardless of what their website shows, so a web assessment understates this sector. Read the tier as published information, not as bedside access",EH,derived
health_multicare,MultiCare Health System,health,Yoruba,0,0,,False,none,0,,2,False,https://www.multicare.org,2026-09-07,,"Translation widget restricted to 2 languages; this language is NOT on the list | Direct care provider. Federally funded providers must offer interpreters at the point of care regardless of what their website shows, so a web assessment understates this sector. Read the tier as published information, not as bedside access",EH,derived
health_vmfh,Virginia Mason Franciscan Health,health,Acholi,0,0,,False,none,0,,,False,https://www.vmfh.org,2026-09-07,,"No translation mechanism found on the site | Direct care provider. Federally funded providers must offer interpreters at the point of care regardless of what their website shows, so a web assessment understates this sector. Read the tier as published information, not as bedside access",EH,derived
health_vmfh,Virginia Mason Franciscan Health,health,Aguacateco,0,0,,False,none,0,,,False,https://www.vmfh.org,2026-09-07,,"No translation mechanism found on the site | Direct care provider. Federally funded providers must offer interpreters at the point of care regardless of what their website shows, so a web assessment understates this sector. Read the tier as published information, not as bedside access",EH,derived
health_vmfh,Virginia Mason Franciscan Health,health,Akateko,0,0,,False,none,0,,,False,https://www.vmfh.org,2026-09-07,,"No translation mechanism found on the site | Direct care provider. Federally funded providers must offer interpreters at the point of care regardless of what their website shows, so a web assessment understates this sector. Read the tier as published information, not as bedside access",EH,derived
health_vmfh,Virginia Mason Franciscan Health,health,Albanian,0,0,,False,none,0,,,False,https://www.vmfh.org,2026-09-07,,"No translation mechanism found on the site | Direct care provider. Federally funded providers must offer interpreters at the point of care regardless of what their website shows, so a web assessment understates this sector. Read the tier as published information, not as bedside access",EH,derived
health_vmfh,Virginia Mason Franciscan Health,health,American Sign Language,0,0,,False,none,0,,,False,https://www.vmfh.org,2026-09-07,,"No translation mechanism found on the site | Direct care provider. Federally funded providers must offer interpreters at the point of care regardless of what their website shows, so a web assessment understates this sector. Read the tier as published information, not as bedside access",EH,derived
health_vmfh,Virginia Mason Franciscan Health,health,Amharic,0,0,,False,none,0,,,False,https://www.vmfh.org,2026-09-07,,"No translation mechanism found on the site | Direct care provider. Federally funded providers must offer interpreters at the point of care regardless of what their website shows, so a web assessment understates this sector. Read the tier as published information, not as bedside access",EH,derived
health_vmfh,Virginia Mason Franciscan Health,health,Arabic,0,0,,False,none,0,,,False,https://www.vmfh.org,2026-09-07,,"No translation mechanism found on the site | Direct care provider. Federally funded providers must offer interpreters at the point of care regardless of what their website shows, so a web assessment understates this sector. Read the tier as published information, not as bedside access",EH,derived
health_vmfh,Virginia Mason Franciscan Health,health,Armenian,0,0,,False,none,0,,,False,https://www.vmfh.org,2026-09-07,,"No translation mechanism found on the site | Direct care provider. Federally funded providers must offer interpreters at the point of care regardless of what their website shows, so a web assessment understates this sector. Read the tier as published information, not as bedside access",EH,derived
health_vmfh,Virginia Mason Franciscan Health,health,Ayula-Bambara,0,0,,False,none,0,,,False,https://www.vmfh.org,2026-09-07,,"No translation mechanism found on the site | Direct care provider. Federally funded providers must offer interpreters at the point of care regardless of what their website shows, so a web assessment understates this sector. Read the tier as published information, not as bedside access",EH,derived
health_vmfh,Virginia Mason Franciscan Health,health,Azerbaijani,0,0,,False,none,0,,,False,https://www.vmfh.org,2026-09-07,,"No translation mechanism found on the site | Direct care provider. Federally funded providers must offer interpreters at the point of care regardless of what their website shows, so a web assessment understates this sector. Read the tier as published information, not as bedside access",EH,derived
health_vmfh,Virginia Mason Franciscan Health,health,Bambara,0,0,,False,none,0,,,False,https://www.vmfh.org,2026-09-07,,"No translation mechanism found on the site | Direct care provider. Federally funded providers must offer interpreters at the point of care regardless of what their website shows, so a web assessment understates this sector. Read the tier as published information, not as bedside access",EH,derived
health_vmfh,Virginia Mason Franciscan Health,health,Bangala,0,0,,False,none,0,,,False,https://www.vmfh.org,2026-09-07,,"No translation mechanism found on the site | Direct care provider. Federally funded providers must offer interpreters at the point of care regardless of what their website shows, so a web assessment understates this sector. Read the tier as published information, not as bedside access",EH,derived
health_vmfh,Virginia Mason Franciscan Health,health,Bassa,0,0,,False,none,0,,,False,https://www.vmfh.org,2026-09-07,,"No translation mechanism found on the site | Direct care provider. Federally funded providers must offer interpreters at the point of care regardless of what their website shows, so a web assessment understates this sector. Read the tier as published information, not as bedside access",EH,derived
health_vmfh,Virginia Mason Franciscan Health,health,Bengali,0,0,,False,none,0,,,False,https://www.vmfh.org,2026-09-07,,"No translation mechanism found on the site | Direct care provider. Federally funded providers must offer interpreters at the point of care regardless of what their website shows, so a web assessment understates this sector. Read the tier as published information, not as bedside access",EH,derived
health_vmfh,Virginia Mason Franciscan Health,health,Bosnian,0,0,,False,none,0,,,False,https://www.vmfh.org,2026-09-07,,"No translation mechanism found on the site | Direct care provider. Federally funded providers must offer interpreters at the point of care regardless of what their website shows, so a web assessment understates this sector. Read the tier as published information, not as bedside access",EH,derived
health_vmfh,Virginia Mason Franciscan Health,health,Bulgarian,0,0,,False,none,0,,,False,https://www.vmfh.org,2026-09-07,,"No translation mechanism found on the site | Direct care provider. Federally funded providers must offer interpreters at the point of care regardless of what their website shows, so a web assessment understates this sector. Read the tier as published information, not as bedside access",EH,derived
health_vmfh,Virginia Mason Franciscan Health,health,Burmese,0,0,,False,none,0,,,False,https://www.vmfh.org,2026-09-07,,"No translation mechanism found on the site | Direct care provider. Federally funded providers must offer interpreters at the point of care regardless of what their website shows, so a web assessment understates this sector. Read the tier as published information, not as bedside access",EH,derived
health_vmfh,Virginia Mason Franciscan Health,health,Carolinian,0,0,,False,none,0,,,False,https://www.vmfh.org,2026-09-07,,"No translation mechanism found on the site | Direct care provider. Federally funded providers must offer interpreters at the point of care regardless of what their website shows, so a web assessment understates this sector. Read the tier as published information, not as bedside access",EH,derived
health_vmfh,Virginia Mason Franciscan Health,health,Catalan,0,0,,False,none,0,,,False,https://www.vmfh.org,2026-09-07,,"No translation mechanism found on the site | Direct care provider. Federally funded providers must offer interpreters at the point of care regardless of what their website shows, so a web assessment understates this sector. Read the tier as published information, not as bedside access",EH,derived
health_vmfh,Virginia Mason Franciscan Health,health,Cebuano,0,0,,False,none,0,,,False,https://www.vmfh.org,2026-09-07,,"No translation mechanism found on the site | Direct care provider. Federally funded providers must offer interpreters at the point of care regardless of what their website shows, so a web assessment understates this sector. Read the tier as published information, not as bedside access",EH,derived
health_vmfh,Virginia Mason Franciscan Health,health,Cham,0,0,,False,none,0,,,False,https://www.vmfh.org,2026-09-07,,"No translation mechanism found on the site | Direct care provider. Federally funded providers must offer interpreters at the point of care regardless of what their website shows, so a web assessment understates this sector. Read the tier as published information, not as bedside access",EH,derived
health_vmfh,Virginia Mason Franciscan Health,health,Chamorro,0,0,,False,none,0,,,False,https://www.vmfh.org,2026-09-07,,"No translation mechanism found on the site | Direct care provider. Federally funded providers must offer interpreters at the point of care regardless of what their website shows, so a web assessment understates this sector. Read the tier as published information, not as bedside access",EH,derived
health_vmfh,Virginia Mason Franciscan Health,health,Chin,0,0,,False,none,0,,,False,https://www.vmfh.org,2026-09-07,,"No translation mechanism found on the site | Direct care provider. Federally funded providers must offer interpreters at the point of care regardless of what their website shows, so a web assessment understates this sector. Read the tier as published information, not as bedside access",EH,derived
health_vmfh,Virginia Mason Franciscan Health,health,Chinese-Cantonese,0,0,,False,none,0,,,False,https://www.vmfh.org,2026-09-07,,"No translation mechanism found on the site | Direct care provider. Federally funded providers must offer interpreters at the point of care regardless of what their website shows, so a web assessment understates this sector. Read the tier as published information, not as bedside access",EH,derived
health_vmfh,Virginia Mason Franciscan Health,health,Chinese-Fukienese,0,0,,False,none,0,,,False,https://www.vmfh.org,2026-09-07,,"No translation mechanism found on the site | Direct care provider. Federally funded providers must offer interpreters at the point of care regardless of what their website shows, so a web assessment understates this sector. Read the tier as published information, not as bedside access",EH,derived
health_vmfh,Virginia Mason Franciscan Health,health,Chinese-Mandarin,0,0,,False,none,0,,,False,https://www.vmfh.org,2026-09-07,,"No translation mechanism found on the site | Direct care provider. Federally funded providers must offer interpreters at the point of care regardless of what their website shows, so a web assessment understates this sector. Read the tier as published information, not as bedside access",EH,derived
health_vmfh,Virginia Mason Franciscan Health,health,Chinese-Taiwanese,0,0,,False,none,0,,,False,https://www.vmfh.org,2026-09-07,,"No translation mechanism found on the site | Direct care provider. Federally funded providers must offer interpreters at the point of care regardless of what their website shows, so a web assessment understates this sector. Read the tier as published information, not as bedside access",EH,derived
health_vmfh,Virginia Mason Franciscan Health,health,Chuukese,0,0,,False,none,0,,,False,https://www.vmfh.org,2026-09-07,,"No translation mechanism found on the site | Direct care provider. Federally funded providers must offer interpreters at the point of care regardless of what their website shows, so a web assessment understates this sector. Read the tier as published information, not as bedside access",EH,derived
health_vmfh,Virginia Mason Franciscan Health,health,Dari,0,0,,False,none,0,,,False,https://www.vmfh.org,2026-09-07,,"No translation mechanism found on the site | Direct care provider. Federally funded providers must offer interpreters at the point of care regardless of what their website shows, so a web assessment understates this sector. Read the tier as published information, not as bedside access",EH,derived
health_vmfh,Virginia Mason Franciscan Health,health,Dinka,0,0,,False,none,0,,,False,https://www.vmfh.org,2026-09-07,,"No translation mechanism found on the site | Direct care provider. Federally funded providers must offer interpreters at the point of care regardless of what their website shows, so a web assessment understates this sector. Read the tier as published information, not as bedside access",EH,derived
health_vmfh,Virginia Mason Franciscan Health,health,Dutch,0,0,,False,none,0,,,False,https://www.vmfh.org,2026-09-07,,"No translation mechanism found on the site | Direct care provider. Federally funded providers must offer interpreters at the point of care regardless of what their website shows, so a web assessment understates this sector. Read the tier as published information, not as bedside access",EH,derived
health_vmfh,Virginia Mason Franciscan Health,health,Egyptian-Arabic,0,0,,False,none,0,,,False,https://www.vmfh.org,2026-09-07,,"No translation mechanism found on the site | Direct care provider. Federally funded providers must offer interpreters at the point of care regardless of what their website shows, so a web assessment understates this sector. Read the tier as published information, not as bedside access",EH,derived
health_vmfh,Virginia Mason Franciscan Health,health,Eritai,0,0,,False,none,0,,,False,https://www.vmfh.org,2026-09-07,,"No translation mechanism found on the site | Direct care provider. Federally funded providers must offer interpreters at the point of care regardless of what their website shows, so a web assessment understates this sector. Read the tier as published information, not as bedside access",EH,derived
health_vmfh,Virginia Mason Franciscan Health,health,Estonian,0,0,,False,none,0,,,False,https://www.vmfh.org,2026-09-07,,"No translation mechanism found on the site | Direct care provider. Federally funded providers must offer interpreters at the point of care regardless of what their website shows, so a web assessment understates this sector. Read the tier as published information, not as bedside access",EH,derived
health_vmfh,Virginia Mason Franciscan Health,health,Ewe,0,0,,False,none,0,,,False,https://www.vmfh.org,2026-09-07,,"No translation mechanism found on the site | Direct care provider. Federally funded providers must offer interpreters at the point of care regardless of what their website shows, so a web assessment understates this sector. Read the tier as published information, not as bedside access",EH,derived
health_vmfh,Virginia Mason Franciscan Health,health,Fallani,0,0,,False,none,0,,,False,https://www.vmfh.org,2026-09-07,,"No translation mechanism found on the site | Direct care provider. Federally funded providers must offer interpreters at the point of care regardless of what their website shows, so a web assessment understates this sector. Read the tier as published information, not as bedside access",EH,derived
health_vmfh,Virginia Mason Franciscan Health,health,Farsi,0,0,,False,none,0,,,False,https://www.vmfh.org,2026-09-07,,"No translation mechanism found on the site | Direct care provider. Federally funded providers must offer interpreters at the point of care regardless of what their website shows, so a web assessment understates this sector. Read the tier as published information, not as bedside access",EH,derived
health_vmfh,Virginia Mason Franciscan Health,health,French,0,0,,False,none,0,,,False,https://www.vmfh.org,2026-09-07,,"No translation mechanism found on the site | Direct care provider. Federally funded providers must offer interpreters at the point of care regardless of what their website shows, so a web assessment understates this sector. Read the tier as published information, not as bedside access",EH,derived
health_vmfh,Virginia Mason Franciscan Health,health,Fula,0,0,,False,none,0,,,False,https://www.vmfh.org,2026-09-07,,"No translation mechanism found on the site | Direct care provider. Federally funded providers must offer interpreters at the point of care regardless of what their website shows, so a web assessment understates this sector. Read the tier as published information, not as bedside access",EH,derived
health_vmfh,Virginia Mason Franciscan Health,health,Ga,0,0,,False,none,0,,,False,https://www.vmfh.org,2026-09-07,,"No translation mechanism found on the site | Direct care provider. Federally funded providers must offer interpreters at the point of care regardless of what their website shows, so a web assessment understates this sector. Read the tier as published information, not as bedside access",EH,derived
health_vmfh,Virginia Mason Franciscan Health,health,German,0,0,,False,none,0,,,False,https://www.vmfh.org,2026-09-07,,"No translation mechanism found on the site | Direct care provider. Federally funded providers must offer interpreters at the point of care regardless of what their website shows, so a web assessment understates this sector. Read the tier as published information, not as bedside access",EH,derived
health_vmfh,Virginia Mason Franciscan Health,health,"Greek, Modern",0,0,,False,none,0,,,False,https://www.vmfh.org,2026-09-07,,"No translation mechanism found on the site | Direct care provider. Federally funded providers must offer interpreters at the point of care regardless of what their website shows, so a web assessment understates this sector. Read the tier as published information, not as bedside access",EH,derived
health_vmfh,Virginia Mason Franciscan Health,health,Gujarati,0,0,,False,none,0,,,False,https://www.vmfh.org,2026-09-07,,"No translation mechanism found on the site | Direct care provider. Federally funded providers must offer interpreters at the point of care regardless of what their website shows, so a web assessment understates this sector. Read the tier as published information, not as bedside access",EH,derived
health_vmfh,Virginia Mason Franciscan Health,health,Haitian Creole,0,0,,False,none,0,,,False,https://www.vmfh.org,2026-09-07,,"No translation mechanism found on the site | Direct care provider. Federally funded providers must offer interpreters at the point of care regardless of what their website shows, so a web assessment understates this sector. Read the tier as published information, not as bedside access",EH,derived
health_vmfh,Virginia Mason Franciscan Health,health,Hausa,0,0,,False,none,0,,,False,https://www.vmfh.org,2026-09-07,,"No translation mechanism found on the site | Direct care provider. Federally funded providers must offer interpreters at the point of care regardless of what their website shows, so a web assessment understates this sector. Read the tier as published information, not as bedside access",EH,derived
health_vmfh,Virginia Mason Franciscan Health,health,Hawaiian,0,0,,False,none,0,,,False,https://www.vmfh.org,2026-09-07,,"No translation mechanism found on the site | Direct care provider. Federally funded providers must offer interpreters at the point of care regardless of what their website shows, so a web assessment understates this sector. Read the tier as published information, not as bedside access",EH,derived
health_vmfh,Virginia Mason Franciscan Health,health,Herero,0,0,,False,none,0,,,False,https://www.vmfh.org,2026-09-07,,"No translation mechanism found on the site | Direct care provider. Federally funded providers must offer interpreters at the point of care regardless of what their website shows, so a web assessment understates this sector. Read the tier as published information, not as bedside access",EH,derived
health_vmfh,Virginia Mason Franciscan Health,health,Hindi,0,0,,False,none,0,,,False,https://www.vmfh.org,2026-09-07,,"No translation mechanism found on the site | Direct care provider. Federally funded providers must offer interpreters at the point of care regardless of what their website shows, so a web assessment understates this sector. Read the tier as published information, not as bedside access",EH,derived
health_vmfh,Virginia Mason Franciscan Health,health,Hmong,0,0,,False,none,0,,,False,https://www.vmfh.org,2026-09-07,,"No translation mechanism found on the site | Direct care provider. Federally funded providers must offer interpreters at the point of care regardless of what their website shows, so a web assessment understates this sector. Read the tier as published information, not as bedside access",EH,derived
health_vmfh,Virginia Mason Franciscan Health,health,Hungarian,0,0,,False,none,0,,,False,https://www.vmfh.org,2026-09-07,,"No translation mechanism found on the site | Direct care provider. Federally funded providers must offer interpreters at the point of care regardless of what their website shows, so a web assessment understates this sector. Read the tier as published information, not as bedside access",EH,derived
health_vmfh,Virginia Mason Franciscan Health,health,Igbo,0,0,,False,none,0,,,False,https://www.vmfh.org,2026-09-07,,"No translation mechanism found on the site | Direct care provider. Federally funded providers must offer interpreters at the point of care regardless of what their website shows, so a web assessment understates this sector. Read the tier as published information, not as bedside access",EH,derived
health_vmfh,Virginia Mason Franciscan Health,health,Ilokano,0,0,,False,none,0,,,False,https://www.vmfh.org,2026-09-07,,"No translation mechanism found on the site | Direct care provider. Federally funded providers must offer interpreters at the point of care regardless of what their website shows, so a web assessment understates this sector. Read the tier as published information, not as bedside access",EH,derived
health_vmfh,Virginia Mason Franciscan Health,health,Indonesian,0,0,,False,none,0,,,False,https://www.vmfh.org,2026-09-07,,"No translation mechanism found on the site | Direct care provider. Federally funded providers must offer interpreters at the point of care regardless of what their website shows, so a web assessment understates this sector. Read the tier as published information, not as bedside access",EH,derived
health_vmfh,Virginia Mason Franciscan Health,health,Italian,0,0,,False,none,0,,,False,https://www.vmfh.org,2026-09-07,,"No translation mechanism found on the site | Direct care provider. Federally funded providers must offer interpreters at the point of care regardless of what their website shows, so a web assessment understates this sector. Read the tier as published information, not as bedside access",EH,derived
health_vmfh,Virginia Mason Franciscan Health,health,Japanese,0,0,,False,none,0,,,False,https://www.vmfh.org,2026-09-07,,"No translation mechanism found on the site | Direct care provider. Federally funded providers must offer interpreters at the point of care regardless of what their website shows, so a web assessment understates this sector. Read the tier as published information, not as bedside access",EH,derived
health_vmfh,Virginia Mason Franciscan Health,health,Kakwa,0,0,,False,none,0,,,False,https://www.vmfh.org,2026-09-07,,"No translation mechanism found on the site | Direct care provider. Federally funded providers must offer interpreters at the point of care regardless of what their website shows, so a web assessment understates this sector. Read the tier as published information, not as bedside access",EH,derived
health_vmfh,Virginia Mason Franciscan Health,health,Kannada,0,0,,False,none,0,,,False,https://www.vmfh.org,2026-09-07,,"No translation mechanism found on the site | Direct care provider. Federally funded providers must offer interpreters at the point of care regardless of what their website shows, so a web assessment understates this sector. Read the tier as published information, not as bedside access",EH,derived
health_vmfh,Virginia Mason Franciscan Health,health,Karen,0,0,,False,none,0,,,False,https://www.vmfh.org,2026-09-07,,"No translation mechanism found on the site | Direct care provider. Federally funded providers must offer interpreters at the point of care regardless of what their website shows, so a web assessment understates this sector. Read the tier as published information, not as bedside access",EH,derived
health_vmfh,Virginia Mason Franciscan Health,health,Karenni,0,0,,False,none,0,,,False,https://www.vmfh.org,2026-09-07,,"No translation mechanism found on the site | Direct care provider. Federally funded providers must offer interpreters at the point of care regardless of what their website shows, so a web assessment understates this sector. Read the tier as published information, not as bedside access",EH,derived
health_vmfh,Virginia Mason Franciscan Health,health,Kazakh,0,0,,False,none,0,,,False,https://www.vmfh.org,2026-09-07,,"No translation mechanism found on the site | Direct care provider. Federally funded providers must offer interpreters at the point of care regardless of what their website shows, so a web assessment understates this sector. Read the tier as published information, not as bedside access",EH,derived
health_vmfh,Virginia Mason Franciscan Health,health,Khmer,0,0,,False,none,0,,,False,https://www.vmfh.org,2026-09-07,,"No translation mechanism found on the site | Direct care provider. Federally funded providers must offer interpreters at the point of care regardless of what their website shows, so a web assessment understates this sector. Read the tier as published information, not as bedside access",EH,derived
health_vmfh,Virginia Mason Franciscan Health,health,Kikuyu,0,0,,False,none,0,,,False,https://www.vmfh.org,2026-09-07,,"No translation mechanism found on the site | Direct care provider. Federally funded providers must offer interpreters at the point of care regardless of what their website shows, so a web assessment understates this sector. Read the tier as published information, not as bedside access",EH,derived
health_vmfh,Virginia Mason Franciscan Health,health,Kinyarwanda,0,0,,False,none,0,,,False,https://www.vmfh.org,2026-09-07,,"No translation mechanism found on the site | Direct care provider. Federally funded providers must offer interpreters at the point of care regardless of what their website shows, so a web assessment understates this sector. Read the tier as published information, not as bedside access",EH,derived
health_vmfh,Virginia Mason Franciscan Health,health,Kirgiz,0,0,,False,none,0,,,False,https://www.vmfh.org,2026-09-07,,"No translation mechanism found on the site | Direct care provider. Federally funded providers must offer interpreters at the point of care regardless of what their website shows, so a web assessment understates this sector. Read the tier as published information, not as bedside access",EH,derived
health_vmfh,Virginia Mason Franciscan Health,health,Kirundi,0,0,,False,none,0,,,False,https://www.vmfh.org,2026-09-07,,"No translation mechanism found on the site | Direct care provider. Federally funded providers must offer interpreters at the point of care regardless of what their website shows, so a web assessment understates this sector. Read the tier as published information, not as bedside access",EH,derived
health_vmfh,Virginia Mason Franciscan Health,health,Kmhmu,0,0,,False,none,0,,,False,https://www.vmfh.org,2026-09-07,,"No translation mechanism found on the site | Direct care provider. Federally funded providers must offer interpreters at the point of care regardless of what their website shows, so a web assessment understates this sector. Read the tier as published information, not as bedside access",EH,derived
health_vmfh,Virginia Mason Franciscan Health,health,Kongo,0,0,,False,none,0,,,False,https://www.vmfh.org,2026-09-07,,"No translation mechanism found on the site | Direct care provider. Federally funded providers must offer interpreters at the point of care regardless of what their website shows, so a web assessment understates this sector. Read the tier as published information, not as bedside access",EH,derived
health_vmfh,Virginia Mason Franciscan Health,health,Korean,0,0,,False,none,0,,,False,https://www.vmfh.org,2026-09-07,,"No translation mechanism found on the site | Direct care provider. Federally funded providers must offer interpreters at the point of care regardless of what their website shows, so a web assessment understates this sector. Read the tier as published information, not as bedside access",EH,derived
health_vmfh,Virginia Mason Franciscan Health,health,Kosraean,0,0,,False,none,0,,,False,https://www.vmfh.org,2026-09-07,,"No translation mechanism found on the site | Direct care provider. Federally funded providers must offer interpreters at the point of care regardless of what their website shows, so a web assessment understates this sector. Read the tier as published information, not as bedside access",EH,derived
health_vmfh,Virginia Mason Franciscan Health,health,Krahn,0,0,,False,none,0,,,False,https://www.vmfh.org,2026-09-07,,"No translation mechanism found on the site | Direct care provider. Federally funded providers must offer interpreters at the point of care regardless of what their website shows, so a web assessment understates this sector. Read the tier as published information, not as bedside access",EH,derived
health_vmfh,Virginia Mason Franciscan Health,health,Krio,0,0,,False,none,0,,,False,https://www.vmfh.org,2026-09-07,,"No translation mechanism found on the site | Direct care provider. Federally funded providers must offer interpreters at the point of care regardless of what their website shows, so a web assessment understates this sector. Read the tier as published information, not as bedside access",EH,derived
health_vmfh,Virginia Mason Franciscan Health,health,Kru,0,0,,False,none,0,,,False,https://www.vmfh.org,2026-09-07,,"No translation mechanism found on the site | Direct care provider. Federally funded providers must offer interpreters at the point of care regardless of what their website shows, so a web assessment understates this sector. Read the tier as published information, not as bedside access",EH,derived
health_vmfh,Virginia Mason Franciscan Health,health,Kurdish,0,0,,False,none,0,,,False,https://www.vmfh.org,2026-09-07,,"No translation mechanism found on the site | Direct care provider. Federally funded providers must offer interpreters at the point of care regardless of what their website shows, so a web assessment understates this sector. Read the tier as published information, not as bedside access",EH,derived
health_vmfh,Virginia Mason Franciscan Health,health,Lao,0,0,,False,none,0,,,False,https://www.vmfh.org,2026-09-07,,"No translation mechanism found on the site | Direct care provider. Federally funded providers must offer interpreters at the point of care regardless of what their website shows, so a web assessment understates this sector. Read the tier as published information, not as bedside access",EH,derived
health_vmfh,Virginia Mason Franciscan Health,health,Latvian,0,0,,False,none,0,,,False,https://www.vmfh.org,2026-09-07,,"No translation mechanism found on the site | Direct care provider. Federally funded providers must offer interpreters at the point of care regardless of what their website shows, so a web assessment understates this sector. Read the tier as published information, not as bedside access",EH,derived
health_vmfh,Virginia Mason Franciscan Health,health,Lingala,0,0,,False,none,0,,,False,https://www.vmfh.org,2026-09-07,,"No translation mechanism found on the site | Direct care provider. Federally funded providers must offer interpreters at the point of care regardless of what their website shows, so a web assessment understates this sector. Read the tier as published information, not as bedside access",EH,derived
health_vmfh,Virginia Mason Franciscan Health,health,Luganda,0,0,,False,none,0,,,False,https://www.vmfh.org,2026-09-07,,"No translation mechanism found on the site | Direct care provider. Federally funded providers must offer interpreters at the point of care regardless of what their website shows, so a web assessment understates this sector. Read the tier as published information, not as bedside access",EH,derived
health_vmfh,Virginia Mason Franciscan Health,health,Maay Maay,0,0,,False,none,0,,,False,https://www.vmfh.org,2026-09-07,,"No translation mechanism found on the site | Direct care provider. Federally funded providers must offer interpreters at the point of care regardless of what their website shows, so a web assessment understates this sector. Read the tier as published information, not as bedside access",EH,derived
health_vmfh,Virginia Mason Franciscan Health,health,Malay,0,0,,False,none,0,,,False,https://www.vmfh.org,2026-09-07,,"No translation mechanism found on the site | Direct care provider. Federally funded providers must offer interpreters at the point of care regardless of what their website shows, so a web assessment understates this sector. Read the tier as published information, not as bedside access",EH,derived
health_vmfh,Virginia Mason Franciscan Health,health,Malayalam,0,0,,False,none,0,,,False,https://www.vmfh.org,2026-09-07,,"No translation mechanism found on the site | Direct care provider. Federally funded providers must offer interpreters at the point of care regardless of what their website shows, so a web assessment understates this sector. Read the tier as published information, not as bedside access",EH,derived
health_vmfh,Virginia Mason Franciscan Health,health,Mam,0,0,,False,none,0,,,False,https://www.vmfh.org,2026-09-07,,"No translation mechanism found on the site | Direct care provider. Federally funded providers must offer interpreters at the point of care regardless of what their website shows, so a web assessment understates this sector. Read the tier as published information, not as bedside access",EH,derived
health_vmfh,Virginia Mason Franciscan Health,health,Mandingo,0,0,,False,none,0,,,False,https://www.vmfh.org,2026-09-07,,"No translation mechanism found on the site | Direct care provider. Federally funded providers must offer interpreters at the point of care regardless of what their website shows, so a web assessment understates this sector. Read the tier as published information, not as bedside access",EH,derived
health_vmfh,Virginia Mason Franciscan Health,health,Mandinka,0,0,,False,none,0,,,False,https://www.vmfh.org,2026-09-07,,"No translation mechanism found on the site | Direct care provider. Federally funded providers must offer interpreters at the point of care regardless of what their website shows, so a web assessment understates this sector. Read the tier as published information, not as bedside access",EH,derived
health_vmfh,Virginia Mason Franciscan Health,health,Marathi,0,0,,False,none,0,,,False,https://www.vmfh.org,2026-09-07,,"No translation mechanism found on the site | Direct care provider. Federally funded providers must offer interpreters at the point of care regardless of what their website shows, so a web assessment understates this sector. Read the tier as published information, not as bedside access",EH,derived
health_vmfh,Virginia Mason Franciscan Health,health,Marquesan,0,0,,False,none,0,,,False,https://www.vmfh.org,2026-09-07,,"No translation mechanism found on the site | Direct care provider. Federally funded providers must offer interpreters at the point of care regardless of what their website shows, so a web assessment understates this sector. Read the tier as published information, not as bedside access",EH,derived
health_vmfh,Virginia Mason Franciscan Health,health,Marshallese,0,0,,False,none,0,,,False,https://www.vmfh.org,2026-09-07,,"No translation mechanism found on the site | Direct care provider. Federally funded providers must offer interpreters at the point of care regardless of what their website shows, so a web assessment understates this sector. Read the tier as published information, not as bedside access",EH,derived
health_vmfh,Virginia Mason Franciscan Health,health,Maya-Quiche,0,0,,False,none,0,,,False,https://www.vmfh.org,2026-09-07,,"No translation mechanism found on the site | Direct care provider. Federally funded providers must offer interpreters at the point of care regardless of what their website shows, so a web assessment understates this sector. Read the tier as published information, not as bedside access",EH,derived
health_vmfh,Virginia Mason Franciscan Health,health,Mien,0,0,,False,none,0,,,False,https://www.vmfh.org,2026-09-07,,"No translation mechanism found on the site | Direct care provider. Federally funded providers must offer interpreters at the point of care regardless of what their website shows, so a web assessment understates this sector. Read the tier as published information, not as bedside access",EH,derived
health_vmfh,Virginia Mason Franciscan Health,health,Mixteco,0,0,,False,none,0,,,False,https://www.vmfh.org,2026-09-07,,"No translation mechanism found on the site | Direct care provider. Federally funded providers must offer interpreters at the point of care regardless of what their website shows, so a web assessment understates this sector. Read the tier as published information, not as bedside access",EH,derived
health_vmfh,Virginia Mason Franciscan Health,health,Moldavian,0,0,,False,none,0,,,False,https://www.vmfh.org,2026-09-07,,"No translation mechanism found on the site | Direct care provider. Federally funded providers must offer interpreters at the point of care regardless of what their website shows, so a web assessment understates this sector. Read the tier as published information, not as bedside access",EH,derived
health_vmfh,Virginia Mason Franciscan Health,health,Mongolian,0,0,,False,none,0,,,False,https://www.vmfh.org,2026-09-07,,"No translation mechanism found on the site | Direct care provider. Federally funded providers must offer interpreters at the point of care regardless of what their website shows, so a web assessment understates this sector. Read the tier as published information, not as bedside access",EH,derived
health_vmfh,Virginia Mason Franciscan Health,health,Moore,0,0,,False,none,0,,,False,https://www.vmfh.org,2026-09-07,,"No translation mechanism found on the site | Direct care provider. Federally funded providers must offer interpreters at the point of care regardless of what their website shows, so a web assessment understates this sector. Read the tier as published information, not as bedside access",EH,derived
health_vmfh,Virginia Mason Franciscan Health,health,"Nahuatl, Guerrero region",0,0,,False,none,0,,,False,https://www.vmfh.org,2026-09-07,,"No translation mechanism found on the site | Direct care provider. Federally funded providers must offer interpreters at the point of care regardless of what their website shows, so a web assessment understates this sector. Read the tier as published information, not as bedside access",EH,derived
health_vmfh,Virginia Mason Franciscan Health,health,Nepali,0,0,,False,none,0,,,False,https://www.vmfh.org,2026-09-07,,"No translation mechanism found on the site | Direct care provider. Federally funded providers must offer interpreters at the point of care regardless of what their website shows, so a web assessment understates this sector. Read the tier as published information, not as bedside access",EH,derived
health_vmfh,Virginia Mason Franciscan Health,health,Nuer,0,0,,False,none,0,,,False,https://www.vmfh.org,2026-09-07,,"No translation mechanism found on the site | Direct care provider. Federally funded providers must offer interpreters at the point of care regardless of what their website shows, so a web assessment understates this sector. Read the tier as published information, not as bedside access",EH,derived
health_vmfh,Virginia Mason Franciscan Health,health,Oromo,0,0,,False,none,0,,,False,https://www.vmfh.org,2026-09-07,,"No translation mechanism found on the site | Direct care provider. Federally funded providers must offer interpreters at the point of care regardless of what their website shows, so a web assessment understates this sector. Read the tier as published information, not as bedside access",EH,derived
health_vmfh,Virginia Mason Franciscan Health,health,Palau,0,0,,False,none,0,,,False,https://www.vmfh.org,2026-09-07,,"No translation mechanism found on the site | Direct care provider. Federally funded providers must offer interpreters at the point of care regardless of what their website shows, so a web assessment understates this sector. Read the tier as published information, not as bedside access",EH,derived
health_vmfh,Virginia Mason Franciscan Health,health,Pashai,0,0,,False,none,0,,,False,https://www.vmfh.org,2026-09-07,,"No translation mechanism found on the site | Direct care provider. Federally funded providers must offer interpreters at the point of care regardless of what their website shows, so a web assessment understates this sector. Read the tier as published information, not as bedside access",EH,derived
health_vmfh,Virginia Mason Franciscan Health,health,Pashto,0,0,,False,none,0,,,False,https://www.vmfh.org,2026-09-07,,"No translation mechanism found on the site | Direct care provider. Federally funded providers must offer interpreters at the point of care regardless of what their website shows, so a web assessment understates this sector. Read the tier as published information, not as bedside access",EH,derived
health_vmfh,Virginia Mason Franciscan Health,health,Pere,0,0,,False,none,0,,,False,https://www.vmfh.org,2026-09-07,,"No translation mechanism found on the site | Direct care provider. Federally funded providers must offer interpreters at the point of care regardless of what their website shows, so a web assessment understates this sector. Read the tier as published information, not as bedside access",EH,derived
health_vmfh,Virginia Mason Franciscan Health,health,Polish,0,0,,False,none,0,,,False,https://www.vmfh.org,2026-09-07,,"No translation mechanism found on the site | Direct care provider. Federally funded providers must offer interpreters at the point of care regardless of what their website shows, so a web assessment understates this sector. Read the tier as published information, not as bedside access",EH,derived
health_vmfh,Virginia Mason Franciscan Health,health,Portuguese,0,0,,False,none,0,,,False,https://www.vmfh.org,2026-09-07,,"No translation mechanism found on the site | Direct care provider. Federally funded providers must offer interpreters at the point of care regardless of what their website shows, so a web assessment understates this sector. Read the tier as published information, not as bedside access",EH,derived
health_vmfh,Virginia Mason Franciscan Health,health,Punjabi,0,0,,False,none,0,,,False,https://www.vmfh.org,2026-09-07,,"No translation mechanism found on the site | Direct care provider. Federally funded providers must offer interpreters at the point of care regardless of what their website shows, so a web assessment understates this sector. Read the tier as published information, not as bedside access",EH,derived
health_vmfh,Virginia Mason Franciscan Health,health,Purepecha,0,0,,False,none,0,,,False,https://www.vmfh.org,2026-09-07,,"No translation mechanism found on the site | Direct care provider. Federally funded providers must offer interpreters at the point of care regardless of what their website shows, so a web assessment understates this sector. Read the tier as published information, not as bedside access",EH,derived
health_vmfh,Virginia Mason Franciscan Health,health,Rohingya,0,0,,False,none,0,,,False,https://www.vmfh.org,2026-09-07,,"No translation mechanism found on the site | Direct care provider. Federally funded providers must offer interpreters at the point of care regardless of what their website shows, so a web assessment understates this sector. Read the tier as published information, not as bedside access",EH,derived
health_vmfh,Virginia Mason Franciscan Health,health,Romanian,0,0,,False,none,0,,,False,https://www.vmfh.org,2026-09-07,,"No translation mechanism found on the site | Direct care provider. Federally funded providers must offer interpreters at the point of care regardless of what their website shows, so a web assessment understates this sector. Read the tier as published information, not as bedside access",EH,derived
health_vmfh,Virginia Mason Franciscan Health,health,Russian,0,0,,False,none,0,,,False,https://www.vmfh.org,2026-09-07,,"No translation mechanism found on the site | Direct care provider. Federally funded providers must offer interpreters at the point of care regardless of what their website shows, so a web assessment understates this sector. Read the tier as published information, not as bedside access",EH,derived
health_vmfh,Virginia Mason Franciscan Health,health,Samoan,0,0,,False,none,0,,,False,https://www.vmfh.org,2026-09-07,,"No translation mechanism found on the site | Direct care provider. Federally funded providers must offer interpreters at the point of care regardless of what their website shows, so a web assessment understates this sector. Read the tier as published information, not as bedside access",EH,derived
health_vmfh,Virginia Mason Franciscan Health,health,Sao,0,0,,False,none,0,,,False,https://www.vmfh.org,2026-09-07,,"No translation mechanism found on the site | Direct care provider. Federally funded providers must offer interpreters at the point of care regardless of what their website shows, so a web assessment understates this sector. Read the tier as published information, not as bedside access",EH,derived
health_vmfh,Virginia Mason Franciscan Health,health,Serbo-Croation,0,0,,False,none,0,,,False,https://www.vmfh.org,2026-09-07,,"No translation mechanism found on the site | Direct care provider. Federally funded providers must offer interpreters at the point of care regardless of what their website shows, so a web assessment understates this sector. Read the tier as published information, not as bedside access",EH,derived
health_vmfh,Virginia Mason Franciscan Health,health,Shona,0,0,,False,none,0,,,False,https://www.vmfh.org,2026-09-07,,"No translation mechanism found on the site | Direct care provider. Federally funded providers must offer interpreters at the point of care regardless of what their website shows, so a web assessment understates this sector. Read the tier as published information, not as bedside access",EH,derived
health_vmfh,Virginia Mason Franciscan Health,health,Sinhalese,0,0,,False,none,0,,,False,https://www.vmfh.org,2026-09-07,,"No translation mechanism found on the site | Direct care provider. Federally funded providers must offer interpreters at the point of care regardless of what their website shows, so a web assessment understates this sector. Read the tier as published information, not as bedside access",EH,derived
health_vmfh,Virginia Mason Franciscan Health,health,Slovenian,0,0,,False,none,0,,,False,https://www.vmfh.org,2026-09-07,,"No translation mechanism found on the site | Direct care provider. Federally funded providers must offer interpreters at the point of care regardless of what their website shows, so a web assessment understates this sector. Read the tier as published information, not as bedside access",EH,derived
health_vmfh,Virginia Mason Franciscan Health,health,Somali,0,0,,False,none,0,,,False,https://www.vmfh.org,2026-09-07,,"No translation mechanism found on the site | Direct care provider. Federally funded providers must offer interpreters at the point of care regardless of what their website shows, so a web assessment understates this sector. Read the tier as published information, not as bedside access",EH,derived
health_vmfh,Virginia Mason Franciscan Health,health,Soninke,0,0,,False,none,0,,,False,https://www.vmfh.org,2026-09-07,,"No translation mechanism found on the site | Direct care provider. Federally funded providers must offer interpreters at the point of care regardless of what their website shows, so a web assessment understates this sector. Read the tier as published information, not as bedside access",EH,derived
health_vmfh,Virginia Mason Franciscan Health,health,Sotho,0,0,,False,none,0,,,False,https://www.vmfh.org,2026-09-07,,"No translation mechanism found on the site | Direct care provider. Federally funded providers must offer interpreters at the point of care regardless of what their website shows, so a web assessment understates this sector. Read the tier as published information, not as bedside access",EH,derived
health_vmfh,Virginia Mason Franciscan Health,health,Spanish,0,0,,False,none,0,,,False,https://www.vmfh.org,2026-09-07,,"No translation mechanism found on the site | Direct care provider. Federally funded providers must offer interpreters at the point of care regardless of what their website shows, so a web assessment understates this sector. Read the tier as published information, not as bedside access",EH,derived
health_vmfh,Virginia Mason Franciscan Health,health,Swahili,0,0,,False,none,0,,,False,https://www.vmfh.org,2026-09-07,,"No translation mechanism found on the site | Direct care provider. Federally funded providers must offer interpreters at the point of care regardless of what their website shows, so a web assessment understates this sector. Read the tier as published information, not as bedside access",EH,derived
health_vmfh,Virginia Mason Franciscan Health,health,Tagalog,0,0,,False,none,0,,,False,https://www.vmfh.org,2026-09-07,,"No translation mechanism found on the site | Direct care provider. Federally funded providers must offer interpreters at the point of care regardless of what their website shows, so a web assessment understates this sector. Read the tier as published information, not as bedside access",EH,derived
health_vmfh,Virginia Mason Franciscan Health,health,Taishanese,0,0,,False,none,0,,,False,https://www.vmfh.org,2026-09-07,,"No translation mechanism found on the site | Direct care provider. Federally funded providers must offer interpreters at the point of care regardless of what their website shows, so a web assessment understates this sector. Read the tier as published information, not as bedside access",EH,derived
health_vmfh,Virginia Mason Franciscan Health,health,Tajiki,0,0,,False,none,0,,,False,https://www.vmfh.org,2026-09-07,,"No translation mechanism found on the site | Direct care provider. Federally funded providers must offer interpreters at the point of care regardless of what their website shows, so a web assessment understates this sector. Read the tier as published information, not as bedside access",EH,derived
health_vmfh,Virginia Mason Franciscan Health,health,Tamil,0,0,,False,none,0,,,False,https://www.vmfh.org,2026-09-07,,"No translation mechanism found on the site | Direct care provider. Federally funded providers must offer interpreters at the point of care regardless of what their website shows, so a web assessment understates this sector. Read the tier as published information, not as bedside access",EH,derived
health_vmfh,Virginia Mason Franciscan Health,health,Tarasco,0,0,,False,none,0,,,False,https://www.vmfh.org,2026-09-07,,"No translation mechanism found on the site | Direct care provider. Federally funded providers must offer interpreters at the point of care regardless of what their website shows, so a web assessment understates this sector. Read the tier as published information, not as bedside access",EH,derived
health_vmfh,Virginia Mason Franciscan Health,health,Tedim,0,0,,False,none,0,,,False,https://www.vmfh.org,2026-09-07,,"No translation mechanism found on the site | Direct care provider. Federally funded providers must offer interpreters at the point of care regardless of what their website shows, so a web assessment understates this sector. Read the tier as published information, not as bedside access",EH,derived
health_vmfh,Virginia Mason Franciscan Health,health,Telugu,0,0,,False,none,0,,,False,https://www.vmfh.org,2026-09-07,,"No translation mechanism found on the site | Direct care provider. Federally funded providers must offer interpreters at the point of care regardless of what their website shows, so a web assessment understates this sector. Read the tier as published information, not as bedside access",EH,derived
health_vmfh,Virginia Mason Franciscan Health,health,Thai,0,0,,False,none,0,,,False,https://www.vmfh.org,2026-09-07,,"No translation mechanism found on the site | Direct care provider. Federally funded providers must offer interpreters at the point of care regardless of what their website shows, so a web assessment understates this sector. Read the tier as published information, not as bedside access",EH,derived
health_vmfh,Virginia Mason Franciscan Health,health,Tibetan,0,0,,False,none,0,,,False,https://www.vmfh.org,2026-09-07,,"No translation mechanism found on the site | Direct care provider. Federally funded providers must offer interpreters at the point of care regardless of what their website shows, so a web assessment understates this sector. Read the tier as published information, not as bedside access",EH,derived
health_vmfh,Virginia Mason Franciscan Health,health,Tigrinya,0,0,,False,none,0,,,False,https://www.vmfh.org,2026-09-07,,"No translation mechanism found on the site | Direct care provider. Federally funded providers must offer interpreters at the point of care regardless of what their website shows, so a web assessment understates this sector. Read the tier as published information, not as bedside access",EH,derived
health_vmfh,Virginia Mason Franciscan Health,health,Tongan,0,0,,False,none,0,,,False,https://www.vmfh.org,2026-09-07,,"No translation mechanism found on the site | Direct care provider. Federally funded providers must offer interpreters at the point of care regardless of what their website shows, so a web assessment understates this sector. Read the tier as published information, not as bedside access",EH,derived
health_vmfh,Virginia Mason Franciscan Health,health,Turkish,0,0,,False,none,0,,,False,https://www.vmfh.org,2026-09-07,,"No translation mechanism found on the site | Direct care provider. Federally funded providers must offer interpreters at the point of care regardless of what their website shows, so a web assessment understates this sector. Read the tier as published information, not as bedside access",EH,derived
health_vmfh,Virginia Mason Franciscan Health,health,Twi,0,0,,False,none,0,,,False,https://www.vmfh.org,2026-09-07,,"No translation mechanism found on the site | Direct care provider. Federally funded providers must offer interpreters at the point of care regardless of what their website shows, so a web assessment understates this sector. Read the tier as published information, not as bedside access",EH,derived
health_vmfh,Virginia Mason Franciscan Health,health,Ukrainian,0,0,,False,none,0,,,False,https://www.vmfh.org,2026-09-07,,"No translation mechanism found on the site | Direct care provider. Federally funded providers must offer interpreters at the point of care regardless of what their website shows, so a web assessment understates this sector. Read the tier as published information, not as bedside access",EH,derived
health_vmfh,Virginia Mason Franciscan Health,health,Urdu,0,0,,False,none,0,,,False,https://www.vmfh.org,2026-09-07,,"No translation mechanism found on the site | Direct care provider. Federally funded providers must offer interpreters at the point of care regardless of what their website shows, so a web assessment understates this sector. Read the tier as published information, not as bedside access",EH,derived
health_vmfh,Virginia Mason Franciscan Health,health,Uzbek,0,0,,False,none,0,,,False,https://www.vmfh.org,2026-09-07,,"No translation mechanism found on the site | Direct care provider. Federally funded providers must offer interpreters at the point of care regardless of what their website shows, so a web assessment understates this sector. Read the tier as published information, not as bedside access",EH,derived
health_vmfh,Virginia Mason Franciscan Health,health,Vietnamese,0,0,,False,none,0,,,False,https://www.vmfh.org,2026-09-07,,"No translation mechanism found on the site | Direct care provider. Federally funded providers must offer interpreters at the point of care regardless of what their website shows, so a web assessment understates this sector. Read the tier as published information, not as bedside access",EH,derived
health_vmfh,Virginia Mason Franciscan Health,health,Wolof,0,0,,False,none,0,,,False,https://www.vmfh.org,2026-09-07,,"No translation mechanism found on the site | Direct care provider. Federally funded providers must offer interpreters at the point of care regardless of what their website shows, so a web assessment understates this sector. Read the tier as published information, not as bedside access",EH,derived
health_vmfh,Virginia Mason Franciscan Health,health,Yap,0,0,,False,none,0,,,False,https://www.vmfh.org,2026-09-07,,"No translation mechanism found on the site | Direct care provider. Federally funded providers must offer interpreters at the point of care regardless of what their website shows, so a web assessment understates this sector. Read the tier as published information, not as bedside access",EH,derived
health_vmfh,Virginia Mason Franciscan Health,health,Yoruba,0,0,,False,none,0,,,False,https://www.vmfh.org,2026-09-07,,"No translation mechanism found on the site | Direct care provider. Federally funded providers must offer interpreters at the point of care regardless of what their website shows, so a web assessment understates this sector. Read the tier as published information, not as bedside access",EH,derived
health_hca,WA Health Care Authority (Apple Health),health,Acholi,0,0,,False,none,0,,,True,https://www.hca.wa.gov,2026-09-07,,No translation mechanism found on the site,EH,derived
health_hca,WA Health Care Authority (Apple Health),health,Aguacateco,0,0,,False,none,0,,,True,https://www.hca.wa.gov,2026-09-07,,No translation mechanism found on the site,EH,derived
health_hca,WA Health Care Authority (Apple Health),health,Akateko,0,0,,False,none,0,,,True,https://www.hca.wa.gov,2026-09-07,,No translation mechanism found on the site,EH,derived
health_hca,WA Health Care Authority (Apple Health),health,Albanian,0,0,,False,none,0,,,True,https://www.hca.wa.gov,2026-09-07,,No translation mechanism found on the site,EH,derived
health_hca,WA Health Care Authority (Apple Health),health,American Sign Language,0,0,,False,none,0,,,True,https://www.hca.wa.gov,2026-09-07,,No translation mechanism found on the site,EH,derived
health_hca,WA Health Care Authority (Apple Health),health,Amharic,0,0,,False,none,0,,,True,https://www.hca.wa.gov,2026-09-07,,No translation mechanism found on the site,EH,derived
health_hca,WA Health Care Authority (Apple Health),health,Arabic,0,0,,False,none,0,,,True,https://www.hca.wa.gov,2026-09-07,,No translation mechanism found on the site,EH,derived
health_hca,WA Health Care Authority (Apple Health),health,Armenian,0,0,,False,none,0,,,True,https://www.hca.wa.gov,2026-09-07,,No translation mechanism found on the site,EH,derived
health_hca,WA Health Care Authority (Apple Health),health,Ayula-Bambara,0,0,,False,none,0,,,True,https://www.hca.wa.gov,2026-09-07,,No translation mechanism found on the site,EH,derived
health_hca,WA Health Care Authority (Apple Health),health,Azerbaijani,0,0,,False,none,0,,,True,https://www.hca.wa.gov,2026-09-07,,No translation mechanism found on the site,EH,derived
health_hca,WA Health Care Authority (Apple Health),health,Bambara,0,0,,False,none,0,,,True,https://www.hca.wa.gov,2026-09-07,,No translation mechanism found on the site,EH,derived
health_hca,WA Health Care Authority (Apple Health),health,Bangala,0,0,,False,none,0,,,True,https://www.hca.wa.gov,2026-09-07,,No translation mechanism found on the site,EH,derived
health_hca,WA Health Care Authority (Apple Health),health,Bassa,0,0,,False,none,0,,,True,https://www.hca.wa.gov,2026-09-07,,No translation mechanism found on the site,EH,derived
health_hca,WA Health Care Authority (Apple Health),health,Bengali,0,0,,False,none,0,,,True,https://www.hca.wa.gov,2026-09-07,,No translation mechanism found on the site,EH,derived
health_hca,WA Health Care Authority (Apple Health),health,Bosnian,0,0,,False,none,0,,,True,https://www.hca.wa.gov,2026-09-07,,No translation mechanism found on the site,EH,derived
health_hca,WA Health Care Authority (Apple Health),health,Bulgarian,0,0,,False,none,0,,,True,https://www.hca.wa.gov,2026-09-07,,No translation mechanism found on the site,EH,derived
health_hca,WA Health Care Authority (Apple Health),health,Burmese,0,0,,False,none,0,,,True,https://www.hca.wa.gov,2026-09-07,,No translation mechanism found on the site,EH,derived
health_hca,WA Health Care Authority (Apple Health),health,Carolinian,0,0,,False,none,0,,,True,https://www.hca.wa.gov,2026-09-07,,No translation mechanism found on the site,EH,derived
health_hca,WA Health Care Authority (Apple Health),health,Catalan,0,0,,False,none,0,,,True,https://www.hca.wa.gov,2026-09-07,,No translation mechanism found on the site,EH,derived
health_hca,WA Health Care Authority (Apple Health),health,Cebuano,0,0,,False,none,0,,,True,https://www.hca.wa.gov,2026-09-07,,No translation mechanism found on the site,EH,derived
health_hca,WA Health Care Authority (Apple Health),health,Cham,0,0,,False,none,0,,,True,https://www.hca.wa.gov,2026-09-07,,No translation mechanism found on the site,EH,derived
health_hca,WA Health Care Authority (Apple Health),health,Chamorro,0,0,,False,none,0,,,True,https://www.hca.wa.gov,2026-09-07,,No translation mechanism found on the site,EH,derived
health_hca,WA Health Care Authority (Apple Health),health,Chin,0,0,,False,none,0,,,True,https://www.hca.wa.gov,2026-09-07,,No translation mechanism found on the site,EH,derived
health_hca,WA Health Care Authority (Apple Health),health,Chinese-Cantonese,0,0,,False,none,0,,,True,https://www.hca.wa.gov,2026-09-07,,No translation mechanism found on the site,EH,derived
health_hca,WA Health Care Authority (Apple Health),health,Chinese-Fukienese,0,0,,False,none,0,,,True,https://www.hca.wa.gov,2026-09-07,,No translation mechanism found on the site,EH,derived
health_hca,WA Health Care Authority (Apple Health),health,Chinese-Mandarin,0,0,,False,none,0,,,True,https://www.hca.wa.gov,2026-09-07,,No translation mechanism found on the site,EH,derived
health_hca,WA Health Care Authority (Apple Health),health,Chinese-Taiwanese,0,0,,False,none,0,,,True,https://www.hca.wa.gov,2026-09-07,,No translation mechanism found on the site,EH,derived
health_hca,WA Health Care Authority (Apple Health),health,Chuukese,0,0,,False,none,0,,,True,https://www.hca.wa.gov,2026-09-07,,No translation mechanism found on the site,EH,derived
health_hca,WA Health Care Authority (Apple Health),health,Dari,0,0,,False,none,0,,,True,https://www.hca.wa.gov,2026-09-07,,No translation mechanism found on the site,EH,derived
health_hca,WA Health Care Authority (Apple Health),health,Dinka,0,0,,False,none,0,,,True,https://www.hca.wa.gov,2026-09-07,,No translation mechanism found on the site,EH,derived
health_hca,WA Health Care Authority (Apple Health),health,Dutch,0,0,,False,none,0,,,True,https://www.hca.wa.gov,2026-09-07,,No translation mechanism found on the site,EH,derived
health_hca,WA Health Care Authority (Apple Health),health,Egyptian-Arabic,0,0,,False,none,0,,,True,https://www.hca.wa.gov,2026-09-07,,No translation mechanism found on the site,EH,derived
health_hca,WA Health Care Authority (Apple Health),health,Eritai,0,0,,False,none,0,,,True,https://www.hca.wa.gov,2026-09-07,,No translation mechanism found on the site,EH,derived
health_hca,WA Health Care Authority (Apple Health),health,Estonian,0,0,,False,none,0,,,True,https://www.hca.wa.gov,2026-09-07,,No translation mechanism found on the site,EH,derived
health_hca,WA Health Care Authority (Apple Health),health,Ewe,0,0,,False,none,0,,,True,https://www.hca.wa.gov,2026-09-07,,No translation mechanism found on the site,EH,derived
health_hca,WA Health Care Authority (Apple Health),health,Fallani,0,0,,False,none,0,,,True,https://www.hca.wa.gov,2026-09-07,,No translation mechanism found on the site,EH,derived
health_hca,WA Health Care Authority (Apple Health),health,Farsi,0,0,,False,none,0,,,True,https://www.hca.wa.gov,2026-09-07,,No translation mechanism found on the site,EH,derived
health_hca,WA Health Care Authority (Apple Health),health,French,0,0,,False,none,0,,,True,https://www.hca.wa.gov,2026-09-07,,No translation mechanism found on the site,EH,derived
health_hca,WA Health Care Authority (Apple Health),health,Fula,0,0,,False,none,0,,,True,https://www.hca.wa.gov,2026-09-07,,No translation mechanism found on the site,EH,derived
health_hca,WA Health Care Authority (Apple Health),health,Ga,0,0,,False,none,0,,,True,https://www.hca.wa.gov,2026-09-07,,No translation mechanism found on the site,EH,derived
health_hca,WA Health Care Authority (Apple Health),health,German,0,0,,False,none,0,,,True,https://www.hca.wa.gov,2026-09-07,,No translation mechanism found on the site,EH,derived
health_hca,WA Health Care Authority (Apple Health),health,"Greek, Modern",0,0,,False,none,0,,,True,https://www.hca.wa.gov,2026-09-07,,No translation mechanism found on the site,EH,derived
health_hca,WA Health Care Authority (Apple Health),health,Gujarati,0,0,,False,none,0,,,True,https://www.hca.wa.gov,2026-09-07,,No translation mechanism found on the site,EH,derived
health_hca,WA Health Care Authority (Apple Health),health,Haitian Creole,0,0,,False,none,0,,,True,https://www.hca.wa.gov,2026-09-07,,No translation mechanism found on the site,EH,derived
health_hca,WA Health Care Authority (Apple Health),health,Hausa,0,0,,False,none,0,,,True,https://www.hca.wa.gov,2026-09-07,,No translation mechanism found on the site,EH,derived
health_hca,WA Health Care Authority (Apple Health),health,Hawaiian,0,0,,False,none,0,,,True,https://www.hca.wa.gov,2026-09-07,,No translation mechanism found on the site,EH,derived
health_hca,WA Health Care Authority (Apple Health),health,Herero,0,0,,False,none,0,,,True,https://www.hca.wa.gov,2026-09-07,,No translation mechanism found on the site,EH,derived
health_hca,WA Health Care Authority (Apple Health),health,Hindi,0,0,,False,none,0,,,True,https://www.hca.wa.gov,2026-09-07,,No translation mechanism found on the site,EH,derived
health_hca,WA Health Care Authority (Apple Health),health,Hmong,0,0,,False,none,0,,,True,https://www.hca.wa.gov,2026-09-07,,No translation mechanism found on the site,EH,derived
health_hca,WA Health Care Authority (Apple Health),health,Hungarian,0,0,,False,none,0,,,True,https://www.hca.wa.gov,2026-09-07,,No translation mechanism found on the site,EH,derived
health_hca,WA Health Care Authority (Apple Health),health,Igbo,0,0,,False,none,0,,,True,https://www.hca.wa.gov,2026-09-07,,No translation mechanism found on the site,EH,derived
health_hca,WA Health Care Authority (Apple Health),health,Ilokano,0,0,,False,none,0,,,True,https://www.hca.wa.gov,2026-09-07,,No translation mechanism found on the site,EH,derived
health_hca,WA Health Care Authority (Apple Health),health,Indonesian,0,0,,False,none,0,,,True,https://www.hca.wa.gov,2026-09-07,,No translation mechanism found on the site,EH,derived
health_hca,WA Health Care Authority (Apple Health),health,Italian,0,0,,False,none,0,,,True,https://www.hca.wa.gov,2026-09-07,,No translation mechanism found on the site,EH,derived
health_hca,WA Health Care Authority (Apple Health),health,Japanese,0,0,,False,none,0,,,True,https://www.hca.wa.gov,2026-09-07,,No translation mechanism found on the site,EH,derived
health_hca,WA Health Care Authority (Apple Health),health,Kakwa,0,0,,False,none,0,,,True,https://www.hca.wa.gov,2026-09-07,,No translation mechanism found on the site,EH,derived
health_hca,WA Health Care Authority (Apple Health),health,Kannada,0,0,,False,none,0,,,True,https://www.hca.wa.gov,2026-09-07,,No translation mechanism found on the site,EH,derived
health_hca,WA Health Care Authority (Apple Health),health,Karen,0,0,,False,none,0,,,True,https://www.hca.wa.gov,2026-09-07,,No translation mechanism found on the site,EH,derived
health_hca,WA Health Care Authority (Apple Health),health,Karenni,0,0,,False,none,0,,,True,https://www.hca.wa.gov,2026-09-07,,No translation mechanism found on the site,EH,derived
health_hca,WA Health Care Authority (Apple Health),health,Kazakh,0,0,,False,none,0,,,True,https://www.hca.wa.gov,2026-09-07,,No translation mechanism found on the site,EH,derived
health_hca,WA Health Care Authority (Apple Health),health,Khmer,0,0,,False,none,0,,,True,https://www.hca.wa.gov,2026-09-07,,No translation mechanism found on the site,EH,derived
health_hca,WA Health Care Authority (Apple Health),health,Kikuyu,0,0,,False,none,0,,,True,https://www.hca.wa.gov,2026-09-07,,No translation mechanism found on the site,EH,derived
health_hca,WA Health Care Authority (Apple Health),health,Kinyarwanda,0,0,,False,none,0,,,True,https://www.hca.wa.gov,2026-09-07,,No translation mechanism found on the site,EH,derived
health_hca,WA Health Care Authority (Apple Health),health,Kirgiz,0,0,,False,none,0,,,True,https://www.hca.wa.gov,2026-09-07,,No translation mechanism found on the site,EH,derived
health_hca,WA Health Care Authority (Apple Health),health,Kirundi,0,0,,False,none,0,,,True,https://www.hca.wa.gov,2026-09-07,,No translation mechanism found on the site,EH,derived
health_hca,WA Health Care Authority (Apple Health),health,Kmhmu,0,0,,False,none,0,,,True,https://www.hca.wa.gov,2026-09-07,,No translation mechanism found on the site,EH,derived
health_hca,WA Health Care Authority (Apple Health),health,Kongo,0,0,,False,none,0,,,True,https://www.hca.wa.gov,2026-09-07,,No translation mechanism found on the site,EH,derived
health_hca,WA Health Care Authority (Apple Health),health,Korean,0,0,,False,none,0,,,True,https://www.hca.wa.gov,2026-09-07,,No translation mechanism found on the site,EH,derived
health_hca,WA Health Care Authority (Apple Health),health,Kosraean,0,0,,False,none,0,,,True,https://www.hca.wa.gov,2026-09-07,,No translation mechanism found on the site,EH,derived
health_hca,WA Health Care Authority (Apple Health),health,Krahn,0,0,,False,none,0,,,True,https://www.hca.wa.gov,2026-09-07,,No translation mechanism found on the site,EH,derived
health_hca,WA Health Care Authority (Apple Health),health,Krio,0,0,,False,none,0,,,True,https://www.hca.wa.gov,2026-09-07,,No translation mechanism found on the site,EH,derived
health_hca,WA Health Care Authority (Apple Health),health,Kru,0,0,,False,none,0,,,True,https://www.hca.wa.gov,2026-09-07,,No translation mechanism found on the site,EH,derived
health_hca,WA Health Care Authority (Apple Health),health,Kurdish,0,0,,False,none,0,,,True,https://www.hca.wa.gov,2026-09-07,,No translation mechanism found on the site,EH,derived
health_hca,WA Health Care Authority (Apple Health),health,Lao,0,0,,False,none,0,,,True,https://www.hca.wa.gov,2026-09-07,,No translation mechanism found on the site,EH,derived
health_hca,WA Health Care Authority (Apple Health),health,Latvian,0,0,,False,none,0,,,True,https://www.hca.wa.gov,2026-09-07,,No translation mechanism found on the site,EH,derived
health_hca,WA Health Care Authority (Apple Health),health,Lingala,0,0,,False,none,0,,,True,https://www.hca.wa.gov,2026-09-07,,No translation mechanism found on the site,EH,derived
health_hca,WA Health Care Authority (Apple Health),health,Luganda,0,0,,False,none,0,,,True,https://www.hca.wa.gov,2026-09-07,,No translation mechanism found on the site,EH,derived
health_hca,WA Health Care Authority (Apple Health),health,Maay Maay,0,0,,False,none,0,,,True,https://www.hca.wa.gov,2026-09-07,,No translation mechanism found on the site,EH,derived
health_hca,WA Health Care Authority (Apple Health),health,Malay,0,0,,False,none,0,,,True,https://www.hca.wa.gov,2026-09-07,,No translation mechanism found on the site,EH,derived
health_hca,WA Health Care Authority (Apple Health),health,Malayalam,0,0,,False,none,0,,,True,https://www.hca.wa.gov,2026-09-07,,No translation mechanism found on the site,EH,derived
health_hca,WA Health Care Authority (Apple Health),health,Mam,0,0,,False,none,0,,,True,https://www.hca.wa.gov,2026-09-07,,No translation mechanism found on the site,EH,derived
health_hca,WA Health Care Authority (Apple Health),health,Mandingo,0,0,,False,none,0,,,True,https://www.hca.wa.gov,2026-09-07,,No translation mechanism found on the site,EH,derived
health_hca,WA Health Care Authority (Apple Health),health,Mandinka,0,0,,False,none,0,,,True,https://www.hca.wa.gov,2026-09-07,,No translation mechanism found on the site,EH,derived
health_hca,WA Health Care Authority (Apple Health),health,Marathi,0,0,,False,none,0,,,True,https://www.hca.wa.gov,2026-09-07,,No translation mechanism found on the site,EH,derived
health_hca,WA Health Care Authority (Apple Health),health,Marquesan,0,0,,False,none,0,,,True,https://www.hca.wa.gov,2026-09-07,,No translation mechanism found on the site,EH,derived
health_hca,WA Health Care Authority (Apple Health),health,Marshallese,0,0,,False,none,0,,,True,https://www.hca.wa.gov,2026-09-07,,No translation mechanism found on the site,EH,derived
health_hca,WA Health Care Authority (Apple Health),health,Maya-Quiche,0,0,,False,none,0,,,True,https://www.hca.wa.gov,2026-09-07,,No translation mechanism found on the site,EH,derived
health_hca,WA Health Care Authority (Apple Health),health,Mien,0,0,,False,none,0,,,True,https://www.hca.wa.gov,2026-09-07,,No translation mechanism found on the site,EH,derived
health_hca,WA Health Care Authority (Apple Health),health,Mixteco,0,0,,False,none,0,,,True,https://www.hca.wa.gov,2026-09-07,,No translation mechanism found on the site,EH,derived
health_hca,WA Health Care Authority (Apple Health),health,Moldavian,0,0,,False,none,0,,,True,https://www.hca.wa.gov,2026-09-07,,No translation mechanism found on the site,EH,derived
health_hca,WA Health Care Authority (Apple Health),health,Mongolian,0,0,,False,none,0,,,True,https://www.hca.wa.gov,2026-09-07,,No translation mechanism found on the site,EH,derived
health_hca,WA Health Care Authority (Apple Health),health,Moore,0,0,,False,none,0,,,True,https://www.hca.wa.gov,2026-09-07,,No translation mechanism found on the site,EH,derived
health_hca,WA Health Care Authority (Apple Health),health,"Nahuatl, Guerrero region",0,0,,False,none,0,,,True,https://www.hca.wa.gov,2026-09-07,,No translation mechanism found on the site,EH,derived
health_hca,WA Health Care Authority (Apple Health),health,Nepali,0,0,,False,none,0,,,True,https://www.hca.wa.gov,2026-09-07,,No translation mechanism found on the site,EH,derived
health_hca,WA Health Care Authority (Apple Health),health,Nuer,0,0,,False,none,0,,,True,https://www.hca.wa.gov,2026-09-07,,No translation mechanism found on the site,EH,derived
health_hca,WA Health Care Authority (Apple Health),health,Oromo,0,0,,False,none,0,,,True,https://www.hca.wa.gov,2026-09-07,,No translation mechanism found on the site,EH,derived
health_hca,WA Health Care Authority (Apple Health),health,Palau,0,0,,False,none,0,,,True,https://www.hca.wa.gov,2026-09-07,,No translation mechanism found on the site,EH,derived
health_hca,WA Health Care Authority (Apple Health),health,Pashai,0,0,,False,none,0,,,True,https://www.hca.wa.gov,2026-09-07,,No translation mechanism found on the site,EH,derived
health_hca,WA Health Care Authority (Apple Health),health,Pashto,0,0,,False,none,0,,,True,https://www.hca.wa.gov,2026-09-07,,No translation mechanism found on the site,EH,derived
health_hca,WA Health Care Authority (Apple Health),health,Pere,0,0,,False,none,0,,,True,https://www.hca.wa.gov,2026-09-07,,No translation mechanism found on the site,EH,derived
health_hca,WA Health Care Authority (Apple Health),health,Polish,0,0,,False,none,0,,,True,https://www.hca.wa.gov,2026-09-07,,No translation mechanism found on the site,EH,derived
health_hca,WA Health Care Authority (Apple Health),health,Portuguese,0,0,,False,none,0,,,True,https://www.hca.wa.gov,2026-09-07,,No translation mechanism found on the site,EH,derived
health_hca,WA Health Care Authority (Apple Health),health,Punjabi,0,0,,False,none,0,,,True,https://www.hca.wa.gov,2026-09-07,,No translation mechanism found on the site,EH,derived
health_hca,WA Health Care Authority (Apple Health),health,Purepecha,0,0,,False,none,0,,,True,https://www.hca.wa.gov,2026-09-07,,No translation mechanism found on the site,EH,derived
health_hca,WA Health Care Authority (Apple Health),health,Rohingya,0,0,,False,none,0,,,True,https://www.hca.wa.gov,2026-09-07,,No translation mechanism found on the site,EH,derived
health_hca,WA Health Care Authority (Apple Health),health,Romanian,0,0,,False,none,0,,,True,https://www.hca.wa.gov,2026-09-07,,No translation mechanism found on the site,EH,derived
health_hca,WA Health Care Authority (Apple Health),health,Russian,0,0,,False,none,0,,,True,https://www.hca.wa.gov,2026-09-07,,No translation mechanism found on the site,EH,derived
health_hca,WA Health Care Authority (Apple Health),health,Samoan,0,0,,False,none,0,,,True,https://www.hca.wa.gov,2026-09-07,,No translation mechanism found on the site,EH,derived
health_hca,WA Health Care Authority (Apple Health),health,Sao,0,0,,False,none,0,,,True,https://www.hca.wa.gov,2026-09-07,,No translation mechanism found on the site,EH,derived
health_hca,WA Health Care Authority (Apple Health),health,Serbo-Croation,0,0,,False,none,0,,,True,https://www.hca.wa.gov,2026-09-07,,No translation mechanism found on the site,EH,derived
health_hca,WA Health Care Authority (Apple Health),health,Shona,0,0,,False,none,0,,,True,https://www.hca.wa.gov,2026-09-07,,No translation mechanism found on the site,EH,derived
health_hca,WA Health Care Authority (Apple Health),health,Sinhalese,0,0,,False,none,0,,,True,https://www.hca.wa.gov,2026-09-07,,No translation mechanism found on the site,EH,derived
health_hca,WA Health Care Authority (Apple Health),health,Slovenian,0,0,,False,none,0,,,True,https://www.hca.wa.gov,2026-09-07,,No translation mechanism found on the site,EH,derived
health_hca,WA Health Care Authority (Apple Health),health,Somali,0,0,,False,none,0,,,True,https://www.hca.wa.gov,2026-09-07,,No translation mechanism found on the site,EH,derived
health_hca,WA Health Care Authority (Apple Health),health,Soninke,0,0,,False,none,0,,,True,https://www.hca.wa.gov,2026-09-07,,No translation mechanism found on the site,EH,derived
health_hca,WA Health Care Authority (Apple Health),health,Sotho,0,0,,False,none,0,,,True,https://www.hca.wa.gov,2026-09-07,,No translation mechanism found on the site,EH,derived
health_hca,WA Health Care Authority (Apple Health),health,Spanish,0,0,,False,none,0,,,True,https://www.hca.wa.gov,2026-09-07,,No translation mechanism found on the site,EH,derived
health_hca,WA Health Care Authority (Apple Health),health,Swahili,0,0,,False,none,0,,,True,https://www.hca.wa.gov,2026-09-07,,No translation mechanism found on the site,EH,derived
health_hca,WA Health Care Authority (Apple Health),health,Tagalog,0,0,,False,none,0,,,True,https://www.hca.wa.gov,2026-09-07,,No translation mechanism found on the site,EH,derived
health_hca,WA Health Care Authority (Apple Health),health,Taishanese,0,0,,False,none,0,,,True,https://www.hca.wa.gov,2026-09-07,,No translation mechanism found on the site,EH,derived
health_hca,WA Health Care Authority (Apple Health),health,Tajiki,0,0,,False,none,0,,,True,https://www.hca.wa.gov,2026-09-07,,No translation mechanism found on the site,EH,derived
health_hca,WA Health Care Authority (Apple Health),health,Tamil,0,0,,False,none,0,,,True,https://www.hca.wa.gov,2026-09-07,,No translation mechanism found on the site,EH,derived
health_hca,WA Health Care Authority (Apple Health),health,Tarasco,0,0,,False,none,0,,,True,https://www.hca.wa.gov,2026-09-07,,No translation mechanism found on the site,EH,derived
health_hca,WA Health Care Authority (Apple Health),health,Tedim,0,0,,False,none,0,,,True,https://www.hca.wa.gov,2026-09-07,,No translation mechanism found on the site,EH,derived
health_hca,WA Health Care Authority (Apple Health),health,Telugu,0,0,,False,none,0,,,True,https://www.hca.wa.gov,2026-09-07,,No translation mechanism found on the site,EH,derived
health_hca,WA Health Care Authority (Apple Health),health,Thai,0,0,,False,none,0,,,True,https://www.hca.wa.gov,2026-09-07,,No translation mechanism found on the site,EH,derived
health_hca,WA Health Care Authority (Apple Health),health,Tibetan,0,0,,False,none,0,,,True,https://www.hca.wa.gov,2026-09-07,,No translation mechanism found on the site,EH,derived
health_hca,WA Health Care Authority (Apple Health),health,Tigrinya,0,0,,False,none,0,,,True,https://www.hca.wa.gov,2026-09-07,,No translation mechanism found on the site,EH,derived
health_hca,WA Health Care Authority (Apple Health),health,Tongan,0,0,,False,none,0,,,True,https://www.hca.wa.gov,2026-09-07,,No translation mechanism found on the site,EH,derived
health_hca,WA Health Care Authority (Apple Health),health,Turkish,0,0,,False,none,0,,,True,https://www.hca.wa.gov,2026-09-07,,No translation mechanism found on the site,EH,derived
health_hca,WA Health Care Authority (Apple Health),health,Twi,0,0,,False,none,0,,,True,https://www.hca.wa.gov,2026-09-07,,No translation mechanism found on the site,EH,derived
health_hca,WA Health Care Authority (Apple Health),health,Ukrainian,0,0,,False,none,0,,,True,https://www.hca.wa.gov,2026-09-07,,No translation mechanism found on the site,EH,derived
health_hca,WA Health Care Authority (Apple Health),health,Urdu,0,0,,False,none,0,,,True,https://www.hca.wa.gov,2026-09-07,,No translation mechanism found on the site,EH,derived
health_hca,WA Health Care Authority (Apple Health),health,Uzbek,0,0,,False,none,0,,,True,https://www.hca.wa.gov,2026-09-07,,No translation mechanism found on the site,EH,derived
health_hca,WA Health Care Authority (Apple Health),health,Vietnamese,0,0,,False,none,0,,,True,https://www.hca.wa.gov,2026-09-07,,No translation mechanism found on the site,EH,derived
health_hca,WA Health Care Authority (Apple Health),health,Wolof,0,0,,False,none,0,,,True,https://www.hca.wa.gov,2026-09-07,,No translation mechanism found on the site,EH,derived
health_hca,WA Health Care Authority (Apple Health),health,Yap,0,0,,False,none,0,,,True,https://www.hca.wa.gov,2026-09-07,,No translation mechanism found on the site,EH,derived
health_hca,WA Health Care Authority (Apple Health),health,Yoruba,0,0,,False,none,0,,,True,https://www.hca.wa.gov,2026-09-07,,No translation mechanism found on the site,EH,derived
health_planfinder,Washington Healthplanfinder,health,Acholi,0,0,,False,none,0,,,True,https://www.wahealthplanfinder.org,2026-09-07,,No translation mechanism found on the site,EH,derived
health_planfinder,Washington Healthplanfinder,health,Aguacateco,0,0,,False,none,0,,,True,https://www.wahealthplanfinder.org,2026-09-07,,No translation mechanism found on the site,EH,derived
health_planfinder,Washington Healthplanfinder,health,Akateko,0,0,,False,none,0,,,True,https://www.wahealthplanfinder.org,2026-09-07,,No translation mechanism found on the site,EH,derived
health_planfinder,Washington Healthplanfinder,health,Albanian,0,0,,False,none,0,,,True,https://www.wahealthplanfinder.org,2026-09-07,,No translation mechanism found on the site,EH,derived
health_planfinder,Washington Healthplanfinder,health,American Sign Language,3,2,,True,in_language_document,1,language-support.html,,True,https://www.wahealthplanfinder.org/us/en/tools-and-resources/how-to/language-support.html,2026-09-07,unchecked,In-language section with a translated PDF and the support number 1-855-923-4633 explained in this language,EH,derived
health_planfinder,Washington Healthplanfinder,health,Amharic,3,2,,True,in_language_document,1,language-support.html,,True,https://www.wahealthplanfinder.org/us/en/tools-and-resources/how-to/language-support.html,2026-09-07,human,In-language section with a translated PDF and the support number 1-855-923-4633 explained in this language,EH,derived
health_planfinder,Washington Healthplanfinder,health,Arabic,3,2,,True,in_language_document,1,language-support.html,,True,https://www.wahealthplanfinder.org/us/en/tools-and-resources/how-to/language-support.html,2026-09-07,unchecked,In-language section with a translated PDF and the support number 1-855-923-4633 explained in this language,EH,derived
health_planfinder,Washington Healthplanfinder,health,Armenian,0,0,,False,none,0,,,True,https://www.wahealthplanfinder.org,2026-09-07,,No translation mechanism found on the site,EH,derived
health_planfinder,Washington Healthplanfinder,health,Ayula-Bambara,0,0,,False,none,0,,,True,https://www.wahealthplanfinder.org,2026-09-07,,No translation mechanism found on the site,EH,derived
health_planfinder,Washington Healthplanfinder,health,Azerbaijani,0,0,,False,none,0,,,True,https://www.wahealthplanfinder.org,2026-09-07,,No translation mechanism found on the site,EH,derived
health_planfinder,Washington Healthplanfinder,health,Bambara,0,0,,False,none,0,,,True,https://www.wahealthplanfinder.org,2026-09-07,,No translation mechanism found on the site,EH,derived
health_planfinder,Washington Healthplanfinder,health,Bangala,0,0,,False,none,0,,,True,https://www.wahealthplanfinder.org,2026-09-07,,No translation mechanism found on the site,EH,derived
health_planfinder,Washington Healthplanfinder,health,Bassa,0,0,,False,none,0,,,True,https://www.wahealthplanfinder.org,2026-09-07,,No translation mechanism found on the site,EH,derived
health_planfinder,Washington Healthplanfinder,health,Bengali,0,0,,False,none,0,,,True,https://www.wahealthplanfinder.org,2026-09-07,,No translation mechanism found on the site,EH,derived
health_planfinder,Washington Healthplanfinder,health,Bosnian,0,0,,False,none,0,,,True,https://www.wahealthplanfinder.org,2026-09-07,,No translation mechanism found on the site,EH,derived
health_planfinder,Washington Healthplanfinder,health,Bulgarian,0,0,,False,none,0,,,True,https://www.wahealthplanfinder.org,2026-09-07,,No translation mechanism found on the site,EH,derived
health_planfinder,Washington Healthplanfinder,health,Burmese,0,0,,False,none,0,,,True,https://www.wahealthplanfinder.org,2026-09-07,,No translation mechanism found on the site,EH,derived
health_planfinder,Washington Healthplanfinder,health,Carolinian,0,0,,False,none,0,,,True,https://www.wahealthplanfinder.org,2026-09-07,,No translation mechanism found on the site,EH,derived
health_planfinder,Washington Healthplanfinder,health,Catalan,0,0,,False,none,0,,,True,https://www.wahealthplanfinder.org,2026-09-07,,No translation mechanism found on the site,EH,derived
health_planfinder,Washington Healthplanfinder,health,Cebuano,0,0,,False,none,0,,,True,https://www.wahealthplanfinder.org,2026-09-07,,No translation mechanism found on the site,EH,derived
health_planfinder,Washington Healthplanfinder,health,Cham,0,0,,False,none,0,,,True,https://www.wahealthplanfinder.org,2026-09-07,,No translation mechanism found on the site,EH,derived
health_planfinder,Washington Healthplanfinder,health,Chamorro,0,0,,False,none,0,,,True,https://www.wahealthplanfinder.org,2026-09-07,,No translation mechanism found on the site,EH,derived
health_planfinder,Washington Healthplanfinder,health,Chin,0,0,,False,none,0,,,True,https://www.wahealthplanfinder.org,2026-09-07,,No translation mechanism found on the site,EH,derived
health_planfinder,Washington Healthplanfinder,health,Chinese-Cantonese,3,2,,True,in_language_document,1,language-support.html,,True,https://www.wahealthplanfinder.org/us/en/tools-and-resources/how-to/language-support.html,2026-09-07,unchecked,In-language section with a translated PDF and the support number 1-855-923-4633 explained in this language,EH,derived
health_planfinder,Washington Healthplanfinder,health,Chinese-Fukienese,0,0,,False,none,0,,,True,https://www.wahealthplanfinder.org,2026-09-07,,No translation mechanism found on the site,EH,derived
health_planfinder,Washington Healthplanfinder,health,Chinese-Mandarin,3,2,,True,in_language_document,1,language-support.html,,True,https://www.wahealthplanfinder.org/us/en/tools-and-resources/how-to/language-support.html,2026-09-07,unchecked,In-language section with a translated PDF and the support number 1-855-923-4633 explained in this language,EH,derived
health_planfinder,Washington Healthplanfinder,health,Chinese-Taiwanese,0,0,,False,none,0,,,True,https://www.wahealthplanfinder.org,2026-09-07,,No translation mechanism found on the site,EH,derived
health_planfinder,Washington Healthplanfinder,health,Chuukese,0,0,,False,none,0,,,True,https://www.wahealthplanfinder.org,2026-09-07,,No translation mechanism found on the site,EH,derived
health_planfinder,Washington Healthplanfinder,health,Dari,3,2,,True,in_language_document,1,language-support.html,,True,https://www.wahealthplanfinder.org/us/en/tools-and-resources/how-to/language-support.html,2026-09-07,unchecked,In-language section with a translated PDF and the support number 1-855-923-4633 explained in this language,EH,derived
health_planfinder,Washington Healthplanfinder,health,Dinka,0,0,,False,none,0,,,True,https://www.wahealthplanfinder.org,2026-09-07,,No translation mechanism found on the site,EH,derived
health_planfinder,Washington Healthplanfinder,health,Dutch,0,0,,False,none,0,,,True,https://www.wahealthplanfinder.org,2026-09-07,,No translation mechanism found on the site,EH,derived
health_planfinder,Washington Healthplanfinder,health,Egyptian-Arabic,0,0,,False,none,0,,,True,https://www.wahealthplanfinder.org,2026-09-07,,No translation mechanism found on the site,EH,derived
health_planfinder,Washington Healthplanfinder,health,Eritai,0,0,,False,none,0,,,True,https://www.wahealthplanfinder.org,2026-09-07,,No translation mechanism found on the site,EH,derived
health_planfinder,Washington Healthplanfinder,health,Estonian,0,0,,False,none,0,,,True,https://www.wahealthplanfinder.org,2026-09-07,,No translation mechanism found on the site,EH,derived
health_planfinder,Washington Healthplanfinder,health,Ewe,0,0,,False,none,0,,,True,https://www.wahealthplanfinder.org,2026-09-07,,No translation mechanism found on the site,EH,derived
health_planfinder,Washington Healthplanfinder,health,Fallani,0,0,,False,none,0,,,True,https://www.wahealthplanfinder.org,2026-09-07,,No translation mechanism found on the site,EH,derived
health_planfinder,Washington Healthplanfinder,health,Farsi,3,2,,True,in_language_document,1,language-support.html,,True,https://www.wahealthplanfinder.org/us/en/tools-and-resources/how-to/language-support.html,2026-09-07,unchecked,In-language section with a translated PDF and the support number 1-855-923-4633 explained in this language,EH,derived
health_planfinder,Washington Healthplanfinder,health,French,3,2,,True,in_language_document,1,language-support.html,,True,https://www.wahealthplanfinder.org/us/en/tools-and-resources/how-to/language-support.html,2026-09-07,unchecked,In-language section with a translated PDF and the support number 1-855-923-4633 explained in this language,EH,derived
health_planfinder,Washington Healthplanfinder,health,Fula,0,0,,False,none,0,,,True,https://www.wahealthplanfinder.org,2026-09-07,,No translation mechanism found on the site,EH,derived
health_planfinder,Washington Healthplanfinder,health,Ga,0,0,,False,none,0,,,True,https://www.wahealthplanfinder.org,2026-09-07,,No translation mechanism found on the site,EH,derived
health_planfinder,Washington Healthplanfinder,health,German,3,2,,True,in_language_document,1,language-support.html,,True,https://www.wahealthplanfinder.org/us/en/tools-and-resources/how-to/language-support.html,2026-09-07,unchecked,In-language section with a translated PDF and the support number 1-855-923-4633 explained in this language,EH,derived
health_planfinder,Washington Healthplanfinder,health,"Greek, Modern",0,0,,False,none,0,,,True,https://www.wahealthplanfinder.org,2026-09-07,,No translation mechanism found on the site,EH,derived
health_planfinder,Washington Healthplanfinder,health,Gujarati,0,0,,False,none,0,,,True,https://www.wahealthplanfinder.org,2026-09-07,,No translation mechanism found on the site,EH,derived
health_planfinder,Washington Healthplanfinder,health,Haitian Creole,0,0,,False,none,0,,,True,https://www.wahealthplanfinder.org,2026-09-07,,No translation mechanism found on the site,EH,derived
health_planfinder,Washington Healthplanfinder,health,Hausa,0,0,,False,none,0,,,True,https://www.wahealthplanfinder.org,2026-09-07,,No translation mechanism found on the site,EH,derived
health_planfinder,Washington Healthplanfinder,health,Hawaiian,0,0,,False,none,0,,,True,https://www.wahealthplanfinder.org,2026-09-07,,No translation mechanism found on the site,EH,derived
health_planfinder,Washington Healthplanfinder,health,Herero,0,0,,False,none,0,,,True,https://www.wahealthplanfinder.org,2026-09-07,,No translation mechanism found on the site,EH,derived
health_planfinder,Washington Healthplanfinder,health,Hindi,3,2,,True,in_language_document,1,language-support.html,,True,https://www.wahealthplanfinder.org/us/en/tools-and-resources/how-to/language-support.html,2026-09-07,unchecked,In-language section with a translated PDF and the support number 1-855-923-4633 explained in this language,EH,derived
health_planfinder,Washington Healthplanfinder,health,Hmong,0,0,,False,none,0,,,True,https://www.wahealthplanfinder.org,2026-09-07,,No translation mechanism found on the site,EH,derived
health_planfinder,Washington Healthplanfinder,health,Hungarian,0,0,,False,none,0,,,True,https://www.wahealthplanfinder.org,2026-09-07,,No translation mechanism found on the site,EH,derived
health_planfinder,Washington Healthplanfinder,health,Igbo,0,0,,False,none,0,,,True,https://www.wahealthplanfinder.org,2026-09-07,,No translation mechanism found on the site,EH,derived
health_planfinder,Washington Healthplanfinder,health,Ilokano,0,0,,False,none,0,,,True,https://www.wahealthplanfinder.org,2026-09-07,,No translation mechanism found on the site,EH,derived
health_planfinder,Washington Healthplanfinder,health,Indonesian,0,0,,False,none,0,,,True,https://www.wahealthplanfinder.org,2026-09-07,,No translation mechanism found on the site,EH,derived
health_planfinder,Washington Healthplanfinder,health,Italian,0,0,,False,none,0,,,True,https://www.wahealthplanfinder.org,2026-09-07,,No translation mechanism found on the site,EH,derived
health_planfinder,Washington Healthplanfinder,health,Japanese,3,2,,True,in_language_document,1,language-support.html,,True,https://www.wahealthplanfinder.org/us/en/tools-and-resources/how-to/language-support.html,2026-09-07,unchecked,In-language section with a translated PDF and the support number 1-855-923-4633 explained in this language,EH,derived
health_planfinder,Washington Healthplanfinder,health,Kakwa,0,0,,False,none,0,,,True,https://www.wahealthplanfinder.org,2026-09-07,,No translation mechanism found on the site,EH,derived
health_planfinder,Washington Healthplanfinder,health,Kannada,0,0,,False,none,0,,,True,https://www.wahealthplanfinder.org,2026-09-07,,No translation mechanism found on the site,EH,derived
health_planfinder,Washington Healthplanfinder,health,Karen,0,0,,False,none,0,,,True,https://www.wahealthplanfinder.org,2026-09-07,,No translation mechanism found on the site,EH,derived
health_planfinder,Washington Healthplanfinder,health,Karenni,0,0,,False,none,0,,,True,https://www.wahealthplanfinder.org,2026-09-07,,No translation mechanism found on the site,EH,derived
health_planfinder,Washington Healthplanfinder,health,Kazakh,0,0,,False,none,0,,,True,https://www.wahealthplanfinder.org,2026-09-07,,No translation mechanism found on the site,EH,derived
health_planfinder,Washington Healthplanfinder,health,Khmer,3,2,,True,in_language_document,1,language-support.html,,True,https://www.wahealthplanfinder.org/us/en/tools-and-resources/how-to/language-support.html,2026-09-07,unchecked,In-language section with a translated PDF and the support number 1-855-923-4633 explained in this language,EH,derived
health_planfinder,Washington Healthplanfinder,health,Kikuyu,0,0,,False,none,0,,,True,https://www.wahealthplanfinder.org,2026-09-07,,No translation mechanism found on the site,EH,derived
health_planfinder,Washington Healthplanfinder,health,Kinyarwanda,0,0,,False,none,0,,,True,https://www.wahealthplanfinder.org,2026-09-07,,No translation mechanism found on the site,EH,derived
health_planfinder,Washington Healthplanfinder,health,Kirgiz,0,0,,False,none,0,,,True,https://www.wahealthplanfinder.org,2026-09-07,,No translation mechanism found on the site,EH,derived
health_planfinder,Washington Healthplanfinder,health,Kirundi,0,0,,False,none,0,,,True,https://www.wahealthplanfinder.org,2026-09-07,,No translation mechanism found on the site,EH,derived
health_planfinder,Washington Healthplanfinder,health,Kmhmu,0,0,,False,none,0,,,True,https://www.wahealthplanfinder.org,2026-09-07,,No translation mechanism found on the site,EH,derived
health_planfinder,Washington Healthplanfinder,health,Kongo,0,0,,False,none,0,,,True,https://www.wahealthplanfinder.org,2026-09-07,,No translation mechanism found on the site,EH,derived
health_planfinder,Washington Healthplanfinder,health,Korean,3,2,,True,in_language_document,1,language-support.html,,True,https://www.wahealthplanfinder.org/us/en/tools-and-resources/how-to/language-support.html,2026-09-07,unchecked,In-language section with a translated PDF and the support number 1-855-923-4633 explained in this language,EH,derived
health_planfinder,Washington Healthplanfinder,health,Kosraean,0,0,,False,none,0,,,True,https://www.wahealthplanfinder.org,2026-09-07,,No translation mechanism found on the site,EH,derived
health_planfinder,Washington Healthplanfinder,health,Krahn,0,0,,False,none,0,,,True,https://www.wahealthplanfinder.org,2026-09-07,,No translation mechanism found on the site,EH,derived
health_planfinder,Washington Healthplanfinder,health,Krio,0,0,,False,none,0,,,True,https://www.wahealthplanfinder.org,2026-09-07,,No translation mechanism found on the site,EH,derived
health_planfinder,Washington Healthplanfinder,health,Kru,0,0,,False,none,0,,,True,https://www.wahealthplanfinder.org,2026-09-07,,No translation mechanism found on the site,EH,derived
health_planfinder,Washington Healthplanfinder,health,Kurdish,0,0,,False,none,0,,,True,https://www.wahealthplanfinder.org,2026-09-07,,No translation mechanism found on the site,EH,derived
health_planfinder,Washington Healthplanfinder,health,Lao,3,2,,True,in_language_document,1,language-support.html,,True,https://www.wahealthplanfinder.org/us/en/tools-and-resources/how-to/language-support.html,2026-09-07,unchecked,In-language section with a translated PDF and the support number 1-855-923-4633 explained in this language,EH,derived
health_planfinder,Washington Healthplanfinder,health,Latvian,0,0,,False,none,0,,,True,https://www.wahealthplanfinder.org,2026-09-07,,No translation mechanism found on the site,EH,derived
health_planfinder,Washington Healthplanfinder,health,Lingala,0,0,,False,none,0,,,True,https://www.wahealthplanfinder.org,2026-09-07,,No translation mechanism found on the site,EH,derived
health_planfinder,Washington Healthplanfinder,health,Luganda,0,0,,False,none,0,,,True,https://www.wahealthplanfinder.org,2026-09-07,,No translation mechanism found on the site,EH,derived
health_planfinder,Washington Healthplanfinder,health,Maay Maay,0,0,,False,none,0,,,True,https://www.wahealthplanfinder.org,2026-09-07,,No translation mechanism found on the site,EH,derived
health_planfinder,Washington Healthplanfinder,health,Malay,0,0,,False,none,0,,,True,https://www.wahealthplanfinder.org,2026-09-07,,No translation mechanism found on the site,EH,derived
health_planfinder,Washington Healthplanfinder,health,Malayalam,0,0,,False,none,0,,,True,https://www.wahealthplanfinder.org,2026-09-07,,No translation mechanism found on the site,EH,derived
health_planfinder,Washington Healthplanfinder,health,Mam,0,0,,False,none,0,,,True,https://www.wahealthplanfinder.org,2026-09-07,,No translation mechanism found on the site,EH,derived
health_planfinder,Washington Healthplanfinder,health,Mandingo,0,0,,False,none,0,,,True,https://www.wahealthplanfinder.org,2026-09-07,,No translation mechanism found on the site,EH,derived
health_planfinder,Washington Healthplanfinder,health,Mandinka,0,0,,False,none,0,,,True,https://www.wahealthplanfinder.org,2026-09-07,,No translation mechanism found on the site,EH,derived
health_planfinder,Washington Healthplanfinder,health,Marathi,0,0,,False,none,0,,,True,https://www.wahealthplanfinder.org,2026-09-07,,No translation mechanism found on the site,EH,derived
health_planfinder,Washington Healthplanfinder,health,Marquesan,0,0,,False,none,0,,,True,https://www.wahealthplanfinder.org,2026-09-07,,No translation mechanism found on the site,EH,derived
health_planfinder,Washington Healthplanfinder,health,Marshallese,0,0,,False,none,0,,,True,https://www.wahealthplanfinder.org,2026-09-07,,No translation mechanism found on the site,EH,derived
health_planfinder,Washington Healthplanfinder,health,Maya-Quiche,0,0,,False,none,0,,,True,https://www.wahealthplanfinder.org,2026-09-07,,No translation mechanism found on the site,EH,derived
health_planfinder,Washington Healthplanfinder,health,Mien,0,0,,False,none,0,,,True,https://www.wahealthplanfinder.org,2026-09-07,,No translation mechanism found on the site,EH,derived
health_planfinder,Washington Healthplanfinder,health,Mixteco,0,0,,False,none,0,,,True,https://www.wahealthplanfinder.org,2026-09-07,,No translation mechanism found on the site,EH,derived
health_planfinder,Washington Healthplanfinder,health,Moldavian,0,0,,False,none,0,,,True,https://www.wahealthplanfinder.org,2026-09-07,,No translation mechanism found on the site,EH,derived
health_planfinder,Washington Healthplanfinder,health,Mongolian,0,0,,False,none,0,,,True,https://www.wahealthplanfinder.org,2026-09-07,,No translation mechanism found on the site,EH,derived
health_planfinder,Washington Healthplanfinder,health,Moore,0,0,,False,none,0,,,True,https://www.wahealthplanfinder.org,2026-09-07,,No translation mechanism found on the site,EH,derived
health_planfinder,Washington Healthplanfinder,health,"Nahuatl, Guerrero region",0,0,,False,none,0,,,True,https://www.wahealthplanfinder.org,2026-09-07,,No translation mechanism found on the site,EH,derived
health_planfinder,Washington Healthplanfinder,health,Nepali,0,0,,False,none,0,,,True,https://www.wahealthplanfinder.org,2026-09-07,,No translation mechanism found on the site,EH,derived
health_planfinder,Washington Healthplanfinder,health,Nuer,0,0,,False,none,0,,,True,https://www.wahealthplanfinder.org,2026-09-07,,No translation mechanism found on the site,EH,derived
health_planfinder,Washington Healthplanfinder,health,Oromo,3,2,,True,in_language_document,1,language-support.html,,True,https://www.wahealthplanfinder.org/us/en/tools-and-resources/how-to/language-support.html,2026-09-07,unchecked,In-language section with a translated PDF and the support number 1-855-923-4633 explained in this language,EH,derived
health_planfinder,Washington Healthplanfinder,health,Palau,0,0,,False,none,0,,,True,https://www.wahealthplanfinder.org,2026-09-07,,No translation mechanism found on the site,EH,derived
health_planfinder,Washington Healthplanfinder,health,Pashai,0,0,,False,none,0,,,True,https://www.wahealthplanfinder.org,2026-09-07,,No translation mechanism found on the site,EH,derived
health_planfinder,Washington Healthplanfinder,health,Pashto,3,2,,True,in_language_document,1,language-support.html,,True,https://www.wahealthplanfinder.org/us/en/tools-and-resources/how-to/language-support.html,2026-09-07,unchecked,In-language section with a translated PDF and the support number 1-855-923-4633 explained in this language,EH,derived
health_planfinder,Washington Healthplanfinder,health,Pere,0,0,,False,none,0,,,True,https://www.wahealthplanfinder.org,2026-09-07,,No translation mechanism found on the site,EH,derived
health_planfinder,Washington Healthplanfinder,health,Polish,0,0,,False,none,0,,,True,https://www.wahealthplanfinder.org,2026-09-07,,No translation mechanism found on the site,EH,derived
health_planfinder,Washington Healthplanfinder,health,Portuguese,3,2,,True,in_language_document,1,language-support.html,,True,https://www.wahealthplanfinder.org/us/en/tools-and-resources/how-to/language-support.html,2026-09-07,unchecked,In-language section with a translated PDF and the support number 1-855-923-4633 explained in this language,EH,derived
health_planfinder,Washington Healthplanfinder,health,Punjabi,3,2,,True,in_language_document,1,language-support.html,,True,https://www.wahealthplanfinder.org/us/en/tools-and-resources/how-to/language-support.html,2026-09-07,unchecked,In-language section with a translated PDF and the support number 1-855-923-4633 explained in this language,EH,derived
health_planfinder,Washington Healthplanfinder,health,Purepecha,0,0,,False,none,0,,,True,https://www.wahealthplanfinder.org,2026-09-07,,No translation mechanism found on the site,EH,derived
health_planfinder,Washington Healthplanfinder,health,Rohingya,0,0,,False,none,0,,,True,https://www.wahealthplanfinder.org,2026-09-07,,No translation mechanism found on the site,EH,derived
health_planfinder,Washington Healthplanfinder,health,Romanian,3,2,,True,in_language_document,1,language-support.html,,True,https://www.wahealthplanfinder.org/us/en/tools-and-resources/how-to/language-support.html,2026-09-07,unchecked,In-language section with a translated PDF and the support number 1-855-923-4633 explained in this language,EH,derived
health_planfinder,Washington Healthplanfinder,health,Russian,3,2,,True,in_language_document,1,language-support.html,,True,https://www.wahealthplanfinder.org/us/en/tools-and-resources/how-to/language-support.html,2026-09-07,unchecked,In-language section with a translated PDF and the support number 1-855-923-4633 explained in this language,EH,derived
health_planfinder,Washington Healthplanfinder,health,Samoan,0,0,,False,none,0,,,True,https://www.wahealthplanfinder.org,2026-09-07,,No translation mechanism found on the site,EH,derived
health_planfinder,Washington Healthplanfinder,health,Sao,0,0,,False,none,0,,,True,https://www.wahealthplanfinder.org,2026-09-07,,No translation mechanism found on the site,EH,derived
health_planfinder,Washington Healthplanfinder,health,Serbo-Croation,0,0,,False,none,0,,,True,https://www.wahealthplanfinder.org,2026-09-07,,No translation mechanism found on the site,EH,derived
health_planfinder,Washington Healthplanfinder,health,Shona,0,0,,False,none,0,,,True,https://www.wahealthplanfinder.org,2026-09-07,,No translation mechanism found on the site,EH,derived
health_planfinder,Washington Healthplanfinder,health,Sinhalese,0,0,,False,none,0,,,True,https://www.wahealthplanfinder.org,2026-09-07,,No translation mechanism found on the site,EH,derived
health_planfinder,Washington Healthplanfinder,health,Slovenian,0,0,,False,none,0,,,True,https://www.wahealthplanfinder.org,2026-09-07,,No translation mechanism found on the site,EH,derived
health_planfinder,Washington Healthplanfinder,health,Somali,3,2,,True,in_language_document,1,language-support.html,,True,https://www.wahealthplanfinder.org/us/en/tools-and-resources/how-to/language-support.html,2026-09-07,unchecked,In-language section with a translated PDF and the support number 1-855-923-4633 explained in this language,EH,derived
health_planfinder,Washington Healthplanfinder,health,Soninke,0,0,,False,none,0,,,True,https://www.wahealthplanfinder.org,2026-09-07,,No translation mechanism found on the site,EH,derived
health_planfinder,Washington Healthplanfinder,health,Sotho,0,0,,False,none,0,,,True,https://www.wahealthplanfinder.org,2026-09-07,,No translation mechanism found on the site,EH,derived
health_planfinder,Washington Healthplanfinder,health,Spanish,3,2,,True,in_language_document,1,language-support.html,,True,https://www.wahealthplanfinder.org/us/en/tools-and-resources/how-to/language-support.html,2026-09-07,unchecked,In-language section with a translated PDF and the support number 1-855-923-4633 explained in this language,EH,derived
health_planfinder,Washington Healthplanfinder,health,Swahili,0,0,,False,none,0,,,True,https://www.wahealthplanfinder.org,2026-09-07,,No translation mechanism found on the site,EH,derived
health_planfinder,Washington Healthplanfinder,health,Tagalog,3,2,,True,in_language_document,1,language-support.html,,True,https://www.wahealthplanfinder.org/us/en/tools-and-resources/how-to/language-support.html,2026-09-07,unchecked,In-language section with a translated PDF and the support number 1-855-923-4633 explained in this language,EH,derived
health_planfinder,Washington Healthplanfinder,health,Taishanese,0,0,,False,none,0,,,True,https://www.wahealthplanfinder.org,2026-09-07,,No translation mechanism found on the site,EH,derived
health_planfinder,Washington Healthplanfinder,health,Tajiki,0,0,,False,none,0,,,True,https://www.wahealthplanfinder.org,2026-09-07,,No translation mechanism found on the site,EH,derived
health_planfinder,Washington Healthplanfinder,health,Tamil,0,0,,False,none,0,,,True,https://www.wahealthplanfinder.org,2026-09-07,,No translation mechanism found on the site,EH,derived
health_planfinder,Washington Healthplanfinder,health,Tarasco,0,0,,False,none,0,,,True,https://www.wahealthplanfinder.org,2026-09-07,,No translation mechanism found on the site,EH,derived
health_planfinder,Washington Healthplanfinder,health,Tedim,0,0,,False,none,0,,,True,https://www.wahealthplanfinder.org,2026-09-07,,No translation mechanism found on the site,EH,derived
health_planfinder,Washington Healthplanfinder,health,Telugu,0,0,,False,none,0,,,True,https://www.wahealthplanfinder.org,2026-09-07,,No translation mechanism found on the site,EH,derived
health_planfinder,Washington Healthplanfinder,health,Thai,0,0,,False,none,0,,,True,https://www.wahealthplanfinder.org,2026-09-07,,No translation mechanism found on the site,EH,derived
health_planfinder,Washington Healthplanfinder,health,Tibetan,0,0,,False,none,0,,,True,https://www.wahealthplanfinder.org,2026-09-07,,No translation mechanism found on the site,EH,derived
health_planfinder,Washington Healthplanfinder,health,Tigrinya,3,2,,True,in_language_document,1,language-support.html,,True,https://www.wahealthplanfinder.org/us/en/tools-and-resources/how-to/language-support.html,2026-09-07,unchecked,In-language section with a translated PDF and the support number 1-855-923-4633 explained in this language,EH,derived
health_planfinder,Washington Healthplanfinder,health,Tongan,0,0,,False,none,0,,,True,https://www.wahealthplanfinder.org,2026-09-07,,No translation mechanism found on the site,EH,derived
health_planfinder,Washington Healthplanfinder,health,Turkish,0,0,,False,none,0,,,True,https://www.wahealthplanfinder.org,2026-09-07,,No translation mechanism found on the site,EH,derived
health_planfinder,Washington Healthplanfinder,health,Twi,0,0,,False,none,0,,,True,https://www.wahealthplanfinder.org,2026-09-07,,No translation mechanism found on the site,EH,derived
health_planfinder,Washington Healthplanfinder,health,Ukrainian,3,2,,True,in_language_document,1,language-support.html,,True,https://www.wahealthplanfinder.org/us/en/tools-and-resources/how-to/language-support.html,2026-09-07,unchecked,In-language section with a translated PDF and the support number 1-855-923-4633 explained in this language,EH,derived
health_planfinder,Washington Healthplanfinder,health,Urdu,0,0,,False,none,0,,,True,https://www.wahealthplanfinder.org,2026-09-07,,No translation mechanism found on the site,EH,derived
health_planfinder,Washington Healthplanfinder,health,Uzbek,0,0,,False,none,0,,,True,https://www.wahealthplanfinder.org,2026-09-07,,No translation mechanism found on the site,EH,derived
health_planfinder,Washington Healthplanfinder,health,Vietnamese,3,2,,True,in_language_document,1,language-support.html,,True,https://www.wahealthplanfinder.org/us/en/tools-and-resources/how-to/language-support.html,2026-09-07,unchecked,In-language section with a translated PDF and the support number 1-855-923-4633 explained in this language,EH,derived
health_planfinder,Washington Healthplanfinder,health,Wolof,0,0,,False,none,0,,,True,https://www.wahealthplanfinder.org,2026-09-07,,No translation mechanism found on the site,EH,derived
health_planfinder,Washington Healthplanfinder,health,Yap,0,0,,False,none,0,,,True,https://www.wahealthplanfinder.org,2026-09-07,,No translation mechanism found on the site,EH,derived
health_planfinder,Washington Healthplanfinder,health,Yoruba,0,0,,False,none,0,,,True,https://www.wahealthplanfinder.org,2026-09-07,,No translation mechanism found on the site,EH,derived
health_doh,WA Department of Health,health,Acholi,0,0,,False,none,0,,,True,https://doh.wa.gov,2026-09-07,,No translation mechanism found on the site,EH,derived
health_doh,WA Department of Health,health,Aguacateco,0,0,,False,none,0,,,True,https://doh.wa.gov,2026-09-07,,No translation mechanism found on the site,EH,derived
health_doh,WA Department of Health,health,Akateko,0,0,,False,none,0,,,True,https://doh.wa.gov,2026-09-07,,No translation mechanism found on the site,EH,derived
health_doh,WA Department of Health,health,Albanian,0,0,,False,none,0,,,True,https://doh.wa.gov,2026-09-07,,No translation mechanism found on the site,EH,derived
health_doh,WA Department of Health,health,American Sign Language,0,0,,False,none,0,,,True,https://doh.wa.gov,2026-09-07,,No translation mechanism found on the site,EH,derived
health_doh,WA Department of Health,health,Amharic,0,0,,False,none,0,,,True,https://doh.wa.gov,2026-09-07,,No translation mechanism found on the site,EH,derived
health_doh,WA Department of Health,health,Arabic,0,0,,False,none,0,,,True,https://doh.wa.gov,2026-09-07,,No translation mechanism found on the site,EH,derived
health_doh,WA Department of Health,health,Armenian,0,0,,False,none,0,,,True,https://doh.wa.gov,2026-09-07,,No translation mechanism found on the site,EH,derived
health_doh,WA Department of Health,health,Ayula-Bambara,0,0,,False,none,0,,,True,https://doh.wa.gov,2026-09-07,,No translation mechanism found on the site,EH,derived
health_doh,WA Department of Health,health,Azerbaijani,0,0,,False,none,0,,,True,https://doh.wa.gov,2026-09-07,,No translation mechanism found on the site,EH,derived
health_doh,WA Department of Health,health,Bambara,0,0,,False,none,0,,,True,https://doh.wa.gov,2026-09-07,,No translation mechanism found on the site,EH,derived
health_doh,WA Department of Health,health,Bangala,0,0,,False,none,0,,,True,https://doh.wa.gov,2026-09-07,,No translation mechanism found on the site,EH,derived
health_doh,WA Department of Health,health,Bassa,0,0,,False,none,0,,,True,https://doh.wa.gov,2026-09-07,,No translation mechanism found on the site,EH,derived
health_doh,WA Department of Health,health,Bengali,0,0,,False,none,0,,,True,https://doh.wa.gov,2026-09-07,,No translation mechanism found on the site,EH,derived
health_doh,WA Department of Health,health,Bosnian,0,0,,False,none,0,,,True,https://doh.wa.gov,2026-09-07,,No translation mechanism found on the site,EH,derived
health_doh,WA Department of Health,health,Bulgarian,0,0,,False,none,0,,,True,https://doh.wa.gov,2026-09-07,,No translation mechanism found on the site,EH,derived
health_doh,WA Department of Health,health,Burmese,0,0,,False,none,0,,,True,https://doh.wa.gov,2026-09-07,,No translation mechanism found on the site,EH,derived
health_doh,WA Department of Health,health,Carolinian,0,0,,False,none,0,,,True,https://doh.wa.gov,2026-09-07,,No translation mechanism found on the site,EH,derived
health_doh,WA Department of Health,health,Catalan,0,0,,False,none,0,,,True,https://doh.wa.gov,2026-09-07,,No translation mechanism found on the site,EH,derived
health_doh,WA Department of Health,health,Cebuano,0,0,,False,none,0,,,True,https://doh.wa.gov,2026-09-07,,No translation mechanism found on the site,EH,derived
health_doh,WA Department of Health,health,Cham,0,0,,False,none,0,,,True,https://doh.wa.gov,2026-09-07,,No translation mechanism found on the site,EH,derived
health_doh,WA Department of Health,health,Chamorro,0,0,,False,none,0,,,True,https://doh.wa.gov,2026-09-07,,No translation mechanism found on the site,EH,derived
health_doh,WA Department of Health,health,Chin,0,0,,False,none,0,,,True,https://doh.wa.gov,2026-09-07,,No translation mechanism found on the site,EH,derived
health_doh,WA Department of Health,health,Chinese-Cantonese,0,0,,False,none,0,,,True,https://doh.wa.gov,2026-09-07,,No translation mechanism found on the site,EH,derived
health_doh,WA Department of Health,health,Chinese-Fukienese,0,0,,False,none,0,,,True,https://doh.wa.gov,2026-09-07,,No translation mechanism found on the site,EH,derived
health_doh,WA Department of Health,health,Chinese-Mandarin,0,0,,False,none,0,,,True,https://doh.wa.gov,2026-09-07,,No translation mechanism found on the site,EH,derived
health_doh,WA Department of Health,health,Chinese-Taiwanese,0,0,,False,none,0,,,True,https://doh.wa.gov,2026-09-07,,No translation mechanism found on the site,EH,derived
health_doh,WA Department of Health,health,Chuukese,0,0,,False,none,0,,,True,https://doh.wa.gov,2026-09-07,,No translation mechanism found on the site,EH,derived
health_doh,WA Department of Health,health,Dari,0,0,,False,none,0,,,True,https://doh.wa.gov,2026-09-07,,No translation mechanism found on the site,EH,derived
health_doh,WA Department of Health,health,Dinka,0,0,,False,none,0,,,True,https://doh.wa.gov,2026-09-07,,No translation mechanism found on the site,EH,derived
health_doh,WA Department of Health,health,Dutch,0,0,,False,none,0,,,True,https://doh.wa.gov,2026-09-07,,No translation mechanism found on the site,EH,derived
health_doh,WA Department of Health,health,Egyptian-Arabic,0,0,,False,none,0,,,True,https://doh.wa.gov,2026-09-07,,No translation mechanism found on the site,EH,derived
health_doh,WA Department of Health,health,Eritai,0,0,,False,none,0,,,True,https://doh.wa.gov,2026-09-07,,No translation mechanism found on the site,EH,derived
health_doh,WA Department of Health,health,Estonian,0,0,,False,none,0,,,True,https://doh.wa.gov,2026-09-07,,No translation mechanism found on the site,EH,derived
health_doh,WA Department of Health,health,Ewe,0,0,,False,none,0,,,True,https://doh.wa.gov,2026-09-07,,No translation mechanism found on the site,EH,derived
health_doh,WA Department of Health,health,Fallani,0,0,,False,none,0,,,True,https://doh.wa.gov,2026-09-07,,No translation mechanism found on the site,EH,derived
health_doh,WA Department of Health,health,Farsi,0,0,,False,none,0,,,True,https://doh.wa.gov,2026-09-07,,No translation mechanism found on the site,EH,derived
health_doh,WA Department of Health,health,French,0,0,,False,none,0,,,True,https://doh.wa.gov,2026-09-07,,No translation mechanism found on the site,EH,derived
health_doh,WA Department of Health,health,Fula,0,0,,False,none,0,,,True,https://doh.wa.gov,2026-09-07,,No translation mechanism found on the site,EH,derived
health_doh,WA Department of Health,health,Ga,0,0,,False,none,0,,,True,https://doh.wa.gov,2026-09-07,,No translation mechanism found on the site,EH,derived
health_doh,WA Department of Health,health,German,0,0,,False,none,0,,,True,https://doh.wa.gov,2026-09-07,,No translation mechanism found on the site,EH,derived
health_doh,WA Department of Health,health,"Greek, Modern",0,0,,False,none,0,,,True,https://doh.wa.gov,2026-09-07,,No translation mechanism found on the site,EH,derived
health_doh,WA Department of Health,health,Gujarati,0,0,,False,none,0,,,True,https://doh.wa.gov,2026-09-07,,No translation mechanism found on the site,EH,derived
health_doh,WA Department of Health,health,Haitian Creole,0,0,,False,none,0,,,True,https://doh.wa.gov,2026-09-07,,No translation mechanism found on the site,EH,derived
health_doh,WA Department of Health,health,Hausa,0,0,,False,none,0,,,True,https://doh.wa.gov,2026-09-07,,No translation mechanism found on the site,EH,derived
health_doh,WA Department of Health,health,Hawaiian,0,0,,False,none,0,,,True,https://doh.wa.gov,2026-09-07,,No translation mechanism found on the site,EH,derived
health_doh,WA Department of Health,health,Herero,0,0,,False,none,0,,,True,https://doh.wa.gov,2026-09-07,,No translation mechanism found on the site,EH,derived
health_doh,WA Department of Health,health,Hindi,0,0,,False,none,0,,,True,https://doh.wa.gov,2026-09-07,,No translation mechanism found on the site,EH,derived
health_doh,WA Department of Health,health,Hmong,0,0,,False,none,0,,,True,https://doh.wa.gov,2026-09-07,,No translation mechanism found on the site,EH,derived
health_doh,WA Department of Health,health,Hungarian,0,0,,False,none,0,,,True,https://doh.wa.gov,2026-09-07,,No translation mechanism found on the site,EH,derived
health_doh,WA Department of Health,health,Igbo,0,0,,False,none,0,,,True,https://doh.wa.gov,2026-09-07,,No translation mechanism found on the site,EH,derived
health_doh,WA Department of Health,health,Ilokano,0,0,,False,none,0,,,True,https://doh.wa.gov,2026-09-07,,No translation mechanism found on the site,EH,derived
health_doh,WA Department of Health,health,Indonesian,0,0,,False,none,0,,,True,https://doh.wa.gov,2026-09-07,,No translation mechanism found on the site,EH,derived
health_doh,WA Department of Health,health,Italian,0,0,,False,none,0,,,True,https://doh.wa.gov,2026-09-07,,No translation mechanism found on the site,EH,derived
health_doh,WA Department of Health,health,Japanese,0,0,,False,none,0,,,True,https://doh.wa.gov,2026-09-07,,No translation mechanism found on the site,EH,derived
health_doh,WA Department of Health,health,Kakwa,0,0,,False,none,0,,,True,https://doh.wa.gov,2026-09-07,,No translation mechanism found on the site,EH,derived
health_doh,WA Department of Health,health,Kannada,0,0,,False,none,0,,,True,https://doh.wa.gov,2026-09-07,,No translation mechanism found on the site,EH,derived
health_doh,WA Department of Health,health,Karen,0,0,,False,none,0,,,True,https://doh.wa.gov,2026-09-07,,No translation mechanism found on the site,EH,derived
health_doh,WA Department of Health,health,Karenni,0,0,,False,none,0,,,True,https://doh.wa.gov,2026-09-07,,No translation mechanism found on the site,EH,derived
health_doh,WA Department of Health,health,Kazakh,0,0,,False,none,0,,,True,https://doh.wa.gov,2026-09-07,,No translation mechanism found on the site,EH,derived
health_doh,WA Department of Health,health,Khmer,0,0,,False,none,0,,,True,https://doh.wa.gov,2026-09-07,,No translation mechanism found on the site,EH,derived
health_doh,WA Department of Health,health,Kikuyu,0,0,,False,none,0,,,True,https://doh.wa.gov,2026-09-07,,No translation mechanism found on the site,EH,derived
health_doh,WA Department of Health,health,Kinyarwanda,0,0,,False,none,0,,,True,https://doh.wa.gov,2026-09-07,,No translation mechanism found on the site,EH,derived
health_doh,WA Department of Health,health,Kirgiz,0,0,,False,none,0,,,True,https://doh.wa.gov,2026-09-07,,No translation mechanism found on the site,EH,derived
health_doh,WA Department of Health,health,Kirundi,0,0,,False,none,0,,,True,https://doh.wa.gov,2026-09-07,,No translation mechanism found on the site,EH,derived
health_doh,WA Department of Health,health,Kmhmu,0,0,,False,none,0,,,True,https://doh.wa.gov,2026-09-07,,No translation mechanism found on the site,EH,derived
health_doh,WA Department of Health,health,Kongo,0,0,,False,none,0,,,True,https://doh.wa.gov,2026-09-07,,No translation mechanism found on the site,EH,derived
health_doh,WA Department of Health,health,Korean,0,0,,False,none,0,,,True,https://doh.wa.gov,2026-09-07,,No translation mechanism found on the site,EH,derived
health_doh,WA Department of Health,health,Kosraean,0,0,,False,none,0,,,True,https://doh.wa.gov,2026-09-07,,No translation mechanism found on the site,EH,derived
health_doh,WA Department of Health,health,Krahn,0,0,,False,none,0,,,True,https://doh.wa.gov,2026-09-07,,No translation mechanism found on the site,EH,derived
health_doh,WA Department of Health,health,Krio,0,0,,False,none,0,,,True,https://doh.wa.gov,2026-09-07,,No translation mechanism found on the site,EH,derived
health_doh,WA Department of Health,health,Kru,0,0,,False,none,0,,,True,https://doh.wa.gov,2026-09-07,,No translation mechanism found on the site,EH,derived
health_doh,WA Department of Health,health,Kurdish,0,0,,False,none,0,,,True,https://doh.wa.gov,2026-09-07,,No translation mechanism found on the site,EH,derived
health_doh,WA Department of Health,health,Lao,0,0,,False,none,0,,,True,https://doh.wa.gov,2026-09-07,,No translation mechanism found on the site,EH,derived
health_doh,WA Department of Health,health,Latvian,0,0,,False,none,0,,,True,https://doh.wa.gov,2026-09-07,,No translation mechanism found on the site,EH,derived
health_doh,WA Department of Health,health,Lingala,0,0,,False,none,0,,,True,https://doh.wa.gov,2026-09-07,,No translation mechanism found on the site,EH,derived
health_doh,WA Department of Health,health,Luganda,0,0,,False,none,0,,,True,https://doh.wa.gov,2026-09-07,,No translation mechanism found on the site,EH,derived
health_doh,WA Department of Health,health,Maay Maay,0,0,,False,none,0,,,True,https://doh.wa.gov,2026-09-07,,No translation mechanism found on the site,EH,derived
health_doh,WA Department of Health,health,Malay,0,0,,False,none,0,,,True,https://doh.wa.gov,2026-09-07,,No translation mechanism found on the site,EH,derived
health_doh,WA Department of Health,health,Malayalam,0,0,,False,none,0,,,True,https://doh.wa.gov,2026-09-07,,No translation mechanism found on the site,EH,derived
health_doh,WA Department of Health,health,Mam,0,0,,False,none,0,,,True,https://doh.wa.gov,2026-09-07,,No translation mechanism found on the site,EH,derived
health_doh,WA Department of Health,health,Mandingo,0,0,,False,none,0,,,True,https://doh.wa.gov,2026-09-07,,No translation mechanism found on the site,EH,derived
health_doh,WA Department of Health,health,Mandinka,0,0,,False,none,0,,,True,https://doh.wa.gov,2026-09-07,,No translation mechanism found on the site,EH,derived
health_doh,WA Department of Health,health,Marathi,0,0,,False,none,0,,,True,https://doh.wa.gov,2026-09-07,,No translation mechanism found on the site,EH,derived
health_doh,WA Department of Health,health,Marquesan,0,0,,False,none,0,,,True,https://doh.wa.gov,2026-09-07,,No translation mechanism found on the site,EH,derived
health_doh,WA Department of Health,health,Marshallese,0,0,,False,none,0,,,True,https://doh.wa.gov,2026-09-07,,No translation mechanism found on the site,EH,derived
health_doh,WA Department of Health,health,Maya-Quiche,0,0,,False,none,0,,,True,https://doh.wa.gov,2026-09-07,,No translation mechanism found on the site,EH,derived
health_doh,WA Department of Health,health,Mien,0,0,,False,none,0,,,True,https://doh.wa.gov,2026-09-07,,No translation mechanism found on the site,EH,derived
health_doh,WA Department of Health,health,Mixteco,0,0,,False,none,0,,,True,https://doh.wa.gov,2026-09-07,,No translation mechanism found on the site,EH,derived
health_doh,WA Department of Health,health,Moldavian,0,0,,False,none,0,,,True,https://doh.wa.gov,2026-09-07,,No translation mechanism found on the site,EH,derived
health_doh,WA Department of Health,health,Mongolian,0,0,,False,none,0,,,True,https://doh.wa.gov,2026-09-07,,No translation mechanism found on the site,EH,derived
health_doh,WA Department of Health,health,Moore,0,0,,False,none,0,,,True,https://doh.wa.gov,2026-09-07,,No translation mechanism found on the site,EH,derived
health_doh,WA Department of Health,health,"Nahuatl, Guerrero region",0,0,,False,none,0,,,True,https://doh.wa.gov,2026-09-07,,No translation mechanism found on the site,EH,derived
health_doh,WA Department of Health,health,Nepali,0,0,,False,none,0,,,True,https://doh.wa.gov,2026-09-07,,No translation mechanism found on the site,EH,derived
health_doh,WA Department of Health,health,Nuer,0,0,,False,none,0,,,True,https://doh.wa.gov,2026-09-07,,No translation mechanism found on the site,EH,derived
health_doh,WA Department of Health,health,Oromo,0,0,,False,none,0,,,True,https://doh.wa.gov,2026-09-07,,No translation mechanism found on the site,EH,derived
health_doh,WA Department of Health,health,Palau,0,0,,False,none,0,,,True,https://doh.wa.gov,2026-09-07,,No translation mechanism found on the site,EH,derived
health_doh,WA Department of Health,health,Pashai,0,0,,False,none,0,,,True,https://doh.wa.gov,2026-09-07,,No translation mechanism found on the site,EH,derived
health_doh,WA Department of Health,health,Pashto,0,0,,False,none,0,,,True,https://doh.wa.gov,2026-09-07,,No translation mechanism found on the site,EH,derived
health_doh,WA Department of Health,health,Pere,0,0,,False,none,0,,,True,https://doh.wa.gov,2026-09-07,,No translation mechanism found on the site,EH,derived
health_doh,WA Department of Health,health,Polish,0,0,,False,none,0,,,True,https://doh.wa.gov,2026-09-07,,No translation mechanism found on the site,EH,derived
health_doh,WA Department of Health,health,Portuguese,0,0,,False,none,0,,,True,https://doh.wa.gov,2026-09-07,,No translation mechanism found on the site,EH,derived
health_doh,WA Department of Health,health,Punjabi,0,0,,False,none,0,,,True,https://doh.wa.gov,2026-09-07,,No translation mechanism found on the site,EH,derived
health_doh,WA Department of Health,health,Purepecha,0,0,,False,none,0,,,True,https://doh.wa.gov,2026-09-07,,No translation mechanism found on the site,EH,derived
health_doh,WA Department of Health,health,Rohingya,0,0,,False,none,0,,,True,https://doh.wa.gov,2026-09-07,,No translation mechanism found on the site,EH,derived
health_doh,WA Department of Health,health,Romanian,0,0,,False,none,0,,,True,https://doh.wa.gov,2026-09-07,,No translation mechanism found on the site,EH,derived
health_doh,WA Department of Health,health,Russian,3,2,,True,in_language_document,3,flu-and-pregnancy-russian; flu-russian; high-risk-russian,,True,https://doh.wa.gov/you-and-your-family/illness-and-disease-z/flu/flu-and-pregnancy-russian,2026-09-07,unchecked,,EH,derived
health_doh,WA Department of Health,health,Samoan,0,0,,False,none,0,,,True,https://doh.wa.gov,2026-09-07,,No translation mechanism found on the site,EH,derived
health_doh,WA Department of Health,health,Sao,0,0,,False,none,0,,,True,https://doh.wa.gov,2026-09-07,,No translation mechanism found on the site,EH,derived
health_doh,WA Department of Health,health,Serbo-Croation,0,0,,False,none,0,,,True,https://doh.wa.gov,2026-09-07,,No translation mechanism found on the site,EH,derived
health_doh,WA Department of Health,health,Shona,0,0,,False,none,0,,,True,https://doh.wa.gov,2026-09-07,,No translation mechanism found on the site,EH,derived
health_doh,WA Department of Health,health,Sinhalese,0,0,,False,none,0,,,True,https://doh.wa.gov,2026-09-07,,No translation mechanism found on the site,EH,derived
health_doh,WA Department of Health,health,Slovenian,0,0,,False,none,0,,,True,https://doh.wa.gov,2026-09-07,,No translation mechanism found on the site,EH,derived
health_doh,WA Department of Health,health,Somali,0,0,,False,none,0,,,True,https://doh.wa.gov,2026-09-07,,No translation mechanism found on the site,EH,derived
health_doh,WA Department of Health,health,Soninke,0,0,,False,none,0,,,True,https://doh.wa.gov,2026-09-07,,No translation mechanism found on the site,EH,derived
health_doh,WA Department of Health,health,Sotho,0,0,,False,none,0,,,True,https://doh.wa.gov,2026-09-07,,No translation mechanism found on the site,EH,derived
health_doh,WA Department of Health,health,Spanish,3,2,,True,in_language_document,2,high-risk-spanish; norovirus-spanish,,True,https://doh.wa.gov/you-and-your-family/illness-and-disease-z/flu/high-risk-spanish,2026-09-07,unchecked,,EH,derived
health_doh,WA Department of Health,health,Swahili,0,0,,False,none,0,,,True,https://doh.wa.gov,2026-09-07,,No translation mechanism found on the site,EH,derived
health_doh,WA Department of Health,health,Tagalog,0,0,,False,none,0,,,True,https://doh.wa.gov,2026-09-07,,No translation mechanism found on the site,EH,derived
health_doh,WA Department of Health,health,Taishanese,0,0,,False,none,0,,,True,https://doh.wa.gov,2026-09-07,,No translation mechanism found on the site,EH,derived
health_doh,WA Department of Health,health,Tajiki,0,0,,False,none,0,,,True,https://doh.wa.gov,2026-09-07,,No translation mechanism found on the site,EH,derived
health_doh,WA Department of Health,health,Tamil,0,0,,False,none,0,,,True,https://doh.wa.gov,2026-09-07,,No translation mechanism found on the site,EH,derived
health_doh,WA Department of Health,health,Tarasco,0,0,,False,none,0,,,True,https://doh.wa.gov,2026-09-07,,No translation mechanism found on the site,EH,derived
health_doh,WA Department of Health,health,Tedim,0,0,,False,none,0,,,True,https://doh.wa.gov,2026-09-07,,No translation mechanism found on the site,EH,derived
health_doh,WA Department of Health,health,Telugu,0,0,,False,none,0,,,True,https://doh.wa.gov,2026-09-07,,No translation mechanism found on the site,EH,derived
health_doh,WA Department of Health,health,Thai,0,0,,False,none,0,,,True,https://doh.wa.gov,2026-09-07,,No translation mechanism found on the site,EH,derived
health_doh,WA Department of Health,health,Tibetan,0,0,,False,none,0,,,True,https://doh.wa.gov,2026-09-07,,No translation mechanism found on the site,EH,derived
health_doh,WA Department of Health,health,Tigrinya,0,0,,False,none,0,,,True,https://doh.wa.gov,2026-09-07,,No translation mechanism found on the site,EH,derived
health_doh,WA Department of Health,health,Tongan,0,0,,False,none,0,,,True,https://doh.wa.gov,2026-09-07,,No translation mechanism found on the site,EH,derived
health_doh,WA Department of Health,health,Turkish,0,0,,False,none,0,,,True,https://doh.wa.gov,2026-09-07,,No translation mechanism found on the site,EH,derived
health_doh,WA Department of Health,health,Twi,0,0,,False,none,0,,,True,https://doh.wa.gov,2026-09-07,,No translation mechanism found on the site,EH,derived
health_doh,WA Department of Health,health,Ukrainian,0,0,,False,none,0,,,True,https://doh.wa.gov,2026-09-07,,No translation mechanism found on the site,EH,derived
health_doh,WA Department of Health,health,Urdu,0,0,,False,none,0,,,True,https://doh.wa.gov,2026-09-07,,No translation mechanism found on the site,EH,derived
health_doh,WA Department of Health,health,Uzbek,0,0,,False,none,0,,,True,https://doh.wa.gov,2026-09-07,,No translation mechanism found on the site,EH,derived
health_doh,WA Department of Health,health,Vietnamese,3,2,,True,in_language_document,3,flu-and-pregnancy-vietnamese; flu-vietnamese; high-risk-vietnamese,,True,https://doh.wa.gov/you-and-your-family/illness-and-disease-z/flu/flu-and-pregnancy-vietnamese,2026-09-07,unchecked,,EH,derived
health_doh,WA Department of Health,health,Wolof,0,0,,False,none,0,,,True,https://doh.wa.gov,2026-09-07,,No translation mechanism found on the site,EH,derived
health_doh,WA Department of Health,health,Yap,0,0,,False,none,0,,,True,https://doh.wa.gov,2026-09-07,,No translation mechanism found on the site,EH,derived
health_doh,WA Department of Health,health,Yoruba,0,0,,False,none,0,,,True,https://doh.wa.gov,2026-09-07,,No translation mechanism found on the site,EH,derived
health_dph,Public Health Seattle and King County,health,Acholi,1,2,,True,machine_widget,0,,,False,https://kingcounty.gov/en/dept/dph,2026-09-07,,"Unrestricted widget, machine translation only | Direct care provider. Federally funded providers must offer interpreters at the point of care regardless of what their website shows, so a web assessment understates this sector. Read the tier as published information, not as bedside access",EH,derived
health_dph,Public Health Seattle and King County,health,Aguacateco,0,0,,False,none,0,,,False,https://kingcounty.gov/en/dept/dph,2026-09-07,,"Unrestricted widget, machine translation only | Direct care provider. Federally funded providers must offer interpreters at the point of care regardless of what their website shows, so a web assessment understates this sector. Read the tier as published information, not as bedside access",EH,derived
health_dph,Public Health Seattle and King County,health,Akateko,0,0,,False,none,0,,,False,https://kingcounty.gov/en/dept/dph,2026-09-07,,"Unrestricted widget, machine translation only | Direct care provider. Federally funded providers must offer interpreters at the point of care regardless of what their website shows, so a web assessment understates this sector. Read the tier as published information, not as bedside access",EH,derived
health_dph,Public Health Seattle and King County,health,Albanian,1,2,,True,machine_widget,0,,,False,https://kingcounty.gov/en/dept/dph,2026-09-07,,"Unrestricted widget, machine translation only | Direct care provider. Federally funded providers must offer interpreters at the point of care regardless of what their website shows, so a web assessment understates this sector. Read the tier as published information, not as bedside access",EH,derived
health_dph,Public Health Seattle and King County,health,American Sign Language,0,0,,False,none,0,,,False,https://kingcounty.gov/en/dept/dph,2026-09-07,,"Unrestricted widget, machine translation only | Direct care provider. Federally funded providers must offer interpreters at the point of care regardless of what their website shows, so a web assessment understates this sector. Read the tier as published information, not as bedside access",EH,derived
health_dph,Public Health Seattle and King County,health,Amharic,1,2,,True,machine_widget,2,amharic; amharic,,False,https://kingcounty.gov/en/dept/dph/health-safety/health-centers-programs-services/emergency-medical-services/echo/resources/amharic,2026-09-07,machine,"Identified as machine translation, so tier 3 is not met. Rule 5.10 | Verdict INHERITED from the King County check of 2026-09-05, same organisation and CMS. Not independently re-read | Direct care provider. Federally funded providers must offer interpreters at the point of care regardless of what their website shows, so a web assessment understates this sector. Read the tier as published information, not as bedside access",EH,derived
health_dph,Public Health Seattle and King County,health,Arabic,3,2,,True,in_language_document,3,arabic; arabic; arabic,,False,https://kingcounty.gov/en/dept/dph/health-safety/health-centers-programs-services/emergency-medical-services/echo/resources/arabic,2026-09-07,unchecked,"Direct care provider. Federally funded providers must offer interpreters at the point of care regardless of what their website shows, so a web assessment understates this sector. Read the tier as published information, not as bedside access | King County's Amharic pages were identified as machine translation by a native speaker. No other King County language could be checked by anyone on this project, so this tier 3 is structurally detected and UNVERIFIED. See limitation 7",EH,derived
health_dph,Public Health Seattle and King County,health,Armenian,1,2,,True,machine_widget,0,,,False,https://kingcounty.gov/en/dept/dph,2026-09-07,,"Unrestricted widget, machine translation only | Direct care provider. Federally funded providers must offer interpreters at the point of care regardless of what their website shows, so a web assessment understates this sector. Read the tier as published information, not as bedside access",EH,derived
health_dph,Public Health Seattle and King County,health,Ayula-Bambara,0,0,,False,none,0,,,False,https://kingcounty.gov/en/dept/dph,2026-09-07,,"Unrestricted widget, machine translation only | Direct care provider. Federally funded providers must offer interpreters at the point of care regardless of what their website shows, so a web assessment understates this sector. Read the tier as published information, not as bedside access",EH,derived
health_dph,Public Health Seattle and King County,health,Azerbaijani,1,2,,True,machine_widget,0,,,False,https://kingcounty.gov/en/dept/dph,2026-09-07,,"Unrestricted widget, machine translation only | Direct care provider. Federally funded providers must offer interpreters at the point of care regardless of what their website shows, so a web assessment understates this sector. Read the tier as published information, not as bedside access",EH,derived
health_dph,Public Health Seattle and King County,health,Bambara,1,2,,True,machine_widget,0,,,False,https://kingcounty.gov/en/dept/dph,2026-09-07,,"Unrestricted widget, machine translation only | Direct care provider. Federally funded providers must offer interpreters at the point of care regardless of what their website shows, so a web assessment understates this sector. Read the tier as published information, not as bedside access",EH,derived
health_dph,Public Health Seattle and King County,health,Bangala,0,0,,False,none,0,,,False,https://kingcounty.gov/en/dept/dph,2026-09-07,,"Unrestricted widget, machine translation only | Direct care provider. Federally funded providers must offer interpreters at the point of care regardless of what their website shows, so a web assessment understates this sector. Read the tier as published information, not as bedside access",EH,derived
health_dph,Public Health Seattle and King County,health,Bassa,0,0,,False,none,0,,,False,https://kingcounty.gov/en/dept/dph,2026-09-07,,"Unrestricted widget, machine translation only | Direct care provider. Federally funded providers must offer interpreters at the point of care regardless of what their website shows, so a web assessment understates this sector. Read the tier as published information, not as bedside access",EH,derived
health_dph,Public Health Seattle and King County,health,Bengali,1,2,,True,machine_widget,0,,,False,https://kingcounty.gov/en/dept/dph,2026-09-07,,"Unrestricted widget, machine translation only | Direct care provider. Federally funded providers must offer interpreters at the point of care regardless of what their website shows, so a web assessment understates this sector. Read the tier as published information, not as bedside access",EH,derived
health_dph,Public Health Seattle and King County,health,Bosnian,1,2,,True,machine_widget,0,,,False,https://kingcounty.gov/en/dept/dph,2026-09-07,,"Unrestricted widget, machine translation only | Direct care provider. Federally funded providers must offer interpreters at the point of care regardless of what their website shows, so a web assessment understates this sector. Read the tier as published information, not as bedside access",EH,derived
health_dph,Public Health Seattle and King County,health,Bulgarian,1,2,,True,machine_widget,0,,,False,https://kingcounty.gov/en/dept/dph,2026-09-07,,"Unrestricted widget, machine translation only | Direct care provider. Federally funded providers must offer interpreters at the point of care regardless of what their website shows, so a web assessment understates this sector. Read the tier as published information, not as bedside access",EH,derived
health_dph,Public Health Seattle and King County,health,Burmese,3,2,,True,in_language_document,1,burmese,,False,https://kingcounty.gov/en/dept/dph/health-safety/health-centers-programs-services/emergency-medical-services/echo/resources/burmese,2026-09-07,unchecked,"Direct care provider. Federally funded providers must offer interpreters at the point of care regardless of what their website shows, so a web assessment understates this sector. Read the tier as published information, not as bedside access | King County's Amharic pages were identified as machine translation by a native speaker. No other King County language could be checked by anyone on this project, so this tier 3 is structurally detected and UNVERIFIED. See limitation 7",EH,derived
health_dph,Public Health Seattle and King County,health,Carolinian,0,0,,False,none,0,,,False,https://kingcounty.gov/en/dept/dph,2026-09-07,,"Unrestricted widget, machine translation only | Direct care provider. Federally funded providers must offer interpreters at the point of care regardless of what their website shows, so a web assessment understates this sector. Read the tier as published information, not as bedside access",EH,derived
health_dph,Public Health Seattle and King County,health,Catalan,1,2,,True,machine_widget,0,,,False,https://kingcounty.gov/en/dept/dph,2026-09-07,,"Unrestricted widget, machine translation only | Direct care provider. Federally funded providers must offer interpreters at the point of care regardless of what their website shows, so a web assessment understates this sector. Read the tier as published information, not as bedside access",EH,derived
health_dph,Public Health Seattle and King County,health,Cebuano,1,2,,True,machine_widget,0,,,False,https://kingcounty.gov/en/dept/dph,2026-09-07,,"Unrestricted widget, machine translation only | Direct care provider. Federally funded providers must offer interpreters at the point of care regardless of what their website shows, so a web assessment understates this sector. Read the tier as published information, not as bedside access",EH,derived
health_dph,Public Health Seattle and King County,health,Cham,0,0,,False,none,0,,,False,https://kingcounty.gov/en/dept/dph,2026-09-07,,"Unrestricted widget, machine translation only | Direct care provider. Federally funded providers must offer interpreters at the point of care regardless of what their website shows, so a web assessment understates this sector. Read the tier as published information, not as bedside access",EH,derived
health_dph,Public Health Seattle and King County,health,Chamorro,1,2,,True,machine_widget,0,,,False,https://kingcounty.gov/en/dept/dph,2026-09-07,,"Unrestricted widget, machine translation only | Direct care provider. Federally funded providers must offer interpreters at the point of care regardless of what their website shows, so a web assessment understates this sector. Read the tier as published information, not as bedside access",EH,derived
health_dph,Public Health Seattle and King County,health,Chin,0,0,,False,none,0,,,False,https://kingcounty.gov/en/dept/dph,2026-09-07,,"Unrestricted widget, machine translation only | Direct care provider. Federally funded providers must offer interpreters at the point of care regardless of what their website shows, so a web assessment understates this sector. Read the tier as published information, not as bedside access",EH,derived
health_dph,Public Health Seattle and King County,health,Chinese-Cantonese,1,2,,True,machine_widget,0,,,False,https://kingcounty.gov/en/dept/dph,2026-09-07,,"Unrestricted widget, machine translation only | Direct care provider. Federally funded providers must offer interpreters at the point of care regardless of what their website shows, so a web assessment understates this sector. Read the tier as published information, not as bedside access",EH,derived
health_dph,Public Health Seattle and King County,health,Chinese-Fukienese,0,0,,False,none,0,,,False,https://kingcounty.gov/en/dept/dph,2026-09-07,,"Unrestricted widget, machine translation only | Direct care provider. Federally funded providers must offer interpreters at the point of care regardless of what their website shows, so a web assessment understates this sector. Read the tier as published information, not as bedside access",EH,derived
health_dph,Public Health Seattle and King County,health,Chinese-Mandarin,3,2,,True,in_language_document,9,chinese; chinese; chinese; chinese; chinese; chinese,,False,https://kingcounty.gov/en/dept/dph/health-safety/health-centers-programs-services/emergency-medical-services/echo/resources/chinese,2026-09-07,unchecked,"Direct care provider. Federally funded providers must offer interpreters at the point of care regardless of what their website shows, so a web assessment understates this sector. Read the tier as published information, not as bedside access | King County's Amharic pages were identified as machine translation by a native speaker. No other King County language could be checked by anyone on this project, so this tier 3 is structurally detected and UNVERIFIED. See limitation 7",EH,derived
health_dph,Public Health Seattle and King County,health,Chinese-Taiwanese,0,0,,False,none,0,,,False,https://kingcounty.gov/en/dept/dph,2026-09-07,,"Unrestricted widget, machine translation only | Direct care provider. Federally funded providers must offer interpreters at the point of care regardless of what their website shows, so a web assessment understates this sector. Read the tier as published information, not as bedside access",EH,derived
health_dph,Public Health Seattle and King County,health,Chuukese,3,2,,True,in_language_document,1,chuukese,,False,https://kingcounty.gov/en/dept/dph/health-safety/safety-injury-prevention/emergency-preparedness/personal-preparedness/wildfire-smoke/chuukese,2026-09-07,unchecked,"Direct care provider. Federally funded providers must offer interpreters at the point of care regardless of what their website shows, so a web assessment understates this sector. Read the tier as published information, not as bedside access | King County's Amharic pages were identified as machine translation by a native speaker. No other King County language could be checked by anyone on this project, so this tier 3 is structurally detected and UNVERIFIED. See limitation 7",EH,derived
health_dph,Public Health Seattle and King County,health,Dari,3,2,,True,in_language_document,3,dari; videos-dari; dari,,False,https://kingcounty.gov/en/dept/dph/health-safety/health-centers-programs-services/emergency-medical-services/echo/resources/dari,2026-09-07,unchecked,"Direct care provider. Federally funded providers must offer interpreters at the point of care regardless of what their website shows, so a web assessment understates this sector. Read the tier as published information, not as bedside access | King County's Amharic pages were identified as machine translation by a native speaker. No other King County language could be checked by anyone on this project, so this tier 3 is structurally detected and UNVERIFIED. See limitation 7",EH,derived
health_dph,Public Health Seattle and King County,health,Dinka,1,2,,True,machine_widget,0,,,False,https://kingcounty.gov/en/dept/dph,2026-09-07,,"Unrestricted widget, machine translation only | Direct care provider. Federally funded providers must offer interpreters at the point of care regardless of what their website shows, so a web assessment understates this sector. Read the tier as published information, not as bedside access",EH,derived
health_dph,Public Health Seattle and King County,health,Dutch,1,2,,True,machine_widget,0,,,False,https://kingcounty.gov/en/dept/dph,2026-09-07,,"Unrestricted widget, machine translation only | Direct care provider. Federally funded providers must offer interpreters at the point of care regardless of what their website shows, so a web assessment understates this sector. Read the tier as published information, not as bedside access",EH,derived
health_dph,Public Health Seattle and King County,health,Egyptian-Arabic,0,0,,False,none,0,,,False,https://kingcounty.gov/en/dept/dph,2026-09-07,,"Unrestricted widget, machine translation only | Direct care provider. Federally funded providers must offer interpreters at the point of care regardless of what their website shows, so a web assessment understates this sector. Read the tier as published information, not as bedside access",EH,derived
health_dph,Public Health Seattle and King County,health,Eritai,0,0,,False,none,0,,,False,https://kingcounty.gov/en/dept/dph,2026-09-07,,"Unrestricted widget, machine translation only | Direct care provider. Federally funded providers must offer interpreters at the point of care regardless of what their website shows, so a web assessment understates this sector. Read the tier as published information, not as bedside access",EH,derived
health_dph,Public Health Seattle and King County,health,Estonian,1,2,,True,machine_widget,0,,,False,https://kingcounty.gov/en/dept/dph,2026-09-07,,"Unrestricted widget, machine translation only | Direct care provider. Federally funded providers must offer interpreters at the point of care regardless of what their website shows, so a web assessment understates this sector. Read the tier as published information, not as bedside access",EH,derived
health_dph,Public Health Seattle and King County,health,Ewe,1,2,,True,machine_widget,0,,,False,https://kingcounty.gov/en/dept/dph,2026-09-07,,"Unrestricted widget, machine translation only | Direct care provider. Federally funded providers must offer interpreters at the point of care regardless of what their website shows, so a web assessment understates this sector. Read the tier as published information, not as bedside access",EH,derived
health_dph,Public Health Seattle and King County,health,Fallani,0,0,,False,none,0,,,False,https://kingcounty.gov/en/dept/dph,2026-09-07,,"Unrestricted widget, machine translation only | Direct care provider. Federally funded providers must offer interpreters at the point of care regardless of what their website shows, so a web assessment understates this sector. Read the tier as published information, not as bedside access",EH,derived
health_dph,Public Health Seattle and King County,health,Farsi,1,2,,True,machine_widget,0,,,False,https://kingcounty.gov/en/dept/dph,2026-09-07,,"Unrestricted widget, machine translation only | Direct care provider. Federally funded providers must offer interpreters at the point of care regardless of what their website shows, so a web assessment understates this sector. Read the tier as published information, not as bedside access",EH,derived
health_dph,Public Health Seattle and King County,health,French,3,2,,True,in_language_document,1,french,,False,https://kingcounty.gov/en/dept/dph/health-safety/safety-injury-prevention/emergency-preparedness/personal-preparedness/wildfire-smoke/french,2026-09-07,unchecked,"Direct care provider. Federally funded providers must offer interpreters at the point of care regardless of what their website shows, so a web assessment understates this sector. Read the tier as published information, not as bedside access | King County's Amharic pages were identified as machine translation by a native speaker. No other King County language could be checked by anyone on this project, so this tier 3 is structurally detected and UNVERIFIED. See limitation 7",EH,derived
health_dph,Public Health Seattle and King County,health,Fula,0,0,,False,none,0,,,False,https://kingcounty.gov/en/dept/dph,2026-09-07,,"Unrestricted widget, machine translation only | Direct care provider. Federally funded providers must offer interpreters at the point of care regardless of what their website shows, so a web assessment understates this sector. Read the tier as published information, not as bedside access",EH,derived
health_dph,Public Health Seattle and King County,health,Ga,1,2,,True,machine_widget,0,,,False,https://kingcounty.gov/en/dept/dph,2026-09-07,,"Unrestricted widget, machine translation only | Direct care provider. Federally funded providers must offer interpreters at the point of care regardless of what their website shows, so a web assessment understates this sector. Read the tier as published information, not as bedside access",EH,derived
health_dph,Public Health Seattle and King County,health,German,1,2,,True,machine_widget,0,,,False,https://kingcounty.gov/en/dept/dph,2026-09-07,,"Unrestricted widget, machine translation only | Direct care provider. Federally funded providers must offer interpreters at the point of care regardless of what their website shows, so a web assessment understates this sector. Read the tier as published information, not as bedside access",EH,derived
health_dph,Public Health Seattle and King County,health,"Greek, Modern",0,0,,False,none,0,,,False,https://kingcounty.gov/en/dept/dph,2026-09-07,,"Unrestricted widget, machine translation only | Direct care provider. Federally funded providers must offer interpreters at the point of care regardless of what their website shows, so a web assessment understates this sector. Read the tier as published information, not as bedside access",EH,derived
health_dph,Public Health Seattle and King County,health,Gujarati,1,2,,True,machine_widget,0,,,False,https://kingcounty.gov/en/dept/dph,2026-09-07,,"Unrestricted widget, machine translation only | Direct care provider. Federally funded providers must offer interpreters at the point of care regardless of what their website shows, so a web assessment understates this sector. Read the tier as published information, not as bedside access",EH,derived
health_dph,Public Health Seattle and King County,health,Haitian Creole,1,2,,True,machine_widget,0,,,False,https://kingcounty.gov/en/dept/dph,2026-09-07,,"Unrestricted widget, machine translation only | Direct care provider. Federally funded providers must offer interpreters at the point of care regardless of what their website shows, so a web assessment understates this sector. Read the tier as published information, not as bedside access",EH,derived
health_dph,Public Health Seattle and King County,health,Hausa,1,2,,True,machine_widget,0,,,False,https://kingcounty.gov/en/dept/dph,2026-09-07,,"Unrestricted widget, machine translation only | Direct care provider. Federally funded providers must offer interpreters at the point of care regardless of what their website shows, so a web assessment understates this sector. Read the tier as published information, not as bedside access",EH,derived
health_dph,Public Health Seattle and King County,health,Hawaiian,1,2,,True,machine_widget,0,,,False,https://kingcounty.gov/en/dept/dph,2026-09-07,,"Unrestricted widget, machine translation only | Direct care provider. Federally funded providers must offer interpreters at the point of care regardless of what their website shows, so a web assessment understates this sector. Read the tier as published information, not as bedside access",EH,derived
health_dph,Public Health Seattle and King County,health,Herero,0,0,,False,none,0,,,False,https://kingcounty.gov/en/dept/dph,2026-09-07,,"Unrestricted widget, machine translation only | Direct care provider. Federally funded providers must offer interpreters at the point of care regardless of what their website shows, so a web assessment understates this sector. Read the tier as published information, not as bedside access",EH,derived
health_dph,Public Health Seattle and King County,health,Hindi,1,2,,True,machine_widget,0,,,False,https://kingcounty.gov/en/dept/dph,2026-09-07,,"Unrestricted widget, machine translation only | Direct care provider. Federally funded providers must offer interpreters at the point of care regardless of what their website shows, so a web assessment understates this sector. Read the tier as published information, not as bedside access",EH,derived
health_dph,Public Health Seattle and King County,health,Hmong,1,2,,True,machine_widget,0,,,False,https://kingcounty.gov/en/dept/dph,2026-09-07,,"Unrestricted widget, machine translation only | Direct care provider. Federally funded providers must offer interpreters at the point of care regardless of what their website shows, so a web assessment understates this sector. Read the tier as published information, not as bedside access",EH,derived
health_dph,Public Health Seattle and King County,health,Hungarian,1,2,,True,machine_widget,0,,,False,https://kingcounty.gov/en/dept/dph,2026-09-07,,"Unrestricted widget, machine translation only | Direct care provider. Federally funded providers must offer interpreters at the point of care regardless of what their website shows, so a web assessment understates this sector. Read the tier as published information, not as bedside access",EH,derived
health_dph,Public Health Seattle and King County,health,Igbo,1,2,,True,machine_widget,0,,,False,https://kingcounty.gov/en/dept/dph,2026-09-07,,"Unrestricted widget, machine translation only | Direct care provider. Federally funded providers must offer interpreters at the point of care regardless of what their website shows, so a web assessment understates this sector. Read the tier as published information, not as bedside access",EH,derived
health_dph,Public Health Seattle and King County,health,Ilokano,0,0,,False,none,0,,,False,https://kingcounty.gov/en/dept/dph,2026-09-07,,"Unrestricted widget, machine translation only | Direct care provider. Federally funded providers must offer interpreters at the point of care regardless of what their website shows, so a web assessment understates this sector. Read the tier as published information, not as bedside access",EH,derived
health_dph,Public Health Seattle and King County,health,Indonesian,1,2,,True,machine_widget,0,,,False,https://kingcounty.gov/en/dept/dph,2026-09-07,,"Unrestricted widget, machine translation only | Direct care provider. Federally funded providers must offer interpreters at the point of care regardless of what their website shows, so a web assessment understates this sector. Read the tier as published information, not as bedside access",EH,derived
health_dph,Public Health Seattle and King County,health,Italian,1,2,,True,machine_widget,0,,,False,https://kingcounty.gov/en/dept/dph,2026-09-07,,"Unrestricted widget, machine translation only | Direct care provider. Federally funded providers must offer interpreters at the point of care regardless of what their website shows, so a web assessment understates this sector. Read the tier as published information, not as bedside access",EH,derived
health_dph,Public Health Seattle and King County,health,Japanese,3,2,,True,in_language_document,1,japanese,,False,https://kingcounty.gov/en/dept/dph/health-safety/safety-injury-prevention/emergency-preparedness/personal-preparedness/wildfire-smoke/japanese,2026-09-07,unchecked,"Direct care provider. Federally funded providers must offer interpreters at the point of care regardless of what their website shows, so a web assessment understates this sector. Read the tier as published information, not as bedside access | King County's Amharic pages were identified as machine translation by a native speaker. No other King County language could be checked by anyone on this project, so this tier 3 is structurally detected and UNVERIFIED. See limitation 7",EH,derived
health_dph,Public Health Seattle and King County,health,Kakwa,0,0,,False,none,0,,,False,https://kingcounty.gov/en/dept/dph,2026-09-07,,"Unrestricted widget, machine translation only | Direct care provider. Federally funded providers must offer interpreters at the point of care regardless of what their website shows, so a web assessment understates this sector. Read the tier as published information, not as bedside access",EH,derived
health_dph,Public Health Seattle and King County,health,Kannada,1,2,,True,machine_widget,0,,,False,https://kingcounty.gov/en/dept/dph,2026-09-07,,"Unrestricted widget, machine translation only | Direct care provider. Federally funded providers must offer interpreters at the point of care regardless of what their website shows, so a web assessment understates this sector. Read the tier as published information, not as bedside access",EH,derived
health_dph,Public Health Seattle and King County,health,Karen,0,0,,False,none,0,,,False,https://kingcounty.gov/en/dept/dph,2026-09-07,,"Unrestricted widget, machine translation only | Direct care provider. Federally funded providers must offer interpreters at the point of care regardless of what their website shows, so a web assessment understates this sector. Read the tier as published information, not as bedside access",EH,derived
health_dph,Public Health Seattle and King County,health,Karenni,0,0,,False,none,0,,,False,https://kingcounty.gov/en/dept/dph,2026-09-07,,"Unrestricted widget, machine translation only | Direct care provider. Federally funded providers must offer interpreters at the point of care regardless of what their website shows, so a web assessment understates this sector. Read the tier as published information, not as bedside access",EH,derived
health_dph,Public Health Seattle and King County,health,Kazakh,1,2,,True,machine_widget,0,,,False,https://kingcounty.gov/en/dept/dph,2026-09-07,,"Unrestricted widget, machine translation only | Direct care provider. Federally funded providers must offer interpreters at the point of care regardless of what their website shows, so a web assessment understates this sector. Read the tier as published information, not as bedside access",EH,derived
health_dph,Public Health Seattle and King County,health,Khmer,3,2,,True,in_language_document,2,khmer; khmer,,False,https://kingcounty.gov/en/dept/dph/health-safety/health-centers-programs-services/emergency-medical-services/echo/resources/khmer,2026-09-07,unchecked,"Direct care provider. Federally funded providers must offer interpreters at the point of care regardless of what their website shows, so a web assessment understates this sector. Read the tier as published information, not as bedside access | King County's Amharic pages were identified as machine translation by a native speaker. No other King County language could be checked by anyone on this project, so this tier 3 is structurally detected and UNVERIFIED. See limitation 7",EH,derived
health_dph,Public Health Seattle and King County,health,Kikuyu,0,0,,False,none,0,,,False,https://kingcounty.gov/en/dept/dph,2026-09-07,,"Unrestricted widget, machine translation only | Direct care provider. Federally funded providers must offer interpreters at the point of care regardless of what their website shows, so a web assessment understates this sector. Read the tier as published information, not as bedside access",EH,derived
health_dph,Public Health Seattle and King County,health,Kinyarwanda,1,2,,True,machine_widget,0,,,False,https://kingcounty.gov/en/dept/dph,2026-09-07,,"Unrestricted widget, machine translation only | Direct care provider. Federally funded providers must offer interpreters at the point of care regardless of what their website shows, so a web assessment understates this sector. Read the tier as published information, not as bedside access",EH,derived
health_dph,Public Health Seattle and King County,health,Kirgiz,0,0,,False,none,0,,,False,https://kingcounty.gov/en/dept/dph,2026-09-07,,"Unrestricted widget, machine translation only | Direct care provider. Federally funded providers must offer interpreters at the point of care regardless of what their website shows, so a web assessment understates this sector. Read the tier as published information, not as bedside access",EH,derived
health_dph,Public Health Seattle and King County,health,Kirundi,0,0,,False,none,0,,,False,https://kingcounty.gov/en/dept/dph,2026-09-07,,"Unrestricted widget, machine translation only | Direct care provider. Federally funded providers must offer interpreters at the point of care regardless of what their website shows, so a web assessment understates this sector. Read the tier as published information, not as bedside access",EH,derived
health_dph,Public Health Seattle and King County,health,Kmhmu,0,0,,False,none,0,,,False,https://kingcounty.gov/en/dept/dph,2026-09-07,,"Unrestricted widget, machine translation only | Direct care provider. Federally funded providers must offer interpreters at the point of care regardless of what their website shows, so a web assessment understates this sector. Read the tier as published information, not as bedside access",EH,derived
health_dph,Public Health Seattle and King County,health,Kongo,0,0,,False,none,0,,,False,https://kingcounty.gov/en/dept/dph,2026-09-07,,"Unrestricted widget, machine translation only | Direct care provider. Federally funded providers must offer interpreters at the point of care regardless of what their website shows, so a web assessment understates this sector. Read the tier as published information, not as bedside access",EH,derived
health_dph,Public Health Seattle and King County,health,Korean,3,2,,True,in_language_document,10,korean; korean; facts-korean; korean; korean; korean,,False,https://kingcounty.gov/en/dept/dph/health-safety/health-centers-programs-services/emergency-medical-services/echo/resources/korean,2026-09-07,unchecked,"Direct care provider. Federally funded providers must offer interpreters at the point of care regardless of what their website shows, so a web assessment understates this sector. Read the tier as published information, not as bedside access | King County's Amharic pages were identified as machine translation by a native speaker. No other King County language could be checked by anyone on this project, so this tier 3 is structurally detected and UNVERIFIED. See limitation 7",EH,derived
health_dph,Public Health Seattle and King County,health,Kosraean,0,0,,False,none,0,,,False,https://kingcounty.gov/en/dept/dph,2026-09-07,,"Unrestricted widget, machine translation only | Direct care provider. Federally funded providers must offer interpreters at the point of care regardless of what their website shows, so a web assessment understates this sector. Read the tier as published information, not as bedside access",EH,derived
health_dph,Public Health Seattle and King County,health,Krahn,0,0,,False,none,0,,,False,https://kingcounty.gov/en/dept/dph,2026-09-07,,"Unrestricted widget, machine translation only | Direct care provider. Federally funded providers must offer interpreters at the point of care regardless of what their website shows, so a web assessment understates this sector. Read the tier as published information, not as bedside access",EH,derived
health_dph,Public Health Seattle and King County,health,Krio,1,2,,True,machine_widget,0,,,False,https://kingcounty.gov/en/dept/dph,2026-09-07,,"Unrestricted widget, machine translation only | Direct care provider. Federally funded providers must offer interpreters at the point of care regardless of what their website shows, so a web assessment understates this sector. Read the tier as published information, not as bedside access",EH,derived
health_dph,Public Health Seattle and King County,health,Kru,0,0,,False,none,0,,,False,https://kingcounty.gov/en/dept/dph,2026-09-07,,"Unrestricted widget, machine translation only | Direct care provider. Federally funded providers must offer interpreters at the point of care regardless of what their website shows, so a web assessment understates this sector. Read the tier as published information, not as bedside access",EH,derived
health_dph,Public Health Seattle and King County,health,Kurdish,0,0,,False,none,0,,,False,https://kingcounty.gov/en/dept/dph,2026-09-07,,"Unrestricted widget, machine translation only | Direct care provider. Federally funded providers must offer interpreters at the point of care regardless of what their website shows, so a web assessment understates this sector. Read the tier as published information, not as bedside access",EH,derived
health_dph,Public Health Seattle and King County,health,Lao,3,2,,True,in_language_document,1,lao,,False,https://kingcounty.gov/en/dept/dph/health-safety/health-centers-programs-services/emergency-medical-services/echo/resources/lao,2026-09-07,unchecked,"Direct care provider. Federally funded providers must offer interpreters at the point of care regardless of what their website shows, so a web assessment understates this sector. Read the tier as published information, not as bedside access | King County's Amharic pages were identified as machine translation by a native speaker. No other King County language could be checked by anyone on this project, so this tier 3 is structurally detected and UNVERIFIED. See limitation 7",EH,derived
health_dph,Public Health Seattle and King County,health,Latvian,1,2,,True,machine_widget,0,,,False,https://kingcounty.gov/en/dept/dph,2026-09-07,,"Unrestricted widget, machine translation only | Direct care provider. Federally funded providers must offer interpreters at the point of care regardless of what their website shows, so a web assessment understates this sector. Read the tier as published information, not as bedside access",EH,derived
health_dph,Public Health Seattle and King County,health,Lingala,1,2,,True,machine_widget,0,,,False,https://kingcounty.gov/en/dept/dph,2026-09-07,,"Unrestricted widget, machine translation only | Direct care provider. Federally funded providers must offer interpreters at the point of care regardless of what their website shows, so a web assessment understates this sector. Read the tier as published information, not as bedside access",EH,derived
health_dph,Public Health Seattle and King County,health,Luganda,1,2,,True,machine_widget,0,,,False,https://kingcounty.gov/en/dept/dph,2026-09-07,,"Unrestricted widget, machine translation only | Direct care provider. Federally funded providers must offer interpreters at the point of care regardless of what their website shows, so a web assessment understates this sector. Read the tier as published information, not as bedside access",EH,derived
health_dph,Public Health Seattle and King County,health,Maay Maay,0,0,,False,none,0,,,False,https://kingcounty.gov/en/dept/dph,2026-09-07,,"Unrestricted widget, machine translation only | Direct care provider. Federally funded providers must offer interpreters at the point of care regardless of what their website shows, so a web assessment understates this sector. Read the tier as published information, not as bedside access",EH,derived
health_dph,Public Health Seattle and King County,health,Malay,1,2,,True,machine_widget,0,,,False,https://kingcounty.gov/en/dept/dph,2026-09-07,,"Unrestricted widget, machine translation only | Direct care provider. Federally funded providers must offer interpreters at the point of care regardless of what their website shows, so a web assessment understates this sector. Read the tier as published information, not as bedside access",EH,derived
health_dph,Public Health Seattle and King County,health,Malayalam,1,2,,True,machine_widget,0,,,False,https://kingcounty.gov/en/dept/dph,2026-09-07,,"Unrestricted widget, machine translation only | Direct care provider. Federally funded providers must offer interpreters at the point of care regardless of what their website shows, so a web assessment understates this sector. Read the tier as published information, not as bedside access",EH,derived
health_dph,Public Health Seattle and King County,health,Mam,1,2,,True,machine_widget,0,,,False,https://kingcounty.gov/en/dept/dph,2026-09-07,,"Unrestricted widget, machine translation only | Direct care provider. Federally funded providers must offer interpreters at the point of care regardless of what their website shows, so a web assessment understates this sector. Read the tier as published information, not as bedside access",EH,derived
health_dph,Public Health Seattle and King County,health,Mandingo,0,0,,False,none,0,,,False,https://kingcounty.gov/en/dept/dph,2026-09-07,,"Unrestricted widget, machine translation only | Direct care provider. Federally funded providers must offer interpreters at the point of care regardless of what their website shows, so a web assessment understates this sector. Read the tier as published information, not as bedside access",EH,derived
health_dph,Public Health Seattle and King County,health,Mandinka,0,0,,False,none,0,,,False,https://kingcounty.gov/en/dept/dph,2026-09-07,,"Unrestricted widget, machine translation only | Direct care provider. Federally funded providers must offer interpreters at the point of care regardless of what their website shows, so a web assessment understates this sector. Read the tier as published information, not as bedside access",EH,derived
health_dph,Public Health Seattle and King County,health,Marathi,1,2,,True,machine_widget,0,,,False,https://kingcounty.gov/en/dept/dph,2026-09-07,,"Unrestricted widget, machine translation only | Direct care provider. Federally funded providers must offer interpreters at the point of care regardless of what their website shows, so a web assessment understates this sector. Read the tier as published information, not as bedside access",EH,derived
health_dph,Public Health Seattle and King County,health,Marquesan,0,0,,False,none,0,,,False,https://kingcounty.gov/en/dept/dph,2026-09-07,,"Unrestricted widget, machine translation only | Direct care provider. Federally funded providers must offer interpreters at the point of care regardless of what their website shows, so a web assessment understates this sector. Read the tier as published information, not as bedside access",EH,derived
health_dph,Public Health Seattle and King County,health,Marshallese,3,2,,True,in_language_document,1,marshallese,,False,https://kingcounty.gov/en/dept/dph/health-safety/safety-injury-prevention/emergency-preparedness/personal-preparedness/wildfire-smoke/marshallese,2026-09-07,unchecked,"Direct care provider. Federally funded providers must offer interpreters at the point of care regardless of what their website shows, so a web assessment understates this sector. Read the tier as published information, not as bedside access | King County's Amharic pages were identified as machine translation by a native speaker. No other King County language could be checked by anyone on this project, so this tier 3 is structurally detected and UNVERIFIED. See limitation 7",EH,derived
health_dph,Public Health Seattle and King County,health,Maya-Quiche,0,0,,False,none,0,,,False,https://kingcounty.gov/en/dept/dph,2026-09-07,,"Unrestricted widget, machine translation only | Direct care provider. Federally funded providers must offer interpreters at the point of care regardless of what their website shows, so a web assessment understates this sector. Read the tier as published information, not as bedside access",EH,derived
health_dph,Public Health Seattle and King County,health,Mien,0,0,,False,none,0,,,False,https://kingcounty.gov/en/dept/dph,2026-09-07,,"Unrestricted widget, machine translation only | Direct care provider. Federally funded providers must offer interpreters at the point of care regardless of what their website shows, so a web assessment understates this sector. Read the tier as published information, not as bedside access",EH,derived
health_dph,Public Health Seattle and King County,health,Mixteco,0,0,,False,none,0,,,False,https://kingcounty.gov/en/dept/dph,2026-09-07,,"Unrestricted widget, machine translation only | Direct care provider. Federally funded providers must offer interpreters at the point of care regardless of what their website shows, so a web assessment understates this sector. Read the tier as published information, not as bedside access",EH,derived
health_dph,Public Health Seattle and King County,health,Moldavian,0,0,,False,none,0,,,False,https://kingcounty.gov/en/dept/dph,2026-09-07,,"Unrestricted widget, machine translation only | Direct care provider. Federally funded providers must offer interpreters at the point of care regardless of what their website shows, so a web assessment understates this sector. Read the tier as published information, not as bedside access",EH,derived
health_dph,Public Health Seattle and King County,health,Mongolian,1,2,,True,machine_widget,0,,,False,https://kingcounty.gov/en/dept/dph,2026-09-07,,"Unrestricted widget, machine translation only | Direct care provider. Federally funded providers must offer interpreters at the point of care regardless of what their website shows, so a web assessment understates this sector. Read the tier as published information, not as bedside access",EH,derived
health_dph,Public Health Seattle and King County,health,Moore,0,0,,False,none,0,,,False,https://kingcounty.gov/en/dept/dph,2026-09-07,,"Unrestricted widget, machine translation only | Direct care provider. Federally funded providers must offer interpreters at the point of care regardless of what their website shows, so a web assessment understates this sector. Read the tier as published information, not as bedside access",EH,derived
health_dph,Public Health Seattle and King County,health,"Nahuatl, Guerrero region",0,0,,False,none,0,,,False,https://kingcounty.gov/en/dept/dph,2026-09-07,,"Unrestricted widget, machine translation only | Direct care provider. Federally funded providers must offer interpreters at the point of care regardless of what their website shows, so a web assessment understates this sector. Read the tier as published information, not as bedside access",EH,derived
health_dph,Public Health Seattle and King County,health,Nepali,1,2,,True,machine_widget,0,,,False,https://kingcounty.gov/en/dept/dph,2026-09-07,,"Unrestricted widget, machine translation only | Direct care provider. Federally funded providers must offer interpreters at the point of care regardless of what their website shows, so a web assessment understates this sector. Read the tier as published information, not as bedside access",EH,derived
health_dph,Public Health Seattle and King County,health,Nuer,1,2,,True,machine_widget,0,,,False,https://kingcounty.gov/en/dept/dph,2026-09-07,,"Unrestricted widget, machine translation only | Direct care provider. Federally funded providers must offer interpreters at the point of care regardless of what their website shows, so a web assessment understates this sector. Read the tier as published information, not as bedside access",EH,derived
health_dph,Public Health Seattle and King County,health,Oromo,3,2,,True,in_language_document,2,oromo; oromo,,False,https://kingcounty.gov/en/dept/dph/health-safety/health-centers-programs-services/emergency-medical-services/echo/resources/oromo,2026-09-07,unchecked,"Direct care provider. Federally funded providers must offer interpreters at the point of care regardless of what their website shows, so a web assessment understates this sector. Read the tier as published information, not as bedside access | King County's Amharic pages were identified as machine translation by a native speaker. No other King County language could be checked by anyone on this project, so this tier 3 is structurally detected and UNVERIFIED. See limitation 7",EH,derived
health_dph,Public Health Seattle and King County,health,Palau,0,0,,False,none,0,,,False,https://kingcounty.gov/en/dept/dph,2026-09-07,,"Unrestricted widget, machine translation only | Direct care provider. Federally funded providers must offer interpreters at the point of care regardless of what their website shows, so a web assessment understates this sector. Read the tier as published information, not as bedside access",EH,derived
health_dph,Public Health Seattle and King County,health,Pashai,0,0,,False,none,0,,,False,https://kingcounty.gov/en/dept/dph,2026-09-07,,"Unrestricted widget, machine translation only | Direct care provider. Federally funded providers must offer interpreters at the point of care regardless of what their website shows, so a web assessment understates this sector. Read the tier as published information, not as bedside access",EH,derived
health_dph,Public Health Seattle and King County,health,Pashto,3,2,,True,in_language_document,1,pashto,,False,https://kingcounty.gov/en/dept/dph/health-safety/safety-injury-prevention/emergency-preparedness/personal-preparedness/wildfire-smoke/pashto,2026-09-07,unchecked,"Direct care provider. Federally funded providers must offer interpreters at the point of care regardless of what their website shows, so a web assessment understates this sector. Read the tier as published information, not as bedside access | King County's Amharic pages were identified as machine translation by a native speaker. No other King County language could be checked by anyone on this project, so this tier 3 is structurally detected and UNVERIFIED. See limitation 7",EH,derived
health_dph,Public Health Seattle and King County,health,Pere,0,0,,False,none,0,,,False,https://kingcounty.gov/en/dept/dph,2026-09-07,,"Unrestricted widget, machine translation only | Direct care provider. Federally funded providers must offer interpreters at the point of care regardless of what their website shows, so a web assessment understates this sector. Read the tier as published information, not as bedside access",EH,derived
health_dph,Public Health Seattle and King County,health,Polish,1,2,,True,machine_widget,0,,,False,https://kingcounty.gov/en/dept/dph,2026-09-07,,"Unrestricted widget, machine translation only | Direct care provider. Federally funded providers must offer interpreters at the point of care regardless of what their website shows, so a web assessment understates this sector. Read the tier as published information, not as bedside access",EH,derived
health_dph,Public Health Seattle and King County,health,Portuguese,3,2,,True,in_language_document,1,portuguese,,False,https://kingcounty.gov/en/dept/dph/health-safety/safety-injury-prevention/emergency-preparedness/personal-preparedness/wildfire-smoke/portuguese,2026-09-07,unchecked,"Direct care provider. Federally funded providers must offer interpreters at the point of care regardless of what their website shows, so a web assessment understates this sector. Read the tier as published information, not as bedside access | King County's Amharic pages were identified as machine translation by a native speaker. No other King County language could be checked by anyone on this project, so this tier 3 is structurally detected and UNVERIFIED. See limitation 7",EH,derived
health_dph,Public Health Seattle and King County,health,Punjabi,3,2,,True,in_language_document,1,punjabi,,False,https://kingcounty.gov/en/dept/dph/health-safety/safety-injury-prevention/emergency-preparedness/personal-preparedness/wildfire-smoke/punjabi,2026-09-07,unchecked,"Direct care provider. Federally funded providers must offer interpreters at the point of care regardless of what their website shows, so a web assessment understates this sector. Read the tier as published information, not as bedside access | King County's Amharic pages were identified as machine translation by a native speaker. No other King County language could be checked by anyone on this project, so this tier 3 is structurally detected and UNVERIFIED. See limitation 7",EH,derived
health_dph,Public Health Seattle and King County,health,Purepecha,0,0,,False,none,0,,,False,https://kingcounty.gov/en/dept/dph,2026-09-07,,"Unrestricted widget, machine translation only | Direct care provider. Federally funded providers must offer interpreters at the point of care regardless of what their website shows, so a web assessment understates this sector. Read the tier as published information, not as bedside access",EH,derived
health_dph,Public Health Seattle and King County,health,Rohingya,0,0,,False,none,0,,,False,https://kingcounty.gov/en/dept/dph,2026-09-07,,"Unrestricted widget, machine translation only | Direct care provider. Federally funded providers must offer interpreters at the point of care regardless of what their website shows, so a web assessment understates this sector. Read the tier as published information, not as bedside access",EH,derived
health_dph,Public Health Seattle and King County,health,Romanian,3,2,,True,in_language_document,1,romanian,,False,https://kingcounty.gov/en/dept/dph/health-safety/health-centers-programs-services/emergency-medical-services/echo/resources/romanian,2026-09-07,unchecked,"Direct care provider. Federally funded providers must offer interpreters at the point of care regardless of what their website shows, so a web assessment understates this sector. Read the tier as published information, not as bedside access | King County's Amharic pages were identified as machine translation by a native speaker. No other King County language could be checked by anyone on this project, so this tier 3 is structurally detected and UNVERIFIED. See limitation 7",EH,derived
health_dph,Public Health Seattle and King County,health,Russian,3,2,,True,in_language_document,9,russian; facts-russian; russian; russian; russian; russian,,False,https://kingcounty.gov/en/dept/dph/health-safety/health-centers-programs-services/emergency-medical-services/echo/resources/russian,2026-09-07,unchecked,"Direct care provider. Federally funded providers must offer interpreters at the point of care regardless of what their website shows, so a web assessment understates this sector. Read the tier as published information, not as bedside access | King County's Amharic pages were identified as machine translation by a native speaker. No other King County language could be checked by anyone on this project, so this tier 3 is structurally detected and UNVERIFIED. See limitation 7",EH,derived
health_dph,Public Health Seattle and King County,health,Samoan,3,2,,True,in_language_document,1,samoan,,False,https://kingcounty.gov/en/dept/dph/health-safety/safety-injury-prevention/emergency-preparedness/personal-preparedness/wildfire-smoke/samoan,2026-09-07,unchecked,"Direct care provider. Federally funded providers must offer interpreters at the point of care regardless of what their website shows, so a web assessment understates this sector. Read the tier as published information, not as bedside access | King County's Amharic pages were identified as machine translation by a native speaker. No other King County language could be checked by anyone on this project, so this tier 3 is structurally detected and UNVERIFIED. See limitation 7",EH,derived
health_dph,Public Health Seattle and King County,health,Sao,0,0,,False,none,0,,,False,https://kingcounty.gov/en/dept/dph,2026-09-07,,"Unrestricted widget, machine translation only | Direct care provider. Federally funded providers must offer interpreters at the point of care regardless of what their website shows, so a web assessment understates this sector. Read the tier as published information, not as bedside access",EH,derived
health_dph,Public Health Seattle and King County,health,Serbo-Croation,0,0,,False,none,0,,,False,https://kingcounty.gov/en/dept/dph,2026-09-07,,"Unrestricted widget, machine translation only | Direct care provider. Federally funded providers must offer interpreters at the point of care regardless of what their website shows, so a web assessment understates this sector. Read the tier as published information, not as bedside access",EH,derived
health_dph,Public Health Seattle and King County,health,Shona,1,2,,True,machine_widget,0,,,False,https://kingcounty.gov/en/dept/dph,2026-09-07,,"Unrestricted widget, machine translation only | Direct care provider. Federally funded providers must offer interpreters at the point of care regardless of what their website shows, so a web assessment understates this sector. Read the tier as published information, not as bedside access",EH,derived
health_dph,Public Health Seattle and King County,health,Sinhalese,0,0,,False,none,0,,,False,https://kingcounty.gov/en/dept/dph,2026-09-07,,"Unrestricted widget, machine translation only | Direct care provider. Federally funded providers must offer interpreters at the point of care regardless of what their website shows, so a web assessment understates this sector. Read the tier as published information, not as bedside access",EH,derived
health_dph,Public Health Seattle and King County,health,Slovenian,1,2,,True,machine_widget,0,,,False,https://kingcounty.gov/en/dept/dph,2026-09-07,,"Unrestricted widget, machine translation only | Direct care provider. Federally funded providers must offer interpreters at the point of care regardless of what their website shows, so a web assessment understates this sector. Read the tier as published information, not as bedside access",EH,derived
health_dph,Public Health Seattle and King County,health,Somali,3,2,,True,in_language_document,11,somali; somali; somali; facts-somali; somali; somali,,False,https://kingcounty.gov/en/dept/dph/health-safety/health-centers-programs-services/childrens-health/child-care-health-resources/somali,2026-09-07,unchecked,"Direct care provider. Federally funded providers must offer interpreters at the point of care regardless of what their website shows, so a web assessment understates this sector. Read the tier as published information, not as bedside access | King County's Amharic pages were identified as machine translation by a native speaker. No other King County language could be checked by anyone on this project, so this tier 3 is structurally detected and UNVERIFIED. See limitation 7",EH,derived
health_dph,Public Health Seattle and King County,health,Soninke,0,0,,False,none,0,,,False,https://kingcounty.gov/en/dept/dph,2026-09-07,,"Unrestricted widget, machine translation only | Direct care provider. Federally funded providers must offer interpreters at the point of care regardless of what their website shows, so a web assessment understates this sector. Read the tier as published information, not as bedside access",EH,derived
health_dph,Public Health Seattle and King County,health,Sotho,0,0,,False,none,0,,,False,https://kingcounty.gov/en/dept/dph,2026-09-07,,"Unrestricted widget, machine translation only | Direct care provider. Federally funded providers must offer interpreters at the point of care regardless of what their website shows, so a web assessment understates this sector. Read the tier as published information, not as bedside access",EH,derived
health_dph,Public Health Seattle and King County,health,Spanish,3,2,,True,in_language_document,22,faq-spanish; spanish; spanish; spanish; spanish; spanish,,False,https://kingcounty.gov/en/dept/dph/about-king-county/about-public-health/working-with-public-health/contracts/insurance-requirements/faq-spanish,2026-09-07,unchecked,"Direct care provider. Federally funded providers must offer interpreters at the point of care regardless of what their website shows, so a web assessment understates this sector. Read the tier as published information, not as bedside access | King County's Amharic pages were identified as machine translation by a native speaker. No other King County language could be checked by anyone on this project, so this tier 3 is structurally detected and UNVERIFIED. See limitation 7",EH,derived
health_dph,Public Health Seattle and King County,health,Swahili,3,2,,True,in_language_document,1,swahili,,False,https://kingcounty.gov/en/dept/dph/health-safety/safety-injury-prevention/emergency-preparedness/personal-preparedness/wildfire-smoke/swahili,2026-09-07,unchecked,"Direct care provider. Federally funded providers must offer interpreters at the point of care regardless of what their website shows, so a web assessment understates this sector. Read the tier as published information, not as bedside access | King County's Amharic pages were identified as machine translation by a native speaker. No other King County language could be checked by anyone on this project, so this tier 3 is structurally detected and UNVERIFIED. See limitation 7",EH,derived
health_dph,Public Health Seattle and King County,health,Tagalog,1,2,,True,machine_widget,0,,,False,https://kingcounty.gov/en/dept/dph,2026-09-07,,"Unrestricted widget, machine translation only | Direct care provider. Federally funded providers must offer interpreters at the point of care regardless of what their website shows, so a web assessment understates this sector. Read the tier as published information, not as bedside access",EH,derived
health_dph,Public Health Seattle and King County,health,Taishanese,0,0,,False,none,0,,,False,https://kingcounty.gov/en/dept/dph,2026-09-07,,"Unrestricted widget, machine translation only | Direct care provider. Federally funded providers must offer interpreters at the point of care regardless of what their website shows, so a web assessment understates this sector. Read the tier as published information, not as bedside access",EH,derived
health_dph,Public Health Seattle and King County,health,Tajiki,0,0,,False,none,0,,,False,https://kingcounty.gov/en/dept/dph,2026-09-07,,"Unrestricted widget, machine translation only | Direct care provider. Federally funded providers must offer interpreters at the point of care regardless of what their website shows, so a web assessment understates this sector. Read the tier as published information, not as bedside access",EH,derived
health_dph,Public Health Seattle and King County,health,Tamil,1,2,,True,machine_widget,0,,,False,https://kingcounty.gov/en/dept/dph,2026-09-07,,"Unrestricted widget, machine translation only | Direct care provider. Federally funded providers must offer interpreters at the point of care regardless of what their website shows, so a web assessment understates this sector. Read the tier as published information, not as bedside access",EH,derived
health_dph,Public Health Seattle and King County,health,Tarasco,0,0,,False,none,0,,,False,https://kingcounty.gov/en/dept/dph,2026-09-07,,"Unrestricted widget, machine translation only | Direct care provider. Federally funded providers must offer interpreters at the point of care regardless of what their website shows, so a web assessment understates this sector. Read the tier as published information, not as bedside access",EH,derived
health_dph,Public Health Seattle and King County,health,Tedim,0,0,,False,none,0,,,False,https://kingcounty.gov/en/dept/dph,2026-09-07,,"Unrestricted widget, machine translation only | Direct care provider. Federally funded providers must offer interpreters at the point of care regardless of what their website shows, so a web assessment understates this sector. Read the tier as published information, not as bedside access",EH,derived
health_dph,Public Health Seattle and King County,health,Telugu,1,2,,True,machine_widget,0,,,False,https://kingcounty.gov/en/dept/dph,2026-09-07,,"Unrestricted widget, machine translation only | Direct care provider. Federally funded providers must offer interpreters at the point of care regardless of what their website shows, so a web assessment understates this sector. Read the tier as published information, not as bedside access",EH,derived
health_dph,Public Health Seattle and King County,health,Thai,3,2,,True,in_language_document,1,thai,,False,https://kingcounty.gov/en/dept/dph/health-safety/health-centers-programs-services/emergency-medical-services/echo/resources/thai,2026-09-07,unchecked,"Direct care provider. Federally funded providers must offer interpreters at the point of care regardless of what their website shows, so a web assessment understates this sector. Read the tier as published information, not as bedside access | King County's Amharic pages were identified as machine translation by a native speaker. No other King County language could be checked by anyone on this project, so this tier 3 is structurally detected and UNVERIFIED. See limitation 7",EH,derived
health_dph,Public Health Seattle and King County,health,Tibetan,1,2,,True,machine_widget,0,,,False,https://kingcounty.gov/en/dept/dph,2026-09-07,,"Unrestricted widget, machine translation only | Direct care provider. Federally funded providers must offer interpreters at the point of care regardless of what their website shows, so a web assessment understates this sector. Read the tier as published information, not as bedside access",EH,derived
health_dph,Public Health Seattle and King County,health,Tigrinya,3,2,,True,in_language_document,2,tigrinya; tigrinya,,False,https://kingcounty.gov/en/dept/dph/health-safety/health-centers-programs-services/emergency-medical-services/echo/resources/tigrinya,2026-09-07,unchecked,"Direct care provider. Federally funded providers must offer interpreters at the point of care regardless of what their website shows, so a web assessment understates this sector. Read the tier as published information, not as bedside access | King County's Amharic pages were identified as machine translation by a native speaker. No other King County language could be checked by anyone on this project, so this tier 3 is structurally detected and UNVERIFIED. See limitation 7",EH,derived
health_dph,Public Health Seattle and King County,health,Tongan,3,2,,True,in_language_document,1,tongan,,False,https://kingcounty.gov/en/dept/dph/health-safety/safety-injury-prevention/emergency-preparedness/personal-preparedness/wildfire-smoke/tongan,2026-09-07,unchecked,"Direct care provider. Federally funded providers must offer interpreters at the point of care regardless of what their website shows, so a web assessment understates this sector. Read the tier as published information, not as bedside access | King County's Amharic pages were identified as machine translation by a native speaker. No other King County language could be checked by anyone on this project, so this tier 3 is structurally detected and UNVERIFIED. See limitation 7",EH,derived
health_dph,Public Health Seattle and King County,health,Turkish,1,2,,True,machine_widget,0,,,False,https://kingcounty.gov/en/dept/dph,2026-09-07,,"Unrestricted widget, machine translation only | Direct care provider. Federally funded providers must offer interpreters at the point of care regardless of what their website shows, so a web assessment understates this sector. Read the tier as published information, not as bedside access",EH,derived
health_dph,Public Health Seattle and King County,health,Twi,1,2,,True,machine_widget,0,,,False,https://kingcounty.gov/en/dept/dph,2026-09-07,,"Unrestricted widget, machine translation only | Direct care provider. Federally funded providers must offer interpreters at the point of care regardless of what their website shows, so a web assessment understates this sector. Read the tier as published information, not as bedside access",EH,derived
health_dph,Public Health Seattle and King County,health,Ukrainian,3,2,,True,in_language_document,1,ukrainian,,False,https://kingcounty.gov/en/dept/dph/health-safety/safety-injury-prevention/emergency-preparedness/personal-preparedness/wildfire-smoke/ukrainian,2026-09-07,unchecked,"Direct care provider. Federally funded providers must offer interpreters at the point of care regardless of what their website shows, so a web assessment understates this sector. Read the tier as published information, not as bedside access | King County's Amharic pages were identified as machine translation by a native speaker. No other King County language could be checked by anyone on this project, so this tier 3 is structurally detected and UNVERIFIED. See limitation 7",EH,derived
health_dph,Public Health Seattle and King County,health,Urdu,1,2,,True,machine_widget,0,,,False,https://kingcounty.gov/en/dept/dph,2026-09-07,,"Unrestricted widget, machine translation only | Direct care provider. Federally funded providers must offer interpreters at the point of care regardless of what their website shows, so a web assessment understates this sector. Read the tier as published information, not as bedside access",EH,derived
health_dph,Public Health Seattle and King County,health,Uzbek,1,2,,True,machine_widget,0,,,False,https://kingcounty.gov/en/dept/dph,2026-09-07,,"Unrestricted widget, machine translation only | Direct care provider. Federally funded providers must offer interpreters at the point of care regardless of what their website shows, so a web assessment understates this sector. Read the tier as published information, not as bedside access",EH,derived
health_dph,Public Health Seattle and King County,health,Vietnamese,3,2,,True,in_language_document,9,vietnamese; facts-vietnamese; vietnamese; vietnamese; vietnamese; vietnamese,,False,https://kingcounty.gov/en/dept/dph/health-safety/health-centers-programs-services/emergency-medical-services/echo/resources/vietnamese,2026-09-07,unchecked,"Direct care provider. Federally funded providers must offer interpreters at the point of care regardless of what their website shows, so a web assessment understates this sector. Read the tier as published information, not as bedside access | King County's Amharic pages were identified as machine translation by a native speaker. No other King County language could be checked by anyone on this project, so this tier 3 is structurally detected and UNVERIFIED. See limitation 7",EH,derived
health_dph,Public Health Seattle and King County,health,Wolof,1,2,,True,machine_widget,0,,,False,https://kingcounty.gov/en/dept/dph,2026-09-07,,"Unrestricted widget, machine translation only | Direct care provider. Federally funded providers must offer interpreters at the point of care regardless of what their website shows, so a web assessment understates this sector. Read the tier as published information, not as bedside access",EH,derived
health_dph,Public Health Seattle and King County,health,Yap,0,0,,False,none,0,,,False,https://kingcounty.gov/en/dept/dph,2026-09-07,,"Unrestricted widget, machine translation only | Direct care provider. Federally funded providers must offer interpreters at the point of care regardless of what their website shows, so a web assessment understates this sector. Read the tier as published information, not as bedside access",EH,derived
health_dph,Public Health Seattle and King County,health,Yoruba,1,2,,True,machine_widget,0,,,False,https://kingcounty.gov/en/dept/dph,2026-09-07,,"Unrestricted widget, machine translation only | Direct care provider. Federally funded providers must offer interpreters at the point of care regardless of what their website shows, so a web assessment understates this sector. Read the tier as published information, not as bedside access",EH,derived
