agency_id,agency_name,sector,language,written_tier,oral_tier,collection_tier,pathway_in_language,pathway_type,translated_page_count,translated_page_slugs,in_language_phone,evidence_url,capture_date,quality_verdict,notes,assigned_by,assignment_method
legal_nwjustice,Northwest Justice Project,legal,Acholi,0,0,,False,none,0,,,https://nwjustice.org/get-legal-help,2026-09-06,,"Operates the CLEAR hotline and publishes WashingtonLawHelp, which is inventoried as a separate agency because its translated library is a distinct service from CLEAR intake",EH,derived
legal_nwjustice,Northwest Justice Project,legal,Aguacateco,0,0,,False,none,0,,,https://nwjustice.org/get-legal-help,2026-09-06,,"Operates the CLEAR hotline and publishes WashingtonLawHelp, which is inventoried as a separate agency because its translated library is a distinct service from CLEAR intake",EH,derived
legal_nwjustice,Northwest Justice Project,legal,Akateko,0,0,,False,none,0,,,https://nwjustice.org/get-legal-help,2026-09-06,,"Operates the CLEAR hotline and publishes WashingtonLawHelp, which is inventoried as a separate agency because its translated library is a distinct service from CLEAR intake",EH,derived
legal_nwjustice,Northwest Justice Project,legal,Albanian,0,0,,False,none,0,,,https://nwjustice.org/get-legal-help,2026-09-06,,"Operates the CLEAR hotline and publishes WashingtonLawHelp, which is inventoried as a separate agency because its translated library is a distinct service from CLEAR intake",EH,derived
legal_nwjustice,Northwest Justice Project,legal,American Sign Language,0,0,,False,none,0,,,https://nwjustice.org/get-legal-help,2026-09-06,,"Operates the CLEAR hotline and publishes WashingtonLawHelp, which is inventoried as a separate agency because its translated library is a distinct service from CLEAR intake",EH,derived
legal_nwjustice,Northwest Justice Project,legal,Amharic,0,0,,False,none,0,,,https://nwjustice.org/get-legal-help,2026-09-06,,"Operates the CLEAR hotline and publishes WashingtonLawHelp, which is inventoried as a separate agency because its translated library is a distinct service from CLEAR intake",EH,derived
legal_nwjustice,Northwest Justice Project,legal,Arabic,0,0,,False,none,0,,,https://nwjustice.org/get-legal-help,2026-09-06,,"Operates the CLEAR hotline and publishes WashingtonLawHelp, which is inventoried as a separate agency because its translated library is a distinct service from CLEAR intake",EH,derived
legal_nwjustice,Northwest Justice Project,legal,Armenian,0,0,,False,none,0,,,https://nwjustice.org/get-legal-help,2026-09-06,,"Operates the CLEAR hotline and publishes WashingtonLawHelp, which is inventoried as a separate agency because its translated library is a distinct service from CLEAR intake",EH,derived
legal_nwjustice,Northwest Justice Project,legal,Ayula-Bambara,0,0,,False,none,0,,,https://nwjustice.org/get-legal-help,2026-09-06,,"Operates the CLEAR hotline and publishes WashingtonLawHelp, which is inventoried as a separate agency because its translated library is a distinct service from CLEAR intake",EH,derived
legal_nwjustice,Northwest Justice Project,legal,Azerbaijani,0,0,,False,none,0,,,https://nwjustice.org/get-legal-help,2026-09-06,,"Operates the CLEAR hotline and publishes WashingtonLawHelp, which is inventoried as a separate agency because its translated library is a distinct service from CLEAR intake",EH,derived
legal_nwjustice,Northwest Justice Project,legal,Bambara,0,0,,False,none,0,,,https://nwjustice.org/get-legal-help,2026-09-06,,"Operates the CLEAR hotline and publishes WashingtonLawHelp, which is inventoried as a separate agency because its translated library is a distinct service from CLEAR intake",EH,derived
legal_nwjustice,Northwest Justice Project,legal,Bangala,0,0,,False,none,0,,,https://nwjustice.org/get-legal-help,2026-09-06,,"Operates the CLEAR hotline and publishes WashingtonLawHelp, which is inventoried as a separate agency because its translated library is a distinct service from CLEAR intake",EH,derived
legal_nwjustice,Northwest Justice Project,legal,Bassa,0,0,,False,none,0,,,https://nwjustice.org/get-legal-help,2026-09-06,,"Operates the CLEAR hotline and publishes WashingtonLawHelp, which is inventoried as a separate agency because its translated library is a distinct service from CLEAR intake",EH,derived
legal_nwjustice,Northwest Justice Project,legal,Bengali,0,0,,False,none,0,,,https://nwjustice.org/get-legal-help,2026-09-06,,"Operates the CLEAR hotline and publishes WashingtonLawHelp, which is inventoried as a separate agency because its translated library is a distinct service from CLEAR intake",EH,derived
legal_nwjustice,Northwest Justice Project,legal,Bosnian,0,0,,False,none,0,,,https://nwjustice.org/get-legal-help,2026-09-06,,"Operates the CLEAR hotline and publishes WashingtonLawHelp, which is inventoried as a separate agency because its translated library is a distinct service from CLEAR intake",EH,derived
legal_nwjustice,Northwest Justice Project,legal,Bulgarian,0,0,,False,none,0,,,https://nwjustice.org/get-legal-help,2026-09-06,,"Operates the CLEAR hotline and publishes WashingtonLawHelp, which is inventoried as a separate agency because its translated library is a distinct service from CLEAR intake",EH,derived
legal_nwjustice,Northwest Justice Project,legal,Burmese,0,0,,False,none,0,,,https://nwjustice.org/get-legal-help,2026-09-06,,"Operates the CLEAR hotline and publishes WashingtonLawHelp, which is inventoried as a separate agency because its translated library is a distinct service from CLEAR intake",EH,derived
legal_nwjustice,Northwest Justice Project,legal,Carolinian,0,0,,False,none,0,,,https://nwjustice.org/get-legal-help,2026-09-06,,"Operates the CLEAR hotline and publishes WashingtonLawHelp, which is inventoried as a separate agency because its translated library is a distinct service from CLEAR intake",EH,derived
legal_nwjustice,Northwest Justice Project,legal,Catalan,0,0,,False,none,0,,,https://nwjustice.org/get-legal-help,2026-09-06,,"Operates the CLEAR hotline and publishes WashingtonLawHelp, which is inventoried as a separate agency because its translated library is a distinct service from CLEAR intake",EH,derived
legal_nwjustice,Northwest Justice Project,legal,Cebuano,0,0,,False,none,0,,,https://nwjustice.org/get-legal-help,2026-09-06,,"Operates the CLEAR hotline and publishes WashingtonLawHelp, which is inventoried as a separate agency because its translated library is a distinct service from CLEAR intake",EH,derived
legal_nwjustice,Northwest Justice Project,legal,Cham,0,0,,False,none,0,,,https://nwjustice.org/get-legal-help,2026-09-06,,"Operates the CLEAR hotline and publishes WashingtonLawHelp, which is inventoried as a separate agency because its translated library is a distinct service from CLEAR intake",EH,derived
legal_nwjustice,Northwest Justice Project,legal,Chamorro,0,0,,False,none,0,,,https://nwjustice.org/get-legal-help,2026-09-06,,"Operates the CLEAR hotline and publishes WashingtonLawHelp, which is inventoried as a separate agency because its translated library is a distinct service from CLEAR intake",EH,derived
legal_nwjustice,Northwest Justice Project,legal,Chin,0,0,,False,none,0,,,https://nwjustice.org/get-legal-help,2026-09-06,,"Operates the CLEAR hotline and publishes WashingtonLawHelp, which is inventoried as a separate agency because its translated library is a distinct service from CLEAR intake",EH,derived
legal_nwjustice,Northwest Justice Project,legal,Chinese-Cantonese,0,0,,False,none,0,,,https://nwjustice.org/get-legal-help,2026-09-06,,"Operates the CLEAR hotline and publishes WashingtonLawHelp, which is inventoried as a separate agency because its translated library is a distinct service from CLEAR intake",EH,derived
legal_nwjustice,Northwest Justice Project,legal,Chinese-Fukienese,0,0,,False,none,0,,,https://nwjustice.org/get-legal-help,2026-09-06,,"Operates the CLEAR hotline and publishes WashingtonLawHelp, which is inventoried as a separate agency because its translated library is a distinct service from CLEAR intake",EH,derived
legal_nwjustice,Northwest Justice Project,legal,Chinese-Mandarin,0,0,,False,none,0,,,https://nwjustice.org/get-legal-help,2026-09-06,,"Operates the CLEAR hotline and publishes WashingtonLawHelp, which is inventoried as a separate agency because its translated library is a distinct service from CLEAR intake",EH,derived
legal_nwjustice,Northwest Justice Project,legal,Chinese-Taiwanese,0,0,,False,none,0,,,https://nwjustice.org/get-legal-help,2026-09-06,,"Operates the CLEAR hotline and publishes WashingtonLawHelp, which is inventoried as a separate agency because its translated library is a distinct service from CLEAR intake",EH,derived
legal_nwjustice,Northwest Justice Project,legal,Chuukese,0,0,,False,none,0,,,https://nwjustice.org/get-legal-help,2026-09-06,,"Operates the CLEAR hotline and publishes WashingtonLawHelp, which is inventoried as a separate agency because its translated library is a distinct service from CLEAR intake",EH,derived
legal_nwjustice,Northwest Justice Project,legal,Dari,0,0,,False,none,0,,,https://nwjustice.org/get-legal-help,2026-09-06,,"Operates the CLEAR hotline and publishes WashingtonLawHelp, which is inventoried as a separate agency because its translated library is a distinct service from CLEAR intake",EH,derived
legal_nwjustice,Northwest Justice Project,legal,Dinka,0,0,,False,none,0,,,https://nwjustice.org/get-legal-help,2026-09-06,,"Operates the CLEAR hotline and publishes WashingtonLawHelp, which is inventoried as a separate agency because its translated library is a distinct service from CLEAR intake",EH,derived
legal_nwjustice,Northwest Justice Project,legal,Dutch,0,0,,False,none,0,,,https://nwjustice.org/get-legal-help,2026-09-06,,"Operates the CLEAR hotline and publishes WashingtonLawHelp, which is inventoried as a separate agency because its translated library is a distinct service from CLEAR intake",EH,derived
legal_nwjustice,Northwest Justice Project,legal,Egyptian-Arabic,0,0,,False,none,0,,,https://nwjustice.org/get-legal-help,2026-09-06,,"Operates the CLEAR hotline and publishes WashingtonLawHelp, which is inventoried as a separate agency because its translated library is a distinct service from CLEAR intake",EH,derived
legal_nwjustice,Northwest Justice Project,legal,Eritai,0,0,,False,none,0,,,https://nwjustice.org/get-legal-help,2026-09-06,,"Operates the CLEAR hotline and publishes WashingtonLawHelp, which is inventoried as a separate agency because its translated library is a distinct service from CLEAR intake",EH,derived
legal_nwjustice,Northwest Justice Project,legal,Estonian,0,0,,False,none,0,,,https://nwjustice.org/get-legal-help,2026-09-06,,"Operates the CLEAR hotline and publishes WashingtonLawHelp, which is inventoried as a separate agency because its translated library is a distinct service from CLEAR intake",EH,derived
legal_nwjustice,Northwest Justice Project,legal,Ewe,0,0,,False,none,0,,,https://nwjustice.org/get-legal-help,2026-09-06,,"Operates the CLEAR hotline and publishes WashingtonLawHelp, which is inventoried as a separate agency because its translated library is a distinct service from CLEAR intake",EH,derived
legal_nwjustice,Northwest Justice Project,legal,Fallani,0,0,,False,none,0,,,https://nwjustice.org/get-legal-help,2026-09-06,,"Operates the CLEAR hotline and publishes WashingtonLawHelp, which is inventoried as a separate agency because its translated library is a distinct service from CLEAR intake",EH,derived
legal_nwjustice,Northwest Justice Project,legal,Farsi,0,0,,False,none,0,,,https://nwjustice.org/get-legal-help,2026-09-06,,"Operates the CLEAR hotline and publishes WashingtonLawHelp, which is inventoried as a separate agency because its translated library is a distinct service from CLEAR intake",EH,derived
legal_nwjustice,Northwest Justice Project,legal,French,0,0,,False,none,0,,,https://nwjustice.org/get-legal-help,2026-09-06,,"Operates the CLEAR hotline and publishes WashingtonLawHelp, which is inventoried as a separate agency because its translated library is a distinct service from CLEAR intake",EH,derived
legal_nwjustice,Northwest Justice Project,legal,Fula,0,0,,False,none,0,,,https://nwjustice.org/get-legal-help,2026-09-06,,"Operates the CLEAR hotline and publishes WashingtonLawHelp, which is inventoried as a separate agency because its translated library is a distinct service from CLEAR intake",EH,derived
legal_nwjustice,Northwest Justice Project,legal,Ga,0,0,,False,none,0,,,https://nwjustice.org/get-legal-help,2026-09-06,,"Operates the CLEAR hotline and publishes WashingtonLawHelp, which is inventoried as a separate agency because its translated library is a distinct service from CLEAR intake",EH,derived
legal_nwjustice,Northwest Justice Project,legal,German,0,0,,False,none,0,,,https://nwjustice.org/get-legal-help,2026-09-06,,"Operates the CLEAR hotline and publishes WashingtonLawHelp, which is inventoried as a separate agency because its translated library is a distinct service from CLEAR intake",EH,derived
legal_nwjustice,Northwest Justice Project,legal,"Greek, Modern",0,0,,False,none,0,,,https://nwjustice.org/get-legal-help,2026-09-06,,"Operates the CLEAR hotline and publishes WashingtonLawHelp, which is inventoried as a separate agency because its translated library is a distinct service from CLEAR intake",EH,derived
legal_nwjustice,Northwest Justice Project,legal,Gujarati,0,0,,False,none,0,,,https://nwjustice.org/get-legal-help,2026-09-06,,"Operates the CLEAR hotline and publishes WashingtonLawHelp, which is inventoried as a separate agency because its translated library is a distinct service from CLEAR intake",EH,derived
legal_nwjustice,Northwest Justice Project,legal,Haitian Creole,0,0,,False,none,0,,,https://nwjustice.org/get-legal-help,2026-09-06,,"Operates the CLEAR hotline and publishes WashingtonLawHelp, which is inventoried as a separate agency because its translated library is a distinct service from CLEAR intake",EH,derived
legal_nwjustice,Northwest Justice Project,legal,Hausa,0,0,,False,none,0,,,https://nwjustice.org/get-legal-help,2026-09-06,,"Operates the CLEAR hotline and publishes WashingtonLawHelp, which is inventoried as a separate agency because its translated library is a distinct service from CLEAR intake",EH,derived
legal_nwjustice,Northwest Justice Project,legal,Hawaiian,0,0,,False,none,0,,,https://nwjustice.org/get-legal-help,2026-09-06,,"Operates the CLEAR hotline and publishes WashingtonLawHelp, which is inventoried as a separate agency because its translated library is a distinct service from CLEAR intake",EH,derived
legal_nwjustice,Northwest Justice Project,legal,Herero,0,0,,False,none,0,,,https://nwjustice.org/get-legal-help,2026-09-06,,"Operates the CLEAR hotline and publishes WashingtonLawHelp, which is inventoried as a separate agency because its translated library is a distinct service from CLEAR intake",EH,derived
legal_nwjustice,Northwest Justice Project,legal,Hindi,0,0,,False,none,0,,,https://nwjustice.org/get-legal-help,2026-09-06,,"Operates the CLEAR hotline and publishes WashingtonLawHelp, which is inventoried as a separate agency because its translated library is a distinct service from CLEAR intake",EH,derived
legal_nwjustice,Northwest Justice Project,legal,Hmong,0,0,,False,none,0,,,https://nwjustice.org/get-legal-help,2026-09-06,,"Operates the CLEAR hotline and publishes WashingtonLawHelp, which is inventoried as a separate agency because its translated library is a distinct service from CLEAR intake",EH,derived
legal_nwjustice,Northwest Justice Project,legal,Hungarian,0,0,,False,none,0,,,https://nwjustice.org/get-legal-help,2026-09-06,,"Operates the CLEAR hotline and publishes WashingtonLawHelp, which is inventoried as a separate agency because its translated library is a distinct service from CLEAR intake",EH,derived
legal_nwjustice,Northwest Justice Project,legal,Igbo,0,0,,False,none,0,,,https://nwjustice.org/get-legal-help,2026-09-06,,"Operates the CLEAR hotline and publishes WashingtonLawHelp, which is inventoried as a separate agency because its translated library is a distinct service from CLEAR intake",EH,derived
legal_nwjustice,Northwest Justice Project,legal,Ilokano,0,0,,False,none,0,,,https://nwjustice.org/get-legal-help,2026-09-06,,"Operates the CLEAR hotline and publishes WashingtonLawHelp, which is inventoried as a separate agency because its translated library is a distinct service from CLEAR intake",EH,derived
legal_nwjustice,Northwest Justice Project,legal,Indonesian,0,0,,False,none,0,,,https://nwjustice.org/get-legal-help,2026-09-06,,"Operates the CLEAR hotline and publishes WashingtonLawHelp, which is inventoried as a separate agency because its translated library is a distinct service from CLEAR intake",EH,derived
legal_nwjustice,Northwest Justice Project,legal,Italian,0,0,,False,none,0,,,https://nwjustice.org/get-legal-help,2026-09-06,,"Operates the CLEAR hotline and publishes WashingtonLawHelp, which is inventoried as a separate agency because its translated library is a distinct service from CLEAR intake",EH,derived
legal_nwjustice,Northwest Justice Project,legal,Japanese,0,0,,False,none,0,,,https://nwjustice.org/get-legal-help,2026-09-06,,"Operates the CLEAR hotline and publishes WashingtonLawHelp, which is inventoried as a separate agency because its translated library is a distinct service from CLEAR intake",EH,derived
legal_nwjustice,Northwest Justice Project,legal,Kakwa,0,0,,False,none,0,,,https://nwjustice.org/get-legal-help,2026-09-06,,"Operates the CLEAR hotline and publishes WashingtonLawHelp, which is inventoried as a separate agency because its translated library is a distinct service from CLEAR intake",EH,derived
legal_nwjustice,Northwest Justice Project,legal,Kannada,0,0,,False,none,0,,,https://nwjustice.org/get-legal-help,2026-09-06,,"Operates the CLEAR hotline and publishes WashingtonLawHelp, which is inventoried as a separate agency because its translated library is a distinct service from CLEAR intake",EH,derived
legal_nwjustice,Northwest Justice Project,legal,Karen,0,0,,False,none,0,,,https://nwjustice.org/get-legal-help,2026-09-06,,"Operates the CLEAR hotline and publishes WashingtonLawHelp, which is inventoried as a separate agency because its translated library is a distinct service from CLEAR intake",EH,derived
legal_nwjustice,Northwest Justice Project,legal,Karenni,0,0,,False,none,0,,,https://nwjustice.org/get-legal-help,2026-09-06,,"Operates the CLEAR hotline and publishes WashingtonLawHelp, which is inventoried as a separate agency because its translated library is a distinct service from CLEAR intake",EH,derived
legal_nwjustice,Northwest Justice Project,legal,Kazakh,0,0,,False,none,0,,,https://nwjustice.org/get-legal-help,2026-09-06,,"Operates the CLEAR hotline and publishes WashingtonLawHelp, which is inventoried as a separate agency because its translated library is a distinct service from CLEAR intake",EH,derived
legal_nwjustice,Northwest Justice Project,legal,Khmer,0,0,,False,none,0,,,https://nwjustice.org/get-legal-help,2026-09-06,,"Operates the CLEAR hotline and publishes WashingtonLawHelp, which is inventoried as a separate agency because its translated library is a distinct service from CLEAR intake",EH,derived
legal_nwjustice,Northwest Justice Project,legal,Kikuyu,0,0,,False,none,0,,,https://nwjustice.org/get-legal-help,2026-09-06,,"Operates the CLEAR hotline and publishes WashingtonLawHelp, which is inventoried as a separate agency because its translated library is a distinct service from CLEAR intake",EH,derived
legal_nwjustice,Northwest Justice Project,legal,Kinyarwanda,0,0,,False,none,0,,,https://nwjustice.org/get-legal-help,2026-09-06,,"Operates the CLEAR hotline and publishes WashingtonLawHelp, which is inventoried as a separate agency because its translated library is a distinct service from CLEAR intake",EH,derived
legal_nwjustice,Northwest Justice Project,legal,Kirgiz,0,0,,False,none,0,,,https://nwjustice.org/get-legal-help,2026-09-06,,"Operates the CLEAR hotline and publishes WashingtonLawHelp, which is inventoried as a separate agency because its translated library is a distinct service from CLEAR intake",EH,derived
legal_nwjustice,Northwest Justice Project,legal,Kirundi,0,0,,False,none,0,,,https://nwjustice.org/get-legal-help,2026-09-06,,"Operates the CLEAR hotline and publishes WashingtonLawHelp, which is inventoried as a separate agency because its translated library is a distinct service from CLEAR intake",EH,derived
legal_nwjustice,Northwest Justice Project,legal,Kmhmu,0,0,,False,none,0,,,https://nwjustice.org/get-legal-help,2026-09-06,,"Operates the CLEAR hotline and publishes WashingtonLawHelp, which is inventoried as a separate agency because its translated library is a distinct service from CLEAR intake",EH,derived
legal_nwjustice,Northwest Justice Project,legal,Kongo,0,0,,False,none,0,,,https://nwjustice.org/get-legal-help,2026-09-06,,"Operates the CLEAR hotline and publishes WashingtonLawHelp, which is inventoried as a separate agency because its translated library is a distinct service from CLEAR intake",EH,derived
legal_nwjustice,Northwest Justice Project,legal,Korean,0,0,,False,none,0,,,https://nwjustice.org/get-legal-help,2026-09-06,,"Operates the CLEAR hotline and publishes WashingtonLawHelp, which is inventoried as a separate agency because its translated library is a distinct service from CLEAR intake",EH,derived
legal_nwjustice,Northwest Justice Project,legal,Kosraean,0,0,,False,none,0,,,https://nwjustice.org/get-legal-help,2026-09-06,,"Operates the CLEAR hotline and publishes WashingtonLawHelp, which is inventoried as a separate agency because its translated library is a distinct service from CLEAR intake",EH,derived
legal_nwjustice,Northwest Justice Project,legal,Krahn,0,0,,False,none,0,,,https://nwjustice.org/get-legal-help,2026-09-06,,"Operates the CLEAR hotline and publishes WashingtonLawHelp, which is inventoried as a separate agency because its translated library is a distinct service from CLEAR intake",EH,derived
legal_nwjustice,Northwest Justice Project,legal,Krio,0,0,,False,none,0,,,https://nwjustice.org/get-legal-help,2026-09-06,,"Operates the CLEAR hotline and publishes WashingtonLawHelp, which is inventoried as a separate agency because its translated library is a distinct service from CLEAR intake",EH,derived
legal_nwjustice,Northwest Justice Project,legal,Kru,0,0,,False,none,0,,,https://nwjustice.org/get-legal-help,2026-09-06,,"Operates the CLEAR hotline and publishes WashingtonLawHelp, which is inventoried as a separate agency because its translated library is a distinct service from CLEAR intake",EH,derived
legal_nwjustice,Northwest Justice Project,legal,Kurdish,0,0,,False,none,0,,,https://nwjustice.org/get-legal-help,2026-09-06,,"Operates the CLEAR hotline and publishes WashingtonLawHelp, which is inventoried as a separate agency because its translated library is a distinct service from CLEAR intake",EH,derived
legal_nwjustice,Northwest Justice Project,legal,Lao,0,0,,False,none,0,,,https://nwjustice.org/get-legal-help,2026-09-06,,"Operates the CLEAR hotline and publishes WashingtonLawHelp, which is inventoried as a separate agency because its translated library is a distinct service from CLEAR intake",EH,derived
legal_nwjustice,Northwest Justice Project,legal,Latvian,0,0,,False,none,0,,,https://nwjustice.org/get-legal-help,2026-09-06,,"Operates the CLEAR hotline and publishes WashingtonLawHelp, which is inventoried as a separate agency because its translated library is a distinct service from CLEAR intake",EH,derived
legal_nwjustice,Northwest Justice Project,legal,Lingala,0,0,,False,none,0,,,https://nwjustice.org/get-legal-help,2026-09-06,,"Operates the CLEAR hotline and publishes WashingtonLawHelp, which is inventoried as a separate agency because its translated library is a distinct service from CLEAR intake",EH,derived
legal_nwjustice,Northwest Justice Project,legal,Luganda,0,0,,False,none,0,,,https://nwjustice.org/get-legal-help,2026-09-06,,"Operates the CLEAR hotline and publishes WashingtonLawHelp, which is inventoried as a separate agency because its translated library is a distinct service from CLEAR intake",EH,derived
legal_nwjustice,Northwest Justice Project,legal,Maay Maay,0,0,,False,none,0,,,https://nwjustice.org/get-legal-help,2026-09-06,,"Operates the CLEAR hotline and publishes WashingtonLawHelp, which is inventoried as a separate agency because its translated library is a distinct service from CLEAR intake",EH,derived
legal_nwjustice,Northwest Justice Project,legal,Malay,0,0,,False,none,0,,,https://nwjustice.org/get-legal-help,2026-09-06,,"Operates the CLEAR hotline and publishes WashingtonLawHelp, which is inventoried as a separate agency because its translated library is a distinct service from CLEAR intake",EH,derived
legal_nwjustice,Northwest Justice Project,legal,Malayalam,0,0,,False,none,0,,,https://nwjustice.org/get-legal-help,2026-09-06,,"Operates the CLEAR hotline and publishes WashingtonLawHelp, which is inventoried as a separate agency because its translated library is a distinct service from CLEAR intake",EH,derived
legal_nwjustice,Northwest Justice Project,legal,Mam,0,0,,False,none,0,,,https://nwjustice.org/get-legal-help,2026-09-06,,"Operates the CLEAR hotline and publishes WashingtonLawHelp, which is inventoried as a separate agency because its translated library is a distinct service from CLEAR intake",EH,derived
legal_nwjustice,Northwest Justice Project,legal,Mandingo,0,0,,False,none,0,,,https://nwjustice.org/get-legal-help,2026-09-06,,"Operates the CLEAR hotline and publishes WashingtonLawHelp, which is inventoried as a separate agency because its translated library is a distinct service from CLEAR intake",EH,derived
legal_nwjustice,Northwest Justice Project,legal,Mandinka,0,0,,False,none,0,,,https://nwjustice.org/get-legal-help,2026-09-06,,"Operates the CLEAR hotline and publishes WashingtonLawHelp, which is inventoried as a separate agency because its translated library is a distinct service from CLEAR intake",EH,derived
legal_nwjustice,Northwest Justice Project,legal,Marathi,0,0,,False,none,0,,,https://nwjustice.org/get-legal-help,2026-09-06,,"Operates the CLEAR hotline and publishes WashingtonLawHelp, which is inventoried as a separate agency because its translated library is a distinct service from CLEAR intake",EH,derived
legal_nwjustice,Northwest Justice Project,legal,Marquesan,0,0,,False,none,0,,,https://nwjustice.org/get-legal-help,2026-09-06,,"Operates the CLEAR hotline and publishes WashingtonLawHelp, which is inventoried as a separate agency because its translated library is a distinct service from CLEAR intake",EH,derived
legal_nwjustice,Northwest Justice Project,legal,Marshallese,0,0,,False,none,0,,,https://nwjustice.org/get-legal-help,2026-09-06,,"Operates the CLEAR hotline and publishes WashingtonLawHelp, which is inventoried as a separate agency because its translated library is a distinct service from CLEAR intake",EH,derived
legal_nwjustice,Northwest Justice Project,legal,Maya-Quiche,0,0,,False,none,0,,,https://nwjustice.org/get-legal-help,2026-09-06,,"Operates the CLEAR hotline and publishes WashingtonLawHelp, which is inventoried as a separate agency because its translated library is a distinct service from CLEAR intake",EH,derived
legal_nwjustice,Northwest Justice Project,legal,Mien,0,0,,False,none,0,,,https://nwjustice.org/get-legal-help,2026-09-06,,"Operates the CLEAR hotline and publishes WashingtonLawHelp, which is inventoried as a separate agency because its translated library is a distinct service from CLEAR intake",EH,derived
legal_nwjustice,Northwest Justice Project,legal,Mixteco,0,0,,False,none,0,,,https://nwjustice.org/get-legal-help,2026-09-06,,"Operates the CLEAR hotline and publishes WashingtonLawHelp, which is inventoried as a separate agency because its translated library is a distinct service from CLEAR intake",EH,derived
legal_nwjustice,Northwest Justice Project,legal,Moldavian,0,0,,False,none,0,,,https://nwjustice.org/get-legal-help,2026-09-06,,"Operates the CLEAR hotline and publishes WashingtonLawHelp, which is inventoried as a separate agency because its translated library is a distinct service from CLEAR intake",EH,derived
legal_nwjustice,Northwest Justice Project,legal,Mongolian,0,0,,False,none,0,,,https://nwjustice.org/get-legal-help,2026-09-06,,"Operates the CLEAR hotline and publishes WashingtonLawHelp, which is inventoried as a separate agency because its translated library is a distinct service from CLEAR intake",EH,derived
legal_nwjustice,Northwest Justice Project,legal,Moore,0,0,,False,none,0,,,https://nwjustice.org/get-legal-help,2026-09-06,,"Operates the CLEAR hotline and publishes WashingtonLawHelp, which is inventoried as a separate agency because its translated library is a distinct service from CLEAR intake",EH,derived
legal_nwjustice,Northwest Justice Project,legal,"Nahuatl, Guerrero region",0,0,,False,none,0,,,https://nwjustice.org/get-legal-help,2026-09-06,,"Operates the CLEAR hotline and publishes WashingtonLawHelp, which is inventoried as a separate agency because its translated library is a distinct service from CLEAR intake",EH,derived
legal_nwjustice,Northwest Justice Project,legal,Nepali,0,0,,False,none,0,,,https://nwjustice.org/get-legal-help,2026-09-06,,"Operates the CLEAR hotline and publishes WashingtonLawHelp, which is inventoried as a separate agency because its translated library is a distinct service from CLEAR intake",EH,derived
legal_nwjustice,Northwest Justice Project,legal,Nuer,0,0,,False,none,0,,,https://nwjustice.org/get-legal-help,2026-09-06,,"Operates the CLEAR hotline and publishes WashingtonLawHelp, which is inventoried as a separate agency because its translated library is a distinct service from CLEAR intake",EH,derived
legal_nwjustice,Northwest Justice Project,legal,Oromo,0,0,,False,none,0,,,https://nwjustice.org/get-legal-help,2026-09-06,,"Operates the CLEAR hotline and publishes WashingtonLawHelp, which is inventoried as a separate agency because its translated library is a distinct service from CLEAR intake",EH,derived
legal_nwjustice,Northwest Justice Project,legal,Palau,0,0,,False,none,0,,,https://nwjustice.org/get-legal-help,2026-09-06,,"Operates the CLEAR hotline and publishes WashingtonLawHelp, which is inventoried as a separate agency because its translated library is a distinct service from CLEAR intake",EH,derived
legal_nwjustice,Northwest Justice Project,legal,Pashai,0,0,,False,none,0,,,https://nwjustice.org/get-legal-help,2026-09-06,,"Operates the CLEAR hotline and publishes WashingtonLawHelp, which is inventoried as a separate agency because its translated library is a distinct service from CLEAR intake",EH,derived
legal_nwjustice,Northwest Justice Project,legal,Pashto,0,0,,False,none,0,,,https://nwjustice.org/get-legal-help,2026-09-06,,"Operates the CLEAR hotline and publishes WashingtonLawHelp, which is inventoried as a separate agency because its translated library is a distinct service from CLEAR intake",EH,derived
legal_nwjustice,Northwest Justice Project,legal,Pere,0,0,,False,none,0,,,https://nwjustice.org/get-legal-help,2026-09-06,,"Operates the CLEAR hotline and publishes WashingtonLawHelp, which is inventoried as a separate agency because its translated library is a distinct service from CLEAR intake",EH,derived
legal_nwjustice,Northwest Justice Project,legal,Polish,0,0,,False,none,0,,,https://nwjustice.org/get-legal-help,2026-09-06,,"Operates the CLEAR hotline and publishes WashingtonLawHelp, which is inventoried as a separate agency because its translated library is a distinct service from CLEAR intake",EH,derived
legal_nwjustice,Northwest Justice Project,legal,Portuguese,0,0,,False,none,0,,,https://nwjustice.org/get-legal-help,2026-09-06,,"Operates the CLEAR hotline and publishes WashingtonLawHelp, which is inventoried as a separate agency because its translated library is a distinct service from CLEAR intake",EH,derived
legal_nwjustice,Northwest Justice Project,legal,Punjabi,0,0,,False,none,0,,,https://nwjustice.org/get-legal-help,2026-09-06,,"Operates the CLEAR hotline and publishes WashingtonLawHelp, which is inventoried as a separate agency because its translated library is a distinct service from CLEAR intake",EH,derived
legal_nwjustice,Northwest Justice Project,legal,Purepecha,0,0,,False,none,0,,,https://nwjustice.org/get-legal-help,2026-09-06,,"Operates the CLEAR hotline and publishes WashingtonLawHelp, which is inventoried as a separate agency because its translated library is a distinct service from CLEAR intake",EH,derived
legal_nwjustice,Northwest Justice Project,legal,Rohingya,0,0,,False,none,0,,,https://nwjustice.org/get-legal-help,2026-09-06,,"Operates the CLEAR hotline and publishes WashingtonLawHelp, which is inventoried as a separate agency because its translated library is a distinct service from CLEAR intake",EH,derived
legal_nwjustice,Northwest Justice Project,legal,Romanian,0,0,,False,none,0,,,https://nwjustice.org/get-legal-help,2026-09-06,,"Operates the CLEAR hotline and publishes WashingtonLawHelp, which is inventoried as a separate agency because its translated library is a distinct service from CLEAR intake",EH,derived
legal_nwjustice,Northwest Justice Project,legal,Russian,0,0,,False,none,0,,,https://nwjustice.org/get-legal-help,2026-09-06,,"Operates the CLEAR hotline and publishes WashingtonLawHelp, which is inventoried as a separate agency because its translated library is a distinct service from CLEAR intake",EH,derived
legal_nwjustice,Northwest Justice Project,legal,Samoan,0,0,,False,none,0,,,https://nwjustice.org/get-legal-help,2026-09-06,,"Operates the CLEAR hotline and publishes WashingtonLawHelp, which is inventoried as a separate agency because its translated library is a distinct service from CLEAR intake",EH,derived
legal_nwjustice,Northwest Justice Project,legal,Sao,0,0,,False,none,0,,,https://nwjustice.org/get-legal-help,2026-09-06,,"Operates the CLEAR hotline and publishes WashingtonLawHelp, which is inventoried as a separate agency because its translated library is a distinct service from CLEAR intake",EH,derived
legal_nwjustice,Northwest Justice Project,legal,Serbo-Croation,0,0,,False,none,0,,,https://nwjustice.org/get-legal-help,2026-09-06,,"Operates the CLEAR hotline and publishes WashingtonLawHelp, which is inventoried as a separate agency because its translated library is a distinct service from CLEAR intake",EH,derived
legal_nwjustice,Northwest Justice Project,legal,Shona,0,0,,False,none,0,,,https://nwjustice.org/get-legal-help,2026-09-06,,"Operates the CLEAR hotline and publishes WashingtonLawHelp, which is inventoried as a separate agency because its translated library is a distinct service from CLEAR intake",EH,derived
legal_nwjustice,Northwest Justice Project,legal,Sinhalese,0,0,,False,none,0,,,https://nwjustice.org/get-legal-help,2026-09-06,,"Operates the CLEAR hotline and publishes WashingtonLawHelp, which is inventoried as a separate agency because its translated library is a distinct service from CLEAR intake",EH,derived
legal_nwjustice,Northwest Justice Project,legal,Slovenian,0,0,,False,none,0,,,https://nwjustice.org/get-legal-help,2026-09-06,,"Operates the CLEAR hotline and publishes WashingtonLawHelp, which is inventoried as a separate agency because its translated library is a distinct service from CLEAR intake",EH,derived
legal_nwjustice,Northwest Justice Project,legal,Somali,0,0,,False,none,0,,,https://nwjustice.org/get-legal-help,2026-09-06,,"Operates the CLEAR hotline and publishes WashingtonLawHelp, which is inventoried as a separate agency because its translated library is a distinct service from CLEAR intake",EH,derived
legal_nwjustice,Northwest Justice Project,legal,Soninke,0,0,,False,none,0,,,https://nwjustice.org/get-legal-help,2026-09-06,,"Operates the CLEAR hotline and publishes WashingtonLawHelp, which is inventoried as a separate agency because its translated library is a distinct service from CLEAR intake",EH,derived
legal_nwjustice,Northwest Justice Project,legal,Sotho,0,0,,False,none,0,,,https://nwjustice.org/get-legal-help,2026-09-06,,"Operates the CLEAR hotline and publishes WashingtonLawHelp, which is inventoried as a separate agency because its translated library is a distinct service from CLEAR intake",EH,derived
legal_nwjustice,Northwest Justice Project,legal,Spanish,0,0,,False,none,0,,,https://nwjustice.org/get-legal-help,2026-09-06,,"Operates the CLEAR hotline and publishes WashingtonLawHelp, which is inventoried as a separate agency because its translated library is a distinct service from CLEAR intake",EH,derived
legal_nwjustice,Northwest Justice Project,legal,Swahili,0,0,,False,none,0,,,https://nwjustice.org/get-legal-help,2026-09-06,,"Operates the CLEAR hotline and publishes WashingtonLawHelp, which is inventoried as a separate agency because its translated library is a distinct service from CLEAR intake",EH,derived
legal_nwjustice,Northwest Justice Project,legal,Tagalog,0,0,,False,none,0,,,https://nwjustice.org/get-legal-help,2026-09-06,,"Operates the CLEAR hotline and publishes WashingtonLawHelp, which is inventoried as a separate agency because its translated library is a distinct service from CLEAR intake",EH,derived
legal_nwjustice,Northwest Justice Project,legal,Taishanese,0,0,,False,none,0,,,https://nwjustice.org/get-legal-help,2026-09-06,,"Operates the CLEAR hotline and publishes WashingtonLawHelp, which is inventoried as a separate agency because its translated library is a distinct service from CLEAR intake",EH,derived
legal_nwjustice,Northwest Justice Project,legal,Tajiki,0,0,,False,none,0,,,https://nwjustice.org/get-legal-help,2026-09-06,,"Operates the CLEAR hotline and publishes WashingtonLawHelp, which is inventoried as a separate agency because its translated library is a distinct service from CLEAR intake",EH,derived
legal_nwjustice,Northwest Justice Project,legal,Tamil,0,0,,False,none,0,,,https://nwjustice.org/get-legal-help,2026-09-06,,"Operates the CLEAR hotline and publishes WashingtonLawHelp, which is inventoried as a separate agency because its translated library is a distinct service from CLEAR intake",EH,derived
legal_nwjustice,Northwest Justice Project,legal,Tarasco,0,0,,False,none,0,,,https://nwjustice.org/get-legal-help,2026-09-06,,"Operates the CLEAR hotline and publishes WashingtonLawHelp, which is inventoried as a separate agency because its translated library is a distinct service from CLEAR intake",EH,derived
legal_nwjustice,Northwest Justice Project,legal,Tedim,0,0,,False,none,0,,,https://nwjustice.org/get-legal-help,2026-09-06,,"Operates the CLEAR hotline and publishes WashingtonLawHelp, which is inventoried as a separate agency because its translated library is a distinct service from CLEAR intake",EH,derived
legal_nwjustice,Northwest Justice Project,legal,Telugu,0,0,,False,none,0,,,https://nwjustice.org/get-legal-help,2026-09-06,,"Operates the CLEAR hotline and publishes WashingtonLawHelp, which is inventoried as a separate agency because its translated library is a distinct service from CLEAR intake",EH,derived
legal_nwjustice,Northwest Justice Project,legal,Thai,0,0,,False,none,0,,,https://nwjustice.org/get-legal-help,2026-09-06,,"Operates the CLEAR hotline and publishes WashingtonLawHelp, which is inventoried as a separate agency because its translated library is a distinct service from CLEAR intake",EH,derived
legal_nwjustice,Northwest Justice Project,legal,Tibetan,0,0,,False,none,0,,,https://nwjustice.org/get-legal-help,2026-09-06,,"Operates the CLEAR hotline and publishes WashingtonLawHelp, which is inventoried as a separate agency because its translated library is a distinct service from CLEAR intake",EH,derived
legal_nwjustice,Northwest Justice Project,legal,Tigrinya,0,0,,False,none,0,,,https://nwjustice.org/get-legal-help,2026-09-06,,"Operates the CLEAR hotline and publishes WashingtonLawHelp, which is inventoried as a separate agency because its translated library is a distinct service from CLEAR intake",EH,derived
legal_nwjustice,Northwest Justice Project,legal,Tongan,0,0,,False,none,0,,,https://nwjustice.org/get-legal-help,2026-09-06,,"Operates the CLEAR hotline and publishes WashingtonLawHelp, which is inventoried as a separate agency because its translated library is a distinct service from CLEAR intake",EH,derived
legal_nwjustice,Northwest Justice Project,legal,Turkish,0,0,,False,none,0,,,https://nwjustice.org/get-legal-help,2026-09-06,,"Operates the CLEAR hotline and publishes WashingtonLawHelp, which is inventoried as a separate agency because its translated library is a distinct service from CLEAR intake",EH,derived
legal_nwjustice,Northwest Justice Project,legal,Twi,0,0,,False,none,0,,,https://nwjustice.org/get-legal-help,2026-09-06,,"Operates the CLEAR hotline and publishes WashingtonLawHelp, which is inventoried as a separate agency because its translated library is a distinct service from CLEAR intake",EH,derived
legal_nwjustice,Northwest Justice Project,legal,Ukrainian,0,0,,False,none,0,,,https://nwjustice.org/get-legal-help,2026-09-06,,"Operates the CLEAR hotline and publishes WashingtonLawHelp, which is inventoried as a separate agency because its translated library is a distinct service from CLEAR intake",EH,derived
legal_nwjustice,Northwest Justice Project,legal,Urdu,0,0,,False,none,0,,,https://nwjustice.org/get-legal-help,2026-09-06,,"Operates the CLEAR hotline and publishes WashingtonLawHelp, which is inventoried as a separate agency because its translated library is a distinct service from CLEAR intake",EH,derived
legal_nwjustice,Northwest Justice Project,legal,Uzbek,0,0,,False,none,0,,,https://nwjustice.org/get-legal-help,2026-09-06,,"Operates the CLEAR hotline and publishes WashingtonLawHelp, which is inventoried as a separate agency because its translated library is a distinct service from CLEAR intake",EH,derived
legal_nwjustice,Northwest Justice Project,legal,Vietnamese,0,0,,False,none,0,,,https://nwjustice.org/get-legal-help,2026-09-06,,"Operates the CLEAR hotline and publishes WashingtonLawHelp, which is inventoried as a separate agency because its translated library is a distinct service from CLEAR intake",EH,derived
legal_nwjustice,Northwest Justice Project,legal,Wolof,0,0,,False,none,0,,,https://nwjustice.org/get-legal-help,2026-09-06,,"Operates the CLEAR hotline and publishes WashingtonLawHelp, which is inventoried as a separate agency because its translated library is a distinct service from CLEAR intake",EH,derived
legal_nwjustice,Northwest Justice Project,legal,Yap,0,0,,False,none,0,,,https://nwjustice.org/get-legal-help,2026-09-06,,"Operates the CLEAR hotline and publishes WashingtonLawHelp, which is inventoried as a separate agency because its translated library is a distinct service from CLEAR intake",EH,derived
legal_nwjustice,Northwest Justice Project,legal,Yoruba,0,0,,False,none,0,,,https://nwjustice.org/get-legal-help,2026-09-06,,"Operates the CLEAR hotline and publishes WashingtonLawHelp, which is inventoried as a separate agency because its translated library is a distinct service from CLEAR intake",EH,derived
legal_walawhelp,WashingtonLawHelp,legal,Acholi,0,0,,False,none,0,,,https://www.washingtonlawhelp.org,2026-09-06,,,EH,derived
legal_walawhelp,WashingtonLawHelp,legal,Aguacateco,0,0,,False,none,0,,,https://www.washingtonlawhelp.org,2026-09-06,,,EH,derived
legal_walawhelp,WashingtonLawHelp,legal,Akateko,0,0,,False,none,0,,,https://www.washingtonlawhelp.org,2026-09-06,,,EH,derived
legal_walawhelp,WashingtonLawHelp,legal,Albanian,0,0,,False,none,0,,,https://www.washingtonlawhelp.org,2026-09-06,,,EH,derived
legal_walawhelp,WashingtonLawHelp,legal,American Sign Language,0,0,,False,none,0,,,https://www.washingtonlawhelp.org,2026-09-06,,,EH,derived
legal_walawhelp,WashingtonLawHelp,legal,Amharic,0,0,,False,none,0,,,https://www.washingtonlawhelp.org,2026-09-06,,,EH,derived
legal_walawhelp,WashingtonLawHelp,legal,Arabic,3,0,,True,in_language_document,3,algha-shb-altwkyl-alrsmy; altwkyl-alrsmy-aldaym; atlb-mn-malk-alqar-twfyr-tshylat-ldhwy-alahtyajat-alkhast,,https://www.washingtonlawhelp.org/ar/algha-shb-altwkyl-alrsmy,2026-09-06,unchecked,3 page(s) or document(s) in this language | Count is documents only. Navigation and topic category pages are excluded; counting them overstated this figure roughly eightfold,EH,derived
legal_walawhelp,WashingtonLawHelp,legal,Armenian,0,0,,False,none,0,,,https://www.washingtonlawhelp.org,2026-09-06,,,EH,derived
legal_walawhelp,WashingtonLawHelp,legal,Ayula-Bambara,0,0,,False,none,0,,,https://www.washingtonlawhelp.org,2026-09-06,,,EH,derived
legal_walawhelp,WashingtonLawHelp,legal,Azerbaijani,0,0,,False,none,0,,,https://www.washingtonlawhelp.org,2026-09-06,,,EH,derived
legal_walawhelp,WashingtonLawHelp,legal,Bambara,0,0,,False,none,0,,,https://www.washingtonlawhelp.org,2026-09-06,,,EH,derived
legal_walawhelp,WashingtonLawHelp,legal,Bangala,0,0,,False,none,0,,,https://www.washingtonlawhelp.org,2026-09-06,,,EH,derived
legal_walawhelp,WashingtonLawHelp,legal,Bassa,0,0,,False,none,0,,,https://www.washingtonlawhelp.org,2026-09-06,,,EH,derived
legal_walawhelp,WashingtonLawHelp,legal,Bengali,0,0,,False,none,0,,,https://www.washingtonlawhelp.org,2026-09-06,,,EH,derived
legal_walawhelp,WashingtonLawHelp,legal,Bosnian,0,0,,False,none,0,,,https://www.washingtonlawhelp.org,2026-09-06,,,EH,derived
legal_walawhelp,WashingtonLawHelp,legal,Bulgarian,0,0,,False,none,0,,,https://www.washingtonlawhelp.org,2026-09-06,,,EH,derived
legal_walawhelp,WashingtonLawHelp,legal,Burmese,0,0,,False,none,0,,,https://www.washingtonlawhelp.org,2026-09-06,,,EH,derived
legal_walawhelp,WashingtonLawHelp,legal,Carolinian,0,0,,False,none,0,,,https://www.washingtonlawhelp.org,2026-09-06,,,EH,derived
legal_walawhelp,WashingtonLawHelp,legal,Catalan,0,0,,False,none,0,,,https://www.washingtonlawhelp.org,2026-09-06,,,EH,derived
legal_walawhelp,WashingtonLawHelp,legal,Cebuano,0,0,,False,none,0,,,https://www.washingtonlawhelp.org,2026-09-06,,,EH,derived
legal_walawhelp,WashingtonLawHelp,legal,Cham,0,0,,False,none,0,,,https://www.washingtonlawhelp.org,2026-09-06,,,EH,derived
legal_walawhelp,WashingtonLawHelp,legal,Chamorro,0,0,,False,none,0,,,https://www.washingtonlawhelp.org,2026-09-06,,,EH,derived
legal_walawhelp,WashingtonLawHelp,legal,Chin,0,0,,False,none,0,,,https://www.washingtonlawhelp.org,2026-09-06,,,EH,derived
legal_walawhelp,WashingtonLawHelp,legal,Chinese-Cantonese,3,0,,True,in_language_document,3,chijiushouquanshu; guihuayoutarenzhaoguninzijiwufazhaogudezinu; quxiaochexiaoshouquanshu,,https://www.washingtonlawhelp.org/zh-hant/chijiushouquanshu,2026-09-06,unchecked,3 page(s) or document(s) in this language | Count is documents only. Navigation and topic category pages are excluded; counting them overstated this figure roughly eightfold,EH,derived
legal_walawhelp,WashingtonLawHelp,legal,Chinese-Fukienese,0,0,,False,none,0,,,https://www.washingtonlawhelp.org,2026-09-06,,,EH,derived
legal_walawhelp,WashingtonLawHelp,legal,Chinese-Mandarin,3,0,,True,in_language_document,14,chijiushouquanshu; guihuarangtarendaiweizhaoguninwufaqinzizhaogudezinu; juzhengshuomingnindebaohulinganjianhuojiashisusonganjian; lihunzhinan; quxiaochexiaoshouquanweituoshu; shenjiejiashisusonganjian,,https://www.washingtonlawhelp.org/zh-hans/chijiushouquanshu,2026-09-06,unchecked,14 page(s) or document(s) in this language | Count is documents only. Navigation and topic category pages are excluded; counting them overstated this figure roughly eightfold,EH,derived
legal_walawhelp,WashingtonLawHelp,legal,Chinese-Taiwanese,0,0,,False,none,0,,,https://www.washingtonlawhelp.org,2026-09-06,,,EH,derived
legal_walawhelp,WashingtonLawHelp,legal,Chuukese,0,0,,False,none,0,,,https://www.washingtonlawhelp.org,2026-09-06,,,EH,derived
legal_walawhelp,WashingtonLawHelp,legal,Dari,3,0,,True,in_language_document,3,ahkam-hmayty-dr-nzam-hqwqy-mdny; bazdyd-hay-tht-nzart; mn-khshwnt-khangy-ra-tjrbh-krdh-am-aya-mn-bayd-bray-yk-hkm-mhafzt-drkhwast-dhm,,https://www.washingtonlawhelp.org/fa-af/ahkam-hmayty-dr-nzam-hqwqy-mdny,2026-09-06,unchecked,3 page(s) or document(s) in this language | Count is documents only. Navigation and topic category pages are excluded; counting them overstated this figure roughly eightfold,EH,derived
legal_walawhelp,WashingtonLawHelp,legal,Dinka,0,0,,False,none,0,,,https://www.washingtonlawhelp.org,2026-09-06,,,EH,derived
legal_walawhelp,WashingtonLawHelp,legal,Dutch,0,0,,False,none,0,,,https://www.washingtonlawhelp.org,2026-09-06,,,EH,derived
legal_walawhelp,WashingtonLawHelp,legal,Egyptian-Arabic,0,0,,False,none,0,,,https://www.washingtonlawhelp.org,2026-09-06,,,EH,derived
legal_walawhelp,WashingtonLawHelp,legal,Eritai,0,0,,False,none,0,,,https://www.washingtonlawhelp.org,2026-09-06,,,EH,derived
legal_walawhelp,WashingtonLawHelp,legal,Estonian,0,0,,False,none,0,,,https://www.washingtonlawhelp.org,2026-09-06,,,EH,derived
legal_walawhelp,WashingtonLawHelp,legal,Ewe,0,0,,False,none,0,,,https://www.washingtonlawhelp.org,2026-09-06,,,EH,derived
legal_walawhelp,WashingtonLawHelp,legal,Fallani,0,0,,False,none,0,,,https://www.washingtonlawhelp.org,2026-09-06,,,EH,derived
legal_walawhelp,WashingtonLawHelp,legal,Farsi,3,0,,True,in_language_document,1,dr-jlsh-rsydgy-dshs-nmayndh-khwd-bashyd,,https://www.washingtonlawhelp.org/fa/dr-jlsh-rsydgy-dshs-nmayndh-khwd-bashyd,2026-09-06,unchecked,1 page(s) or document(s) in this language | Count is documents only. Navigation and topic category pages are excluded; counting them overstated this figure roughly eightfold,EH,derived
legal_walawhelp,WashingtonLawHelp,legal,French,0,0,,False,none,0,,,https://www.washingtonlawhelp.org,2026-09-06,,,EH,derived
legal_walawhelp,WashingtonLawHelp,legal,Fula,0,0,,False,none,0,,,https://www.washingtonlawhelp.org,2026-09-06,,,EH,derived
legal_walawhelp,WashingtonLawHelp,legal,Ga,0,0,,False,none,0,,,https://www.washingtonlawhelp.org,2026-09-06,,,EH,derived
legal_walawhelp,WashingtonLawHelp,legal,German,0,0,,False,none,0,,,https://www.washingtonlawhelp.org,2026-09-06,,,EH,derived
legal_walawhelp,WashingtonLawHelp,legal,"Greek, Modern",0,0,,False,none,0,,,https://www.washingtonlawhelp.org,2026-09-06,,,EH,derived
legal_walawhelp,WashingtonLawHelp,legal,Gujarati,0,0,,False,none,0,,,https://www.washingtonlawhelp.org,2026-09-06,,,EH,derived
legal_walawhelp,WashingtonLawHelp,legal,Haitian Creole,0,0,,False,none,0,,,https://www.washingtonlawhelp.org,2026-09-06,,,EH,derived
legal_walawhelp,WashingtonLawHelp,legal,Hausa,0,0,,False,none,0,,,https://www.washingtonlawhelp.org,2026-09-06,,,EH,derived
legal_walawhelp,WashingtonLawHelp,legal,Hawaiian,0,0,,False,none,0,,,https://www.washingtonlawhelp.org,2026-09-06,,,EH,derived
legal_walawhelp,WashingtonLawHelp,legal,Herero,0,0,,False,none,0,,,https://www.washingtonlawhelp.org,2026-09-06,,,EH,derived
legal_walawhelp,WashingtonLawHelp,legal,Hindi,0,0,,False,none,0,,,https://www.washingtonlawhelp.org,2026-09-06,,,EH,derived
legal_walawhelp,WashingtonLawHelp,legal,Hmong,0,0,,False,none,0,,,https://www.washingtonlawhelp.org,2026-09-06,,,EH,derived
legal_walawhelp,WashingtonLawHelp,legal,Hungarian,0,0,,False,none,0,,,https://www.washingtonlawhelp.org,2026-09-06,,,EH,derived
legal_walawhelp,WashingtonLawHelp,legal,Igbo,0,0,,False,none,0,,,https://www.washingtonlawhelp.org,2026-09-06,,,EH,derived
legal_walawhelp,WashingtonLawHelp,legal,Ilokano,0,0,,False,none,0,,,https://www.washingtonlawhelp.org,2026-09-06,,,EH,derived
legal_walawhelp,WashingtonLawHelp,legal,Indonesian,0,0,,False,none,0,,,https://www.washingtonlawhelp.org,2026-09-06,,,EH,derived
legal_walawhelp,WashingtonLawHelp,legal,Italian,0,0,,False,none,0,,,https://www.washingtonlawhelp.org,2026-09-06,,,EH,derived
legal_walawhelp,WashingtonLawHelp,legal,Japanese,0,0,,False,none,0,,,https://www.washingtonlawhelp.org,2026-09-06,,,EH,derived
legal_walawhelp,WashingtonLawHelp,legal,Kakwa,0,0,,False,none,0,,,https://www.washingtonlawhelp.org,2026-09-06,,,EH,derived
legal_walawhelp,WashingtonLawHelp,legal,Kannada,0,0,,False,none,0,,,https://www.washingtonlawhelp.org,2026-09-06,,,EH,derived
legal_walawhelp,WashingtonLawHelp,legal,Karen,0,0,,False,none,0,,,https://www.washingtonlawhelp.org,2026-09-06,,,EH,derived
legal_walawhelp,WashingtonLawHelp,legal,Karenni,0,0,,False,none,0,,,https://www.washingtonlawhelp.org,2026-09-06,,,EH,derived
legal_walawhelp,WashingtonLawHelp,legal,Kazakh,0,0,,False,none,0,,,https://www.washingtonlawhelp.org,2026-09-06,,,EH,derived
legal_walawhelp,WashingtonLawHelp,legal,Khmer,3,0,,True,in_language_document,2,likhitphdersiddhiqcinrtaiy; lupcool-tkhuut-likhitphdersiddhi,,https://www.washingtonlawhelp.org/km/likhitphdersiddhiqcinrtaiy,2026-09-06,unchecked,2 page(s) or document(s) in this language | Count is documents only. Navigation and topic category pages are excluded; counting them overstated this figure roughly eightfold,EH,derived
legal_walawhelp,WashingtonLawHelp,legal,Kikuyu,0,0,,False,none,0,,,https://www.washingtonlawhelp.org,2026-09-06,,,EH,derived
legal_walawhelp,WashingtonLawHelp,legal,Kinyarwanda,0,0,,False,none,0,,,https://www.washingtonlawhelp.org,2026-09-06,,,EH,derived
legal_walawhelp,WashingtonLawHelp,legal,Kirgiz,0,0,,False,none,0,,,https://www.washingtonlawhelp.org,2026-09-06,,,EH,derived
legal_walawhelp,WashingtonLawHelp,legal,Kirundi,0,0,,False,none,0,,,https://www.washingtonlawhelp.org,2026-09-06,,,EH,derived
legal_walawhelp,WashingtonLawHelp,legal,Kmhmu,0,0,,False,none,0,,,https://www.washingtonlawhelp.org,2026-09-06,,,EH,derived
legal_walawhelp,WashingtonLawHelp,legal,Kongo,0,0,,False,none,0,,,https://www.washingtonlawhelp.org,2026-09-06,,,EH,derived
legal_walawhelp,WashingtonLawHelp,legal,Korean,3,0,,True,in_language_document,3,bonini-aileul-dolbol-su-eobsneun-sanghwangeul-daebihae-daleun-salami-aileul-dolbwajul-su-issdolog; wiimjang-chwisocheolhoe; yeonggu-wiimjang,,https://www.washingtonlawhelp.org/ko/bonini-aileul-dolbol-su-eobsneun-sanghwangeul-daebihae-daleun-salami-aileul-dolbwajul-su-issdolog,2026-09-06,unchecked,3 page(s) or document(s) in this language | Count is documents only. Navigation and topic category pages are excluded; counting them overstated this figure roughly eightfold,EH,derived
legal_walawhelp,WashingtonLawHelp,legal,Kosraean,0,0,,False,none,0,,,https://www.washingtonlawhelp.org,2026-09-06,,,EH,derived
legal_walawhelp,WashingtonLawHelp,legal,Krahn,0,0,,False,none,0,,,https://www.washingtonlawhelp.org,2026-09-06,,,EH,derived
legal_walawhelp,WashingtonLawHelp,legal,Krio,0,0,,False,none,0,,,https://www.washingtonlawhelp.org,2026-09-06,,,EH,derived
legal_walawhelp,WashingtonLawHelp,legal,Kru,0,0,,False,none,0,,,https://www.washingtonlawhelp.org,2026-09-06,,,EH,derived
legal_walawhelp,WashingtonLawHelp,legal,Kurdish,0,0,,False,none,0,,,https://www.washingtonlawhelp.org,2026-09-06,,,EH,derived
legal_walawhelp,WashingtonLawHelp,legal,Lao,0,0,,False,none,0,,,https://www.washingtonlawhelp.org,2026-09-06,,,EH,derived
legal_walawhelp,WashingtonLawHelp,legal,Latvian,0,0,,False,none,0,,,https://www.washingtonlawhelp.org,2026-09-06,,,EH,derived
legal_walawhelp,WashingtonLawHelp,legal,Lingala,0,0,,False,none,0,,,https://www.washingtonlawhelp.org,2026-09-06,,,EH,derived
legal_walawhelp,WashingtonLawHelp,legal,Luganda,0,0,,False,none,0,,,https://www.washingtonlawhelp.org,2026-09-06,,,EH,derived
legal_walawhelp,WashingtonLawHelp,legal,Maay Maay,0,0,,False,none,0,,,https://www.washingtonlawhelp.org,2026-09-06,,,EH,derived
legal_walawhelp,WashingtonLawHelp,legal,Malay,0,0,,False,none,0,,,https://www.washingtonlawhelp.org,2026-09-06,,,EH,derived
legal_walawhelp,WashingtonLawHelp,legal,Malayalam,0,0,,False,none,0,,,https://www.washingtonlawhelp.org,2026-09-06,,,EH,derived
legal_walawhelp,WashingtonLawHelp,legal,Mam,0,0,,False,none,0,,,https://www.washingtonlawhelp.org,2026-09-06,,,EH,derived
legal_walawhelp,WashingtonLawHelp,legal,Mandingo,0,0,,False,none,0,,,https://www.washingtonlawhelp.org,2026-09-06,,,EH,derived
legal_walawhelp,WashingtonLawHelp,legal,Mandinka,0,0,,False,none,0,,,https://www.washingtonlawhelp.org,2026-09-06,,,EH,derived
legal_walawhelp,WashingtonLawHelp,legal,Marathi,0,0,,False,none,0,,,https://www.washingtonlawhelp.org,2026-09-06,,,EH,derived
legal_walawhelp,WashingtonLawHelp,legal,Marquesan,0,0,,False,none,0,,,https://www.washingtonlawhelp.org,2026-09-06,,,EH,derived
legal_walawhelp,WashingtonLawHelp,legal,Marshallese,3,0,,True,in_language_document,1,wonmaanlok-peba-kakien-maron-nan-juon-armej-komadmod-ikijen-jaan,,https://www.washingtonlawhelp.org/mh/wonmaanlok-peba-kakien-maron-nan-juon-armej-komadmod-ikijen-jaan,2026-09-06,unchecked,1 page(s) or document(s) in this language | Count is documents only. Navigation and topic category pages are excluded; counting them overstated this figure roughly eightfold,EH,derived
legal_walawhelp,WashingtonLawHelp,legal,Maya-Quiche,0,0,,False,none,0,,,https://www.washingtonlawhelp.org,2026-09-06,,,EH,derived
legal_walawhelp,WashingtonLawHelp,legal,Mien,0,0,,False,none,0,,,https://www.washingtonlawhelp.org,2026-09-06,,,EH,derived
legal_walawhelp,WashingtonLawHelp,legal,Mixteco,0,0,,False,none,0,,,https://www.washingtonlawhelp.org,2026-09-06,,,EH,derived
legal_walawhelp,WashingtonLawHelp,legal,Moldavian,0,0,,False,none,0,,,https://www.washingtonlawhelp.org,2026-09-06,,,EH,derived
legal_walawhelp,WashingtonLawHelp,legal,Mongolian,0,0,,False,none,0,,,https://www.washingtonlawhelp.org,2026-09-06,,,EH,derived
legal_walawhelp,WashingtonLawHelp,legal,Moore,0,0,,False,none,0,,,https://www.washingtonlawhelp.org,2026-09-06,,,EH,derived
legal_walawhelp,WashingtonLawHelp,legal,"Nahuatl, Guerrero region",0,0,,False,none,0,,,https://www.washingtonlawhelp.org,2026-09-06,,,EH,derived
legal_walawhelp,WashingtonLawHelp,legal,Nepali,0,0,,False,none,0,,,https://www.washingtonlawhelp.org,2026-09-06,,,EH,derived
legal_walawhelp,WashingtonLawHelp,legal,Nuer,0,0,,False,none,0,,,https://www.washingtonlawhelp.org,2026-09-06,,,EH,derived
legal_walawhelp,WashingtonLawHelp,legal,Oromo,0,0,,False,none,0,,,https://www.washingtonlawhelp.org,2026-09-06,,,EH,derived
legal_walawhelp,WashingtonLawHelp,legal,Palau,0,0,,False,none,0,,,https://www.washingtonlawhelp.org,2026-09-06,,,EH,derived
legal_walawhelp,WashingtonLawHelp,legal,Pashai,0,0,,False,none,0,,,https://www.washingtonlawhelp.org,2026-09-06,,,EH,derived
legal_walawhelp,WashingtonLawHelp,legal,Pashto,0,0,,False,none,0,,,https://www.washingtonlawhelp.org,2026-09-06,,,EH,derived
legal_walawhelp,WashingtonLawHelp,legal,Pere,0,0,,False,none,0,,,https://www.washingtonlawhelp.org,2026-09-06,,,EH,derived
legal_walawhelp,WashingtonLawHelp,legal,Polish,0,0,,False,none,0,,,https://www.washingtonlawhelp.org,2026-09-06,,,EH,derived
legal_walawhelp,WashingtonLawHelp,legal,Portuguese,0,0,,False,none,0,,,https://www.washingtonlawhelp.org,2026-09-06,,,EH,derived
legal_walawhelp,WashingtonLawHelp,legal,Punjabi,0,0,,False,none,0,,,https://www.washingtonlawhelp.org,2026-09-06,,,EH,derived
legal_walawhelp,WashingtonLawHelp,legal,Purepecha,0,0,,False,none,0,,,https://www.washingtonlawhelp.org,2026-09-06,,,EH,derived
legal_walawhelp,WashingtonLawHelp,legal,Rohingya,0,0,,False,none,0,,,https://www.washingtonlawhelp.org,2026-09-06,,,EH,derived
legal_walawhelp,WashingtonLawHelp,legal,Romanian,0,0,,False,none,0,,,https://www.washingtonlawhelp.org,2026-09-06,,,EH,derived
legal_walawhelp,WashingtonLawHelp,legal,Russian,3,0,,True,in_language_document,3,dolgosrochnaya-doverennost; kak-otmenit-otozvat-doverennost; splaniruyte-kto-budet-zabotitsya-o-vashem-rebyonke-esli-vy-ne-smozhete,,https://www.washingtonlawhelp.org/ru/dolgosrochnaya-doverennost,2026-09-06,unchecked,3 page(s) or document(s) in this language | Count is documents only. Navigation and topic category pages are excluded; counting them overstated this figure roughly eightfold,EH,derived
legal_walawhelp,WashingtonLawHelp,legal,Samoan,0,0,,False,none,0,,,https://www.washingtonlawhelp.org,2026-09-06,,,EH,derived
legal_walawhelp,WashingtonLawHelp,legal,Sao,0,0,,False,none,0,,,https://www.washingtonlawhelp.org,2026-09-06,,,EH,derived
legal_walawhelp,WashingtonLawHelp,legal,Serbo-Croation,0,0,,False,none,0,,,https://www.washingtonlawhelp.org,2026-09-06,,,EH,derived
legal_walawhelp,WashingtonLawHelp,legal,Shona,0,0,,False,none,0,,,https://www.washingtonlawhelp.org,2026-09-06,,,EH,derived
legal_walawhelp,WashingtonLawHelp,legal,Sinhalese,0,0,,False,none,0,,,https://www.washingtonlawhelp.org,2026-09-06,,,EH,derived
legal_walawhelp,WashingtonLawHelp,legal,Slovenian,0,0,,False,none,0,,,https://www.washingtonlawhelp.org,2026-09-06,,,EH,derived
legal_walawhelp,WashingtonLawHelp,legal,Somali,0,0,,False,none,0,,,https://www.washingtonlawhelp.org,2026-09-06,,,EH,derived
legal_walawhelp,WashingtonLawHelp,legal,Soninke,0,0,,False,none,0,,,https://www.washingtonlawhelp.org,2026-09-06,,,EH,derived
legal_walawhelp,WashingtonLawHelp,legal,Sotho,0,0,,False,none,0,,,https://www.washingtonlawhelp.org,2026-09-06,,,EH,derived
legal_walawhelp,WashingtonLawHelp,legal,Spanish,3,0,,True,in_language_document,314,VSED; abogados-gratuitos-para-personas-que-rentan-en-el-estado-de-washington; acabo-de-comprar-un-vehiculo-usado-no-funciona-bien; accesibilidad; accidentes-en-el-trabajo-y-sus-derechos; acerca-de-washington-law-help,,https://www.washingtonlawhelp.org/es/VSED,2026-09-06,unchecked,314 page(s) or document(s) in this language | Count is documents only. Navigation and topic category pages are excluded; counting them overstated this figure roughly eightfold,EH,derived
legal_walawhelp,WashingtonLawHelp,legal,Swahili,0,0,,False,none,0,,,https://www.washingtonlawhelp.org,2026-09-06,,,EH,derived
legal_walawhelp,WashingtonLawHelp,legal,Tagalog,3,0,,True,in_language_document,2,durable-power-attorney; kanselahin-pawalang-bisa-ang-power-attorney,,https://www.washingtonlawhelp.org/fil/durable-power-attorney,2026-09-06,unchecked,2 page(s) or document(s) in this language | Count is documents only. Navigation and topic category pages are excluded; counting them overstated this figure roughly eightfold,EH,derived
legal_walawhelp,WashingtonLawHelp,legal,Taishanese,0,0,,False,none,0,,,https://www.washingtonlawhelp.org,2026-09-06,,,EH,derived
legal_walawhelp,WashingtonLawHelp,legal,Tajiki,0,0,,False,none,0,,,https://www.washingtonlawhelp.org,2026-09-06,,,EH,derived
legal_walawhelp,WashingtonLawHelp,legal,Tamil,0,0,,False,none,0,,,https://www.washingtonlawhelp.org,2026-09-06,,,EH,derived
legal_walawhelp,WashingtonLawHelp,legal,Tarasco,0,0,,False,none,0,,,https://www.washingtonlawhelp.org,2026-09-06,,,EH,derived
legal_walawhelp,WashingtonLawHelp,legal,Tedim,0,0,,False,none,0,,,https://www.washingtonlawhelp.org,2026-09-06,,,EH,derived
legal_walawhelp,WashingtonLawHelp,legal,Telugu,0,0,,False,none,0,,,https://www.washingtonlawhelp.org,2026-09-06,,,EH,derived
legal_walawhelp,WashingtonLawHelp,legal,Thai,0,0,,False,none,0,,,https://www.washingtonlawhelp.org,2026-09-06,,,EH,derived
legal_walawhelp,WashingtonLawHelp,legal,Tibetan,0,0,,False,none,0,,,https://www.washingtonlawhelp.org,2026-09-06,,,EH,derived
legal_walawhelp,WashingtonLawHelp,legal,Tigrinya,0,0,,False,none,0,,,https://www.washingtonlawhelp.org,2026-09-06,,,EH,derived
legal_walawhelp,WashingtonLawHelp,legal,Tongan,0,0,,False,none,0,,,https://www.washingtonlawhelp.org,2026-09-06,,,EH,derived
legal_walawhelp,WashingtonLawHelp,legal,Turkish,0,0,,False,none,0,,,https://www.washingtonlawhelp.org,2026-09-06,,,EH,derived
legal_walawhelp,WashingtonLawHelp,legal,Twi,0,0,,False,none,0,,,https://www.washingtonlawhelp.org,2026-09-06,,,EH,derived
legal_walawhelp,WashingtonLawHelp,legal,Ukrainian,0,0,,False,none,0,,,https://www.washingtonlawhelp.org,2026-09-06,,,EH,derived
legal_walawhelp,WashingtonLawHelp,legal,Urdu,0,0,,False,none,0,,,https://www.washingtonlawhelp.org,2026-09-06,,,EH,derived
legal_walawhelp,WashingtonLawHelp,legal,Uzbek,0,0,,False,none,0,,,https://www.washingtonlawhelp.org,2026-09-06,,,EH,derived
legal_walawhelp,WashingtonLawHelp,legal,Vietnamese,3,0,,True,in_language_document,3,hay-len-ke-hoach-nho-nguoi-khac-cham-soc-con-cai-neu-quy-vi-khong-tu-minh-lam-duoc; huy-thu-hoi-giay-uy-quyen; uy-quyen-lau-dai,,https://www.washingtonlawhelp.org/vi/hay-len-ke-hoach-nho-nguoi-khac-cham-soc-con-cai-neu-quy-vi-khong-tu-minh-lam-duoc,2026-09-06,unchecked,3 page(s) or document(s) in this language | Count is documents only. Navigation and topic category pages are excluded; counting them overstated this figure roughly eightfold,EH,derived
legal_walawhelp,WashingtonLawHelp,legal,Wolof,0,0,,False,none,0,,,https://www.washingtonlawhelp.org,2026-09-06,,,EH,derived
legal_walawhelp,WashingtonLawHelp,legal,Yap,0,0,,False,none,0,,,https://www.washingtonlawhelp.org,2026-09-06,,,EH,derived
legal_walawhelp,WashingtonLawHelp,legal,Yoruba,0,0,,False,none,0,,,https://www.washingtonlawhelp.org,2026-09-06,,,EH,derived
legal_kcba,King County Bar Association,legal,Acholi,0,0,,False,none,0,,,https://www.kcba.org,2026-09-06,,,EH,derived
legal_kcba,King County Bar Association,legal,Aguacateco,0,0,,False,none,0,,,https://www.kcba.org,2026-09-06,,,EH,derived
legal_kcba,King County Bar Association,legal,Akateko,0,0,,False,none,0,,,https://www.kcba.org,2026-09-06,,,EH,derived
legal_kcba,King County Bar Association,legal,Albanian,0,0,,False,none,0,,,https://www.kcba.org,2026-09-06,,,EH,derived
legal_kcba,King County Bar Association,legal,American Sign Language,0,0,,False,none,0,,,https://www.kcba.org,2026-09-06,,,EH,derived
legal_kcba,King County Bar Association,legal,Amharic,0,0,,False,none,0,,,https://www.kcba.org,2026-09-06,,,EH,derived
legal_kcba,King County Bar Association,legal,Arabic,0,0,,False,none,0,,,https://www.kcba.org,2026-09-06,,,EH,derived
legal_kcba,King County Bar Association,legal,Armenian,0,0,,False,none,0,,,https://www.kcba.org,2026-09-06,,,EH,derived
legal_kcba,King County Bar Association,legal,Ayula-Bambara,0,0,,False,none,0,,,https://www.kcba.org,2026-09-06,,,EH,derived
legal_kcba,King County Bar Association,legal,Azerbaijani,0,0,,False,none,0,,,https://www.kcba.org,2026-09-06,,,EH,derived
legal_kcba,King County Bar Association,legal,Bambara,0,0,,False,none,0,,,https://www.kcba.org,2026-09-06,,,EH,derived
legal_kcba,King County Bar Association,legal,Bangala,0,0,,False,none,0,,,https://www.kcba.org,2026-09-06,,,EH,derived
legal_kcba,King County Bar Association,legal,Bassa,0,0,,False,none,0,,,https://www.kcba.org,2026-09-06,,,EH,derived
legal_kcba,King County Bar Association,legal,Bengali,0,0,,False,none,0,,,https://www.kcba.org,2026-09-06,,,EH,derived
legal_kcba,King County Bar Association,legal,Bosnian,0,0,,False,none,0,,,https://www.kcba.org,2026-09-06,,,EH,derived
legal_kcba,King County Bar Association,legal,Bulgarian,0,0,,False,none,0,,,https://www.kcba.org,2026-09-06,,,EH,derived
legal_kcba,King County Bar Association,legal,Burmese,0,0,,False,none,0,,,https://www.kcba.org,2026-09-06,,,EH,derived
legal_kcba,King County Bar Association,legal,Carolinian,0,0,,False,none,0,,,https://www.kcba.org,2026-09-06,,,EH,derived
legal_kcba,King County Bar Association,legal,Catalan,0,0,,False,none,0,,,https://www.kcba.org,2026-09-06,,,EH,derived
legal_kcba,King County Bar Association,legal,Cebuano,0,0,,False,none,0,,,https://www.kcba.org,2026-09-06,,,EH,derived
legal_kcba,King County Bar Association,legal,Cham,0,0,,False,none,0,,,https://www.kcba.org,2026-09-06,,,EH,derived
legal_kcba,King County Bar Association,legal,Chamorro,0,0,,False,none,0,,,https://www.kcba.org,2026-09-06,,,EH,derived
legal_kcba,King County Bar Association,legal,Chin,0,0,,False,none,0,,,https://www.kcba.org,2026-09-06,,,EH,derived
legal_kcba,King County Bar Association,legal,Chinese-Cantonese,0,0,,False,none,0,,,https://www.kcba.org,2026-09-06,,,EH,derived
legal_kcba,King County Bar Association,legal,Chinese-Fukienese,0,0,,False,none,0,,,https://www.kcba.org,2026-09-06,,,EH,derived
legal_kcba,King County Bar Association,legal,Chinese-Mandarin,0,0,,False,none,0,,,https://www.kcba.org,2026-09-06,,,EH,derived
legal_kcba,King County Bar Association,legal,Chinese-Taiwanese,0,0,,False,none,0,,,https://www.kcba.org,2026-09-06,,,EH,derived
legal_kcba,King County Bar Association,legal,Chuukese,0,0,,False,none,0,,,https://www.kcba.org,2026-09-06,,,EH,derived
legal_kcba,King County Bar Association,legal,Dari,0,0,,False,none,0,,,https://www.kcba.org,2026-09-06,,,EH,derived
legal_kcba,King County Bar Association,legal,Dinka,0,0,,False,none,0,,,https://www.kcba.org,2026-09-06,,,EH,derived
legal_kcba,King County Bar Association,legal,Dutch,0,0,,False,none,0,,,https://www.kcba.org,2026-09-06,,,EH,derived
legal_kcba,King County Bar Association,legal,Egyptian-Arabic,0,0,,False,none,0,,,https://www.kcba.org,2026-09-06,,,EH,derived
legal_kcba,King County Bar Association,legal,Eritai,0,0,,False,none,0,,,https://www.kcba.org,2026-09-06,,,EH,derived
legal_kcba,King County Bar Association,legal,Estonian,0,0,,False,none,0,,,https://www.kcba.org,2026-09-06,,,EH,derived
legal_kcba,King County Bar Association,legal,Ewe,0,0,,False,none,0,,,https://www.kcba.org,2026-09-06,,,EH,derived
legal_kcba,King County Bar Association,legal,Fallani,0,0,,False,none,0,,,https://www.kcba.org,2026-09-06,,,EH,derived
legal_kcba,King County Bar Association,legal,Farsi,0,0,,False,none,0,,,https://www.kcba.org,2026-09-06,,,EH,derived
legal_kcba,King County Bar Association,legal,French,0,0,,False,none,0,,,https://www.kcba.org,2026-09-06,,,EH,derived
legal_kcba,King County Bar Association,legal,Fula,0,0,,False,none,0,,,https://www.kcba.org,2026-09-06,,,EH,derived
legal_kcba,King County Bar Association,legal,Ga,0,0,,False,none,0,,,https://www.kcba.org,2026-09-06,,,EH,derived
legal_kcba,King County Bar Association,legal,German,0,0,,False,none,0,,,https://www.kcba.org,2026-09-06,,,EH,derived
legal_kcba,King County Bar Association,legal,"Greek, Modern",0,0,,False,none,0,,,https://www.kcba.org,2026-09-06,,,EH,derived
legal_kcba,King County Bar Association,legal,Gujarati,0,0,,False,none,0,,,https://www.kcba.org,2026-09-06,,,EH,derived
legal_kcba,King County Bar Association,legal,Haitian Creole,0,0,,False,none,0,,,https://www.kcba.org,2026-09-06,,,EH,derived
legal_kcba,King County Bar Association,legal,Hausa,0,0,,False,none,0,,,https://www.kcba.org,2026-09-06,,,EH,derived
legal_kcba,King County Bar Association,legal,Hawaiian,0,0,,False,none,0,,,https://www.kcba.org,2026-09-06,,,EH,derived
legal_kcba,King County Bar Association,legal,Herero,0,0,,False,none,0,,,https://www.kcba.org,2026-09-06,,,EH,derived
legal_kcba,King County Bar Association,legal,Hindi,0,0,,False,none,0,,,https://www.kcba.org,2026-09-06,,,EH,derived
legal_kcba,King County Bar Association,legal,Hmong,0,0,,False,none,0,,,https://www.kcba.org,2026-09-06,,,EH,derived
legal_kcba,King County Bar Association,legal,Hungarian,0,0,,False,none,0,,,https://www.kcba.org,2026-09-06,,,EH,derived
legal_kcba,King County Bar Association,legal,Igbo,0,0,,False,none,0,,,https://www.kcba.org,2026-09-06,,,EH,derived
legal_kcba,King County Bar Association,legal,Ilokano,0,0,,False,none,0,,,https://www.kcba.org,2026-09-06,,,EH,derived
legal_kcba,King County Bar Association,legal,Indonesian,0,0,,False,none,0,,,https://www.kcba.org,2026-09-06,,,EH,derived
legal_kcba,King County Bar Association,legal,Italian,0,0,,False,none,0,,,https://www.kcba.org,2026-09-06,,,EH,derived
legal_kcba,King County Bar Association,legal,Japanese,0,0,,False,none,0,,,https://www.kcba.org,2026-09-06,,,EH,derived
legal_kcba,King County Bar Association,legal,Kakwa,0,0,,False,none,0,,,https://www.kcba.org,2026-09-06,,,EH,derived
legal_kcba,King County Bar Association,legal,Kannada,0,0,,False,none,0,,,https://www.kcba.org,2026-09-06,,,EH,derived
legal_kcba,King County Bar Association,legal,Karen,0,0,,False,none,0,,,https://www.kcba.org,2026-09-06,,,EH,derived
legal_kcba,King County Bar Association,legal,Karenni,0,0,,False,none,0,,,https://www.kcba.org,2026-09-06,,,EH,derived
legal_kcba,King County Bar Association,legal,Kazakh,0,0,,False,none,0,,,https://www.kcba.org,2026-09-06,,,EH,derived
legal_kcba,King County Bar Association,legal,Khmer,0,0,,False,none,0,,,https://www.kcba.org,2026-09-06,,,EH,derived
legal_kcba,King County Bar Association,legal,Kikuyu,0,0,,False,none,0,,,https://www.kcba.org,2026-09-06,,,EH,derived
legal_kcba,King County Bar Association,legal,Kinyarwanda,0,0,,False,none,0,,,https://www.kcba.org,2026-09-06,,,EH,derived
legal_kcba,King County Bar Association,legal,Kirgiz,0,0,,False,none,0,,,https://www.kcba.org,2026-09-06,,,EH,derived
legal_kcba,King County Bar Association,legal,Kirundi,0,0,,False,none,0,,,https://www.kcba.org,2026-09-06,,,EH,derived
legal_kcba,King County Bar Association,legal,Kmhmu,0,0,,False,none,0,,,https://www.kcba.org,2026-09-06,,,EH,derived
legal_kcba,King County Bar Association,legal,Kongo,0,0,,False,none,0,,,https://www.kcba.org,2026-09-06,,,EH,derived
legal_kcba,King County Bar Association,legal,Korean,0,0,,False,none,0,,,https://www.kcba.org,2026-09-06,,,EH,derived
legal_kcba,King County Bar Association,legal,Kosraean,0,0,,False,none,0,,,https://www.kcba.org,2026-09-06,,,EH,derived
legal_kcba,King County Bar Association,legal,Krahn,0,0,,False,none,0,,,https://www.kcba.org,2026-09-06,,,EH,derived
legal_kcba,King County Bar Association,legal,Krio,0,0,,False,none,0,,,https://www.kcba.org,2026-09-06,,,EH,derived
legal_kcba,King County Bar Association,legal,Kru,0,0,,False,none,0,,,https://www.kcba.org,2026-09-06,,,EH,derived
legal_kcba,King County Bar Association,legal,Kurdish,0,0,,False,none,0,,,https://www.kcba.org,2026-09-06,,,EH,derived
legal_kcba,King County Bar Association,legal,Lao,0,0,,False,none,0,,,https://www.kcba.org,2026-09-06,,,EH,derived
legal_kcba,King County Bar Association,legal,Latvian,0,0,,False,none,0,,,https://www.kcba.org,2026-09-06,,,EH,derived
legal_kcba,King County Bar Association,legal,Lingala,0,0,,False,none,0,,,https://www.kcba.org,2026-09-06,,,EH,derived
legal_kcba,King County Bar Association,legal,Luganda,0,0,,False,none,0,,,https://www.kcba.org,2026-09-06,,,EH,derived
legal_kcba,King County Bar Association,legal,Maay Maay,0,0,,False,none,0,,,https://www.kcba.org,2026-09-06,,,EH,derived
legal_kcba,King County Bar Association,legal,Malay,0,0,,False,none,0,,,https://www.kcba.org,2026-09-06,,,EH,derived
legal_kcba,King County Bar Association,legal,Malayalam,0,0,,False,none,0,,,https://www.kcba.org,2026-09-06,,,EH,derived
legal_kcba,King County Bar Association,legal,Mam,0,0,,False,none,0,,,https://www.kcba.org,2026-09-06,,,EH,derived
legal_kcba,King County Bar Association,legal,Mandingo,0,0,,False,none,0,,,https://www.kcba.org,2026-09-06,,,EH,derived
legal_kcba,King County Bar Association,legal,Mandinka,0,0,,False,none,0,,,https://www.kcba.org,2026-09-06,,,EH,derived
legal_kcba,King County Bar Association,legal,Marathi,0,0,,False,none,0,,,https://www.kcba.org,2026-09-06,,,EH,derived
legal_kcba,King County Bar Association,legal,Marquesan,0,0,,False,none,0,,,https://www.kcba.org,2026-09-06,,,EH,derived
legal_kcba,King County Bar Association,legal,Marshallese,0,0,,False,none,0,,,https://www.kcba.org,2026-09-06,,,EH,derived
legal_kcba,King County Bar Association,legal,Maya-Quiche,0,0,,False,none,0,,,https://www.kcba.org,2026-09-06,,,EH,derived
legal_kcba,King County Bar Association,legal,Mien,0,0,,False,none,0,,,https://www.kcba.org,2026-09-06,,,EH,derived
legal_kcba,King County Bar Association,legal,Mixteco,0,0,,False,none,0,,,https://www.kcba.org,2026-09-06,,,EH,derived
legal_kcba,King County Bar Association,legal,Moldavian,0,0,,False,none,0,,,https://www.kcba.org,2026-09-06,,,EH,derived
legal_kcba,King County Bar Association,legal,Mongolian,0,0,,False,none,0,,,https://www.kcba.org,2026-09-06,,,EH,derived
legal_kcba,King County Bar Association,legal,Moore,0,0,,False,none,0,,,https://www.kcba.org,2026-09-06,,,EH,derived
legal_kcba,King County Bar Association,legal,"Nahuatl, Guerrero region",0,0,,False,none,0,,,https://www.kcba.org,2026-09-06,,,EH,derived
legal_kcba,King County Bar Association,legal,Nepali,0,0,,False,none,0,,,https://www.kcba.org,2026-09-06,,,EH,derived
legal_kcba,King County Bar Association,legal,Nuer,0,0,,False,none,0,,,https://www.kcba.org,2026-09-06,,,EH,derived
legal_kcba,King County Bar Association,legal,Oromo,0,0,,False,none,0,,,https://www.kcba.org,2026-09-06,,,EH,derived
legal_kcba,King County Bar Association,legal,Palau,0,0,,False,none,0,,,https://www.kcba.org,2026-09-06,,,EH,derived
legal_kcba,King County Bar Association,legal,Pashai,0,0,,False,none,0,,,https://www.kcba.org,2026-09-06,,,EH,derived
legal_kcba,King County Bar Association,legal,Pashto,0,0,,False,none,0,,,https://www.kcba.org,2026-09-06,,,EH,derived
legal_kcba,King County Bar Association,legal,Pere,0,0,,False,none,0,,,https://www.kcba.org,2026-09-06,,,EH,derived
legal_kcba,King County Bar Association,legal,Polish,0,0,,False,none,0,,,https://www.kcba.org,2026-09-06,,,EH,derived
legal_kcba,King County Bar Association,legal,Portuguese,0,0,,False,none,0,,,https://www.kcba.org,2026-09-06,,,EH,derived
legal_kcba,King County Bar Association,legal,Punjabi,0,0,,False,none,0,,,https://www.kcba.org,2026-09-06,,,EH,derived
legal_kcba,King County Bar Association,legal,Purepecha,0,0,,False,none,0,,,https://www.kcba.org,2026-09-06,,,EH,derived
legal_kcba,King County Bar Association,legal,Rohingya,0,0,,False,none,0,,,https://www.kcba.org,2026-09-06,,,EH,derived
legal_kcba,King County Bar Association,legal,Romanian,0,0,,False,none,0,,,https://www.kcba.org,2026-09-06,,,EH,derived
legal_kcba,King County Bar Association,legal,Russian,0,0,,False,none,0,,,https://www.kcba.org,2026-09-06,,,EH,derived
legal_kcba,King County Bar Association,legal,Samoan,0,0,,False,none,0,,,https://www.kcba.org,2026-09-06,,,EH,derived
legal_kcba,King County Bar Association,legal,Sao,0,0,,False,none,0,,,https://www.kcba.org,2026-09-06,,,EH,derived
legal_kcba,King County Bar Association,legal,Serbo-Croation,0,0,,False,none,0,,,https://www.kcba.org,2026-09-06,,,EH,derived
legal_kcba,King County Bar Association,legal,Shona,0,0,,False,none,0,,,https://www.kcba.org,2026-09-06,,,EH,derived
legal_kcba,King County Bar Association,legal,Sinhalese,0,0,,False,none,0,,,https://www.kcba.org,2026-09-06,,,EH,derived
legal_kcba,King County Bar Association,legal,Slovenian,0,0,,False,none,0,,,https://www.kcba.org,2026-09-06,,,EH,derived
legal_kcba,King County Bar Association,legal,Somali,0,0,,False,none,0,,,https://www.kcba.org,2026-09-06,,,EH,derived
legal_kcba,King County Bar Association,legal,Soninke,0,0,,False,none,0,,,https://www.kcba.org,2026-09-06,,,EH,derived
legal_kcba,King County Bar Association,legal,Sotho,0,0,,False,none,0,,,https://www.kcba.org,2026-09-06,,,EH,derived
legal_kcba,King County Bar Association,legal,Spanish,0,0,,False,none,0,,,https://www.kcba.org,2026-09-06,,,EH,derived
legal_kcba,King County Bar Association,legal,Swahili,0,0,,False,none,0,,,https://www.kcba.org,2026-09-06,,,EH,derived
legal_kcba,King County Bar Association,legal,Tagalog,0,0,,False,none,0,,,https://www.kcba.org,2026-09-06,,,EH,derived
legal_kcba,King County Bar Association,legal,Taishanese,0,0,,False,none,0,,,https://www.kcba.org,2026-09-06,,,EH,derived
legal_kcba,King County Bar Association,legal,Tajiki,0,0,,False,none,0,,,https://www.kcba.org,2026-09-06,,,EH,derived
legal_kcba,King County Bar Association,legal,Tamil,0,0,,False,none,0,,,https://www.kcba.org,2026-09-06,,,EH,derived
legal_kcba,King County Bar Association,legal,Tarasco,0,0,,False,none,0,,,https://www.kcba.org,2026-09-06,,,EH,derived
legal_kcba,King County Bar Association,legal,Tedim,0,0,,False,none,0,,,https://www.kcba.org,2026-09-06,,,EH,derived
legal_kcba,King County Bar Association,legal,Telugu,0,0,,False,none,0,,,https://www.kcba.org,2026-09-06,,,EH,derived
legal_kcba,King County Bar Association,legal,Thai,0,0,,False,none,0,,,https://www.kcba.org,2026-09-06,,,EH,derived
legal_kcba,King County Bar Association,legal,Tibetan,0,0,,False,none,0,,,https://www.kcba.org,2026-09-06,,,EH,derived
legal_kcba,King County Bar Association,legal,Tigrinya,0,0,,False,none,0,,,https://www.kcba.org,2026-09-06,,,EH,derived
legal_kcba,King County Bar Association,legal,Tongan,0,0,,False,none,0,,,https://www.kcba.org,2026-09-06,,,EH,derived
legal_kcba,King County Bar Association,legal,Turkish,0,0,,False,none,0,,,https://www.kcba.org,2026-09-06,,,EH,derived
legal_kcba,King County Bar Association,legal,Twi,0,0,,False,none,0,,,https://www.kcba.org,2026-09-06,,,EH,derived
legal_kcba,King County Bar Association,legal,Ukrainian,0,0,,False,none,0,,,https://www.kcba.org,2026-09-06,,,EH,derived
legal_kcba,King County Bar Association,legal,Urdu,0,0,,False,none,0,,,https://www.kcba.org,2026-09-06,,,EH,derived
legal_kcba,King County Bar Association,legal,Uzbek,0,0,,False,none,0,,,https://www.kcba.org,2026-09-06,,,EH,derived
legal_kcba,King County Bar Association,legal,Vietnamese,0,0,,False,none,0,,,https://www.kcba.org,2026-09-06,,,EH,derived
legal_kcba,King County Bar Association,legal,Wolof,0,0,,False,none,0,,,https://www.kcba.org,2026-09-06,,,EH,derived
legal_kcba,King County Bar Association,legal,Yap,0,0,,False,none,0,,,https://www.kcba.org,2026-09-06,,,EH,derived
legal_kcba,King County Bar Association,legal,Yoruba,0,0,,False,none,0,,,https://www.kcba.org,2026-09-06,,,EH,derived
legal_elap,Eastside Legal Assistance Program,legal,Acholi,0,0,,False,none,0,,,https://elap.org/get-help/,2026-09-06,,"Widget restricted to 9 languages; this language is NOT on the list | Dedicated Spanish help line published beside the English one (425-747-7274 English, 425-620-2778 Espanol). Page states 'ELAP provides free interpretation services'. Help line hours Monday to Thursday, 10am to 3:30pm",EH,derived
legal_elap,Eastside Legal Assistance Program,legal,Aguacateco,0,0,,False,none,0,,,https://elap.org/get-help/,2026-09-06,,"Widget restricted to 9 languages; this language is NOT on the list | Dedicated Spanish help line published beside the English one (425-747-7274 English, 425-620-2778 Espanol). Page states 'ELAP provides free interpretation services'. Help line hours Monday to Thursday, 10am to 3:30pm",EH,derived
legal_elap,Eastside Legal Assistance Program,legal,Akateko,0,0,,False,none,0,,,https://elap.org/get-help/,2026-09-06,,"Widget restricted to 9 languages; this language is NOT on the list | Dedicated Spanish help line published beside the English one (425-747-7274 English, 425-620-2778 Espanol). Page states 'ELAP provides free interpretation services'. Help line hours Monday to Thursday, 10am to 3:30pm",EH,derived
legal_elap,Eastside Legal Assistance Program,legal,Albanian,0,0,,False,none,0,,,https://elap.org/get-help/,2026-09-06,,"Widget restricted to 9 languages; this language is NOT on the list | Dedicated Spanish help line published beside the English one (425-747-7274 English, 425-620-2778 Espanol). Page states 'ELAP provides free interpretation services'. Help line hours Monday to Thursday, 10am to 3:30pm",EH,derived
legal_elap,Eastside Legal Assistance Program,legal,American Sign Language,0,0,,False,none,0,,,https://elap.org/get-help/,2026-09-06,,"Widget restricted to 9 languages; this language is NOT on the list | Dedicated Spanish help line published beside the English one (425-747-7274 English, 425-620-2778 Espanol). Page states 'ELAP provides free interpretation services'. Help line hours Monday to Thursday, 10am to 3:30pm",EH,derived
legal_elap,Eastside Legal Assistance Program,legal,Amharic,1,2,,True,machine_widget,0,,,https://elap.org/get-help/,2026-09-06,machine,"Widget restricted to 9 languages; this language is on the list | Dedicated Spanish help line published beside the English one (425-747-7274 English, 425-620-2778 Espanol). Page states 'ELAP provides free interpretation services'. Help line hours Monday to Thursday, 10am to 3:30pm",EH,derived
legal_elap,Eastside Legal Assistance Program,legal,Arabic,1,2,,True,machine_widget,0,,,https://elap.org/get-help/,2026-09-06,,"Widget restricted to 9 languages; this language is on the list | Dedicated Spanish help line published beside the English one (425-747-7274 English, 425-620-2778 Espanol). Page states 'ELAP provides free interpretation services'. Help line hours Monday to Thursday, 10am to 3:30pm",EH,derived
legal_elap,Eastside Legal Assistance Program,legal,Armenian,0,0,,False,none,0,,,https://elap.org/get-help/,2026-09-06,,"Widget restricted to 9 languages; this language is NOT on the list | Dedicated Spanish help line published beside the English one (425-747-7274 English, 425-620-2778 Espanol). Page states 'ELAP provides free interpretation services'. Help line hours Monday to Thursday, 10am to 3:30pm",EH,derived
legal_elap,Eastside Legal Assistance Program,legal,Ayula-Bambara,0,0,,False,none,0,,,https://elap.org/get-help/,2026-09-06,,"Widget restricted to 9 languages; this language is NOT on the list | Dedicated Spanish help line published beside the English one (425-747-7274 English, 425-620-2778 Espanol). Page states 'ELAP provides free interpretation services'. Help line hours Monday to Thursday, 10am to 3:30pm",EH,derived
legal_elap,Eastside Legal Assistance Program,legal,Azerbaijani,0,0,,False,none,0,,,https://elap.org/get-help/,2026-09-06,,"Widget restricted to 9 languages; this language is NOT on the list | Dedicated Spanish help line published beside the English one (425-747-7274 English, 425-620-2778 Espanol). Page states 'ELAP provides free interpretation services'. Help line hours Monday to Thursday, 10am to 3:30pm",EH,derived
legal_elap,Eastside Legal Assistance Program,legal,Bambara,0,0,,False,none,0,,,https://elap.org/get-help/,2026-09-06,,"Widget restricted to 9 languages; this language is NOT on the list | Dedicated Spanish help line published beside the English one (425-747-7274 English, 425-620-2778 Espanol). Page states 'ELAP provides free interpretation services'. Help line hours Monday to Thursday, 10am to 3:30pm",EH,derived
legal_elap,Eastside Legal Assistance Program,legal,Bangala,0,0,,False,none,0,,,https://elap.org/get-help/,2026-09-06,,"Widget restricted to 9 languages; this language is NOT on the list | Dedicated Spanish help line published beside the English one (425-747-7274 English, 425-620-2778 Espanol). Page states 'ELAP provides free interpretation services'. Help line hours Monday to Thursday, 10am to 3:30pm",EH,derived
legal_elap,Eastside Legal Assistance Program,legal,Bassa,0,0,,False,none,0,,,https://elap.org/get-help/,2026-09-06,,"Widget restricted to 9 languages; this language is NOT on the list | Dedicated Spanish help line published beside the English one (425-747-7274 English, 425-620-2778 Espanol). Page states 'ELAP provides free interpretation services'. Help line hours Monday to Thursday, 10am to 3:30pm",EH,derived
legal_elap,Eastside Legal Assistance Program,legal,Bengali,0,0,,False,none,0,,,https://elap.org/get-help/,2026-09-06,,"Widget restricted to 9 languages; this language is NOT on the list | Dedicated Spanish help line published beside the English one (425-747-7274 English, 425-620-2778 Espanol). Page states 'ELAP provides free interpretation services'. Help line hours Monday to Thursday, 10am to 3:30pm",EH,derived
legal_elap,Eastside Legal Assistance Program,legal,Bosnian,0,0,,False,none,0,,,https://elap.org/get-help/,2026-09-06,,"Widget restricted to 9 languages; this language is NOT on the list | Dedicated Spanish help line published beside the English one (425-747-7274 English, 425-620-2778 Espanol). Page states 'ELAP provides free interpretation services'. Help line hours Monday to Thursday, 10am to 3:30pm",EH,derived
legal_elap,Eastside Legal Assistance Program,legal,Bulgarian,0,0,,False,none,0,,,https://elap.org/get-help/,2026-09-06,,"Widget restricted to 9 languages; this language is NOT on the list | Dedicated Spanish help line published beside the English one (425-747-7274 English, 425-620-2778 Espanol). Page states 'ELAP provides free interpretation services'. Help line hours Monday to Thursday, 10am to 3:30pm",EH,derived
legal_elap,Eastside Legal Assistance Program,legal,Burmese,0,0,,False,none,0,,,https://elap.org/get-help/,2026-09-06,,"Widget restricted to 9 languages; this language is NOT on the list | Dedicated Spanish help line published beside the English one (425-747-7274 English, 425-620-2778 Espanol). Page states 'ELAP provides free interpretation services'. Help line hours Monday to Thursday, 10am to 3:30pm",EH,derived
legal_elap,Eastside Legal Assistance Program,legal,Carolinian,0,0,,False,none,0,,,https://elap.org/get-help/,2026-09-06,,"Widget restricted to 9 languages; this language is NOT on the list | Dedicated Spanish help line published beside the English one (425-747-7274 English, 425-620-2778 Espanol). Page states 'ELAP provides free interpretation services'. Help line hours Monday to Thursday, 10am to 3:30pm",EH,derived
legal_elap,Eastside Legal Assistance Program,legal,Catalan,0,0,,False,none,0,,,https://elap.org/get-help/,2026-09-06,,"Widget restricted to 9 languages; this language is NOT on the list | Dedicated Spanish help line published beside the English one (425-747-7274 English, 425-620-2778 Espanol). Page states 'ELAP provides free interpretation services'. Help line hours Monday to Thursday, 10am to 3:30pm",EH,derived
legal_elap,Eastside Legal Assistance Program,legal,Cebuano,0,0,,False,none,0,,,https://elap.org/get-help/,2026-09-06,,"Widget restricted to 9 languages; this language is NOT on the list | Dedicated Spanish help line published beside the English one (425-747-7274 English, 425-620-2778 Espanol). Page states 'ELAP provides free interpretation services'. Help line hours Monday to Thursday, 10am to 3:30pm",EH,derived
legal_elap,Eastside Legal Assistance Program,legal,Cham,0,0,,False,none,0,,,https://elap.org/get-help/,2026-09-06,,"Widget restricted to 9 languages; this language is NOT on the list | Dedicated Spanish help line published beside the English one (425-747-7274 English, 425-620-2778 Espanol). Page states 'ELAP provides free interpretation services'. Help line hours Monday to Thursday, 10am to 3:30pm",EH,derived
legal_elap,Eastside Legal Assistance Program,legal,Chamorro,0,0,,False,none,0,,,https://elap.org/get-help/,2026-09-06,,"Widget restricted to 9 languages; this language is NOT on the list | Dedicated Spanish help line published beside the English one (425-747-7274 English, 425-620-2778 Espanol). Page states 'ELAP provides free interpretation services'. Help line hours Monday to Thursday, 10am to 3:30pm",EH,derived
legal_elap,Eastside Legal Assistance Program,legal,Chin,0,0,,False,none,0,,,https://elap.org/get-help/,2026-09-06,,"Widget restricted to 9 languages; this language is NOT on the list | Dedicated Spanish help line published beside the English one (425-747-7274 English, 425-620-2778 Espanol). Page states 'ELAP provides free interpretation services'. Help line hours Monday to Thursday, 10am to 3:30pm",EH,derived
legal_elap,Eastside Legal Assistance Program,legal,Chinese-Cantonese,0,0,,False,none,0,,,https://elap.org/get-help/,2026-09-06,,"Widget restricted to 9 languages; this language is NOT on the list | Dedicated Spanish help line published beside the English one (425-747-7274 English, 425-620-2778 Espanol). Page states 'ELAP provides free interpretation services'. Help line hours Monday to Thursday, 10am to 3:30pm",EH,derived
legal_elap,Eastside Legal Assistance Program,legal,Chinese-Fukienese,0,0,,False,none,0,,,https://elap.org/get-help/,2026-09-06,,"Widget restricted to 9 languages; this language is NOT on the list | Dedicated Spanish help line published beside the English one (425-747-7274 English, 425-620-2778 Espanol). Page states 'ELAP provides free interpretation services'. Help line hours Monday to Thursday, 10am to 3:30pm",EH,derived
legal_elap,Eastside Legal Assistance Program,legal,Chinese-Mandarin,0,0,,False,none,0,,,https://elap.org/get-help/,2026-09-06,,"Widget restricted to 9 languages; this language is NOT on the list | Dedicated Spanish help line published beside the English one (425-747-7274 English, 425-620-2778 Espanol). Page states 'ELAP provides free interpretation services'. Help line hours Monday to Thursday, 10am to 3:30pm",EH,derived
legal_elap,Eastside Legal Assistance Program,legal,Chinese-Taiwanese,0,0,,False,none,0,,,https://elap.org/get-help/,2026-09-06,,"Widget restricted to 9 languages; this language is NOT on the list | Dedicated Spanish help line published beside the English one (425-747-7274 English, 425-620-2778 Espanol). Page states 'ELAP provides free interpretation services'. Help line hours Monday to Thursday, 10am to 3:30pm",EH,derived
legal_elap,Eastside Legal Assistance Program,legal,Chuukese,0,0,,False,none,0,,,https://elap.org/get-help/,2026-09-06,,"Widget restricted to 9 languages; this language is NOT on the list | Dedicated Spanish help line published beside the English one (425-747-7274 English, 425-620-2778 Espanol). Page states 'ELAP provides free interpretation services'. Help line hours Monday to Thursday, 10am to 3:30pm",EH,derived
legal_elap,Eastside Legal Assistance Program,legal,Dari,0,0,,False,none,0,,,https://elap.org/get-help/,2026-09-06,,"Widget restricted to 9 languages; this language is NOT on the list | Dedicated Spanish help line published beside the English one (425-747-7274 English, 425-620-2778 Espanol). Page states 'ELAP provides free interpretation services'. Help line hours Monday to Thursday, 10am to 3:30pm",EH,derived
legal_elap,Eastside Legal Assistance Program,legal,Dinka,0,0,,False,none,0,,,https://elap.org/get-help/,2026-09-06,,"Widget restricted to 9 languages; this language is NOT on the list | Dedicated Spanish help line published beside the English one (425-747-7274 English, 425-620-2778 Espanol). Page states 'ELAP provides free interpretation services'. Help line hours Monday to Thursday, 10am to 3:30pm",EH,derived
legal_elap,Eastside Legal Assistance Program,legal,Dutch,0,0,,False,none,0,,,https://elap.org/get-help/,2026-09-06,,"Widget restricted to 9 languages; this language is NOT on the list | Dedicated Spanish help line published beside the English one (425-747-7274 English, 425-620-2778 Espanol). Page states 'ELAP provides free interpretation services'. Help line hours Monday to Thursday, 10am to 3:30pm",EH,derived
legal_elap,Eastside Legal Assistance Program,legal,Egyptian-Arabic,0,0,,False,none,0,,,https://elap.org/get-help/,2026-09-06,,"Widget restricted to 9 languages; this language is NOT on the list | Dedicated Spanish help line published beside the English one (425-747-7274 English, 425-620-2778 Espanol). Page states 'ELAP provides free interpretation services'. Help line hours Monday to Thursday, 10am to 3:30pm",EH,derived
legal_elap,Eastside Legal Assistance Program,legal,Eritai,0,0,,False,none,0,,,https://elap.org/get-help/,2026-09-06,,"Widget restricted to 9 languages; this language is NOT on the list | Dedicated Spanish help line published beside the English one (425-747-7274 English, 425-620-2778 Espanol). Page states 'ELAP provides free interpretation services'. Help line hours Monday to Thursday, 10am to 3:30pm",EH,derived
legal_elap,Eastside Legal Assistance Program,legal,Estonian,0,0,,False,none,0,,,https://elap.org/get-help/,2026-09-06,,"Widget restricted to 9 languages; this language is NOT on the list | Dedicated Spanish help line published beside the English one (425-747-7274 English, 425-620-2778 Espanol). Page states 'ELAP provides free interpretation services'. Help line hours Monday to Thursday, 10am to 3:30pm",EH,derived
legal_elap,Eastside Legal Assistance Program,legal,Ewe,0,0,,False,none,0,,,https://elap.org/get-help/,2026-09-06,,"Widget restricted to 9 languages; this language is NOT on the list | Dedicated Spanish help line published beside the English one (425-747-7274 English, 425-620-2778 Espanol). Page states 'ELAP provides free interpretation services'. Help line hours Monday to Thursday, 10am to 3:30pm",EH,derived
legal_elap,Eastside Legal Assistance Program,legal,Fallani,0,0,,False,none,0,,,https://elap.org/get-help/,2026-09-06,,"Widget restricted to 9 languages; this language is NOT on the list | Dedicated Spanish help line published beside the English one (425-747-7274 English, 425-620-2778 Espanol). Page states 'ELAP provides free interpretation services'. Help line hours Monday to Thursday, 10am to 3:30pm",EH,derived
legal_elap,Eastside Legal Assistance Program,legal,Farsi,0,0,,False,none,0,,,https://elap.org/get-help/,2026-09-06,,"Widget restricted to 9 languages; this language is NOT on the list | Dedicated Spanish help line published beside the English one (425-747-7274 English, 425-620-2778 Espanol). Page states 'ELAP provides free interpretation services'. Help line hours Monday to Thursday, 10am to 3:30pm",EH,derived
legal_elap,Eastside Legal Assistance Program,legal,French,0,0,,False,none,0,,,https://elap.org/get-help/,2026-09-06,,"Widget restricted to 9 languages; this language is NOT on the list | Dedicated Spanish help line published beside the English one (425-747-7274 English, 425-620-2778 Espanol). Page states 'ELAP provides free interpretation services'. Help line hours Monday to Thursday, 10am to 3:30pm",EH,derived
legal_elap,Eastside Legal Assistance Program,legal,Fula,0,0,,False,none,0,,,https://elap.org/get-help/,2026-09-06,,"Widget restricted to 9 languages; this language is NOT on the list | Dedicated Spanish help line published beside the English one (425-747-7274 English, 425-620-2778 Espanol). Page states 'ELAP provides free interpretation services'. Help line hours Monday to Thursday, 10am to 3:30pm",EH,derived
legal_elap,Eastside Legal Assistance Program,legal,Ga,0,0,,False,none,0,,,https://elap.org/get-help/,2026-09-06,,"Widget restricted to 9 languages; this language is NOT on the list | Dedicated Spanish help line published beside the English one (425-747-7274 English, 425-620-2778 Espanol). Page states 'ELAP provides free interpretation services'. Help line hours Monday to Thursday, 10am to 3:30pm",EH,derived
legal_elap,Eastside Legal Assistance Program,legal,German,0,0,,False,none,0,,,https://elap.org/get-help/,2026-09-06,,"Widget restricted to 9 languages; this language is NOT on the list | Dedicated Spanish help line published beside the English one (425-747-7274 English, 425-620-2778 Espanol). Page states 'ELAP provides free interpretation services'. Help line hours Monday to Thursday, 10am to 3:30pm",EH,derived
legal_elap,Eastside Legal Assistance Program,legal,"Greek, Modern",0,0,,False,none,0,,,https://elap.org/get-help/,2026-09-06,,"Widget restricted to 9 languages; this language is NOT on the list | Dedicated Spanish help line published beside the English one (425-747-7274 English, 425-620-2778 Espanol). Page states 'ELAP provides free interpretation services'. Help line hours Monday to Thursday, 10am to 3:30pm",EH,derived
legal_elap,Eastside Legal Assistance Program,legal,Gujarati,0,0,,False,none,0,,,https://elap.org/get-help/,2026-09-06,,"Widget restricted to 9 languages; this language is NOT on the list | Dedicated Spanish help line published beside the English one (425-747-7274 English, 425-620-2778 Espanol). Page states 'ELAP provides free interpretation services'. Help line hours Monday to Thursday, 10am to 3:30pm",EH,derived
legal_elap,Eastside Legal Assistance Program,legal,Haitian Creole,0,0,,False,none,0,,,https://elap.org/get-help/,2026-09-06,,"Widget restricted to 9 languages; this language is NOT on the list | Dedicated Spanish help line published beside the English one (425-747-7274 English, 425-620-2778 Espanol). Page states 'ELAP provides free interpretation services'. Help line hours Monday to Thursday, 10am to 3:30pm",EH,derived
legal_elap,Eastside Legal Assistance Program,legal,Hausa,0,0,,False,none,0,,,https://elap.org/get-help/,2026-09-06,,"Widget restricted to 9 languages; this language is NOT on the list | Dedicated Spanish help line published beside the English one (425-747-7274 English, 425-620-2778 Espanol). Page states 'ELAP provides free interpretation services'. Help line hours Monday to Thursday, 10am to 3:30pm",EH,derived
legal_elap,Eastside Legal Assistance Program,legal,Hawaiian,0,0,,False,none,0,,,https://elap.org/get-help/,2026-09-06,,"Widget restricted to 9 languages; this language is NOT on the list | Dedicated Spanish help line published beside the English one (425-747-7274 English, 425-620-2778 Espanol). Page states 'ELAP provides free interpretation services'. Help line hours Monday to Thursday, 10am to 3:30pm",EH,derived
legal_elap,Eastside Legal Assistance Program,legal,Herero,0,0,,False,none,0,,,https://elap.org/get-help/,2026-09-06,,"Widget restricted to 9 languages; this language is NOT on the list | Dedicated Spanish help line published beside the English one (425-747-7274 English, 425-620-2778 Espanol). Page states 'ELAP provides free interpretation services'. Help line hours Monday to Thursday, 10am to 3:30pm",EH,derived
legal_elap,Eastside Legal Assistance Program,legal,Hindi,0,0,,False,none,0,,,https://elap.org/get-help/,2026-09-06,,"Widget restricted to 9 languages; this language is NOT on the list | Dedicated Spanish help line published beside the English one (425-747-7274 English, 425-620-2778 Espanol). Page states 'ELAP provides free interpretation services'. Help line hours Monday to Thursday, 10am to 3:30pm",EH,derived
legal_elap,Eastside Legal Assistance Program,legal,Hmong,0,0,,False,none,0,,,https://elap.org/get-help/,2026-09-06,,"Widget restricted to 9 languages; this language is NOT on the list | Dedicated Spanish help line published beside the English one (425-747-7274 English, 425-620-2778 Espanol). Page states 'ELAP provides free interpretation services'. Help line hours Monday to Thursday, 10am to 3:30pm",EH,derived
legal_elap,Eastside Legal Assistance Program,legal,Hungarian,0,0,,False,none,0,,,https://elap.org/get-help/,2026-09-06,,"Widget restricted to 9 languages; this language is NOT on the list | Dedicated Spanish help line published beside the English one (425-747-7274 English, 425-620-2778 Espanol). Page states 'ELAP provides free interpretation services'. Help line hours Monday to Thursday, 10am to 3:30pm",EH,derived
legal_elap,Eastside Legal Assistance Program,legal,Igbo,0,0,,False,none,0,,,https://elap.org/get-help/,2026-09-06,,"Widget restricted to 9 languages; this language is NOT on the list | Dedicated Spanish help line published beside the English one (425-747-7274 English, 425-620-2778 Espanol). Page states 'ELAP provides free interpretation services'. Help line hours Monday to Thursday, 10am to 3:30pm",EH,derived
legal_elap,Eastside Legal Assistance Program,legal,Ilokano,0,0,,False,none,0,,,https://elap.org/get-help/,2026-09-06,,"Widget restricted to 9 languages; this language is NOT on the list | Dedicated Spanish help line published beside the English one (425-747-7274 English, 425-620-2778 Espanol). Page states 'ELAP provides free interpretation services'. Help line hours Monday to Thursday, 10am to 3:30pm",EH,derived
legal_elap,Eastside Legal Assistance Program,legal,Indonesian,0,0,,False,none,0,,,https://elap.org/get-help/,2026-09-06,,"Widget restricted to 9 languages; this language is NOT on the list | Dedicated Spanish help line published beside the English one (425-747-7274 English, 425-620-2778 Espanol). Page states 'ELAP provides free interpretation services'. Help line hours Monday to Thursday, 10am to 3:30pm",EH,derived
legal_elap,Eastside Legal Assistance Program,legal,Italian,0,0,,False,none,0,,,https://elap.org/get-help/,2026-09-06,,"Widget restricted to 9 languages; this language is NOT on the list | Dedicated Spanish help line published beside the English one (425-747-7274 English, 425-620-2778 Espanol). Page states 'ELAP provides free interpretation services'. Help line hours Monday to Thursday, 10am to 3:30pm",EH,derived
legal_elap,Eastside Legal Assistance Program,legal,Japanese,0,0,,False,none,0,,,https://elap.org/get-help/,2026-09-06,,"Widget restricted to 9 languages; this language is NOT on the list | Dedicated Spanish help line published beside the English one (425-747-7274 English, 425-620-2778 Espanol). Page states 'ELAP provides free interpretation services'. Help line hours Monday to Thursday, 10am to 3:30pm",EH,derived
legal_elap,Eastside Legal Assistance Program,legal,Kakwa,0,0,,False,none,0,,,https://elap.org/get-help/,2026-09-06,,"Widget restricted to 9 languages; this language is NOT on the list | Dedicated Spanish help line published beside the English one (425-747-7274 English, 425-620-2778 Espanol). Page states 'ELAP provides free interpretation services'. Help line hours Monday to Thursday, 10am to 3:30pm",EH,derived
legal_elap,Eastside Legal Assistance Program,legal,Kannada,0,0,,False,none,0,,,https://elap.org/get-help/,2026-09-06,,"Widget restricted to 9 languages; this language is NOT on the list | Dedicated Spanish help line published beside the English one (425-747-7274 English, 425-620-2778 Espanol). Page states 'ELAP provides free interpretation services'. Help line hours Monday to Thursday, 10am to 3:30pm",EH,derived
legal_elap,Eastside Legal Assistance Program,legal,Karen,0,0,,False,none,0,,,https://elap.org/get-help/,2026-09-06,,"Widget restricted to 9 languages; this language is NOT on the list | Dedicated Spanish help line published beside the English one (425-747-7274 English, 425-620-2778 Espanol). Page states 'ELAP provides free interpretation services'. Help line hours Monday to Thursday, 10am to 3:30pm",EH,derived
legal_elap,Eastside Legal Assistance Program,legal,Karenni,0,0,,False,none,0,,,https://elap.org/get-help/,2026-09-06,,"Widget restricted to 9 languages; this language is NOT on the list | Dedicated Spanish help line published beside the English one (425-747-7274 English, 425-620-2778 Espanol). Page states 'ELAP provides free interpretation services'. Help line hours Monday to Thursday, 10am to 3:30pm",EH,derived
legal_elap,Eastside Legal Assistance Program,legal,Kazakh,0,0,,False,none,0,,,https://elap.org/get-help/,2026-09-06,,"Widget restricted to 9 languages; this language is NOT on the list | Dedicated Spanish help line published beside the English one (425-747-7274 English, 425-620-2778 Espanol). Page states 'ELAP provides free interpretation services'. Help line hours Monday to Thursday, 10am to 3:30pm",EH,derived
legal_elap,Eastside Legal Assistance Program,legal,Khmer,0,0,,False,none,0,,,https://elap.org/get-help/,2026-09-06,,"Widget restricted to 9 languages; this language is NOT on the list | Dedicated Spanish help line published beside the English one (425-747-7274 English, 425-620-2778 Espanol). Page states 'ELAP provides free interpretation services'. Help line hours Monday to Thursday, 10am to 3:30pm",EH,derived
legal_elap,Eastside Legal Assistance Program,legal,Kikuyu,0,0,,False,none,0,,,https://elap.org/get-help/,2026-09-06,,"Widget restricted to 9 languages; this language is NOT on the list | Dedicated Spanish help line published beside the English one (425-747-7274 English, 425-620-2778 Espanol). Page states 'ELAP provides free interpretation services'. Help line hours Monday to Thursday, 10am to 3:30pm",EH,derived
legal_elap,Eastside Legal Assistance Program,legal,Kinyarwanda,0,0,,False,none,0,,,https://elap.org/get-help/,2026-09-06,,"Widget restricted to 9 languages; this language is NOT on the list | Dedicated Spanish help line published beside the English one (425-747-7274 English, 425-620-2778 Espanol). Page states 'ELAP provides free interpretation services'. Help line hours Monday to Thursday, 10am to 3:30pm",EH,derived
legal_elap,Eastside Legal Assistance Program,legal,Kirgiz,0,0,,False,none,0,,,https://elap.org/get-help/,2026-09-06,,"Widget restricted to 9 languages; this language is NOT on the list | Dedicated Spanish help line published beside the English one (425-747-7274 English, 425-620-2778 Espanol). Page states 'ELAP provides free interpretation services'. Help line hours Monday to Thursday, 10am to 3:30pm",EH,derived
legal_elap,Eastside Legal Assistance Program,legal,Kirundi,0,0,,False,none,0,,,https://elap.org/get-help/,2026-09-06,,"Widget restricted to 9 languages; this language is NOT on the list | Dedicated Spanish help line published beside the English one (425-747-7274 English, 425-620-2778 Espanol). Page states 'ELAP provides free interpretation services'. Help line hours Monday to Thursday, 10am to 3:30pm",EH,derived
legal_elap,Eastside Legal Assistance Program,legal,Kmhmu,0,0,,False,none,0,,,https://elap.org/get-help/,2026-09-06,,"Widget restricted to 9 languages; this language is NOT on the list | Dedicated Spanish help line published beside the English one (425-747-7274 English, 425-620-2778 Espanol). Page states 'ELAP provides free interpretation services'. Help line hours Monday to Thursday, 10am to 3:30pm",EH,derived
legal_elap,Eastside Legal Assistance Program,legal,Kongo,0,0,,False,none,0,,,https://elap.org/get-help/,2026-09-06,,"Widget restricted to 9 languages; this language is NOT on the list | Dedicated Spanish help line published beside the English one (425-747-7274 English, 425-620-2778 Espanol). Page states 'ELAP provides free interpretation services'. Help line hours Monday to Thursday, 10am to 3:30pm",EH,derived
legal_elap,Eastside Legal Assistance Program,legal,Korean,1,2,,True,machine_widget,0,,,https://elap.org/get-help/,2026-09-06,,"Widget restricted to 9 languages; this language is on the list | Dedicated Spanish help line published beside the English one (425-747-7274 English, 425-620-2778 Espanol). Page states 'ELAP provides free interpretation services'. Help line hours Monday to Thursday, 10am to 3:30pm",EH,derived
legal_elap,Eastside Legal Assistance Program,legal,Kosraean,0,0,,False,none,0,,,https://elap.org/get-help/,2026-09-06,,"Widget restricted to 9 languages; this language is NOT on the list | Dedicated Spanish help line published beside the English one (425-747-7274 English, 425-620-2778 Espanol). Page states 'ELAP provides free interpretation services'. Help line hours Monday to Thursday, 10am to 3:30pm",EH,derived
legal_elap,Eastside Legal Assistance Program,legal,Krahn,0,0,,False,none,0,,,https://elap.org/get-help/,2026-09-06,,"Widget restricted to 9 languages; this language is NOT on the list | Dedicated Spanish help line published beside the English one (425-747-7274 English, 425-620-2778 Espanol). Page states 'ELAP provides free interpretation services'. Help line hours Monday to Thursday, 10am to 3:30pm",EH,derived
legal_elap,Eastside Legal Assistance Program,legal,Krio,0,0,,False,none,0,,,https://elap.org/get-help/,2026-09-06,,"Widget restricted to 9 languages; this language is NOT on the list | Dedicated Spanish help line published beside the English one (425-747-7274 English, 425-620-2778 Espanol). Page states 'ELAP provides free interpretation services'. Help line hours Monday to Thursday, 10am to 3:30pm",EH,derived
legal_elap,Eastside Legal Assistance Program,legal,Kru,0,0,,False,none,0,,,https://elap.org/get-help/,2026-09-06,,"Widget restricted to 9 languages; this language is NOT on the list | Dedicated Spanish help line published beside the English one (425-747-7274 English, 425-620-2778 Espanol). Page states 'ELAP provides free interpretation services'. Help line hours Monday to Thursday, 10am to 3:30pm",EH,derived
legal_elap,Eastside Legal Assistance Program,legal,Kurdish,0,0,,False,none,0,,,https://elap.org/get-help/,2026-09-06,,"Widget restricted to 9 languages; this language is NOT on the list | Dedicated Spanish help line published beside the English one (425-747-7274 English, 425-620-2778 Espanol). Page states 'ELAP provides free interpretation services'. Help line hours Monday to Thursday, 10am to 3:30pm",EH,derived
legal_elap,Eastside Legal Assistance Program,legal,Lao,0,0,,False,none,0,,,https://elap.org/get-help/,2026-09-06,,"Widget restricted to 9 languages; this language is NOT on the list | Dedicated Spanish help line published beside the English one (425-747-7274 English, 425-620-2778 Espanol). Page states 'ELAP provides free interpretation services'. Help line hours Monday to Thursday, 10am to 3:30pm",EH,derived
legal_elap,Eastside Legal Assistance Program,legal,Latvian,0,0,,False,none,0,,,https://elap.org/get-help/,2026-09-06,,"Widget restricted to 9 languages; this language is NOT on the list | Dedicated Spanish help line published beside the English one (425-747-7274 English, 425-620-2778 Espanol). Page states 'ELAP provides free interpretation services'. Help line hours Monday to Thursday, 10am to 3:30pm",EH,derived
legal_elap,Eastside Legal Assistance Program,legal,Lingala,0,0,,False,none,0,,,https://elap.org/get-help/,2026-09-06,,"Widget restricted to 9 languages; this language is NOT on the list | Dedicated Spanish help line published beside the English one (425-747-7274 English, 425-620-2778 Espanol). Page states 'ELAP provides free interpretation services'. Help line hours Monday to Thursday, 10am to 3:30pm",EH,derived
legal_elap,Eastside Legal Assistance Program,legal,Luganda,0,0,,False,none,0,,,https://elap.org/get-help/,2026-09-06,,"Widget restricted to 9 languages; this language is NOT on the list | Dedicated Spanish help line published beside the English one (425-747-7274 English, 425-620-2778 Espanol). Page states 'ELAP provides free interpretation services'. Help line hours Monday to Thursday, 10am to 3:30pm",EH,derived
legal_elap,Eastside Legal Assistance Program,legal,Maay Maay,0,0,,False,none,0,,,https://elap.org/get-help/,2026-09-06,,"Widget restricted to 9 languages; this language is NOT on the list | Dedicated Spanish help line published beside the English one (425-747-7274 English, 425-620-2778 Espanol). Page states 'ELAP provides free interpretation services'. Help line hours Monday to Thursday, 10am to 3:30pm",EH,derived
legal_elap,Eastside Legal Assistance Program,legal,Malay,0,0,,False,none,0,,,https://elap.org/get-help/,2026-09-06,,"Widget restricted to 9 languages; this language is NOT on the list | Dedicated Spanish help line published beside the English one (425-747-7274 English, 425-620-2778 Espanol). Page states 'ELAP provides free interpretation services'. Help line hours Monday to Thursday, 10am to 3:30pm",EH,derived
legal_elap,Eastside Legal Assistance Program,legal,Malayalam,0,0,,False,none,0,,,https://elap.org/get-help/,2026-09-06,,"Widget restricted to 9 languages; this language is NOT on the list | Dedicated Spanish help line published beside the English one (425-747-7274 English, 425-620-2778 Espanol). Page states 'ELAP provides free interpretation services'. Help line hours Monday to Thursday, 10am to 3:30pm",EH,derived
legal_elap,Eastside Legal Assistance Program,legal,Mam,0,0,,False,none,0,,,https://elap.org/get-help/,2026-09-06,,"Widget restricted to 9 languages; this language is NOT on the list | Dedicated Spanish help line published beside the English one (425-747-7274 English, 425-620-2778 Espanol). Page states 'ELAP provides free interpretation services'. Help line hours Monday to Thursday, 10am to 3:30pm",EH,derived
legal_elap,Eastside Legal Assistance Program,legal,Mandingo,0,0,,False,none,0,,,https://elap.org/get-help/,2026-09-06,,"Widget restricted to 9 languages; this language is NOT on the list | Dedicated Spanish help line published beside the English one (425-747-7274 English, 425-620-2778 Espanol). Page states 'ELAP provides free interpretation services'. Help line hours Monday to Thursday, 10am to 3:30pm",EH,derived
legal_elap,Eastside Legal Assistance Program,legal,Mandinka,0,0,,False,none,0,,,https://elap.org/get-help/,2026-09-06,,"Widget restricted to 9 languages; this language is NOT on the list | Dedicated Spanish help line published beside the English one (425-747-7274 English, 425-620-2778 Espanol). Page states 'ELAP provides free interpretation services'. Help line hours Monday to Thursday, 10am to 3:30pm",EH,derived
legal_elap,Eastside Legal Assistance Program,legal,Marathi,0,0,,False,none,0,,,https://elap.org/get-help/,2026-09-06,,"Widget restricted to 9 languages; this language is NOT on the list | Dedicated Spanish help line published beside the English one (425-747-7274 English, 425-620-2778 Espanol). Page states 'ELAP provides free interpretation services'. Help line hours Monday to Thursday, 10am to 3:30pm",EH,derived
legal_elap,Eastside Legal Assistance Program,legal,Marquesan,0,0,,False,none,0,,,https://elap.org/get-help/,2026-09-06,,"Widget restricted to 9 languages; this language is NOT on the list | Dedicated Spanish help line published beside the English one (425-747-7274 English, 425-620-2778 Espanol). Page states 'ELAP provides free interpretation services'. Help line hours Monday to Thursday, 10am to 3:30pm",EH,derived
legal_elap,Eastside Legal Assistance Program,legal,Marshallese,0,0,,False,none,0,,,https://elap.org/get-help/,2026-09-06,,"Widget restricted to 9 languages; this language is NOT on the list | Dedicated Spanish help line published beside the English one (425-747-7274 English, 425-620-2778 Espanol). Page states 'ELAP provides free interpretation services'. Help line hours Monday to Thursday, 10am to 3:30pm",EH,derived
legal_elap,Eastside Legal Assistance Program,legal,Maya-Quiche,0,0,,False,none,0,,,https://elap.org/get-help/,2026-09-06,,"Widget restricted to 9 languages; this language is NOT on the list | Dedicated Spanish help line published beside the English one (425-747-7274 English, 425-620-2778 Espanol). Page states 'ELAP provides free interpretation services'. Help line hours Monday to Thursday, 10am to 3:30pm",EH,derived
legal_elap,Eastside Legal Assistance Program,legal,Mien,0,0,,False,none,0,,,https://elap.org/get-help/,2026-09-06,,"Widget restricted to 9 languages; this language is NOT on the list | Dedicated Spanish help line published beside the English one (425-747-7274 English, 425-620-2778 Espanol). Page states 'ELAP provides free interpretation services'. Help line hours Monday to Thursday, 10am to 3:30pm",EH,derived
legal_elap,Eastside Legal Assistance Program,legal,Mixteco,0,0,,False,none,0,,,https://elap.org/get-help/,2026-09-06,,"Widget restricted to 9 languages; this language is NOT on the list | Dedicated Spanish help line published beside the English one (425-747-7274 English, 425-620-2778 Espanol). Page states 'ELAP provides free interpretation services'. Help line hours Monday to Thursday, 10am to 3:30pm",EH,derived
legal_elap,Eastside Legal Assistance Program,legal,Moldavian,0,0,,False,none,0,,,https://elap.org/get-help/,2026-09-06,,"Widget restricted to 9 languages; this language is NOT on the list | Dedicated Spanish help line published beside the English one (425-747-7274 English, 425-620-2778 Espanol). Page states 'ELAP provides free interpretation services'. Help line hours Monday to Thursday, 10am to 3:30pm",EH,derived
legal_elap,Eastside Legal Assistance Program,legal,Mongolian,0,0,,False,none,0,,,https://elap.org/get-help/,2026-09-06,,"Widget restricted to 9 languages; this language is NOT on the list | Dedicated Spanish help line published beside the English one (425-747-7274 English, 425-620-2778 Espanol). Page states 'ELAP provides free interpretation services'. Help line hours Monday to Thursday, 10am to 3:30pm",EH,derived
legal_elap,Eastside Legal Assistance Program,legal,Moore,0,0,,False,none,0,,,https://elap.org/get-help/,2026-09-06,,"Widget restricted to 9 languages; this language is NOT on the list | Dedicated Spanish help line published beside the English one (425-747-7274 English, 425-620-2778 Espanol). Page states 'ELAP provides free interpretation services'. Help line hours Monday to Thursday, 10am to 3:30pm",EH,derived
legal_elap,Eastside Legal Assistance Program,legal,"Nahuatl, Guerrero region",0,0,,False,none,0,,,https://elap.org/get-help/,2026-09-06,,"Widget restricted to 9 languages; this language is NOT on the list | Dedicated Spanish help line published beside the English one (425-747-7274 English, 425-620-2778 Espanol). Page states 'ELAP provides free interpretation services'. Help line hours Monday to Thursday, 10am to 3:30pm",EH,derived
legal_elap,Eastside Legal Assistance Program,legal,Nepali,0,0,,False,none,0,,,https://elap.org/get-help/,2026-09-06,,"Widget restricted to 9 languages; this language is NOT on the list | Dedicated Spanish help line published beside the English one (425-747-7274 English, 425-620-2778 Espanol). Page states 'ELAP provides free interpretation services'. Help line hours Monday to Thursday, 10am to 3:30pm",EH,derived
legal_elap,Eastside Legal Assistance Program,legal,Nuer,0,0,,False,none,0,,,https://elap.org/get-help/,2026-09-06,,"Widget restricted to 9 languages; this language is NOT on the list | Dedicated Spanish help line published beside the English one (425-747-7274 English, 425-620-2778 Espanol). Page states 'ELAP provides free interpretation services'. Help line hours Monday to Thursday, 10am to 3:30pm",EH,derived
legal_elap,Eastside Legal Assistance Program,legal,Oromo,0,0,,False,none,0,,,https://elap.org/get-help/,2026-09-06,,"Widget restricted to 9 languages; this language is NOT on the list | Dedicated Spanish help line published beside the English one (425-747-7274 English, 425-620-2778 Espanol). Page states 'ELAP provides free interpretation services'. Help line hours Monday to Thursday, 10am to 3:30pm",EH,derived
legal_elap,Eastside Legal Assistance Program,legal,Palau,0,0,,False,none,0,,,https://elap.org/get-help/,2026-09-06,,"Widget restricted to 9 languages; this language is NOT on the list | Dedicated Spanish help line published beside the English one (425-747-7274 English, 425-620-2778 Espanol). Page states 'ELAP provides free interpretation services'. Help line hours Monday to Thursday, 10am to 3:30pm",EH,derived
legal_elap,Eastside Legal Assistance Program,legal,Pashai,0,0,,False,none,0,,,https://elap.org/get-help/,2026-09-06,,"Widget restricted to 9 languages; this language is NOT on the list | Dedicated Spanish help line published beside the English one (425-747-7274 English, 425-620-2778 Espanol). Page states 'ELAP provides free interpretation services'. Help line hours Monday to Thursday, 10am to 3:30pm",EH,derived
legal_elap,Eastside Legal Assistance Program,legal,Pashto,0,0,,False,none,0,,,https://elap.org/get-help/,2026-09-06,,"Widget restricted to 9 languages; this language is NOT on the list | Dedicated Spanish help line published beside the English one (425-747-7274 English, 425-620-2778 Espanol). Page states 'ELAP provides free interpretation services'. Help line hours Monday to Thursday, 10am to 3:30pm",EH,derived
legal_elap,Eastside Legal Assistance Program,legal,Pere,0,0,,False,none,0,,,https://elap.org/get-help/,2026-09-06,,"Widget restricted to 9 languages; this language is NOT on the list | Dedicated Spanish help line published beside the English one (425-747-7274 English, 425-620-2778 Espanol). Page states 'ELAP provides free interpretation services'. Help line hours Monday to Thursday, 10am to 3:30pm",EH,derived
legal_elap,Eastside Legal Assistance Program,legal,Polish,0,0,,False,none,0,,,https://elap.org/get-help/,2026-09-06,,"Widget restricted to 9 languages; this language is NOT on the list | Dedicated Spanish help line published beside the English one (425-747-7274 English, 425-620-2778 Espanol). Page states 'ELAP provides free interpretation services'. Help line hours Monday to Thursday, 10am to 3:30pm",EH,derived
legal_elap,Eastside Legal Assistance Program,legal,Portuguese,0,0,,False,none,0,,,https://elap.org/get-help/,2026-09-06,,"Widget restricted to 9 languages; this language is NOT on the list | Dedicated Spanish help line published beside the English one (425-747-7274 English, 425-620-2778 Espanol). Page states 'ELAP provides free interpretation services'. Help line hours Monday to Thursday, 10am to 3:30pm",EH,derived
legal_elap,Eastside Legal Assistance Program,legal,Punjabi,0,0,,False,none,0,,,https://elap.org/get-help/,2026-09-06,,"Widget restricted to 9 languages; this language is NOT on the list | Dedicated Spanish help line published beside the English one (425-747-7274 English, 425-620-2778 Espanol). Page states 'ELAP provides free interpretation services'. Help line hours Monday to Thursday, 10am to 3:30pm",EH,derived
legal_elap,Eastside Legal Assistance Program,legal,Purepecha,0,0,,False,none,0,,,https://elap.org/get-help/,2026-09-06,,"Widget restricted to 9 languages; this language is NOT on the list | Dedicated Spanish help line published beside the English one (425-747-7274 English, 425-620-2778 Espanol). Page states 'ELAP provides free interpretation services'. Help line hours Monday to Thursday, 10am to 3:30pm",EH,derived
legal_elap,Eastside Legal Assistance Program,legal,Rohingya,0,0,,False,none,0,,,https://elap.org/get-help/,2026-09-06,,"Widget restricted to 9 languages; this language is NOT on the list | Dedicated Spanish help line published beside the English one (425-747-7274 English, 425-620-2778 Espanol). Page states 'ELAP provides free interpretation services'. Help line hours Monday to Thursday, 10am to 3:30pm",EH,derived
legal_elap,Eastside Legal Assistance Program,legal,Romanian,0,0,,False,none,0,,,https://elap.org/get-help/,2026-09-06,,"Widget restricted to 9 languages; this language is NOT on the list | Dedicated Spanish help line published beside the English one (425-747-7274 English, 425-620-2778 Espanol). Page states 'ELAP provides free interpretation services'. Help line hours Monday to Thursday, 10am to 3:30pm",EH,derived
legal_elap,Eastside Legal Assistance Program,legal,Russian,1,2,,True,machine_widget,0,,,https://elap.org/get-help/,2026-09-06,,"Widget restricted to 9 languages; this language is on the list | Dedicated Spanish help line published beside the English one (425-747-7274 English, 425-620-2778 Espanol). Page states 'ELAP provides free interpretation services'. Help line hours Monday to Thursday, 10am to 3:30pm",EH,derived
legal_elap,Eastside Legal Assistance Program,legal,Samoan,0,0,,False,none,0,,,https://elap.org/get-help/,2026-09-06,,"Widget restricted to 9 languages; this language is NOT on the list | Dedicated Spanish help line published beside the English one (425-747-7274 English, 425-620-2778 Espanol). Page states 'ELAP provides free interpretation services'. Help line hours Monday to Thursday, 10am to 3:30pm",EH,derived
legal_elap,Eastside Legal Assistance Program,legal,Sao,0,0,,False,none,0,,,https://elap.org/get-help/,2026-09-06,,"Widget restricted to 9 languages; this language is NOT on the list | Dedicated Spanish help line published beside the English one (425-747-7274 English, 425-620-2778 Espanol). Page states 'ELAP provides free interpretation services'. Help line hours Monday to Thursday, 10am to 3:30pm",EH,derived
legal_elap,Eastside Legal Assistance Program,legal,Serbo-Croation,0,0,,False,none,0,,,https://elap.org/get-help/,2026-09-06,,"Widget restricted to 9 languages; this language is NOT on the list | Dedicated Spanish help line published beside the English one (425-747-7274 English, 425-620-2778 Espanol). Page states 'ELAP provides free interpretation services'. Help line hours Monday to Thursday, 10am to 3:30pm",EH,derived
legal_elap,Eastside Legal Assistance Program,legal,Shona,0,0,,False,none,0,,,https://elap.org/get-help/,2026-09-06,,"Widget restricted to 9 languages; this language is NOT on the list | Dedicated Spanish help line published beside the English one (425-747-7274 English, 425-620-2778 Espanol). Page states 'ELAP provides free interpretation services'. Help line hours Monday to Thursday, 10am to 3:30pm",EH,derived
legal_elap,Eastside Legal Assistance Program,legal,Sinhalese,0,0,,False,none,0,,,https://elap.org/get-help/,2026-09-06,,"Widget restricted to 9 languages; this language is NOT on the list | Dedicated Spanish help line published beside the English one (425-747-7274 English, 425-620-2778 Espanol). Page states 'ELAP provides free interpretation services'. Help line hours Monday to Thursday, 10am to 3:30pm",EH,derived
legal_elap,Eastside Legal Assistance Program,legal,Slovenian,0,0,,False,none,0,,,https://elap.org/get-help/,2026-09-06,,"Widget restricted to 9 languages; this language is NOT on the list | Dedicated Spanish help line published beside the English one (425-747-7274 English, 425-620-2778 Espanol). Page states 'ELAP provides free interpretation services'. Help line hours Monday to Thursday, 10am to 3:30pm",EH,derived
legal_elap,Eastside Legal Assistance Program,legal,Somali,1,2,,True,machine_widget,0,,,https://elap.org/get-help/,2026-09-06,,"Widget restricted to 9 languages; this language is on the list | Dedicated Spanish help line published beside the English one (425-747-7274 English, 425-620-2778 Espanol). Page states 'ELAP provides free interpretation services'. Help line hours Monday to Thursday, 10am to 3:30pm",EH,derived
legal_elap,Eastside Legal Assistance Program,legal,Soninke,0,0,,False,none,0,,,https://elap.org/get-help/,2026-09-06,,"Widget restricted to 9 languages; this language is NOT on the list | Dedicated Spanish help line published beside the English one (425-747-7274 English, 425-620-2778 Espanol). Page states 'ELAP provides free interpretation services'. Help line hours Monday to Thursday, 10am to 3:30pm",EH,derived
legal_elap,Eastside Legal Assistance Program,legal,Sotho,0,0,,False,none,0,,,https://elap.org/get-help/,2026-09-06,,"Widget restricted to 9 languages; this language is NOT on the list | Dedicated Spanish help line published beside the English one (425-747-7274 English, 425-620-2778 Espanol). Page states 'ELAP provides free interpretation services'. Help line hours Monday to Thursday, 10am to 3:30pm",EH,derived
legal_elap,Eastside Legal Assistance Program,legal,Spanish,3,2,,True,in_language_phone,0,,425-620-2778,https://elap.org/get-help/,2026-09-06,unchecked,"Dedicated help line published in this language: 425-620-2778 | Widget restricted to 9 languages; this language is on the list | Dedicated Spanish help line published beside the English one (425-747-7274 English, 425-620-2778 Espanol). Page states 'ELAP provides free interpretation services'. Help line hours Monday to Thursday, 10am to 3:30pm",EH,derived
legal_elap,Eastside Legal Assistance Program,legal,Swahili,0,0,,False,none,0,,,https://elap.org/get-help/,2026-09-06,,"Widget restricted to 9 languages; this language is NOT on the list | Dedicated Spanish help line published beside the English one (425-747-7274 English, 425-620-2778 Espanol). Page states 'ELAP provides free interpretation services'. Help line hours Monday to Thursday, 10am to 3:30pm",EH,derived
legal_elap,Eastside Legal Assistance Program,legal,Tagalog,0,0,,False,none,0,,,https://elap.org/get-help/,2026-09-06,,"Widget restricted to 9 languages; this language is NOT on the list | Dedicated Spanish help line published beside the English one (425-747-7274 English, 425-620-2778 Espanol). Page states 'ELAP provides free interpretation services'. Help line hours Monday to Thursday, 10am to 3:30pm",EH,derived
legal_elap,Eastside Legal Assistance Program,legal,Taishanese,0,0,,False,none,0,,,https://elap.org/get-help/,2026-09-06,,"Widget restricted to 9 languages; this language is NOT on the list | Dedicated Spanish help line published beside the English one (425-747-7274 English, 425-620-2778 Espanol). Page states 'ELAP provides free interpretation services'. Help line hours Monday to Thursday, 10am to 3:30pm",EH,derived
legal_elap,Eastside Legal Assistance Program,legal,Tajiki,0,0,,False,none,0,,,https://elap.org/get-help/,2026-09-06,,"Widget restricted to 9 languages; this language is NOT on the list | Dedicated Spanish help line published beside the English one (425-747-7274 English, 425-620-2778 Espanol). Page states 'ELAP provides free interpretation services'. Help line hours Monday to Thursday, 10am to 3:30pm",EH,derived
legal_elap,Eastside Legal Assistance Program,legal,Tamil,0,0,,False,none,0,,,https://elap.org/get-help/,2026-09-06,,"Widget restricted to 9 languages; this language is NOT on the list | Dedicated Spanish help line published beside the English one (425-747-7274 English, 425-620-2778 Espanol). Page states 'ELAP provides free interpretation services'. Help line hours Monday to Thursday, 10am to 3:30pm",EH,derived
legal_elap,Eastside Legal Assistance Program,legal,Tarasco,0,0,,False,none,0,,,https://elap.org/get-help/,2026-09-06,,"Widget restricted to 9 languages; this language is NOT on the list | Dedicated Spanish help line published beside the English one (425-747-7274 English, 425-620-2778 Espanol). Page states 'ELAP provides free interpretation services'. Help line hours Monday to Thursday, 10am to 3:30pm",EH,derived
legal_elap,Eastside Legal Assistance Program,legal,Tedim,0,0,,False,none,0,,,https://elap.org/get-help/,2026-09-06,,"Widget restricted to 9 languages; this language is NOT on the list | Dedicated Spanish help line published beside the English one (425-747-7274 English, 425-620-2778 Espanol). Page states 'ELAP provides free interpretation services'. Help line hours Monday to Thursday, 10am to 3:30pm",EH,derived
legal_elap,Eastside Legal Assistance Program,legal,Telugu,0,0,,False,none,0,,,https://elap.org/get-help/,2026-09-06,,"Widget restricted to 9 languages; this language is NOT on the list | Dedicated Spanish help line published beside the English one (425-747-7274 English, 425-620-2778 Espanol). Page states 'ELAP provides free interpretation services'. Help line hours Monday to Thursday, 10am to 3:30pm",EH,derived
legal_elap,Eastside Legal Assistance Program,legal,Thai,0,0,,False,none,0,,,https://elap.org/get-help/,2026-09-06,,"Widget restricted to 9 languages; this language is NOT on the list | Dedicated Spanish help line published beside the English one (425-747-7274 English, 425-620-2778 Espanol). Page states 'ELAP provides free interpretation services'. Help line hours Monday to Thursday, 10am to 3:30pm",EH,derived
legal_elap,Eastside Legal Assistance Program,legal,Tibetan,0,0,,False,none,0,,,https://elap.org/get-help/,2026-09-06,,"Widget restricted to 9 languages; this language is NOT on the list | Dedicated Spanish help line published beside the English one (425-747-7274 English, 425-620-2778 Espanol). Page states 'ELAP provides free interpretation services'. Help line hours Monday to Thursday, 10am to 3:30pm",EH,derived
legal_elap,Eastside Legal Assistance Program,legal,Tigrinya,0,0,,False,none,0,,,https://elap.org/get-help/,2026-09-06,,"Widget restricted to 9 languages; this language is NOT on the list | Dedicated Spanish help line published beside the English one (425-747-7274 English, 425-620-2778 Espanol). Page states 'ELAP provides free interpretation services'. Help line hours Monday to Thursday, 10am to 3:30pm",EH,derived
legal_elap,Eastside Legal Assistance Program,legal,Tongan,0,0,,False,none,0,,,https://elap.org/get-help/,2026-09-06,,"Widget restricted to 9 languages; this language is NOT on the list | Dedicated Spanish help line published beside the English one (425-747-7274 English, 425-620-2778 Espanol). Page states 'ELAP provides free interpretation services'. Help line hours Monday to Thursday, 10am to 3:30pm",EH,derived
legal_elap,Eastside Legal Assistance Program,legal,Turkish,0,0,,False,none,0,,,https://elap.org/get-help/,2026-09-06,,"Widget restricted to 9 languages; this language is NOT on the list | Dedicated Spanish help line published beside the English one (425-747-7274 English, 425-620-2778 Espanol). Page states 'ELAP provides free interpretation services'. Help line hours Monday to Thursday, 10am to 3:30pm",EH,derived
legal_elap,Eastside Legal Assistance Program,legal,Twi,0,0,,False,none,0,,,https://elap.org/get-help/,2026-09-06,,"Widget restricted to 9 languages; this language is NOT on the list | Dedicated Spanish help line published beside the English one (425-747-7274 English, 425-620-2778 Espanol). Page states 'ELAP provides free interpretation services'. Help line hours Monday to Thursday, 10am to 3:30pm",EH,derived
legal_elap,Eastside Legal Assistance Program,legal,Ukrainian,1,2,,True,machine_widget,0,,,https://elap.org/get-help/,2026-09-06,,"Widget restricted to 9 languages; this language is on the list | Dedicated Spanish help line published beside the English one (425-747-7274 English, 425-620-2778 Espanol). Page states 'ELAP provides free interpretation services'. Help line hours Monday to Thursday, 10am to 3:30pm",EH,derived
legal_elap,Eastside Legal Assistance Program,legal,Urdu,0,0,,False,none,0,,,https://elap.org/get-help/,2026-09-06,,"Widget restricted to 9 languages; this language is NOT on the list | Dedicated Spanish help line published beside the English one (425-747-7274 English, 425-620-2778 Espanol). Page states 'ELAP provides free interpretation services'. Help line hours Monday to Thursday, 10am to 3:30pm",EH,derived
legal_elap,Eastside Legal Assistance Program,legal,Uzbek,0,0,,False,none,0,,,https://elap.org/get-help/,2026-09-06,,"Widget restricted to 9 languages; this language is NOT on the list | Dedicated Spanish help line published beside the English one (425-747-7274 English, 425-620-2778 Espanol). Page states 'ELAP provides free interpretation services'. Help line hours Monday to Thursday, 10am to 3:30pm",EH,derived
legal_elap,Eastside Legal Assistance Program,legal,Vietnamese,1,2,,True,machine_widget,0,,,https://elap.org/get-help/,2026-09-06,,"Widget restricted to 9 languages; this language is on the list | Dedicated Spanish help line published beside the English one (425-747-7274 English, 425-620-2778 Espanol). Page states 'ELAP provides free interpretation services'. Help line hours Monday to Thursday, 10am to 3:30pm",EH,derived
legal_elap,Eastside Legal Assistance Program,legal,Wolof,0,0,,False,none,0,,,https://elap.org/get-help/,2026-09-06,,"Widget restricted to 9 languages; this language is NOT on the list | Dedicated Spanish help line published beside the English one (425-747-7274 English, 425-620-2778 Espanol). Page states 'ELAP provides free interpretation services'. Help line hours Monday to Thursday, 10am to 3:30pm",EH,derived
legal_elap,Eastside Legal Assistance Program,legal,Yap,0,0,,False,none,0,,,https://elap.org/get-help/,2026-09-06,,"Widget restricted to 9 languages; this language is NOT on the list | Dedicated Spanish help line published beside the English one (425-747-7274 English, 425-620-2778 Espanol). Page states 'ELAP provides free interpretation services'. Help line hours Monday to Thursday, 10am to 3:30pm",EH,derived
legal_elap,Eastside Legal Assistance Program,legal,Yoruba,0,0,,False,none,0,,,https://elap.org/get-help/,2026-09-06,,"Widget restricted to 9 languages; this language is NOT on the list | Dedicated Spanish help line published beside the English one (425-747-7274 English, 425-620-2778 Espanol). Page states 'ELAP provides free interpretation services'. Help line hours Monday to Thursday, 10am to 3:30pm",EH,derived
legal_nwirp,NW Immigrant Rights Project,legal,Acholi,0,0,,False,none,0,,,https://nwirp.org/get-help/,2026-09-06,,"Eligibility requirements published in English and Spanish. Of 174 PDFs on the site, 171 are litigation filings; 3 are Spanish community materials, dated 2016 and 2020",EH,derived
legal_nwirp,NW Immigrant Rights Project,legal,Aguacateco,0,0,,False,none,0,,,https://nwirp.org/get-help/,2026-09-06,,"Eligibility requirements published in English and Spanish. Of 174 PDFs on the site, 171 are litigation filings; 3 are Spanish community materials, dated 2016 and 2020",EH,derived
legal_nwirp,NW Immigrant Rights Project,legal,Akateko,0,0,,False,none,0,,,https://nwirp.org/get-help/,2026-09-06,,"Eligibility requirements published in English and Spanish. Of 174 PDFs on the site, 171 are litigation filings; 3 are Spanish community materials, dated 2016 and 2020",EH,derived
legal_nwirp,NW Immigrant Rights Project,legal,Albanian,0,0,,False,none,0,,,https://nwirp.org/get-help/,2026-09-06,,"Eligibility requirements published in English and Spanish. Of 174 PDFs on the site, 171 are litigation filings; 3 are Spanish community materials, dated 2016 and 2020",EH,derived
legal_nwirp,NW Immigrant Rights Project,legal,American Sign Language,0,0,,False,none,0,,,https://nwirp.org/get-help/,2026-09-06,,"Eligibility requirements published in English and Spanish. Of 174 PDFs on the site, 171 are litigation filings; 3 are Spanish community materials, dated 2016 and 2020",EH,derived
legal_nwirp,NW Immigrant Rights Project,legal,Amharic,0,0,,False,none,0,,,https://nwirp.org/get-help/,2026-09-06,,"Eligibility requirements published in English and Spanish. Of 174 PDFs on the site, 171 are litigation filings; 3 are Spanish community materials, dated 2016 and 2020",EH,derived
legal_nwirp,NW Immigrant Rights Project,legal,Arabic,0,0,,False,none,0,,,https://nwirp.org/get-help/,2026-09-06,,"Eligibility requirements published in English and Spanish. Of 174 PDFs on the site, 171 are litigation filings; 3 are Spanish community materials, dated 2016 and 2020",EH,derived
legal_nwirp,NW Immigrant Rights Project,legal,Armenian,0,0,,False,none,0,,,https://nwirp.org/get-help/,2026-09-06,,"Eligibility requirements published in English and Spanish. Of 174 PDFs on the site, 171 are litigation filings; 3 are Spanish community materials, dated 2016 and 2020",EH,derived
legal_nwirp,NW Immigrant Rights Project,legal,Ayula-Bambara,0,0,,False,none,0,,,https://nwirp.org/get-help/,2026-09-06,,"Eligibility requirements published in English and Spanish. Of 174 PDFs on the site, 171 are litigation filings; 3 are Spanish community materials, dated 2016 and 2020",EH,derived
legal_nwirp,NW Immigrant Rights Project,legal,Azerbaijani,0,0,,False,none,0,,,https://nwirp.org/get-help/,2026-09-06,,"Eligibility requirements published in English and Spanish. Of 174 PDFs on the site, 171 are litigation filings; 3 are Spanish community materials, dated 2016 and 2020",EH,derived
legal_nwirp,NW Immigrant Rights Project,legal,Bambara,0,0,,False,none,0,,,https://nwirp.org/get-help/,2026-09-06,,"Eligibility requirements published in English and Spanish. Of 174 PDFs on the site, 171 are litigation filings; 3 are Spanish community materials, dated 2016 and 2020",EH,derived
legal_nwirp,NW Immigrant Rights Project,legal,Bangala,0,0,,False,none,0,,,https://nwirp.org/get-help/,2026-09-06,,"Eligibility requirements published in English and Spanish. Of 174 PDFs on the site, 171 are litigation filings; 3 are Spanish community materials, dated 2016 and 2020",EH,derived
legal_nwirp,NW Immigrant Rights Project,legal,Bassa,0,0,,False,none,0,,,https://nwirp.org/get-help/,2026-09-06,,"Eligibility requirements published in English and Spanish. Of 174 PDFs on the site, 171 are litigation filings; 3 are Spanish community materials, dated 2016 and 2020",EH,derived
legal_nwirp,NW Immigrant Rights Project,legal,Bengali,0,0,,False,none,0,,,https://nwirp.org/get-help/,2026-09-06,,"Eligibility requirements published in English and Spanish. Of 174 PDFs on the site, 171 are litigation filings; 3 are Spanish community materials, dated 2016 and 2020",EH,derived
legal_nwirp,NW Immigrant Rights Project,legal,Bosnian,0,0,,False,none,0,,,https://nwirp.org/get-help/,2026-09-06,,"Eligibility requirements published in English and Spanish. Of 174 PDFs on the site, 171 are litigation filings; 3 are Spanish community materials, dated 2016 and 2020",EH,derived
legal_nwirp,NW Immigrant Rights Project,legal,Bulgarian,0,0,,False,none,0,,,https://nwirp.org/get-help/,2026-09-06,,"Eligibility requirements published in English and Spanish. Of 174 PDFs on the site, 171 are litigation filings; 3 are Spanish community materials, dated 2016 and 2020",EH,derived
legal_nwirp,NW Immigrant Rights Project,legal,Burmese,0,0,,False,none,0,,,https://nwirp.org/get-help/,2026-09-06,,"Eligibility requirements published in English and Spanish. Of 174 PDFs on the site, 171 are litigation filings; 3 are Spanish community materials, dated 2016 and 2020",EH,derived
legal_nwirp,NW Immigrant Rights Project,legal,Carolinian,0,0,,False,none,0,,,https://nwirp.org/get-help/,2026-09-06,,"Eligibility requirements published in English and Spanish. Of 174 PDFs on the site, 171 are litigation filings; 3 are Spanish community materials, dated 2016 and 2020",EH,derived
legal_nwirp,NW Immigrant Rights Project,legal,Catalan,0,0,,False,none,0,,,https://nwirp.org/get-help/,2026-09-06,,"Eligibility requirements published in English and Spanish. Of 174 PDFs on the site, 171 are litigation filings; 3 are Spanish community materials, dated 2016 and 2020",EH,derived
legal_nwirp,NW Immigrant Rights Project,legal,Cebuano,0,0,,False,none,0,,,https://nwirp.org/get-help/,2026-09-06,,"Eligibility requirements published in English and Spanish. Of 174 PDFs on the site, 171 are litigation filings; 3 are Spanish community materials, dated 2016 and 2020",EH,derived
legal_nwirp,NW Immigrant Rights Project,legal,Cham,0,0,,False,none,0,,,https://nwirp.org/get-help/,2026-09-06,,"Eligibility requirements published in English and Spanish. Of 174 PDFs on the site, 171 are litigation filings; 3 are Spanish community materials, dated 2016 and 2020",EH,derived
legal_nwirp,NW Immigrant Rights Project,legal,Chamorro,0,0,,False,none,0,,,https://nwirp.org/get-help/,2026-09-06,,"Eligibility requirements published in English and Spanish. Of 174 PDFs on the site, 171 are litigation filings; 3 are Spanish community materials, dated 2016 and 2020",EH,derived
legal_nwirp,NW Immigrant Rights Project,legal,Chin,0,0,,False,none,0,,,https://nwirp.org/get-help/,2026-09-06,,"Eligibility requirements published in English and Spanish. Of 174 PDFs on the site, 171 are litigation filings; 3 are Spanish community materials, dated 2016 and 2020",EH,derived
legal_nwirp,NW Immigrant Rights Project,legal,Chinese-Cantonese,0,0,,False,none,0,,,https://nwirp.org/get-help/,2026-09-06,,"Eligibility requirements published in English and Spanish. Of 174 PDFs on the site, 171 are litigation filings; 3 are Spanish community materials, dated 2016 and 2020",EH,derived
legal_nwirp,NW Immigrant Rights Project,legal,Chinese-Fukienese,0,0,,False,none,0,,,https://nwirp.org/get-help/,2026-09-06,,"Eligibility requirements published in English and Spanish. Of 174 PDFs on the site, 171 are litigation filings; 3 are Spanish community materials, dated 2016 and 2020",EH,derived
legal_nwirp,NW Immigrant Rights Project,legal,Chinese-Mandarin,0,0,,False,none,0,,,https://nwirp.org/get-help/,2026-09-06,,"Eligibility requirements published in English and Spanish. Of 174 PDFs on the site, 171 are litigation filings; 3 are Spanish community materials, dated 2016 and 2020",EH,derived
legal_nwirp,NW Immigrant Rights Project,legal,Chinese-Taiwanese,0,0,,False,none,0,,,https://nwirp.org/get-help/,2026-09-06,,"Eligibility requirements published in English and Spanish. Of 174 PDFs on the site, 171 are litigation filings; 3 are Spanish community materials, dated 2016 and 2020",EH,derived
legal_nwirp,NW Immigrant Rights Project,legal,Chuukese,0,0,,False,none,0,,,https://nwirp.org/get-help/,2026-09-06,,"Eligibility requirements published in English and Spanish. Of 174 PDFs on the site, 171 are litigation filings; 3 are Spanish community materials, dated 2016 and 2020",EH,derived
legal_nwirp,NW Immigrant Rights Project,legal,Dari,0,0,,False,none,0,,,https://nwirp.org/get-help/,2026-09-06,,"Eligibility requirements published in English and Spanish. Of 174 PDFs on the site, 171 are litigation filings; 3 are Spanish community materials, dated 2016 and 2020",EH,derived
legal_nwirp,NW Immigrant Rights Project,legal,Dinka,0,0,,False,none,0,,,https://nwirp.org/get-help/,2026-09-06,,"Eligibility requirements published in English and Spanish. Of 174 PDFs on the site, 171 are litigation filings; 3 are Spanish community materials, dated 2016 and 2020",EH,derived
legal_nwirp,NW Immigrant Rights Project,legal,Dutch,0,0,,False,none,0,,,https://nwirp.org/get-help/,2026-09-06,,"Eligibility requirements published in English and Spanish. Of 174 PDFs on the site, 171 are litigation filings; 3 are Spanish community materials, dated 2016 and 2020",EH,derived
legal_nwirp,NW Immigrant Rights Project,legal,Egyptian-Arabic,0,0,,False,none,0,,,https://nwirp.org/get-help/,2026-09-06,,"Eligibility requirements published in English and Spanish. Of 174 PDFs on the site, 171 are litigation filings; 3 are Spanish community materials, dated 2016 and 2020",EH,derived
legal_nwirp,NW Immigrant Rights Project,legal,Eritai,0,0,,False,none,0,,,https://nwirp.org/get-help/,2026-09-06,,"Eligibility requirements published in English and Spanish. Of 174 PDFs on the site, 171 are litigation filings; 3 are Spanish community materials, dated 2016 and 2020",EH,derived
legal_nwirp,NW Immigrant Rights Project,legal,Estonian,0,0,,False,none,0,,,https://nwirp.org/get-help/,2026-09-06,,"Eligibility requirements published in English and Spanish. Of 174 PDFs on the site, 171 are litigation filings; 3 are Spanish community materials, dated 2016 and 2020",EH,derived
legal_nwirp,NW Immigrant Rights Project,legal,Ewe,0,0,,False,none,0,,,https://nwirp.org/get-help/,2026-09-06,,"Eligibility requirements published in English and Spanish. Of 174 PDFs on the site, 171 are litigation filings; 3 are Spanish community materials, dated 2016 and 2020",EH,derived
legal_nwirp,NW Immigrant Rights Project,legal,Fallani,0,0,,False,none,0,,,https://nwirp.org/get-help/,2026-09-06,,"Eligibility requirements published in English and Spanish. Of 174 PDFs on the site, 171 are litigation filings; 3 are Spanish community materials, dated 2016 and 2020",EH,derived
legal_nwirp,NW Immigrant Rights Project,legal,Farsi,0,0,,False,none,0,,,https://nwirp.org/get-help/,2026-09-06,,"Eligibility requirements published in English and Spanish. Of 174 PDFs on the site, 171 are litigation filings; 3 are Spanish community materials, dated 2016 and 2020",EH,derived
legal_nwirp,NW Immigrant Rights Project,legal,French,0,0,,False,none,0,,,https://nwirp.org/get-help/,2026-09-06,,"Eligibility requirements published in English and Spanish. Of 174 PDFs on the site, 171 are litigation filings; 3 are Spanish community materials, dated 2016 and 2020",EH,derived
legal_nwirp,NW Immigrant Rights Project,legal,Fula,0,0,,False,none,0,,,https://nwirp.org/get-help/,2026-09-06,,"Eligibility requirements published in English and Spanish. Of 174 PDFs on the site, 171 are litigation filings; 3 are Spanish community materials, dated 2016 and 2020",EH,derived
legal_nwirp,NW Immigrant Rights Project,legal,Ga,0,0,,False,none,0,,,https://nwirp.org/get-help/,2026-09-06,,"Eligibility requirements published in English and Spanish. Of 174 PDFs on the site, 171 are litigation filings; 3 are Spanish community materials, dated 2016 and 2020",EH,derived
legal_nwirp,NW Immigrant Rights Project,legal,German,0,0,,False,none,0,,,https://nwirp.org/get-help/,2026-09-06,,"Eligibility requirements published in English and Spanish. Of 174 PDFs on the site, 171 are litigation filings; 3 are Spanish community materials, dated 2016 and 2020",EH,derived
legal_nwirp,NW Immigrant Rights Project,legal,"Greek, Modern",0,0,,False,none,0,,,https://nwirp.org/get-help/,2026-09-06,,"Eligibility requirements published in English and Spanish. Of 174 PDFs on the site, 171 are litigation filings; 3 are Spanish community materials, dated 2016 and 2020",EH,derived
legal_nwirp,NW Immigrant Rights Project,legal,Gujarati,0,0,,False,none,0,,,https://nwirp.org/get-help/,2026-09-06,,"Eligibility requirements published in English and Spanish. Of 174 PDFs on the site, 171 are litigation filings; 3 are Spanish community materials, dated 2016 and 2020",EH,derived
legal_nwirp,NW Immigrant Rights Project,legal,Haitian Creole,0,0,,False,none,0,,,https://nwirp.org/get-help/,2026-09-06,,"Eligibility requirements published in English and Spanish. Of 174 PDFs on the site, 171 are litigation filings; 3 are Spanish community materials, dated 2016 and 2020",EH,derived
legal_nwirp,NW Immigrant Rights Project,legal,Hausa,0,0,,False,none,0,,,https://nwirp.org/get-help/,2026-09-06,,"Eligibility requirements published in English and Spanish. Of 174 PDFs on the site, 171 are litigation filings; 3 are Spanish community materials, dated 2016 and 2020",EH,derived
legal_nwirp,NW Immigrant Rights Project,legal,Hawaiian,0,0,,False,none,0,,,https://nwirp.org/get-help/,2026-09-06,,"Eligibility requirements published in English and Spanish. Of 174 PDFs on the site, 171 are litigation filings; 3 are Spanish community materials, dated 2016 and 2020",EH,derived
legal_nwirp,NW Immigrant Rights Project,legal,Herero,0,0,,False,none,0,,,https://nwirp.org/get-help/,2026-09-06,,"Eligibility requirements published in English and Spanish. Of 174 PDFs on the site, 171 are litigation filings; 3 are Spanish community materials, dated 2016 and 2020",EH,derived
legal_nwirp,NW Immigrant Rights Project,legal,Hindi,0,0,,False,none,0,,,https://nwirp.org/get-help/,2026-09-06,,"Eligibility requirements published in English and Spanish. Of 174 PDFs on the site, 171 are litigation filings; 3 are Spanish community materials, dated 2016 and 2020",EH,derived
legal_nwirp,NW Immigrant Rights Project,legal,Hmong,0,0,,False,none,0,,,https://nwirp.org/get-help/,2026-09-06,,"Eligibility requirements published in English and Spanish. Of 174 PDFs on the site, 171 are litigation filings; 3 are Spanish community materials, dated 2016 and 2020",EH,derived
legal_nwirp,NW Immigrant Rights Project,legal,Hungarian,0,0,,False,none,0,,,https://nwirp.org/get-help/,2026-09-06,,"Eligibility requirements published in English and Spanish. Of 174 PDFs on the site, 171 are litigation filings; 3 are Spanish community materials, dated 2016 and 2020",EH,derived
legal_nwirp,NW Immigrant Rights Project,legal,Igbo,0,0,,False,none,0,,,https://nwirp.org/get-help/,2026-09-06,,"Eligibility requirements published in English and Spanish. Of 174 PDFs on the site, 171 are litigation filings; 3 are Spanish community materials, dated 2016 and 2020",EH,derived
legal_nwirp,NW Immigrant Rights Project,legal,Ilokano,0,0,,False,none,0,,,https://nwirp.org/get-help/,2026-09-06,,"Eligibility requirements published in English and Spanish. Of 174 PDFs on the site, 171 are litigation filings; 3 are Spanish community materials, dated 2016 and 2020",EH,derived
legal_nwirp,NW Immigrant Rights Project,legal,Indonesian,0,0,,False,none,0,,,https://nwirp.org/get-help/,2026-09-06,,"Eligibility requirements published in English and Spanish. Of 174 PDFs on the site, 171 are litigation filings; 3 are Spanish community materials, dated 2016 and 2020",EH,derived
legal_nwirp,NW Immigrant Rights Project,legal,Italian,0,0,,False,none,0,,,https://nwirp.org/get-help/,2026-09-06,,"Eligibility requirements published in English and Spanish. Of 174 PDFs on the site, 171 are litigation filings; 3 are Spanish community materials, dated 2016 and 2020",EH,derived
legal_nwirp,NW Immigrant Rights Project,legal,Japanese,0,0,,False,none,0,,,https://nwirp.org/get-help/,2026-09-06,,"Eligibility requirements published in English and Spanish. Of 174 PDFs on the site, 171 are litigation filings; 3 are Spanish community materials, dated 2016 and 2020",EH,derived
legal_nwirp,NW Immigrant Rights Project,legal,Kakwa,0,0,,False,none,0,,,https://nwirp.org/get-help/,2026-09-06,,"Eligibility requirements published in English and Spanish. Of 174 PDFs on the site, 171 are litigation filings; 3 are Spanish community materials, dated 2016 and 2020",EH,derived
legal_nwirp,NW Immigrant Rights Project,legal,Kannada,0,0,,False,none,0,,,https://nwirp.org/get-help/,2026-09-06,,"Eligibility requirements published in English and Spanish. Of 174 PDFs on the site, 171 are litigation filings; 3 are Spanish community materials, dated 2016 and 2020",EH,derived
legal_nwirp,NW Immigrant Rights Project,legal,Karen,0,0,,False,none,0,,,https://nwirp.org/get-help/,2026-09-06,,"Eligibility requirements published in English and Spanish. Of 174 PDFs on the site, 171 are litigation filings; 3 are Spanish community materials, dated 2016 and 2020",EH,derived
legal_nwirp,NW Immigrant Rights Project,legal,Karenni,0,0,,False,none,0,,,https://nwirp.org/get-help/,2026-09-06,,"Eligibility requirements published in English and Spanish. Of 174 PDFs on the site, 171 are litigation filings; 3 are Spanish community materials, dated 2016 and 2020",EH,derived
legal_nwirp,NW Immigrant Rights Project,legal,Kazakh,0,0,,False,none,0,,,https://nwirp.org/get-help/,2026-09-06,,"Eligibility requirements published in English and Spanish. Of 174 PDFs on the site, 171 are litigation filings; 3 are Spanish community materials, dated 2016 and 2020",EH,derived
legal_nwirp,NW Immigrant Rights Project,legal,Khmer,0,0,,False,none,0,,,https://nwirp.org/get-help/,2026-09-06,,"Eligibility requirements published in English and Spanish. Of 174 PDFs on the site, 171 are litigation filings; 3 are Spanish community materials, dated 2016 and 2020",EH,derived
legal_nwirp,NW Immigrant Rights Project,legal,Kikuyu,0,0,,False,none,0,,,https://nwirp.org/get-help/,2026-09-06,,"Eligibility requirements published in English and Spanish. Of 174 PDFs on the site, 171 are litigation filings; 3 are Spanish community materials, dated 2016 and 2020",EH,derived
legal_nwirp,NW Immigrant Rights Project,legal,Kinyarwanda,0,0,,False,none,0,,,https://nwirp.org/get-help/,2026-09-06,,"Eligibility requirements published in English and Spanish. Of 174 PDFs on the site, 171 are litigation filings; 3 are Spanish community materials, dated 2016 and 2020",EH,derived
legal_nwirp,NW Immigrant Rights Project,legal,Kirgiz,0,0,,False,none,0,,,https://nwirp.org/get-help/,2026-09-06,,"Eligibility requirements published in English and Spanish. Of 174 PDFs on the site, 171 are litigation filings; 3 are Spanish community materials, dated 2016 and 2020",EH,derived
legal_nwirp,NW Immigrant Rights Project,legal,Kirundi,0,0,,False,none,0,,,https://nwirp.org/get-help/,2026-09-06,,"Eligibility requirements published in English and Spanish. Of 174 PDFs on the site, 171 are litigation filings; 3 are Spanish community materials, dated 2016 and 2020",EH,derived
legal_nwirp,NW Immigrant Rights Project,legal,Kmhmu,0,0,,False,none,0,,,https://nwirp.org/get-help/,2026-09-06,,"Eligibility requirements published in English and Spanish. Of 174 PDFs on the site, 171 are litigation filings; 3 are Spanish community materials, dated 2016 and 2020",EH,derived
legal_nwirp,NW Immigrant Rights Project,legal,Kongo,0,0,,False,none,0,,,https://nwirp.org/get-help/,2026-09-06,,"Eligibility requirements published in English and Spanish. Of 174 PDFs on the site, 171 are litigation filings; 3 are Spanish community materials, dated 2016 and 2020",EH,derived
legal_nwirp,NW Immigrant Rights Project,legal,Korean,0,0,,False,none,0,,,https://nwirp.org/get-help/,2026-09-06,,"Eligibility requirements published in English and Spanish. Of 174 PDFs on the site, 171 are litigation filings; 3 are Spanish community materials, dated 2016 and 2020",EH,derived
legal_nwirp,NW Immigrant Rights Project,legal,Kosraean,0,0,,False,none,0,,,https://nwirp.org/get-help/,2026-09-06,,"Eligibility requirements published in English and Spanish. Of 174 PDFs on the site, 171 are litigation filings; 3 are Spanish community materials, dated 2016 and 2020",EH,derived
legal_nwirp,NW Immigrant Rights Project,legal,Krahn,0,0,,False,none,0,,,https://nwirp.org/get-help/,2026-09-06,,"Eligibility requirements published in English and Spanish. Of 174 PDFs on the site, 171 are litigation filings; 3 are Spanish community materials, dated 2016 and 2020",EH,derived
legal_nwirp,NW Immigrant Rights Project,legal,Krio,0,0,,False,none,0,,,https://nwirp.org/get-help/,2026-09-06,,"Eligibility requirements published in English and Spanish. Of 174 PDFs on the site, 171 are litigation filings; 3 are Spanish community materials, dated 2016 and 2020",EH,derived
legal_nwirp,NW Immigrant Rights Project,legal,Kru,0,0,,False,none,0,,,https://nwirp.org/get-help/,2026-09-06,,"Eligibility requirements published in English and Spanish. Of 174 PDFs on the site, 171 are litigation filings; 3 are Spanish community materials, dated 2016 and 2020",EH,derived
legal_nwirp,NW Immigrant Rights Project,legal,Kurdish,0,0,,False,none,0,,,https://nwirp.org/get-help/,2026-09-06,,"Eligibility requirements published in English and Spanish. Of 174 PDFs on the site, 171 are litigation filings; 3 are Spanish community materials, dated 2016 and 2020",EH,derived
legal_nwirp,NW Immigrant Rights Project,legal,Lao,0,0,,False,none,0,,,https://nwirp.org/get-help/,2026-09-06,,"Eligibility requirements published in English and Spanish. Of 174 PDFs on the site, 171 are litigation filings; 3 are Spanish community materials, dated 2016 and 2020",EH,derived
legal_nwirp,NW Immigrant Rights Project,legal,Latvian,0,0,,False,none,0,,,https://nwirp.org/get-help/,2026-09-06,,"Eligibility requirements published in English and Spanish. Of 174 PDFs on the site, 171 are litigation filings; 3 are Spanish community materials, dated 2016 and 2020",EH,derived
legal_nwirp,NW Immigrant Rights Project,legal,Lingala,0,0,,False,none,0,,,https://nwirp.org/get-help/,2026-09-06,,"Eligibility requirements published in English and Spanish. Of 174 PDFs on the site, 171 are litigation filings; 3 are Spanish community materials, dated 2016 and 2020",EH,derived
legal_nwirp,NW Immigrant Rights Project,legal,Luganda,0,0,,False,none,0,,,https://nwirp.org/get-help/,2026-09-06,,"Eligibility requirements published in English and Spanish. Of 174 PDFs on the site, 171 are litigation filings; 3 are Spanish community materials, dated 2016 and 2020",EH,derived
legal_nwirp,NW Immigrant Rights Project,legal,Maay Maay,0,0,,False,none,0,,,https://nwirp.org/get-help/,2026-09-06,,"Eligibility requirements published in English and Spanish. Of 174 PDFs on the site, 171 are litigation filings; 3 are Spanish community materials, dated 2016 and 2020",EH,derived
legal_nwirp,NW Immigrant Rights Project,legal,Malay,0,0,,False,none,0,,,https://nwirp.org/get-help/,2026-09-06,,"Eligibility requirements published in English and Spanish. Of 174 PDFs on the site, 171 are litigation filings; 3 are Spanish community materials, dated 2016 and 2020",EH,derived
legal_nwirp,NW Immigrant Rights Project,legal,Malayalam,0,0,,False,none,0,,,https://nwirp.org/get-help/,2026-09-06,,"Eligibility requirements published in English and Spanish. Of 174 PDFs on the site, 171 are litigation filings; 3 are Spanish community materials, dated 2016 and 2020",EH,derived
legal_nwirp,NW Immigrant Rights Project,legal,Mam,0,0,,False,none,0,,,https://nwirp.org/get-help/,2026-09-06,,"Eligibility requirements published in English and Spanish. Of 174 PDFs on the site, 171 are litigation filings; 3 are Spanish community materials, dated 2016 and 2020",EH,derived
legal_nwirp,NW Immigrant Rights Project,legal,Mandingo,0,0,,False,none,0,,,https://nwirp.org/get-help/,2026-09-06,,"Eligibility requirements published in English and Spanish. Of 174 PDFs on the site, 171 are litigation filings; 3 are Spanish community materials, dated 2016 and 2020",EH,derived
legal_nwirp,NW Immigrant Rights Project,legal,Mandinka,0,0,,False,none,0,,,https://nwirp.org/get-help/,2026-09-06,,"Eligibility requirements published in English and Spanish. Of 174 PDFs on the site, 171 are litigation filings; 3 are Spanish community materials, dated 2016 and 2020",EH,derived
legal_nwirp,NW Immigrant Rights Project,legal,Marathi,0,0,,False,none,0,,,https://nwirp.org/get-help/,2026-09-06,,"Eligibility requirements published in English and Spanish. Of 174 PDFs on the site, 171 are litigation filings; 3 are Spanish community materials, dated 2016 and 2020",EH,derived
legal_nwirp,NW Immigrant Rights Project,legal,Marquesan,0,0,,False,none,0,,,https://nwirp.org/get-help/,2026-09-06,,"Eligibility requirements published in English and Spanish. Of 174 PDFs on the site, 171 are litigation filings; 3 are Spanish community materials, dated 2016 and 2020",EH,derived
legal_nwirp,NW Immigrant Rights Project,legal,Marshallese,0,0,,False,none,0,,,https://nwirp.org/get-help/,2026-09-06,,"Eligibility requirements published in English and Spanish. Of 174 PDFs on the site, 171 are litigation filings; 3 are Spanish community materials, dated 2016 and 2020",EH,derived
legal_nwirp,NW Immigrant Rights Project,legal,Maya-Quiche,0,0,,False,none,0,,,https://nwirp.org/get-help/,2026-09-06,,"Eligibility requirements published in English and Spanish. Of 174 PDFs on the site, 171 are litigation filings; 3 are Spanish community materials, dated 2016 and 2020",EH,derived
legal_nwirp,NW Immigrant Rights Project,legal,Mien,0,0,,False,none,0,,,https://nwirp.org/get-help/,2026-09-06,,"Eligibility requirements published in English and Spanish. Of 174 PDFs on the site, 171 are litigation filings; 3 are Spanish community materials, dated 2016 and 2020",EH,derived
legal_nwirp,NW Immigrant Rights Project,legal,Mixteco,0,0,,False,none,0,,,https://nwirp.org/get-help/,2026-09-06,,"Eligibility requirements published in English and Spanish. Of 174 PDFs on the site, 171 are litigation filings; 3 are Spanish community materials, dated 2016 and 2020",EH,derived
legal_nwirp,NW Immigrant Rights Project,legal,Moldavian,0,0,,False,none,0,,,https://nwirp.org/get-help/,2026-09-06,,"Eligibility requirements published in English and Spanish. Of 174 PDFs on the site, 171 are litigation filings; 3 are Spanish community materials, dated 2016 and 2020",EH,derived
legal_nwirp,NW Immigrant Rights Project,legal,Mongolian,0,0,,False,none,0,,,https://nwirp.org/get-help/,2026-09-06,,"Eligibility requirements published in English and Spanish. Of 174 PDFs on the site, 171 are litigation filings; 3 are Spanish community materials, dated 2016 and 2020",EH,derived
legal_nwirp,NW Immigrant Rights Project,legal,Moore,0,0,,False,none,0,,,https://nwirp.org/get-help/,2026-09-06,,"Eligibility requirements published in English and Spanish. Of 174 PDFs on the site, 171 are litigation filings; 3 are Spanish community materials, dated 2016 and 2020",EH,derived
legal_nwirp,NW Immigrant Rights Project,legal,"Nahuatl, Guerrero region",0,0,,False,none,0,,,https://nwirp.org/get-help/,2026-09-06,,"Eligibility requirements published in English and Spanish. Of 174 PDFs on the site, 171 are litigation filings; 3 are Spanish community materials, dated 2016 and 2020",EH,derived
legal_nwirp,NW Immigrant Rights Project,legal,Nepali,0,0,,False,none,0,,,https://nwirp.org/get-help/,2026-09-06,,"Eligibility requirements published in English and Spanish. Of 174 PDFs on the site, 171 are litigation filings; 3 are Spanish community materials, dated 2016 and 2020",EH,derived
legal_nwirp,NW Immigrant Rights Project,legal,Nuer,0,0,,False,none,0,,,https://nwirp.org/get-help/,2026-09-06,,"Eligibility requirements published in English and Spanish. Of 174 PDFs on the site, 171 are litigation filings; 3 are Spanish community materials, dated 2016 and 2020",EH,derived
legal_nwirp,NW Immigrant Rights Project,legal,Oromo,0,0,,False,none,0,,,https://nwirp.org/get-help/,2026-09-06,,"Eligibility requirements published in English and Spanish. Of 174 PDFs on the site, 171 are litigation filings; 3 are Spanish community materials, dated 2016 and 2020",EH,derived
legal_nwirp,NW Immigrant Rights Project,legal,Palau,0,0,,False,none,0,,,https://nwirp.org/get-help/,2026-09-06,,"Eligibility requirements published in English and Spanish. Of 174 PDFs on the site, 171 are litigation filings; 3 are Spanish community materials, dated 2016 and 2020",EH,derived
legal_nwirp,NW Immigrant Rights Project,legal,Pashai,0,0,,False,none,0,,,https://nwirp.org/get-help/,2026-09-06,,"Eligibility requirements published in English and Spanish. Of 174 PDFs on the site, 171 are litigation filings; 3 are Spanish community materials, dated 2016 and 2020",EH,derived
legal_nwirp,NW Immigrant Rights Project,legal,Pashto,0,0,,False,none,0,,,https://nwirp.org/get-help/,2026-09-06,,"Eligibility requirements published in English and Spanish. Of 174 PDFs on the site, 171 are litigation filings; 3 are Spanish community materials, dated 2016 and 2020",EH,derived
legal_nwirp,NW Immigrant Rights Project,legal,Pere,0,0,,False,none,0,,,https://nwirp.org/get-help/,2026-09-06,,"Eligibility requirements published in English and Spanish. Of 174 PDFs on the site, 171 are litigation filings; 3 are Spanish community materials, dated 2016 and 2020",EH,derived
legal_nwirp,NW Immigrant Rights Project,legal,Polish,0,0,,False,none,0,,,https://nwirp.org/get-help/,2026-09-06,,"Eligibility requirements published in English and Spanish. Of 174 PDFs on the site, 171 are litigation filings; 3 are Spanish community materials, dated 2016 and 2020",EH,derived
legal_nwirp,NW Immigrant Rights Project,legal,Portuguese,0,0,,False,none,0,,,https://nwirp.org/get-help/,2026-09-06,,"Eligibility requirements published in English and Spanish. Of 174 PDFs on the site, 171 are litigation filings; 3 are Spanish community materials, dated 2016 and 2020",EH,derived
legal_nwirp,NW Immigrant Rights Project,legal,Punjabi,0,0,,False,none,0,,,https://nwirp.org/get-help/,2026-09-06,,"Eligibility requirements published in English and Spanish. Of 174 PDFs on the site, 171 are litigation filings; 3 are Spanish community materials, dated 2016 and 2020",EH,derived
legal_nwirp,NW Immigrant Rights Project,legal,Purepecha,0,0,,False,none,0,,,https://nwirp.org/get-help/,2026-09-06,,"Eligibility requirements published in English and Spanish. Of 174 PDFs on the site, 171 are litigation filings; 3 are Spanish community materials, dated 2016 and 2020",EH,derived
legal_nwirp,NW Immigrant Rights Project,legal,Rohingya,0,0,,False,none,0,,,https://nwirp.org/get-help/,2026-09-06,,"Eligibility requirements published in English and Spanish. Of 174 PDFs on the site, 171 are litigation filings; 3 are Spanish community materials, dated 2016 and 2020",EH,derived
legal_nwirp,NW Immigrant Rights Project,legal,Romanian,0,0,,False,none,0,,,https://nwirp.org/get-help/,2026-09-06,,"Eligibility requirements published in English and Spanish. Of 174 PDFs on the site, 171 are litigation filings; 3 are Spanish community materials, dated 2016 and 2020",EH,derived
legal_nwirp,NW Immigrant Rights Project,legal,Russian,0,0,,False,none,0,,,https://nwirp.org/get-help/,2026-09-06,,"Eligibility requirements published in English and Spanish. Of 174 PDFs on the site, 171 are litigation filings; 3 are Spanish community materials, dated 2016 and 2020",EH,derived
legal_nwirp,NW Immigrant Rights Project,legal,Samoan,0,0,,False,none,0,,,https://nwirp.org/get-help/,2026-09-06,,"Eligibility requirements published in English and Spanish. Of 174 PDFs on the site, 171 are litigation filings; 3 are Spanish community materials, dated 2016 and 2020",EH,derived
legal_nwirp,NW Immigrant Rights Project,legal,Sao,0,0,,False,none,0,,,https://nwirp.org/get-help/,2026-09-06,,"Eligibility requirements published in English and Spanish. Of 174 PDFs on the site, 171 are litigation filings; 3 are Spanish community materials, dated 2016 and 2020",EH,derived
legal_nwirp,NW Immigrant Rights Project,legal,Serbo-Croation,0,0,,False,none,0,,,https://nwirp.org/get-help/,2026-09-06,,"Eligibility requirements published in English and Spanish. Of 174 PDFs on the site, 171 are litigation filings; 3 are Spanish community materials, dated 2016 and 2020",EH,derived
legal_nwirp,NW Immigrant Rights Project,legal,Shona,0,0,,False,none,0,,,https://nwirp.org/get-help/,2026-09-06,,"Eligibility requirements published in English and Spanish. Of 174 PDFs on the site, 171 are litigation filings; 3 are Spanish community materials, dated 2016 and 2020",EH,derived
legal_nwirp,NW Immigrant Rights Project,legal,Sinhalese,0,0,,False,none,0,,,https://nwirp.org/get-help/,2026-09-06,,"Eligibility requirements published in English and Spanish. Of 174 PDFs on the site, 171 are litigation filings; 3 are Spanish community materials, dated 2016 and 2020",EH,derived
legal_nwirp,NW Immigrant Rights Project,legal,Slovenian,0,0,,False,none,0,,,https://nwirp.org/get-help/,2026-09-06,,"Eligibility requirements published in English and Spanish. Of 174 PDFs on the site, 171 are litigation filings; 3 are Spanish community materials, dated 2016 and 2020",EH,derived
legal_nwirp,NW Immigrant Rights Project,legal,Somali,0,0,,False,none,0,,,https://nwirp.org/get-help/,2026-09-06,,"Eligibility requirements published in English and Spanish. Of 174 PDFs on the site, 171 are litigation filings; 3 are Spanish community materials, dated 2016 and 2020",EH,derived
legal_nwirp,NW Immigrant Rights Project,legal,Soninke,0,0,,False,none,0,,,https://nwirp.org/get-help/,2026-09-06,,"Eligibility requirements published in English and Spanish. Of 174 PDFs on the site, 171 are litigation filings; 3 are Spanish community materials, dated 2016 and 2020",EH,derived
legal_nwirp,NW Immigrant Rights Project,legal,Sotho,0,0,,False,none,0,,,https://nwirp.org/get-help/,2026-09-06,,"Eligibility requirements published in English and Spanish. Of 174 PDFs on the site, 171 are litigation filings; 3 are Spanish community materials, dated 2016 and 2020",EH,derived
legal_nwirp,NW Immigrant Rights Project,legal,Spanish,3,2,,True,in_language_document,3,; ; ,,https://nwirp.org/get-help/,2026-09-06,unchecked,"3 page(s) or document(s) in this language | Count is documents only. Navigation and topic category pages are excluded; counting them overstated this figure roughly eightfold | Eligibility requirements published in English and Spanish. Of 174 PDFs on the site, 171 are litigation filings; 3 are Spanish community materials, dated 2016 and 2020",EH,derived
legal_nwirp,NW Immigrant Rights Project,legal,Swahili,0,0,,False,none,0,,,https://nwirp.org/get-help/,2026-09-06,,"Eligibility requirements published in English and Spanish. Of 174 PDFs on the site, 171 are litigation filings; 3 are Spanish community materials, dated 2016 and 2020",EH,derived
legal_nwirp,NW Immigrant Rights Project,legal,Tagalog,0,0,,False,none,0,,,https://nwirp.org/get-help/,2026-09-06,,"Eligibility requirements published in English and Spanish. Of 174 PDFs on the site, 171 are litigation filings; 3 are Spanish community materials, dated 2016 and 2020",EH,derived
legal_nwirp,NW Immigrant Rights Project,legal,Taishanese,0,0,,False,none,0,,,https://nwirp.org/get-help/,2026-09-06,,"Eligibility requirements published in English and Spanish. Of 174 PDFs on the site, 171 are litigation filings; 3 are Spanish community materials, dated 2016 and 2020",EH,derived
legal_nwirp,NW Immigrant Rights Project,legal,Tajiki,0,0,,False,none,0,,,https://nwirp.org/get-help/,2026-09-06,,"Eligibility requirements published in English and Spanish. Of 174 PDFs on the site, 171 are litigation filings; 3 are Spanish community materials, dated 2016 and 2020",EH,derived
legal_nwirp,NW Immigrant Rights Project,legal,Tamil,0,0,,False,none,0,,,https://nwirp.org/get-help/,2026-09-06,,"Eligibility requirements published in English and Spanish. Of 174 PDFs on the site, 171 are litigation filings; 3 are Spanish community materials, dated 2016 and 2020",EH,derived
legal_nwirp,NW Immigrant Rights Project,legal,Tarasco,0,0,,False,none,0,,,https://nwirp.org/get-help/,2026-09-06,,"Eligibility requirements published in English and Spanish. Of 174 PDFs on the site, 171 are litigation filings; 3 are Spanish community materials, dated 2016 and 2020",EH,derived
legal_nwirp,NW Immigrant Rights Project,legal,Tedim,0,0,,False,none,0,,,https://nwirp.org/get-help/,2026-09-06,,"Eligibility requirements published in English and Spanish. Of 174 PDFs on the site, 171 are litigation filings; 3 are Spanish community materials, dated 2016 and 2020",EH,derived
legal_nwirp,NW Immigrant Rights Project,legal,Telugu,0,0,,False,none,0,,,https://nwirp.org/get-help/,2026-09-06,,"Eligibility requirements published in English and Spanish. Of 174 PDFs on the site, 171 are litigation filings; 3 are Spanish community materials, dated 2016 and 2020",EH,derived
legal_nwirp,NW Immigrant Rights Project,legal,Thai,0,0,,False,none,0,,,https://nwirp.org/get-help/,2026-09-06,,"Eligibility requirements published in English and Spanish. Of 174 PDFs on the site, 171 are litigation filings; 3 are Spanish community materials, dated 2016 and 2020",EH,derived
legal_nwirp,NW Immigrant Rights Project,legal,Tibetan,0,0,,False,none,0,,,https://nwirp.org/get-help/,2026-09-06,,"Eligibility requirements published in English and Spanish. Of 174 PDFs on the site, 171 are litigation filings; 3 are Spanish community materials, dated 2016 and 2020",EH,derived
legal_nwirp,NW Immigrant Rights Project,legal,Tigrinya,0,0,,False,none,0,,,https://nwirp.org/get-help/,2026-09-06,,"Eligibility requirements published in English and Spanish. Of 174 PDFs on the site, 171 are litigation filings; 3 are Spanish community materials, dated 2016 and 2020",EH,derived
legal_nwirp,NW Immigrant Rights Project,legal,Tongan,0,0,,False,none,0,,,https://nwirp.org/get-help/,2026-09-06,,"Eligibility requirements published in English and Spanish. Of 174 PDFs on the site, 171 are litigation filings; 3 are Spanish community materials, dated 2016 and 2020",EH,derived
legal_nwirp,NW Immigrant Rights Project,legal,Turkish,0,0,,False,none,0,,,https://nwirp.org/get-help/,2026-09-06,,"Eligibility requirements published in English and Spanish. Of 174 PDFs on the site, 171 are litigation filings; 3 are Spanish community materials, dated 2016 and 2020",EH,derived
legal_nwirp,NW Immigrant Rights Project,legal,Twi,0,0,,False,none,0,,,https://nwirp.org/get-help/,2026-09-06,,"Eligibility requirements published in English and Spanish. Of 174 PDFs on the site, 171 are litigation filings; 3 are Spanish community materials, dated 2016 and 2020",EH,derived
legal_nwirp,NW Immigrant Rights Project,legal,Ukrainian,0,0,,False,none,0,,,https://nwirp.org/get-help/,2026-09-06,,"Eligibility requirements published in English and Spanish. Of 174 PDFs on the site, 171 are litigation filings; 3 are Spanish community materials, dated 2016 and 2020",EH,derived
legal_nwirp,NW Immigrant Rights Project,legal,Urdu,0,0,,False,none,0,,,https://nwirp.org/get-help/,2026-09-06,,"Eligibility requirements published in English and Spanish. Of 174 PDFs on the site, 171 are litigation filings; 3 are Spanish community materials, dated 2016 and 2020",EH,derived
legal_nwirp,NW Immigrant Rights Project,legal,Uzbek,0,0,,False,none,0,,,https://nwirp.org/get-help/,2026-09-06,,"Eligibility requirements published in English and Spanish. Of 174 PDFs on the site, 171 are litigation filings; 3 are Spanish community materials, dated 2016 and 2020",EH,derived
legal_nwirp,NW Immigrant Rights Project,legal,Vietnamese,0,0,,False,none,0,,,https://nwirp.org/get-help/,2026-09-06,,"Eligibility requirements published in English and Spanish. Of 174 PDFs on the site, 171 are litigation filings; 3 are Spanish community materials, dated 2016 and 2020",EH,derived
legal_nwirp,NW Immigrant Rights Project,legal,Wolof,0,0,,False,none,0,,,https://nwirp.org/get-help/,2026-09-06,,"Eligibility requirements published in English and Spanish. Of 174 PDFs on the site, 171 are litigation filings; 3 are Spanish community materials, dated 2016 and 2020",EH,derived
legal_nwirp,NW Immigrant Rights Project,legal,Yap,0,0,,False,none,0,,,https://nwirp.org/get-help/,2026-09-06,,"Eligibility requirements published in English and Spanish. Of 174 PDFs on the site, 171 are litigation filings; 3 are Spanish community materials, dated 2016 and 2020",EH,derived
legal_nwirp,NW Immigrant Rights Project,legal,Yoruba,0,0,,False,none,0,,,https://nwirp.org/get-help/,2026-09-06,,"Eligibility requirements published in English and Spanish. Of 174 PDFs on the site, 171 are litigation filings; 3 are Spanish community materials, dated 2016 and 2020",EH,derived
legal_solidground,Solid Ground,legal,Acholi,0,0,,False,none,0,,,https://www.solid-ground.org,2026-09-06,,Widget restricted to 104 languages; this language is NOT on the list,EH,derived
legal_solidground,Solid Ground,legal,Aguacateco,0,0,,False,none,0,,,https://www.solid-ground.org,2026-09-06,,Widget restricted to 104 languages; this language is NOT on the list,EH,derived
legal_solidground,Solid Ground,legal,Akateko,0,0,,False,none,0,,,https://www.solid-ground.org,2026-09-06,,Widget restricted to 104 languages; this language is NOT on the list,EH,derived
legal_solidground,Solid Ground,legal,Albanian,1,0,,False,none,0,,,https://www.solid-ground.org,2026-09-06,,Widget restricted to 104 languages; this language is on the list,EH,derived
legal_solidground,Solid Ground,legal,American Sign Language,0,0,,False,none,0,,,https://www.solid-ground.org,2026-09-06,,Widget restricted to 104 languages; this language is NOT on the list,EH,derived
legal_solidground,Solid Ground,legal,Amharic,1,0,,False,none,0,,,https://www.solid-ground.org,2026-09-06,,Widget restricted to 104 languages; this language is on the list,EH,derived
legal_solidground,Solid Ground,legal,Arabic,1,0,,False,none,0,,,https://www.solid-ground.org,2026-09-06,,Widget restricted to 104 languages; this language is on the list,EH,derived
legal_solidground,Solid Ground,legal,Armenian,1,0,,False,none,0,,,https://www.solid-ground.org,2026-09-06,,Widget restricted to 104 languages; this language is on the list,EH,derived
legal_solidground,Solid Ground,legal,Ayula-Bambara,0,0,,False,none,0,,,https://www.solid-ground.org,2026-09-06,,Widget restricted to 104 languages; this language is NOT on the list,EH,derived
legal_solidground,Solid Ground,legal,Azerbaijani,1,0,,False,none,0,,,https://www.solid-ground.org,2026-09-06,,Widget restricted to 104 languages; this language is on the list,EH,derived
legal_solidground,Solid Ground,legal,Bambara,0,0,,False,none,0,,,https://www.solid-ground.org,2026-09-06,,Widget restricted to 104 languages; this language is NOT on the list,EH,derived
legal_solidground,Solid Ground,legal,Bangala,0,0,,False,none,0,,,https://www.solid-ground.org,2026-09-06,,Widget restricted to 104 languages; this language is NOT on the list,EH,derived
legal_solidground,Solid Ground,legal,Bassa,0,0,,False,none,0,,,https://www.solid-ground.org,2026-09-06,,Widget restricted to 104 languages; this language is NOT on the list,EH,derived
legal_solidground,Solid Ground,legal,Bengali,1,0,,False,none,0,,,https://www.solid-ground.org,2026-09-06,,Widget restricted to 104 languages; this language is on the list,EH,derived
legal_solidground,Solid Ground,legal,Bosnian,1,0,,False,none,0,,,https://www.solid-ground.org,2026-09-06,,Widget restricted to 104 languages; this language is on the list,EH,derived
legal_solidground,Solid Ground,legal,Bulgarian,1,0,,False,none,0,,,https://www.solid-ground.org,2026-09-06,,Widget restricted to 104 languages; this language is on the list,EH,derived
legal_solidground,Solid Ground,legal,Burmese,1,0,,False,none,0,,,https://www.solid-ground.org,2026-09-06,,Widget restricted to 104 languages; this language is on the list,EH,derived
legal_solidground,Solid Ground,legal,Carolinian,0,0,,False,none,0,,,https://www.solid-ground.org,2026-09-06,,Widget restricted to 104 languages; this language is NOT on the list,EH,derived
legal_solidground,Solid Ground,legal,Catalan,1,0,,False,none,0,,,https://www.solid-ground.org,2026-09-06,,Widget restricted to 104 languages; this language is on the list,EH,derived
legal_solidground,Solid Ground,legal,Cebuano,1,0,,False,none,0,,,https://www.solid-ground.org,2026-09-06,,Widget restricted to 104 languages; this language is on the list,EH,derived
legal_solidground,Solid Ground,legal,Cham,0,0,,False,none,0,,,https://www.solid-ground.org,2026-09-06,,Widget restricted to 104 languages; this language is NOT on the list,EH,derived
legal_solidground,Solid Ground,legal,Chamorro,0,0,,False,none,0,,,https://www.solid-ground.org,2026-09-06,,Widget restricted to 104 languages; this language is NOT on the list,EH,derived
legal_solidground,Solid Ground,legal,Chin,0,0,,False,none,0,,,https://www.solid-ground.org,2026-09-06,,Widget restricted to 104 languages; this language is NOT on the list,EH,derived
legal_solidground,Solid Ground,legal,Chinese-Cantonese,1,0,,False,none,0,,,https://www.solid-ground.org,2026-09-06,,Widget restricted to 104 languages; this language is on the list,EH,derived
legal_solidground,Solid Ground,legal,Chinese-Fukienese,0,0,,False,none,0,,,https://www.solid-ground.org,2026-09-06,,Widget restricted to 104 languages; this language is NOT on the list,EH,derived
legal_solidground,Solid Ground,legal,Chinese-Mandarin,1,0,,False,none,0,,,https://www.solid-ground.org,2026-09-06,,Widget restricted to 104 languages; this language is on the list,EH,derived
legal_solidground,Solid Ground,legal,Chinese-Taiwanese,0,0,,False,none,0,,,https://www.solid-ground.org,2026-09-06,,Widget restricted to 104 languages; this language is NOT on the list,EH,derived
legal_solidground,Solid Ground,legal,Chuukese,0,0,,False,none,0,,,https://www.solid-ground.org,2026-09-06,,Widget restricted to 104 languages; this language is NOT on the list,EH,derived
legal_solidground,Solid Ground,legal,Dari,1,0,,False,none,0,,,https://www.solid-ground.org,2026-09-06,,Widget restricted to 104 languages; this language is on the list,EH,derived
legal_solidground,Solid Ground,legal,Dinka,0,0,,False,none,0,,,https://www.solid-ground.org,2026-09-06,,Widget restricted to 104 languages; this language is NOT on the list,EH,derived
legal_solidground,Solid Ground,legal,Dutch,1,0,,False,none,0,,,https://www.solid-ground.org,2026-09-06,,Widget restricted to 104 languages; this language is on the list,EH,derived
legal_solidground,Solid Ground,legal,Egyptian-Arabic,0,0,,False,none,0,,,https://www.solid-ground.org,2026-09-06,,Widget restricted to 104 languages; this language is NOT on the list,EH,derived
legal_solidground,Solid Ground,legal,Eritai,0,0,,False,none,0,,,https://www.solid-ground.org,2026-09-06,,Widget restricted to 104 languages; this language is NOT on the list,EH,derived
legal_solidground,Solid Ground,legal,Estonian,1,0,,False,none,0,,,https://www.solid-ground.org,2026-09-06,,Widget restricted to 104 languages; this language is on the list,EH,derived
legal_solidground,Solid Ground,legal,Ewe,0,0,,False,none,0,,,https://www.solid-ground.org,2026-09-06,,Widget restricted to 104 languages; this language is NOT on the list,EH,derived
legal_solidground,Solid Ground,legal,Fallani,0,0,,False,none,0,,,https://www.solid-ground.org,2026-09-06,,Widget restricted to 104 languages; this language is NOT on the list,EH,derived
legal_solidground,Solid Ground,legal,Farsi,1,0,,False,none,0,,,https://www.solid-ground.org,2026-09-06,,Widget restricted to 104 languages; this language is on the list,EH,derived
legal_solidground,Solid Ground,legal,French,1,0,,False,none,0,,,https://www.solid-ground.org,2026-09-06,,Widget restricted to 104 languages; this language is on the list,EH,derived
legal_solidground,Solid Ground,legal,Fula,0,0,,False,none,0,,,https://www.solid-ground.org,2026-09-06,,Widget restricted to 104 languages; this language is NOT on the list,EH,derived
legal_solidground,Solid Ground,legal,Ga,0,0,,False,none,0,,,https://www.solid-ground.org,2026-09-06,,Widget restricted to 104 languages; this language is NOT on the list,EH,derived
legal_solidground,Solid Ground,legal,German,1,0,,False,none,0,,,https://www.solid-ground.org,2026-09-06,,Widget restricted to 104 languages; this language is on the list,EH,derived
legal_solidground,Solid Ground,legal,"Greek, Modern",0,0,,False,none,0,,,https://www.solid-ground.org,2026-09-06,,Widget restricted to 104 languages; this language is NOT on the list,EH,derived
legal_solidground,Solid Ground,legal,Gujarati,1,0,,False,none,0,,,https://www.solid-ground.org,2026-09-06,,Widget restricted to 104 languages; this language is on the list,EH,derived
legal_solidground,Solid Ground,legal,Haitian Creole,1,0,,False,none,0,,,https://www.solid-ground.org,2026-09-06,,Widget restricted to 104 languages; this language is on the list,EH,derived
legal_solidground,Solid Ground,legal,Hausa,1,0,,False,none,0,,,https://www.solid-ground.org,2026-09-06,,Widget restricted to 104 languages; this language is on the list,EH,derived
legal_solidground,Solid Ground,legal,Hawaiian,1,0,,False,none,0,,,https://www.solid-ground.org,2026-09-06,,Widget restricted to 104 languages; this language is on the list,EH,derived
legal_solidground,Solid Ground,legal,Herero,0,0,,False,none,0,,,https://www.solid-ground.org,2026-09-06,,Widget restricted to 104 languages; this language is NOT on the list,EH,derived
legal_solidground,Solid Ground,legal,Hindi,1,0,,False,none,0,,,https://www.solid-ground.org,2026-09-06,,Widget restricted to 104 languages; this language is on the list,EH,derived
legal_solidground,Solid Ground,legal,Hmong,1,0,,False,none,0,,,https://www.solid-ground.org,2026-09-06,,Widget restricted to 104 languages; this language is on the list,EH,derived
legal_solidground,Solid Ground,legal,Hungarian,1,0,,False,none,0,,,https://www.solid-ground.org,2026-09-06,,Widget restricted to 104 languages; this language is on the list,EH,derived
legal_solidground,Solid Ground,legal,Igbo,1,0,,False,none,0,,,https://www.solid-ground.org,2026-09-06,,Widget restricted to 104 languages; this language is on the list,EH,derived
legal_solidground,Solid Ground,legal,Ilokano,0,0,,False,none,0,,,https://www.solid-ground.org,2026-09-06,,Widget restricted to 104 languages; this language is NOT on the list,EH,derived
legal_solidground,Solid Ground,legal,Indonesian,1,0,,False,none,0,,,https://www.solid-ground.org,2026-09-06,,Widget restricted to 104 languages; this language is on the list,EH,derived
legal_solidground,Solid Ground,legal,Italian,1,0,,False,none,0,,,https://www.solid-ground.org,2026-09-06,,Widget restricted to 104 languages; this language is on the list,EH,derived
legal_solidground,Solid Ground,legal,Japanese,1,0,,False,none,0,,,https://www.solid-ground.org,2026-09-06,,Widget restricted to 104 languages; this language is on the list,EH,derived
legal_solidground,Solid Ground,legal,Kakwa,0,0,,False,none,0,,,https://www.solid-ground.org,2026-09-06,,Widget restricted to 104 languages; this language is NOT on the list,EH,derived
legal_solidground,Solid Ground,legal,Kannada,1,0,,False,none,0,,,https://www.solid-ground.org,2026-09-06,,Widget restricted to 104 languages; this language is on the list,EH,derived
legal_solidground,Solid Ground,legal,Karen,0,0,,False,none,0,,,https://www.solid-ground.org,2026-09-06,,Widget restricted to 104 languages; this language is NOT on the list,EH,derived
legal_solidground,Solid Ground,legal,Karenni,0,0,,False,none,0,,,https://www.solid-ground.org,2026-09-06,,Widget restricted to 104 languages; this language is NOT on the list,EH,derived
legal_solidground,Solid Ground,legal,Kazakh,1,0,,False,none,0,,,https://www.solid-ground.org,2026-09-06,,Widget restricted to 104 languages; this language is on the list,EH,derived
legal_solidground,Solid Ground,legal,Khmer,1,0,,False,none,0,,,https://www.solid-ground.org,2026-09-06,,Widget restricted to 104 languages; this language is on the list,EH,derived
legal_solidground,Solid Ground,legal,Kikuyu,0,0,,False,none,0,,,https://www.solid-ground.org,2026-09-06,,Widget restricted to 104 languages; this language is NOT on the list,EH,derived
legal_solidground,Solid Ground,legal,Kinyarwanda,0,0,,False,none,0,,,https://www.solid-ground.org,2026-09-06,,Widget restricted to 104 languages; this language is NOT on the list,EH,derived
legal_solidground,Solid Ground,legal,Kirgiz,0,0,,False,none,0,,,https://www.solid-ground.org,2026-09-06,,Widget restricted to 104 languages; this language is NOT on the list,EH,derived
legal_solidground,Solid Ground,legal,Kirundi,0,0,,False,none,0,,,https://www.solid-ground.org,2026-09-06,,Widget restricted to 104 languages; this language is NOT on the list,EH,derived
legal_solidground,Solid Ground,legal,Kmhmu,0,0,,False,none,0,,,https://www.solid-ground.org,2026-09-06,,Widget restricted to 104 languages; this language is NOT on the list,EH,derived
legal_solidground,Solid Ground,legal,Kongo,0,0,,False,none,0,,,https://www.solid-ground.org,2026-09-06,,Widget restricted to 104 languages; this language is NOT on the list,EH,derived
legal_solidground,Solid Ground,legal,Korean,1,0,,False,none,0,,,https://www.solid-ground.org,2026-09-06,,Widget restricted to 104 languages; this language is on the list,EH,derived
legal_solidground,Solid Ground,legal,Kosraean,0,0,,False,none,0,,,https://www.solid-ground.org,2026-09-06,,Widget restricted to 104 languages; this language is NOT on the list,EH,derived
legal_solidground,Solid Ground,legal,Krahn,0,0,,False,none,0,,,https://www.solid-ground.org,2026-09-06,,Widget restricted to 104 languages; this language is NOT on the list,EH,derived
legal_solidground,Solid Ground,legal,Krio,0,0,,False,none,0,,,https://www.solid-ground.org,2026-09-06,,Widget restricted to 104 languages; this language is NOT on the list,EH,derived
legal_solidground,Solid Ground,legal,Kru,0,0,,False,none,0,,,https://www.solid-ground.org,2026-09-06,,Widget restricted to 104 languages; this language is NOT on the list,EH,derived
legal_solidground,Solid Ground,legal,Kurdish,0,0,,False,none,0,,,https://www.solid-ground.org,2026-09-06,,Widget restricted to 104 languages; this language is NOT on the list,EH,derived
legal_solidground,Solid Ground,legal,Lao,1,0,,False,none,0,,,https://www.solid-ground.org,2026-09-06,,Widget restricted to 104 languages; this language is on the list,EH,derived
legal_solidground,Solid Ground,legal,Latvian,1,0,,False,none,0,,,https://www.solid-ground.org,2026-09-06,,Widget restricted to 104 languages; this language is on the list,EH,derived
legal_solidground,Solid Ground,legal,Lingala,0,0,,False,none,0,,,https://www.solid-ground.org,2026-09-06,,Widget restricted to 104 languages; this language is NOT on the list,EH,derived
legal_solidground,Solid Ground,legal,Luganda,0,0,,False,none,0,,,https://www.solid-ground.org,2026-09-06,,Widget restricted to 104 languages; this language is NOT on the list,EH,derived
legal_solidground,Solid Ground,legal,Maay Maay,0,0,,False,none,0,,,https://www.solid-ground.org,2026-09-06,,Widget restricted to 104 languages; this language is NOT on the list,EH,derived
legal_solidground,Solid Ground,legal,Malay,1,0,,False,none,0,,,https://www.solid-ground.org,2026-09-06,,Widget restricted to 104 languages; this language is on the list,EH,derived
legal_solidground,Solid Ground,legal,Malayalam,1,0,,False,none,0,,,https://www.solid-ground.org,2026-09-06,,Widget restricted to 104 languages; this language is on the list,EH,derived
legal_solidground,Solid Ground,legal,Mam,0,0,,False,none,0,,,https://www.solid-ground.org,2026-09-06,,Widget restricted to 104 languages; this language is NOT on the list,EH,derived
legal_solidground,Solid Ground,legal,Mandingo,0,0,,False,none,0,,,https://www.solid-ground.org,2026-09-06,,Widget restricted to 104 languages; this language is NOT on the list,EH,derived
legal_solidground,Solid Ground,legal,Mandinka,0,0,,False,none,0,,,https://www.solid-ground.org,2026-09-06,,Widget restricted to 104 languages; this language is NOT on the list,EH,derived
legal_solidground,Solid Ground,legal,Marathi,1,0,,False,none,0,,,https://www.solid-ground.org,2026-09-06,,Widget restricted to 104 languages; this language is on the list,EH,derived
legal_solidground,Solid Ground,legal,Marquesan,0,0,,False,none,0,,,https://www.solid-ground.org,2026-09-06,,Widget restricted to 104 languages; this language is NOT on the list,EH,derived
legal_solidground,Solid Ground,legal,Marshallese,0,0,,False,none,0,,,https://www.solid-ground.org,2026-09-06,,Widget restricted to 104 languages; this language is NOT on the list,EH,derived
legal_solidground,Solid Ground,legal,Maya-Quiche,0,0,,False,none,0,,,https://www.solid-ground.org,2026-09-06,,Widget restricted to 104 languages; this language is NOT on the list,EH,derived
legal_solidground,Solid Ground,legal,Mien,0,0,,False,none,0,,,https://www.solid-ground.org,2026-09-06,,Widget restricted to 104 languages; this language is NOT on the list,EH,derived
legal_solidground,Solid Ground,legal,Mixteco,0,0,,False,none,0,,,https://www.solid-ground.org,2026-09-06,,Widget restricted to 104 languages; this language is NOT on the list,EH,derived
legal_solidground,Solid Ground,legal,Moldavian,0,0,,False,none,0,,,https://www.solid-ground.org,2026-09-06,,Widget restricted to 104 languages; this language is NOT on the list,EH,derived
legal_solidground,Solid Ground,legal,Mongolian,1,0,,False,none,0,,,https://www.solid-ground.org,2026-09-06,,Widget restricted to 104 languages; this language is on the list,EH,derived
legal_solidground,Solid Ground,legal,Moore,0,0,,False,none,0,,,https://www.solid-ground.org,2026-09-06,,Widget restricted to 104 languages; this language is NOT on the list,EH,derived
legal_solidground,Solid Ground,legal,"Nahuatl, Guerrero region",0,0,,False,none,0,,,https://www.solid-ground.org,2026-09-06,,Widget restricted to 104 languages; this language is NOT on the list,EH,derived
legal_solidground,Solid Ground,legal,Nepali,1,0,,False,none,0,,,https://www.solid-ground.org,2026-09-06,,Widget restricted to 104 languages; this language is on the list,EH,derived
legal_solidground,Solid Ground,legal,Nuer,0,0,,False,none,0,,,https://www.solid-ground.org,2026-09-06,,Widget restricted to 104 languages; this language is NOT on the list,EH,derived
legal_solidground,Solid Ground,legal,Oromo,0,0,,False,none,0,,,https://www.solid-ground.org,2026-09-06,,Widget restricted to 104 languages; this language is NOT on the list,EH,derived
legal_solidground,Solid Ground,legal,Palau,0,0,,False,none,0,,,https://www.solid-ground.org,2026-09-06,,Widget restricted to 104 languages; this language is NOT on the list,EH,derived
legal_solidground,Solid Ground,legal,Pashai,0,0,,False,none,0,,,https://www.solid-ground.org,2026-09-06,,Widget restricted to 104 languages; this language is NOT on the list,EH,derived
legal_solidground,Solid Ground,legal,Pashto,1,0,,False,none,0,,,https://www.solid-ground.org,2026-09-06,,Widget restricted to 104 languages; this language is on the list,EH,derived
legal_solidground,Solid Ground,legal,Pere,0,0,,False,none,0,,,https://www.solid-ground.org,2026-09-06,,Widget restricted to 104 languages; this language is NOT on the list,EH,derived
legal_solidground,Solid Ground,legal,Polish,1,0,,False,none,0,,,https://www.solid-ground.org,2026-09-06,,Widget restricted to 104 languages; this language is on the list,EH,derived
legal_solidground,Solid Ground,legal,Portuguese,0,0,,False,none,0,,,https://www.solid-ground.org,2026-09-06,,Widget restricted to 104 languages; this language is NOT on the list,EH,derived
legal_solidground,Solid Ground,legal,Punjabi,1,0,,False,none,0,,,https://www.solid-ground.org,2026-09-06,,Widget restricted to 104 languages; this language is on the list,EH,derived
legal_solidground,Solid Ground,legal,Purepecha,0,0,,False,none,0,,,https://www.solid-ground.org,2026-09-06,,Widget restricted to 104 languages; this language is NOT on the list,EH,derived
legal_solidground,Solid Ground,legal,Rohingya,0,0,,False,none,0,,,https://www.solid-ground.org,2026-09-06,,Widget restricted to 104 languages; this language is NOT on the list,EH,derived
legal_solidground,Solid Ground,legal,Romanian,1,0,,False,none,0,,,https://www.solid-ground.org,2026-09-06,,Widget restricted to 104 languages; this language is on the list,EH,derived
legal_solidground,Solid Ground,legal,Russian,1,0,,False,none,0,,,https://www.solid-ground.org,2026-09-06,,Widget restricted to 104 languages; this language is on the list,EH,derived
legal_solidground,Solid Ground,legal,Samoan,1,0,,False,none,0,,,https://www.solid-ground.org,2026-09-06,,Widget restricted to 104 languages; this language is on the list,EH,derived
legal_solidground,Solid Ground,legal,Sao,0,0,,False,none,0,,,https://www.solid-ground.org,2026-09-06,,Widget restricted to 104 languages; this language is NOT on the list,EH,derived
legal_solidground,Solid Ground,legal,Serbo-Croation,0,0,,False,none,0,,,https://www.solid-ground.org,2026-09-06,,Widget restricted to 104 languages; this language is NOT on the list,EH,derived
legal_solidground,Solid Ground,legal,Shona,1,0,,False,none,0,,,https://www.solid-ground.org,2026-09-06,,Widget restricted to 104 languages; this language is on the list,EH,derived
legal_solidground,Solid Ground,legal,Sinhalese,0,0,,False,none,0,,,https://www.solid-ground.org,2026-09-06,,Widget restricted to 104 languages; this language is NOT on the list,EH,derived
legal_solidground,Solid Ground,legal,Slovenian,1,0,,False,none,0,,,https://www.solid-ground.org,2026-09-06,,Widget restricted to 104 languages; this language is on the list,EH,derived
legal_solidground,Solid Ground,legal,Somali,1,0,,False,none,0,,,https://www.solid-ground.org,2026-09-06,,Widget restricted to 104 languages; this language is on the list,EH,derived
legal_solidground,Solid Ground,legal,Soninke,0,0,,False,none,0,,,https://www.solid-ground.org,2026-09-06,,Widget restricted to 104 languages; this language is NOT on the list,EH,derived
legal_solidground,Solid Ground,legal,Sotho,0,0,,False,none,0,,,https://www.solid-ground.org,2026-09-06,,Widget restricted to 104 languages; this language is NOT on the list,EH,derived
legal_solidground,Solid Ground,legal,Spanish,1,0,,False,none,0,,,https://www.solid-ground.org,2026-09-06,,Widget restricted to 104 languages; this language is on the list,EH,derived
legal_solidground,Solid Ground,legal,Swahili,1,0,,False,none,0,,,https://www.solid-ground.org,2026-09-06,,Widget restricted to 104 languages; this language is on the list,EH,derived
legal_solidground,Solid Ground,legal,Tagalog,1,0,,False,none,0,,,https://www.solid-ground.org,2026-09-06,,Widget restricted to 104 languages; this language is on the list,EH,derived
legal_solidground,Solid Ground,legal,Taishanese,0,0,,False,none,0,,,https://www.solid-ground.org,2026-09-06,,Widget restricted to 104 languages; this language is NOT on the list,EH,derived
legal_solidground,Solid Ground,legal,Tajiki,0,0,,False,none,0,,,https://www.solid-ground.org,2026-09-06,,Widget restricted to 104 languages; this language is NOT on the list,EH,derived
legal_solidground,Solid Ground,legal,Tamil,1,0,,False,none,0,,,https://www.solid-ground.org,2026-09-06,,Widget restricted to 104 languages; this language is on the list,EH,derived
legal_solidground,Solid Ground,legal,Tarasco,0,0,,False,none,0,,,https://www.solid-ground.org,2026-09-06,,Widget restricted to 104 languages; this language is NOT on the list,EH,derived
legal_solidground,Solid Ground,legal,Tedim,0,0,,False,none,0,,,https://www.solid-ground.org,2026-09-06,,Widget restricted to 104 languages; this language is NOT on the list,EH,derived
legal_solidground,Solid Ground,legal,Telugu,1,0,,False,none,0,,,https://www.solid-ground.org,2026-09-06,,Widget restricted to 104 languages; this language is on the list,EH,derived
legal_solidground,Solid Ground,legal,Thai,1,0,,False,none,0,,,https://www.solid-ground.org,2026-09-06,,Widget restricted to 104 languages; this language is on the list,EH,derived
legal_solidground,Solid Ground,legal,Tibetan,0,0,,False,none,0,,,https://www.solid-ground.org,2026-09-06,,Widget restricted to 104 languages; this language is NOT on the list,EH,derived
legal_solidground,Solid Ground,legal,Tigrinya,0,0,,False,none,0,,,https://www.solid-ground.org,2026-09-06,,Widget restricted to 104 languages; this language is NOT on the list,EH,derived
legal_solidground,Solid Ground,legal,Tongan,0,0,,False,none,0,,,https://www.solid-ground.org,2026-09-06,,Widget restricted to 104 languages; this language is NOT on the list,EH,derived
legal_solidground,Solid Ground,legal,Turkish,1,0,,False,none,0,,,https://www.solid-ground.org,2026-09-06,,Widget restricted to 104 languages; this language is on the list,EH,derived
legal_solidground,Solid Ground,legal,Twi,0,0,,False,none,0,,,https://www.solid-ground.org,2026-09-06,,Widget restricted to 104 languages; this language is NOT on the list,EH,derived
legal_solidground,Solid Ground,legal,Ukrainian,1,0,,False,none,0,,,https://www.solid-ground.org,2026-09-06,,Widget restricted to 104 languages; this language is on the list,EH,derived
legal_solidground,Solid Ground,legal,Urdu,1,0,,False,none,0,,,https://www.solid-ground.org,2026-09-06,,Widget restricted to 104 languages; this language is on the list,EH,derived
legal_solidground,Solid Ground,legal,Uzbek,1,0,,False,none,0,,,https://www.solid-ground.org,2026-09-06,,Widget restricted to 104 languages; this language is on the list,EH,derived
legal_solidground,Solid Ground,legal,Vietnamese,1,0,,False,none,0,,,https://www.solid-ground.org,2026-09-06,,Widget restricted to 104 languages; this language is on the list,EH,derived
legal_solidground,Solid Ground,legal,Wolof,0,0,,False,none,0,,,https://www.solid-ground.org,2026-09-06,,Widget restricted to 104 languages; this language is NOT on the list,EH,derived
legal_solidground,Solid Ground,legal,Yap,0,0,,False,none,0,,,https://www.solid-ground.org,2026-09-06,,Widget restricted to 104 languages; this language is NOT on the list,EH,derived
legal_solidground,Solid Ground,legal,Yoruba,1,0,,False,none,0,,,https://www.solid-ground.org,2026-09-06,,Widget restricted to 104 languages; this language is on the list,EH,derived
legal_colectiva,Colectiva Legal del Pueblo,legal,Acholi,0,0,,False,none,0,,,https://colectivalegal.org,2026-09-06,,,EH,derived
legal_colectiva,Colectiva Legal del Pueblo,legal,Aguacateco,0,0,,False,none,0,,,https://colectivalegal.org,2026-09-06,,,EH,derived
legal_colectiva,Colectiva Legal del Pueblo,legal,Akateko,0,0,,False,none,0,,,https://colectivalegal.org,2026-09-06,,,EH,derived
legal_colectiva,Colectiva Legal del Pueblo,legal,Albanian,0,0,,False,none,0,,,https://colectivalegal.org,2026-09-06,,,EH,derived
legal_colectiva,Colectiva Legal del Pueblo,legal,American Sign Language,0,0,,False,none,0,,,https://colectivalegal.org,2026-09-06,,,EH,derived
legal_colectiva,Colectiva Legal del Pueblo,legal,Amharic,0,0,,False,none,0,,,https://colectivalegal.org,2026-09-06,,,EH,derived
legal_colectiva,Colectiva Legal del Pueblo,legal,Arabic,0,0,,False,none,0,,,https://colectivalegal.org,2026-09-06,,,EH,derived
legal_colectiva,Colectiva Legal del Pueblo,legal,Armenian,0,0,,False,none,0,,,https://colectivalegal.org,2026-09-06,,,EH,derived
legal_colectiva,Colectiva Legal del Pueblo,legal,Ayula-Bambara,0,0,,False,none,0,,,https://colectivalegal.org,2026-09-06,,,EH,derived
legal_colectiva,Colectiva Legal del Pueblo,legal,Azerbaijani,0,0,,False,none,0,,,https://colectivalegal.org,2026-09-06,,,EH,derived
legal_colectiva,Colectiva Legal del Pueblo,legal,Bambara,0,0,,False,none,0,,,https://colectivalegal.org,2026-09-06,,,EH,derived
legal_colectiva,Colectiva Legal del Pueblo,legal,Bangala,0,0,,False,none,0,,,https://colectivalegal.org,2026-09-06,,,EH,derived
legal_colectiva,Colectiva Legal del Pueblo,legal,Bassa,0,0,,False,none,0,,,https://colectivalegal.org,2026-09-06,,,EH,derived
legal_colectiva,Colectiva Legal del Pueblo,legal,Bengali,0,0,,False,none,0,,,https://colectivalegal.org,2026-09-06,,,EH,derived
legal_colectiva,Colectiva Legal del Pueblo,legal,Bosnian,0,0,,False,none,0,,,https://colectivalegal.org,2026-09-06,,,EH,derived
legal_colectiva,Colectiva Legal del Pueblo,legal,Bulgarian,0,0,,False,none,0,,,https://colectivalegal.org,2026-09-06,,,EH,derived
legal_colectiva,Colectiva Legal del Pueblo,legal,Burmese,0,0,,False,none,0,,,https://colectivalegal.org,2026-09-06,,,EH,derived
legal_colectiva,Colectiva Legal del Pueblo,legal,Carolinian,0,0,,False,none,0,,,https://colectivalegal.org,2026-09-06,,,EH,derived
legal_colectiva,Colectiva Legal del Pueblo,legal,Catalan,0,0,,False,none,0,,,https://colectivalegal.org,2026-09-06,,,EH,derived
legal_colectiva,Colectiva Legal del Pueblo,legal,Cebuano,0,0,,False,none,0,,,https://colectivalegal.org,2026-09-06,,,EH,derived
legal_colectiva,Colectiva Legal del Pueblo,legal,Cham,0,0,,False,none,0,,,https://colectivalegal.org,2026-09-06,,,EH,derived
legal_colectiva,Colectiva Legal del Pueblo,legal,Chamorro,0,0,,False,none,0,,,https://colectivalegal.org,2026-09-06,,,EH,derived
legal_colectiva,Colectiva Legal del Pueblo,legal,Chin,0,0,,False,none,0,,,https://colectivalegal.org,2026-09-06,,,EH,derived
legal_colectiva,Colectiva Legal del Pueblo,legal,Chinese-Cantonese,0,0,,False,none,0,,,https://colectivalegal.org,2026-09-06,,,EH,derived
legal_colectiva,Colectiva Legal del Pueblo,legal,Chinese-Fukienese,0,0,,False,none,0,,,https://colectivalegal.org,2026-09-06,,,EH,derived
legal_colectiva,Colectiva Legal del Pueblo,legal,Chinese-Mandarin,0,0,,False,none,0,,,https://colectivalegal.org,2026-09-06,,,EH,derived
legal_colectiva,Colectiva Legal del Pueblo,legal,Chinese-Taiwanese,0,0,,False,none,0,,,https://colectivalegal.org,2026-09-06,,,EH,derived
legal_colectiva,Colectiva Legal del Pueblo,legal,Chuukese,0,0,,False,none,0,,,https://colectivalegal.org,2026-09-06,,,EH,derived
legal_colectiva,Colectiva Legal del Pueblo,legal,Dari,0,0,,False,none,0,,,https://colectivalegal.org,2026-09-06,,,EH,derived
legal_colectiva,Colectiva Legal del Pueblo,legal,Dinka,0,0,,False,none,0,,,https://colectivalegal.org,2026-09-06,,,EH,derived
legal_colectiva,Colectiva Legal del Pueblo,legal,Dutch,0,0,,False,none,0,,,https://colectivalegal.org,2026-09-06,,,EH,derived
legal_colectiva,Colectiva Legal del Pueblo,legal,Egyptian-Arabic,0,0,,False,none,0,,,https://colectivalegal.org,2026-09-06,,,EH,derived
legal_colectiva,Colectiva Legal del Pueblo,legal,Eritai,0,0,,False,none,0,,,https://colectivalegal.org,2026-09-06,,,EH,derived
legal_colectiva,Colectiva Legal del Pueblo,legal,Estonian,0,0,,False,none,0,,,https://colectivalegal.org,2026-09-06,,,EH,derived
legal_colectiva,Colectiva Legal del Pueblo,legal,Ewe,0,0,,False,none,0,,,https://colectivalegal.org,2026-09-06,,,EH,derived
legal_colectiva,Colectiva Legal del Pueblo,legal,Fallani,0,0,,False,none,0,,,https://colectivalegal.org,2026-09-06,,,EH,derived
legal_colectiva,Colectiva Legal del Pueblo,legal,Farsi,0,0,,False,none,0,,,https://colectivalegal.org,2026-09-06,,,EH,derived
legal_colectiva,Colectiva Legal del Pueblo,legal,French,0,0,,False,none,0,,,https://colectivalegal.org,2026-09-06,,,EH,derived
legal_colectiva,Colectiva Legal del Pueblo,legal,Fula,0,0,,False,none,0,,,https://colectivalegal.org,2026-09-06,,,EH,derived
legal_colectiva,Colectiva Legal del Pueblo,legal,Ga,0,0,,False,none,0,,,https://colectivalegal.org,2026-09-06,,,EH,derived
legal_colectiva,Colectiva Legal del Pueblo,legal,German,0,0,,False,none,0,,,https://colectivalegal.org,2026-09-06,,,EH,derived
legal_colectiva,Colectiva Legal del Pueblo,legal,"Greek, Modern",0,0,,False,none,0,,,https://colectivalegal.org,2026-09-06,,,EH,derived
legal_colectiva,Colectiva Legal del Pueblo,legal,Gujarati,0,0,,False,none,0,,,https://colectivalegal.org,2026-09-06,,,EH,derived
legal_colectiva,Colectiva Legal del Pueblo,legal,Haitian Creole,0,0,,False,none,0,,,https://colectivalegal.org,2026-09-06,,,EH,derived
legal_colectiva,Colectiva Legal del Pueblo,legal,Hausa,0,0,,False,none,0,,,https://colectivalegal.org,2026-09-06,,,EH,derived
legal_colectiva,Colectiva Legal del Pueblo,legal,Hawaiian,0,0,,False,none,0,,,https://colectivalegal.org,2026-09-06,,,EH,derived
legal_colectiva,Colectiva Legal del Pueblo,legal,Herero,0,0,,False,none,0,,,https://colectivalegal.org,2026-09-06,,,EH,derived
legal_colectiva,Colectiva Legal del Pueblo,legal,Hindi,0,0,,False,none,0,,,https://colectivalegal.org,2026-09-06,,,EH,derived
legal_colectiva,Colectiva Legal del Pueblo,legal,Hmong,0,0,,False,none,0,,,https://colectivalegal.org,2026-09-06,,,EH,derived
legal_colectiva,Colectiva Legal del Pueblo,legal,Hungarian,0,0,,False,none,0,,,https://colectivalegal.org,2026-09-06,,,EH,derived
legal_colectiva,Colectiva Legal del Pueblo,legal,Igbo,0,0,,False,none,0,,,https://colectivalegal.org,2026-09-06,,,EH,derived
legal_colectiva,Colectiva Legal del Pueblo,legal,Ilokano,0,0,,False,none,0,,,https://colectivalegal.org,2026-09-06,,,EH,derived
legal_colectiva,Colectiva Legal del Pueblo,legal,Indonesian,0,0,,False,none,0,,,https://colectivalegal.org,2026-09-06,,,EH,derived
legal_colectiva,Colectiva Legal del Pueblo,legal,Italian,0,0,,False,none,0,,,https://colectivalegal.org,2026-09-06,,,EH,derived
legal_colectiva,Colectiva Legal del Pueblo,legal,Japanese,0,0,,False,none,0,,,https://colectivalegal.org,2026-09-06,,,EH,derived
legal_colectiva,Colectiva Legal del Pueblo,legal,Kakwa,0,0,,False,none,0,,,https://colectivalegal.org,2026-09-06,,,EH,derived
legal_colectiva,Colectiva Legal del Pueblo,legal,Kannada,0,0,,False,none,0,,,https://colectivalegal.org,2026-09-06,,,EH,derived
legal_colectiva,Colectiva Legal del Pueblo,legal,Karen,0,0,,False,none,0,,,https://colectivalegal.org,2026-09-06,,,EH,derived
legal_colectiva,Colectiva Legal del Pueblo,legal,Karenni,0,0,,False,none,0,,,https://colectivalegal.org,2026-09-06,,,EH,derived
legal_colectiva,Colectiva Legal del Pueblo,legal,Kazakh,0,0,,False,none,0,,,https://colectivalegal.org,2026-09-06,,,EH,derived
legal_colectiva,Colectiva Legal del Pueblo,legal,Khmer,0,0,,False,none,0,,,https://colectivalegal.org,2026-09-06,,,EH,derived
legal_colectiva,Colectiva Legal del Pueblo,legal,Kikuyu,0,0,,False,none,0,,,https://colectivalegal.org,2026-09-06,,,EH,derived
legal_colectiva,Colectiva Legal del Pueblo,legal,Kinyarwanda,0,0,,False,none,0,,,https://colectivalegal.org,2026-09-06,,,EH,derived
legal_colectiva,Colectiva Legal del Pueblo,legal,Kirgiz,0,0,,False,none,0,,,https://colectivalegal.org,2026-09-06,,,EH,derived
legal_colectiva,Colectiva Legal del Pueblo,legal,Kirundi,0,0,,False,none,0,,,https://colectivalegal.org,2026-09-06,,,EH,derived
legal_colectiva,Colectiva Legal del Pueblo,legal,Kmhmu,0,0,,False,none,0,,,https://colectivalegal.org,2026-09-06,,,EH,derived
legal_colectiva,Colectiva Legal del Pueblo,legal,Kongo,0,0,,False,none,0,,,https://colectivalegal.org,2026-09-06,,,EH,derived
legal_colectiva,Colectiva Legal del Pueblo,legal,Korean,0,0,,False,none,0,,,https://colectivalegal.org,2026-09-06,,,EH,derived
legal_colectiva,Colectiva Legal del Pueblo,legal,Kosraean,0,0,,False,none,0,,,https://colectivalegal.org,2026-09-06,,,EH,derived
legal_colectiva,Colectiva Legal del Pueblo,legal,Krahn,0,0,,False,none,0,,,https://colectivalegal.org,2026-09-06,,,EH,derived
legal_colectiva,Colectiva Legal del Pueblo,legal,Krio,0,0,,False,none,0,,,https://colectivalegal.org,2026-09-06,,,EH,derived
legal_colectiva,Colectiva Legal del Pueblo,legal,Kru,0,0,,False,none,0,,,https://colectivalegal.org,2026-09-06,,,EH,derived
legal_colectiva,Colectiva Legal del Pueblo,legal,Kurdish,0,0,,False,none,0,,,https://colectivalegal.org,2026-09-06,,,EH,derived
legal_colectiva,Colectiva Legal del Pueblo,legal,Lao,0,0,,False,none,0,,,https://colectivalegal.org,2026-09-06,,,EH,derived
legal_colectiva,Colectiva Legal del Pueblo,legal,Latvian,0,0,,False,none,0,,,https://colectivalegal.org,2026-09-06,,,EH,derived
legal_colectiva,Colectiva Legal del Pueblo,legal,Lingala,0,0,,False,none,0,,,https://colectivalegal.org,2026-09-06,,,EH,derived
legal_colectiva,Colectiva Legal del Pueblo,legal,Luganda,0,0,,False,none,0,,,https://colectivalegal.org,2026-09-06,,,EH,derived
legal_colectiva,Colectiva Legal del Pueblo,legal,Maay Maay,0,0,,False,none,0,,,https://colectivalegal.org,2026-09-06,,,EH,derived
legal_colectiva,Colectiva Legal del Pueblo,legal,Malay,0,0,,False,none,0,,,https://colectivalegal.org,2026-09-06,,,EH,derived
legal_colectiva,Colectiva Legal del Pueblo,legal,Malayalam,0,0,,False,none,0,,,https://colectivalegal.org,2026-09-06,,,EH,derived
legal_colectiva,Colectiva Legal del Pueblo,legal,Mam,0,0,,False,none,0,,,https://colectivalegal.org,2026-09-06,,,EH,derived
legal_colectiva,Colectiva Legal del Pueblo,legal,Mandingo,0,0,,False,none,0,,,https://colectivalegal.org,2026-09-06,,,EH,derived
legal_colectiva,Colectiva Legal del Pueblo,legal,Mandinka,0,0,,False,none,0,,,https://colectivalegal.org,2026-09-06,,,EH,derived
legal_colectiva,Colectiva Legal del Pueblo,legal,Marathi,0,0,,False,none,0,,,https://colectivalegal.org,2026-09-06,,,EH,derived
legal_colectiva,Colectiva Legal del Pueblo,legal,Marquesan,0,0,,False,none,0,,,https://colectivalegal.org,2026-09-06,,,EH,derived
legal_colectiva,Colectiva Legal del Pueblo,legal,Marshallese,0,0,,False,none,0,,,https://colectivalegal.org,2026-09-06,,,EH,derived
legal_colectiva,Colectiva Legal del Pueblo,legal,Maya-Quiche,0,0,,False,none,0,,,https://colectivalegal.org,2026-09-06,,,EH,derived
legal_colectiva,Colectiva Legal del Pueblo,legal,Mien,0,0,,False,none,0,,,https://colectivalegal.org,2026-09-06,,,EH,derived
legal_colectiva,Colectiva Legal del Pueblo,legal,Mixteco,0,0,,False,none,0,,,https://colectivalegal.org,2026-09-06,,,EH,derived
legal_colectiva,Colectiva Legal del Pueblo,legal,Moldavian,0,0,,False,none,0,,,https://colectivalegal.org,2026-09-06,,,EH,derived
legal_colectiva,Colectiva Legal del Pueblo,legal,Mongolian,0,0,,False,none,0,,,https://colectivalegal.org,2026-09-06,,,EH,derived
legal_colectiva,Colectiva Legal del Pueblo,legal,Moore,0,0,,False,none,0,,,https://colectivalegal.org,2026-09-06,,,EH,derived
legal_colectiva,Colectiva Legal del Pueblo,legal,"Nahuatl, Guerrero region",0,0,,False,none,0,,,https://colectivalegal.org,2026-09-06,,,EH,derived
legal_colectiva,Colectiva Legal del Pueblo,legal,Nepali,0,0,,False,none,0,,,https://colectivalegal.org,2026-09-06,,,EH,derived
legal_colectiva,Colectiva Legal del Pueblo,legal,Nuer,0,0,,False,none,0,,,https://colectivalegal.org,2026-09-06,,,EH,derived
legal_colectiva,Colectiva Legal del Pueblo,legal,Oromo,0,0,,False,none,0,,,https://colectivalegal.org,2026-09-06,,,EH,derived
legal_colectiva,Colectiva Legal del Pueblo,legal,Palau,0,0,,False,none,0,,,https://colectivalegal.org,2026-09-06,,,EH,derived
legal_colectiva,Colectiva Legal del Pueblo,legal,Pashai,0,0,,False,none,0,,,https://colectivalegal.org,2026-09-06,,,EH,derived
legal_colectiva,Colectiva Legal del Pueblo,legal,Pashto,0,0,,False,none,0,,,https://colectivalegal.org,2026-09-06,,,EH,derived
legal_colectiva,Colectiva Legal del Pueblo,legal,Pere,0,0,,False,none,0,,,https://colectivalegal.org,2026-09-06,,,EH,derived
legal_colectiva,Colectiva Legal del Pueblo,legal,Polish,0,0,,False,none,0,,,https://colectivalegal.org,2026-09-06,,,EH,derived
legal_colectiva,Colectiva Legal del Pueblo,legal,Portuguese,0,0,,False,none,0,,,https://colectivalegal.org,2026-09-06,,,EH,derived
legal_colectiva,Colectiva Legal del Pueblo,legal,Punjabi,0,0,,False,none,0,,,https://colectivalegal.org,2026-09-06,,,EH,derived
legal_colectiva,Colectiva Legal del Pueblo,legal,Purepecha,0,0,,False,none,0,,,https://colectivalegal.org,2026-09-06,,,EH,derived
legal_colectiva,Colectiva Legal del Pueblo,legal,Rohingya,0,0,,False,none,0,,,https://colectivalegal.org,2026-09-06,,,EH,derived
legal_colectiva,Colectiva Legal del Pueblo,legal,Romanian,0,0,,False,none,0,,,https://colectivalegal.org,2026-09-06,,,EH,derived
legal_colectiva,Colectiva Legal del Pueblo,legal,Russian,0,0,,False,none,0,,,https://colectivalegal.org,2026-09-06,,,EH,derived
legal_colectiva,Colectiva Legal del Pueblo,legal,Samoan,0,0,,False,none,0,,,https://colectivalegal.org,2026-09-06,,,EH,derived
legal_colectiva,Colectiva Legal del Pueblo,legal,Sao,0,0,,False,none,0,,,https://colectivalegal.org,2026-09-06,,,EH,derived
legal_colectiva,Colectiva Legal del Pueblo,legal,Serbo-Croation,0,0,,False,none,0,,,https://colectivalegal.org,2026-09-06,,,EH,derived
legal_colectiva,Colectiva Legal del Pueblo,legal,Shona,0,0,,False,none,0,,,https://colectivalegal.org,2026-09-06,,,EH,derived
legal_colectiva,Colectiva Legal del Pueblo,legal,Sinhalese,0,0,,False,none,0,,,https://colectivalegal.org,2026-09-06,,,EH,derived
legal_colectiva,Colectiva Legal del Pueblo,legal,Slovenian,0,0,,False,none,0,,,https://colectivalegal.org,2026-09-06,,,EH,derived
legal_colectiva,Colectiva Legal del Pueblo,legal,Somali,0,0,,False,none,0,,,https://colectivalegal.org,2026-09-06,,,EH,derived
legal_colectiva,Colectiva Legal del Pueblo,legal,Soninke,0,0,,False,none,0,,,https://colectivalegal.org,2026-09-06,,,EH,derived
legal_colectiva,Colectiva Legal del Pueblo,legal,Sotho,0,0,,False,none,0,,,https://colectivalegal.org,2026-09-06,,,EH,derived
legal_colectiva,Colectiva Legal del Pueblo,legal,Spanish,0,0,,False,none,0,,,https://colectivalegal.org,2026-09-06,,,EH,derived
legal_colectiva,Colectiva Legal del Pueblo,legal,Swahili,0,0,,False,none,0,,,https://colectivalegal.org,2026-09-06,,,EH,derived
legal_colectiva,Colectiva Legal del Pueblo,legal,Tagalog,0,0,,False,none,0,,,https://colectivalegal.org,2026-09-06,,,EH,derived
legal_colectiva,Colectiva Legal del Pueblo,legal,Taishanese,0,0,,False,none,0,,,https://colectivalegal.org,2026-09-06,,,EH,derived
legal_colectiva,Colectiva Legal del Pueblo,legal,Tajiki,0,0,,False,none,0,,,https://colectivalegal.org,2026-09-06,,,EH,derived
legal_colectiva,Colectiva Legal del Pueblo,legal,Tamil,0,0,,False,none,0,,,https://colectivalegal.org,2026-09-06,,,EH,derived
legal_colectiva,Colectiva Legal del Pueblo,legal,Tarasco,0,0,,False,none,0,,,https://colectivalegal.org,2026-09-06,,,EH,derived
legal_colectiva,Colectiva Legal del Pueblo,legal,Tedim,0,0,,False,none,0,,,https://colectivalegal.org,2026-09-06,,,EH,derived
legal_colectiva,Colectiva Legal del Pueblo,legal,Telugu,0,0,,False,none,0,,,https://colectivalegal.org,2026-09-06,,,EH,derived
legal_colectiva,Colectiva Legal del Pueblo,legal,Thai,0,0,,False,none,0,,,https://colectivalegal.org,2026-09-06,,,EH,derived
legal_colectiva,Colectiva Legal del Pueblo,legal,Tibetan,0,0,,False,none,0,,,https://colectivalegal.org,2026-09-06,,,EH,derived
legal_colectiva,Colectiva Legal del Pueblo,legal,Tigrinya,0,0,,False,none,0,,,https://colectivalegal.org,2026-09-06,,,EH,derived
legal_colectiva,Colectiva Legal del Pueblo,legal,Tongan,0,0,,False,none,0,,,https://colectivalegal.org,2026-09-06,,,EH,derived
legal_colectiva,Colectiva Legal del Pueblo,legal,Turkish,0,0,,False,none,0,,,https://colectivalegal.org,2026-09-06,,,EH,derived
legal_colectiva,Colectiva Legal del Pueblo,legal,Twi,0,0,,False,none,0,,,https://colectivalegal.org,2026-09-06,,,EH,derived
legal_colectiva,Colectiva Legal del Pueblo,legal,Ukrainian,0,0,,False,none,0,,,https://colectivalegal.org,2026-09-06,,,EH,derived
legal_colectiva,Colectiva Legal del Pueblo,legal,Urdu,0,0,,False,none,0,,,https://colectivalegal.org,2026-09-06,,,EH,derived
legal_colectiva,Colectiva Legal del Pueblo,legal,Uzbek,0,0,,False,none,0,,,https://colectivalegal.org,2026-09-06,,,EH,derived
legal_colectiva,Colectiva Legal del Pueblo,legal,Vietnamese,0,0,,False,none,0,,,https://colectivalegal.org,2026-09-06,,,EH,derived
legal_colectiva,Colectiva Legal del Pueblo,legal,Wolof,0,0,,False,none,0,,,https://colectivalegal.org,2026-09-06,,,EH,derived
legal_colectiva,Colectiva Legal del Pueblo,legal,Yap,0,0,,False,none,0,,,https://colectivalegal.org,2026-09-06,,,EH,derived
legal_colectiva,Colectiva Legal del Pueblo,legal,Yoruba,0,0,,False,none,0,,,https://colectivalegal.org,2026-09-06,,,EH,derived
legal_teamchild,TeamChild,legal,Acholi,0,0,,False,none,0,,,https://www.teamchild.org,2026-09-06,,,EH,derived
legal_teamchild,TeamChild,legal,Aguacateco,0,0,,False,none,0,,,https://www.teamchild.org,2026-09-06,,,EH,derived
legal_teamchild,TeamChild,legal,Akateko,0,0,,False,none,0,,,https://www.teamchild.org,2026-09-06,,,EH,derived
legal_teamchild,TeamChild,legal,Albanian,0,0,,False,none,0,,,https://www.teamchild.org,2026-09-06,,,EH,derived
legal_teamchild,TeamChild,legal,American Sign Language,0,0,,False,none,0,,,https://www.teamchild.org,2026-09-06,,,EH,derived
legal_teamchild,TeamChild,legal,Amharic,0,0,,False,none,0,,,https://www.teamchild.org,2026-09-06,,,EH,derived
legal_teamchild,TeamChild,legal,Arabic,0,0,,False,none,0,,,https://www.teamchild.org,2026-09-06,,,EH,derived
legal_teamchild,TeamChild,legal,Armenian,0,0,,False,none,0,,,https://www.teamchild.org,2026-09-06,,,EH,derived
legal_teamchild,TeamChild,legal,Ayula-Bambara,0,0,,False,none,0,,,https://www.teamchild.org,2026-09-06,,,EH,derived
legal_teamchild,TeamChild,legal,Azerbaijani,0,0,,False,none,0,,,https://www.teamchild.org,2026-09-06,,,EH,derived
legal_teamchild,TeamChild,legal,Bambara,0,0,,False,none,0,,,https://www.teamchild.org,2026-09-06,,,EH,derived
legal_teamchild,TeamChild,legal,Bangala,0,0,,False,none,0,,,https://www.teamchild.org,2026-09-06,,,EH,derived
legal_teamchild,TeamChild,legal,Bassa,0,0,,False,none,0,,,https://www.teamchild.org,2026-09-06,,,EH,derived
legal_teamchild,TeamChild,legal,Bengali,0,0,,False,none,0,,,https://www.teamchild.org,2026-09-06,,,EH,derived
legal_teamchild,TeamChild,legal,Bosnian,0,0,,False,none,0,,,https://www.teamchild.org,2026-09-06,,,EH,derived
legal_teamchild,TeamChild,legal,Bulgarian,0,0,,False,none,0,,,https://www.teamchild.org,2026-09-06,,,EH,derived
legal_teamchild,TeamChild,legal,Burmese,0,0,,False,none,0,,,https://www.teamchild.org,2026-09-06,,,EH,derived
legal_teamchild,TeamChild,legal,Carolinian,0,0,,False,none,0,,,https://www.teamchild.org,2026-09-06,,,EH,derived
legal_teamchild,TeamChild,legal,Catalan,0,0,,False,none,0,,,https://www.teamchild.org,2026-09-06,,,EH,derived
legal_teamchild,TeamChild,legal,Cebuano,0,0,,False,none,0,,,https://www.teamchild.org,2026-09-06,,,EH,derived
legal_teamchild,TeamChild,legal,Cham,0,0,,False,none,0,,,https://www.teamchild.org,2026-09-06,,,EH,derived
legal_teamchild,TeamChild,legal,Chamorro,0,0,,False,none,0,,,https://www.teamchild.org,2026-09-06,,,EH,derived
legal_teamchild,TeamChild,legal,Chin,0,0,,False,none,0,,,https://www.teamchild.org,2026-09-06,,,EH,derived
legal_teamchild,TeamChild,legal,Chinese-Cantonese,0,0,,False,none,0,,,https://www.teamchild.org,2026-09-06,,,EH,derived
legal_teamchild,TeamChild,legal,Chinese-Fukienese,0,0,,False,none,0,,,https://www.teamchild.org,2026-09-06,,,EH,derived
legal_teamchild,TeamChild,legal,Chinese-Mandarin,0,0,,False,none,0,,,https://www.teamchild.org,2026-09-06,,,EH,derived
legal_teamchild,TeamChild,legal,Chinese-Taiwanese,0,0,,False,none,0,,,https://www.teamchild.org,2026-09-06,,,EH,derived
legal_teamchild,TeamChild,legal,Chuukese,0,0,,False,none,0,,,https://www.teamchild.org,2026-09-06,,,EH,derived
legal_teamchild,TeamChild,legal,Dari,0,0,,False,none,0,,,https://www.teamchild.org,2026-09-06,,,EH,derived
legal_teamchild,TeamChild,legal,Dinka,0,0,,False,none,0,,,https://www.teamchild.org,2026-09-06,,,EH,derived
legal_teamchild,TeamChild,legal,Dutch,0,0,,False,none,0,,,https://www.teamchild.org,2026-09-06,,,EH,derived
legal_teamchild,TeamChild,legal,Egyptian-Arabic,0,0,,False,none,0,,,https://www.teamchild.org,2026-09-06,,,EH,derived
legal_teamchild,TeamChild,legal,Eritai,0,0,,False,none,0,,,https://www.teamchild.org,2026-09-06,,,EH,derived
legal_teamchild,TeamChild,legal,Estonian,0,0,,False,none,0,,,https://www.teamchild.org,2026-09-06,,,EH,derived
legal_teamchild,TeamChild,legal,Ewe,0,0,,False,none,0,,,https://www.teamchild.org,2026-09-06,,,EH,derived
legal_teamchild,TeamChild,legal,Fallani,0,0,,False,none,0,,,https://www.teamchild.org,2026-09-06,,,EH,derived
legal_teamchild,TeamChild,legal,Farsi,0,0,,False,none,0,,,https://www.teamchild.org,2026-09-06,,,EH,derived
legal_teamchild,TeamChild,legal,French,0,0,,False,none,0,,,https://www.teamchild.org,2026-09-06,,,EH,derived
legal_teamchild,TeamChild,legal,Fula,0,0,,False,none,0,,,https://www.teamchild.org,2026-09-06,,,EH,derived
legal_teamchild,TeamChild,legal,Ga,0,0,,False,none,0,,,https://www.teamchild.org,2026-09-06,,,EH,derived
legal_teamchild,TeamChild,legal,German,0,0,,False,none,0,,,https://www.teamchild.org,2026-09-06,,,EH,derived
legal_teamchild,TeamChild,legal,"Greek, Modern",0,0,,False,none,0,,,https://www.teamchild.org,2026-09-06,,,EH,derived
legal_teamchild,TeamChild,legal,Gujarati,0,0,,False,none,0,,,https://www.teamchild.org,2026-09-06,,,EH,derived
legal_teamchild,TeamChild,legal,Haitian Creole,0,0,,False,none,0,,,https://www.teamchild.org,2026-09-06,,,EH,derived
legal_teamchild,TeamChild,legal,Hausa,0,0,,False,none,0,,,https://www.teamchild.org,2026-09-06,,,EH,derived
legal_teamchild,TeamChild,legal,Hawaiian,0,0,,False,none,0,,,https://www.teamchild.org,2026-09-06,,,EH,derived
legal_teamchild,TeamChild,legal,Herero,0,0,,False,none,0,,,https://www.teamchild.org,2026-09-06,,,EH,derived
legal_teamchild,TeamChild,legal,Hindi,0,0,,False,none,0,,,https://www.teamchild.org,2026-09-06,,,EH,derived
legal_teamchild,TeamChild,legal,Hmong,0,0,,False,none,0,,,https://www.teamchild.org,2026-09-06,,,EH,derived
legal_teamchild,TeamChild,legal,Hungarian,0,0,,False,none,0,,,https://www.teamchild.org,2026-09-06,,,EH,derived
legal_teamchild,TeamChild,legal,Igbo,0,0,,False,none,0,,,https://www.teamchild.org,2026-09-06,,,EH,derived
legal_teamchild,TeamChild,legal,Ilokano,0,0,,False,none,0,,,https://www.teamchild.org,2026-09-06,,,EH,derived
legal_teamchild,TeamChild,legal,Indonesian,0,0,,False,none,0,,,https://www.teamchild.org,2026-09-06,,,EH,derived
legal_teamchild,TeamChild,legal,Italian,0,0,,False,none,0,,,https://www.teamchild.org,2026-09-06,,,EH,derived
legal_teamchild,TeamChild,legal,Japanese,0,0,,False,none,0,,,https://www.teamchild.org,2026-09-06,,,EH,derived
legal_teamchild,TeamChild,legal,Kakwa,0,0,,False,none,0,,,https://www.teamchild.org,2026-09-06,,,EH,derived
legal_teamchild,TeamChild,legal,Kannada,0,0,,False,none,0,,,https://www.teamchild.org,2026-09-06,,,EH,derived
legal_teamchild,TeamChild,legal,Karen,0,0,,False,none,0,,,https://www.teamchild.org,2026-09-06,,,EH,derived
legal_teamchild,TeamChild,legal,Karenni,0,0,,False,none,0,,,https://www.teamchild.org,2026-09-06,,,EH,derived
legal_teamchild,TeamChild,legal,Kazakh,0,0,,False,none,0,,,https://www.teamchild.org,2026-09-06,,,EH,derived
legal_teamchild,TeamChild,legal,Khmer,0,0,,False,none,0,,,https://www.teamchild.org,2026-09-06,,,EH,derived
legal_teamchild,TeamChild,legal,Kikuyu,0,0,,False,none,0,,,https://www.teamchild.org,2026-09-06,,,EH,derived
legal_teamchild,TeamChild,legal,Kinyarwanda,0,0,,False,none,0,,,https://www.teamchild.org,2026-09-06,,,EH,derived
legal_teamchild,TeamChild,legal,Kirgiz,0,0,,False,none,0,,,https://www.teamchild.org,2026-09-06,,,EH,derived
legal_teamchild,TeamChild,legal,Kirundi,0,0,,False,none,0,,,https://www.teamchild.org,2026-09-06,,,EH,derived
legal_teamchild,TeamChild,legal,Kmhmu,0,0,,False,none,0,,,https://www.teamchild.org,2026-09-06,,,EH,derived
legal_teamchild,TeamChild,legal,Kongo,0,0,,False,none,0,,,https://www.teamchild.org,2026-09-06,,,EH,derived
legal_teamchild,TeamChild,legal,Korean,0,0,,False,none,0,,,https://www.teamchild.org,2026-09-06,,,EH,derived
legal_teamchild,TeamChild,legal,Kosraean,0,0,,False,none,0,,,https://www.teamchild.org,2026-09-06,,,EH,derived
legal_teamchild,TeamChild,legal,Krahn,0,0,,False,none,0,,,https://www.teamchild.org,2026-09-06,,,EH,derived
legal_teamchild,TeamChild,legal,Krio,0,0,,False,none,0,,,https://www.teamchild.org,2026-09-06,,,EH,derived
legal_teamchild,TeamChild,legal,Kru,0,0,,False,none,0,,,https://www.teamchild.org,2026-09-06,,,EH,derived
legal_teamchild,TeamChild,legal,Kurdish,0,0,,False,none,0,,,https://www.teamchild.org,2026-09-06,,,EH,derived
legal_teamchild,TeamChild,legal,Lao,0,0,,False,none,0,,,https://www.teamchild.org,2026-09-06,,,EH,derived
legal_teamchild,TeamChild,legal,Latvian,0,0,,False,none,0,,,https://www.teamchild.org,2026-09-06,,,EH,derived
legal_teamchild,TeamChild,legal,Lingala,0,0,,False,none,0,,,https://www.teamchild.org,2026-09-06,,,EH,derived
legal_teamchild,TeamChild,legal,Luganda,0,0,,False,none,0,,,https://www.teamchild.org,2026-09-06,,,EH,derived
legal_teamchild,TeamChild,legal,Maay Maay,0,0,,False,none,0,,,https://www.teamchild.org,2026-09-06,,,EH,derived
legal_teamchild,TeamChild,legal,Malay,0,0,,False,none,0,,,https://www.teamchild.org,2026-09-06,,,EH,derived
legal_teamchild,TeamChild,legal,Malayalam,0,0,,False,none,0,,,https://www.teamchild.org,2026-09-06,,,EH,derived
legal_teamchild,TeamChild,legal,Mam,0,0,,False,none,0,,,https://www.teamchild.org,2026-09-06,,,EH,derived
legal_teamchild,TeamChild,legal,Mandingo,0,0,,False,none,0,,,https://www.teamchild.org,2026-09-06,,,EH,derived
legal_teamchild,TeamChild,legal,Mandinka,0,0,,False,none,0,,,https://www.teamchild.org,2026-09-06,,,EH,derived
legal_teamchild,TeamChild,legal,Marathi,0,0,,False,none,0,,,https://www.teamchild.org,2026-09-06,,,EH,derived
legal_teamchild,TeamChild,legal,Marquesan,0,0,,False,none,0,,,https://www.teamchild.org,2026-09-06,,,EH,derived
legal_teamchild,TeamChild,legal,Marshallese,0,0,,False,none,0,,,https://www.teamchild.org,2026-09-06,,,EH,derived
legal_teamchild,TeamChild,legal,Maya-Quiche,0,0,,False,none,0,,,https://www.teamchild.org,2026-09-06,,,EH,derived
legal_teamchild,TeamChild,legal,Mien,0,0,,False,none,0,,,https://www.teamchild.org,2026-09-06,,,EH,derived
legal_teamchild,TeamChild,legal,Mixteco,0,0,,False,none,0,,,https://www.teamchild.org,2026-09-06,,,EH,derived
legal_teamchild,TeamChild,legal,Moldavian,0,0,,False,none,0,,,https://www.teamchild.org,2026-09-06,,,EH,derived
legal_teamchild,TeamChild,legal,Mongolian,0,0,,False,none,0,,,https://www.teamchild.org,2026-09-06,,,EH,derived
legal_teamchild,TeamChild,legal,Moore,0,0,,False,none,0,,,https://www.teamchild.org,2026-09-06,,,EH,derived
legal_teamchild,TeamChild,legal,"Nahuatl, Guerrero region",0,0,,False,none,0,,,https://www.teamchild.org,2026-09-06,,,EH,derived
legal_teamchild,TeamChild,legal,Nepali,0,0,,False,none,0,,,https://www.teamchild.org,2026-09-06,,,EH,derived
legal_teamchild,TeamChild,legal,Nuer,0,0,,False,none,0,,,https://www.teamchild.org,2026-09-06,,,EH,derived
legal_teamchild,TeamChild,legal,Oromo,0,0,,False,none,0,,,https://www.teamchild.org,2026-09-06,,,EH,derived
legal_teamchild,TeamChild,legal,Palau,0,0,,False,none,0,,,https://www.teamchild.org,2026-09-06,,,EH,derived
legal_teamchild,TeamChild,legal,Pashai,0,0,,False,none,0,,,https://www.teamchild.org,2026-09-06,,,EH,derived
legal_teamchild,TeamChild,legal,Pashto,0,0,,False,none,0,,,https://www.teamchild.org,2026-09-06,,,EH,derived
legal_teamchild,TeamChild,legal,Pere,0,0,,False,none,0,,,https://www.teamchild.org,2026-09-06,,,EH,derived
legal_teamchild,TeamChild,legal,Polish,0,0,,False,none,0,,,https://www.teamchild.org,2026-09-06,,,EH,derived
legal_teamchild,TeamChild,legal,Portuguese,0,0,,False,none,0,,,https://www.teamchild.org,2026-09-06,,,EH,derived
legal_teamchild,TeamChild,legal,Punjabi,0,0,,False,none,0,,,https://www.teamchild.org,2026-09-06,,,EH,derived
legal_teamchild,TeamChild,legal,Purepecha,0,0,,False,none,0,,,https://www.teamchild.org,2026-09-06,,,EH,derived
legal_teamchild,TeamChild,legal,Rohingya,0,0,,False,none,0,,,https://www.teamchild.org,2026-09-06,,,EH,derived
legal_teamchild,TeamChild,legal,Romanian,0,0,,False,none,0,,,https://www.teamchild.org,2026-09-06,,,EH,derived
legal_teamchild,TeamChild,legal,Russian,0,0,,False,none,0,,,https://www.teamchild.org,2026-09-06,,,EH,derived
legal_teamchild,TeamChild,legal,Samoan,0,0,,False,none,0,,,https://www.teamchild.org,2026-09-06,,,EH,derived
legal_teamchild,TeamChild,legal,Sao,0,0,,False,none,0,,,https://www.teamchild.org,2026-09-06,,,EH,derived
legal_teamchild,TeamChild,legal,Serbo-Croation,0,0,,False,none,0,,,https://www.teamchild.org,2026-09-06,,,EH,derived
legal_teamchild,TeamChild,legal,Shona,0,0,,False,none,0,,,https://www.teamchild.org,2026-09-06,,,EH,derived
legal_teamchild,TeamChild,legal,Sinhalese,0,0,,False,none,0,,,https://www.teamchild.org,2026-09-06,,,EH,derived
legal_teamchild,TeamChild,legal,Slovenian,0,0,,False,none,0,,,https://www.teamchild.org,2026-09-06,,,EH,derived
legal_teamchild,TeamChild,legal,Somali,0,0,,False,none,0,,,https://www.teamchild.org,2026-09-06,,,EH,derived
legal_teamchild,TeamChild,legal,Soninke,0,0,,False,none,0,,,https://www.teamchild.org,2026-09-06,,,EH,derived
legal_teamchild,TeamChild,legal,Sotho,0,0,,False,none,0,,,https://www.teamchild.org,2026-09-06,,,EH,derived
legal_teamchild,TeamChild,legal,Spanish,0,0,,False,none,0,,,https://www.teamchild.org,2026-09-06,,,EH,derived
legal_teamchild,TeamChild,legal,Swahili,0,0,,False,none,0,,,https://www.teamchild.org,2026-09-06,,,EH,derived
legal_teamchild,TeamChild,legal,Tagalog,0,0,,False,none,0,,,https://www.teamchild.org,2026-09-06,,,EH,derived
legal_teamchild,TeamChild,legal,Taishanese,0,0,,False,none,0,,,https://www.teamchild.org,2026-09-06,,,EH,derived
legal_teamchild,TeamChild,legal,Tajiki,0,0,,False,none,0,,,https://www.teamchild.org,2026-09-06,,,EH,derived
legal_teamchild,TeamChild,legal,Tamil,0,0,,False,none,0,,,https://www.teamchild.org,2026-09-06,,,EH,derived
legal_teamchild,TeamChild,legal,Tarasco,0,0,,False,none,0,,,https://www.teamchild.org,2026-09-06,,,EH,derived
legal_teamchild,TeamChild,legal,Tedim,0,0,,False,none,0,,,https://www.teamchild.org,2026-09-06,,,EH,derived
legal_teamchild,TeamChild,legal,Telugu,0,0,,False,none,0,,,https://www.teamchild.org,2026-09-06,,,EH,derived
legal_teamchild,TeamChild,legal,Thai,0,0,,False,none,0,,,https://www.teamchild.org,2026-09-06,,,EH,derived
legal_teamchild,TeamChild,legal,Tibetan,0,0,,False,none,0,,,https://www.teamchild.org,2026-09-06,,,EH,derived
legal_teamchild,TeamChild,legal,Tigrinya,0,0,,False,none,0,,,https://www.teamchild.org,2026-09-06,,,EH,derived
legal_teamchild,TeamChild,legal,Tongan,0,0,,False,none,0,,,https://www.teamchild.org,2026-09-06,,,EH,derived
legal_teamchild,TeamChild,legal,Turkish,0,0,,False,none,0,,,https://www.teamchild.org,2026-09-06,,,EH,derived
legal_teamchild,TeamChild,legal,Twi,0,0,,False,none,0,,,https://www.teamchild.org,2026-09-06,,,EH,derived
legal_teamchild,TeamChild,legal,Ukrainian,0,0,,False,none,0,,,https://www.teamchild.org,2026-09-06,,,EH,derived
legal_teamchild,TeamChild,legal,Urdu,0,0,,False,none,0,,,https://www.teamchild.org,2026-09-06,,,EH,derived
legal_teamchild,TeamChild,legal,Uzbek,0,0,,False,none,0,,,https://www.teamchild.org,2026-09-06,,,EH,derived
legal_teamchild,TeamChild,legal,Vietnamese,0,0,,False,none,0,,,https://www.teamchild.org,2026-09-06,,,EH,derived
legal_teamchild,TeamChild,legal,Wolof,0,0,,False,none,0,,,https://www.teamchild.org,2026-09-06,,,EH,derived
legal_teamchild,TeamChild,legal,Yap,0,0,,False,none,0,,,https://www.teamchild.org,2026-09-06,,,EH,derived
legal_teamchild,TeamChild,legal,Yoruba,0,0,,False,none,0,,,https://www.teamchild.org,2026-09-06,,,EH,derived
legal_entrehermanos,Entre Hermanos,legal,Acholi,0,0,,False,none,0,,,https://entrehermanos.org,2026-09-06,,,EH,derived
legal_entrehermanos,Entre Hermanos,legal,Aguacateco,0,0,,False,none,0,,,https://entrehermanos.org,2026-09-06,,,EH,derived
legal_entrehermanos,Entre Hermanos,legal,Akateko,0,0,,False,none,0,,,https://entrehermanos.org,2026-09-06,,,EH,derived
legal_entrehermanos,Entre Hermanos,legal,Albanian,0,0,,False,none,0,,,https://entrehermanos.org,2026-09-06,,,EH,derived
legal_entrehermanos,Entre Hermanos,legal,American Sign Language,0,0,,False,none,0,,,https://entrehermanos.org,2026-09-06,,,EH,derived
legal_entrehermanos,Entre Hermanos,legal,Amharic,0,0,,False,none,0,,,https://entrehermanos.org,2026-09-06,,,EH,derived
legal_entrehermanos,Entre Hermanos,legal,Arabic,0,0,,False,none,0,,,https://entrehermanos.org,2026-09-06,,,EH,derived
legal_entrehermanos,Entre Hermanos,legal,Armenian,0,0,,False,none,0,,,https://entrehermanos.org,2026-09-06,,,EH,derived
legal_entrehermanos,Entre Hermanos,legal,Ayula-Bambara,0,0,,False,none,0,,,https://entrehermanos.org,2026-09-06,,,EH,derived
legal_entrehermanos,Entre Hermanos,legal,Azerbaijani,0,0,,False,none,0,,,https://entrehermanos.org,2026-09-06,,,EH,derived
legal_entrehermanos,Entre Hermanos,legal,Bambara,0,0,,False,none,0,,,https://entrehermanos.org,2026-09-06,,,EH,derived
legal_entrehermanos,Entre Hermanos,legal,Bangala,0,0,,False,none,0,,,https://entrehermanos.org,2026-09-06,,,EH,derived
legal_entrehermanos,Entre Hermanos,legal,Bassa,0,0,,False,none,0,,,https://entrehermanos.org,2026-09-06,,,EH,derived
legal_entrehermanos,Entre Hermanos,legal,Bengali,0,0,,False,none,0,,,https://entrehermanos.org,2026-09-06,,,EH,derived
legal_entrehermanos,Entre Hermanos,legal,Bosnian,0,0,,False,none,0,,,https://entrehermanos.org,2026-09-06,,,EH,derived
legal_entrehermanos,Entre Hermanos,legal,Bulgarian,0,0,,False,none,0,,,https://entrehermanos.org,2026-09-06,,,EH,derived
legal_entrehermanos,Entre Hermanos,legal,Burmese,0,0,,False,none,0,,,https://entrehermanos.org,2026-09-06,,,EH,derived
legal_entrehermanos,Entre Hermanos,legal,Carolinian,0,0,,False,none,0,,,https://entrehermanos.org,2026-09-06,,,EH,derived
legal_entrehermanos,Entre Hermanos,legal,Catalan,0,0,,False,none,0,,,https://entrehermanos.org,2026-09-06,,,EH,derived
legal_entrehermanos,Entre Hermanos,legal,Cebuano,0,0,,False,none,0,,,https://entrehermanos.org,2026-09-06,,,EH,derived
legal_entrehermanos,Entre Hermanos,legal,Cham,0,0,,False,none,0,,,https://entrehermanos.org,2026-09-06,,,EH,derived
legal_entrehermanos,Entre Hermanos,legal,Chamorro,0,0,,False,none,0,,,https://entrehermanos.org,2026-09-06,,,EH,derived
legal_entrehermanos,Entre Hermanos,legal,Chin,0,0,,False,none,0,,,https://entrehermanos.org,2026-09-06,,,EH,derived
legal_entrehermanos,Entre Hermanos,legal,Chinese-Cantonese,0,0,,False,none,0,,,https://entrehermanos.org,2026-09-06,,,EH,derived
legal_entrehermanos,Entre Hermanos,legal,Chinese-Fukienese,0,0,,False,none,0,,,https://entrehermanos.org,2026-09-06,,,EH,derived
legal_entrehermanos,Entre Hermanos,legal,Chinese-Mandarin,0,0,,False,none,0,,,https://entrehermanos.org,2026-09-06,,,EH,derived
legal_entrehermanos,Entre Hermanos,legal,Chinese-Taiwanese,0,0,,False,none,0,,,https://entrehermanos.org,2026-09-06,,,EH,derived
legal_entrehermanos,Entre Hermanos,legal,Chuukese,0,0,,False,none,0,,,https://entrehermanos.org,2026-09-06,,,EH,derived
legal_entrehermanos,Entre Hermanos,legal,Dari,0,0,,False,none,0,,,https://entrehermanos.org,2026-09-06,,,EH,derived
legal_entrehermanos,Entre Hermanos,legal,Dinka,0,0,,False,none,0,,,https://entrehermanos.org,2026-09-06,,,EH,derived
legal_entrehermanos,Entre Hermanos,legal,Dutch,0,0,,False,none,0,,,https://entrehermanos.org,2026-09-06,,,EH,derived
legal_entrehermanos,Entre Hermanos,legal,Egyptian-Arabic,0,0,,False,none,0,,,https://entrehermanos.org,2026-09-06,,,EH,derived
legal_entrehermanos,Entre Hermanos,legal,Eritai,0,0,,False,none,0,,,https://entrehermanos.org,2026-09-06,,,EH,derived
legal_entrehermanos,Entre Hermanos,legal,Estonian,0,0,,False,none,0,,,https://entrehermanos.org,2026-09-06,,,EH,derived
legal_entrehermanos,Entre Hermanos,legal,Ewe,0,0,,False,none,0,,,https://entrehermanos.org,2026-09-06,,,EH,derived
legal_entrehermanos,Entre Hermanos,legal,Fallani,0,0,,False,none,0,,,https://entrehermanos.org,2026-09-06,,,EH,derived
legal_entrehermanos,Entre Hermanos,legal,Farsi,0,0,,False,none,0,,,https://entrehermanos.org,2026-09-06,,,EH,derived
legal_entrehermanos,Entre Hermanos,legal,French,0,0,,False,none,0,,,https://entrehermanos.org,2026-09-06,,,EH,derived
legal_entrehermanos,Entre Hermanos,legal,Fula,0,0,,False,none,0,,,https://entrehermanos.org,2026-09-06,,,EH,derived
legal_entrehermanos,Entre Hermanos,legal,Ga,0,0,,False,none,0,,,https://entrehermanos.org,2026-09-06,,,EH,derived
legal_entrehermanos,Entre Hermanos,legal,German,0,0,,False,none,0,,,https://entrehermanos.org,2026-09-06,,,EH,derived
legal_entrehermanos,Entre Hermanos,legal,"Greek, Modern",0,0,,False,none,0,,,https://entrehermanos.org,2026-09-06,,,EH,derived
legal_entrehermanos,Entre Hermanos,legal,Gujarati,0,0,,False,none,0,,,https://entrehermanos.org,2026-09-06,,,EH,derived
legal_entrehermanos,Entre Hermanos,legal,Haitian Creole,0,0,,False,none,0,,,https://entrehermanos.org,2026-09-06,,,EH,derived
legal_entrehermanos,Entre Hermanos,legal,Hausa,0,0,,False,none,0,,,https://entrehermanos.org,2026-09-06,,,EH,derived
legal_entrehermanos,Entre Hermanos,legal,Hawaiian,0,0,,False,none,0,,,https://entrehermanos.org,2026-09-06,,,EH,derived
legal_entrehermanos,Entre Hermanos,legal,Herero,0,0,,False,none,0,,,https://entrehermanos.org,2026-09-06,,,EH,derived
legal_entrehermanos,Entre Hermanos,legal,Hindi,0,0,,False,none,0,,,https://entrehermanos.org,2026-09-06,,,EH,derived
legal_entrehermanos,Entre Hermanos,legal,Hmong,0,0,,False,none,0,,,https://entrehermanos.org,2026-09-06,,,EH,derived
legal_entrehermanos,Entre Hermanos,legal,Hungarian,0,0,,False,none,0,,,https://entrehermanos.org,2026-09-06,,,EH,derived
legal_entrehermanos,Entre Hermanos,legal,Igbo,0,0,,False,none,0,,,https://entrehermanos.org,2026-09-06,,,EH,derived
legal_entrehermanos,Entre Hermanos,legal,Ilokano,0,0,,False,none,0,,,https://entrehermanos.org,2026-09-06,,,EH,derived
legal_entrehermanos,Entre Hermanos,legal,Indonesian,0,0,,False,none,0,,,https://entrehermanos.org,2026-09-06,,,EH,derived
legal_entrehermanos,Entre Hermanos,legal,Italian,0,0,,False,none,0,,,https://entrehermanos.org,2026-09-06,,,EH,derived
legal_entrehermanos,Entre Hermanos,legal,Japanese,0,0,,False,none,0,,,https://entrehermanos.org,2026-09-06,,,EH,derived
legal_entrehermanos,Entre Hermanos,legal,Kakwa,0,0,,False,none,0,,,https://entrehermanos.org,2026-09-06,,,EH,derived
legal_entrehermanos,Entre Hermanos,legal,Kannada,0,0,,False,none,0,,,https://entrehermanos.org,2026-09-06,,,EH,derived
legal_entrehermanos,Entre Hermanos,legal,Karen,0,0,,False,none,0,,,https://entrehermanos.org,2026-09-06,,,EH,derived
legal_entrehermanos,Entre Hermanos,legal,Karenni,0,0,,False,none,0,,,https://entrehermanos.org,2026-09-06,,,EH,derived
legal_entrehermanos,Entre Hermanos,legal,Kazakh,0,0,,False,none,0,,,https://entrehermanos.org,2026-09-06,,,EH,derived
legal_entrehermanos,Entre Hermanos,legal,Khmer,0,0,,False,none,0,,,https://entrehermanos.org,2026-09-06,,,EH,derived
legal_entrehermanos,Entre Hermanos,legal,Kikuyu,0,0,,False,none,0,,,https://entrehermanos.org,2026-09-06,,,EH,derived
legal_entrehermanos,Entre Hermanos,legal,Kinyarwanda,0,0,,False,none,0,,,https://entrehermanos.org,2026-09-06,,,EH,derived
legal_entrehermanos,Entre Hermanos,legal,Kirgiz,0,0,,False,none,0,,,https://entrehermanos.org,2026-09-06,,,EH,derived
legal_entrehermanos,Entre Hermanos,legal,Kirundi,0,0,,False,none,0,,,https://entrehermanos.org,2026-09-06,,,EH,derived
legal_entrehermanos,Entre Hermanos,legal,Kmhmu,0,0,,False,none,0,,,https://entrehermanos.org,2026-09-06,,,EH,derived
legal_entrehermanos,Entre Hermanos,legal,Kongo,0,0,,False,none,0,,,https://entrehermanos.org,2026-09-06,,,EH,derived
legal_entrehermanos,Entre Hermanos,legal,Korean,0,0,,False,none,0,,,https://entrehermanos.org,2026-09-06,,,EH,derived
legal_entrehermanos,Entre Hermanos,legal,Kosraean,0,0,,False,none,0,,,https://entrehermanos.org,2026-09-06,,,EH,derived
legal_entrehermanos,Entre Hermanos,legal,Krahn,0,0,,False,none,0,,,https://entrehermanos.org,2026-09-06,,,EH,derived
legal_entrehermanos,Entre Hermanos,legal,Krio,0,0,,False,none,0,,,https://entrehermanos.org,2026-09-06,,,EH,derived
legal_entrehermanos,Entre Hermanos,legal,Kru,0,0,,False,none,0,,,https://entrehermanos.org,2026-09-06,,,EH,derived
legal_entrehermanos,Entre Hermanos,legal,Kurdish,0,0,,False,none,0,,,https://entrehermanos.org,2026-09-06,,,EH,derived
legal_entrehermanos,Entre Hermanos,legal,Lao,0,0,,False,none,0,,,https://entrehermanos.org,2026-09-06,,,EH,derived
legal_entrehermanos,Entre Hermanos,legal,Latvian,0,0,,False,none,0,,,https://entrehermanos.org,2026-09-06,,,EH,derived
legal_entrehermanos,Entre Hermanos,legal,Lingala,0,0,,False,none,0,,,https://entrehermanos.org,2026-09-06,,,EH,derived
legal_entrehermanos,Entre Hermanos,legal,Luganda,0,0,,False,none,0,,,https://entrehermanos.org,2026-09-06,,,EH,derived
legal_entrehermanos,Entre Hermanos,legal,Maay Maay,0,0,,False,none,0,,,https://entrehermanos.org,2026-09-06,,,EH,derived
legal_entrehermanos,Entre Hermanos,legal,Malay,0,0,,False,none,0,,,https://entrehermanos.org,2026-09-06,,,EH,derived
legal_entrehermanos,Entre Hermanos,legal,Malayalam,0,0,,False,none,0,,,https://entrehermanos.org,2026-09-06,,,EH,derived
legal_entrehermanos,Entre Hermanos,legal,Mam,0,0,,False,none,0,,,https://entrehermanos.org,2026-09-06,,,EH,derived
legal_entrehermanos,Entre Hermanos,legal,Mandingo,0,0,,False,none,0,,,https://entrehermanos.org,2026-09-06,,,EH,derived
legal_entrehermanos,Entre Hermanos,legal,Mandinka,0,0,,False,none,0,,,https://entrehermanos.org,2026-09-06,,,EH,derived
legal_entrehermanos,Entre Hermanos,legal,Marathi,0,0,,False,none,0,,,https://entrehermanos.org,2026-09-06,,,EH,derived
legal_entrehermanos,Entre Hermanos,legal,Marquesan,0,0,,False,none,0,,,https://entrehermanos.org,2026-09-06,,,EH,derived
legal_entrehermanos,Entre Hermanos,legal,Marshallese,0,0,,False,none,0,,,https://entrehermanos.org,2026-09-06,,,EH,derived
legal_entrehermanos,Entre Hermanos,legal,Maya-Quiche,0,0,,False,none,0,,,https://entrehermanos.org,2026-09-06,,,EH,derived
legal_entrehermanos,Entre Hermanos,legal,Mien,0,0,,False,none,0,,,https://entrehermanos.org,2026-09-06,,,EH,derived
legal_entrehermanos,Entre Hermanos,legal,Mixteco,0,0,,False,none,0,,,https://entrehermanos.org,2026-09-06,,,EH,derived
legal_entrehermanos,Entre Hermanos,legal,Moldavian,0,0,,False,none,0,,,https://entrehermanos.org,2026-09-06,,,EH,derived
legal_entrehermanos,Entre Hermanos,legal,Mongolian,0,0,,False,none,0,,,https://entrehermanos.org,2026-09-06,,,EH,derived
legal_entrehermanos,Entre Hermanos,legal,Moore,0,0,,False,none,0,,,https://entrehermanos.org,2026-09-06,,,EH,derived
legal_entrehermanos,Entre Hermanos,legal,"Nahuatl, Guerrero region",0,0,,False,none,0,,,https://entrehermanos.org,2026-09-06,,,EH,derived
legal_entrehermanos,Entre Hermanos,legal,Nepali,0,0,,False,none,0,,,https://entrehermanos.org,2026-09-06,,,EH,derived
legal_entrehermanos,Entre Hermanos,legal,Nuer,0,0,,False,none,0,,,https://entrehermanos.org,2026-09-06,,,EH,derived
legal_entrehermanos,Entre Hermanos,legal,Oromo,0,0,,False,none,0,,,https://entrehermanos.org,2026-09-06,,,EH,derived
legal_entrehermanos,Entre Hermanos,legal,Palau,0,0,,False,none,0,,,https://entrehermanos.org,2026-09-06,,,EH,derived
legal_entrehermanos,Entre Hermanos,legal,Pashai,0,0,,False,none,0,,,https://entrehermanos.org,2026-09-06,,,EH,derived
legal_entrehermanos,Entre Hermanos,legal,Pashto,0,0,,False,none,0,,,https://entrehermanos.org,2026-09-06,,,EH,derived
legal_entrehermanos,Entre Hermanos,legal,Pere,0,0,,False,none,0,,,https://entrehermanos.org,2026-09-06,,,EH,derived
legal_entrehermanos,Entre Hermanos,legal,Polish,0,0,,False,none,0,,,https://entrehermanos.org,2026-09-06,,,EH,derived
legal_entrehermanos,Entre Hermanos,legal,Portuguese,0,0,,False,none,0,,,https://entrehermanos.org,2026-09-06,,,EH,derived
legal_entrehermanos,Entre Hermanos,legal,Punjabi,0,0,,False,none,0,,,https://entrehermanos.org,2026-09-06,,,EH,derived
legal_entrehermanos,Entre Hermanos,legal,Purepecha,0,0,,False,none,0,,,https://entrehermanos.org,2026-09-06,,,EH,derived
legal_entrehermanos,Entre Hermanos,legal,Rohingya,0,0,,False,none,0,,,https://entrehermanos.org,2026-09-06,,,EH,derived
legal_entrehermanos,Entre Hermanos,legal,Romanian,0,0,,False,none,0,,,https://entrehermanos.org,2026-09-06,,,EH,derived
legal_entrehermanos,Entre Hermanos,legal,Russian,0,0,,False,none,0,,,https://entrehermanos.org,2026-09-06,,,EH,derived
legal_entrehermanos,Entre Hermanos,legal,Samoan,0,0,,False,none,0,,,https://entrehermanos.org,2026-09-06,,,EH,derived
legal_entrehermanos,Entre Hermanos,legal,Sao,0,0,,False,none,0,,,https://entrehermanos.org,2026-09-06,,,EH,derived
legal_entrehermanos,Entre Hermanos,legal,Serbo-Croation,0,0,,False,none,0,,,https://entrehermanos.org,2026-09-06,,,EH,derived
legal_entrehermanos,Entre Hermanos,legal,Shona,0,0,,False,none,0,,,https://entrehermanos.org,2026-09-06,,,EH,derived
legal_entrehermanos,Entre Hermanos,legal,Sinhalese,0,0,,False,none,0,,,https://entrehermanos.org,2026-09-06,,,EH,derived
legal_entrehermanos,Entre Hermanos,legal,Slovenian,0,0,,False,none,0,,,https://entrehermanos.org,2026-09-06,,,EH,derived
legal_entrehermanos,Entre Hermanos,legal,Somali,0,0,,False,none,0,,,https://entrehermanos.org,2026-09-06,,,EH,derived
legal_entrehermanos,Entre Hermanos,legal,Soninke,0,0,,False,none,0,,,https://entrehermanos.org,2026-09-06,,,EH,derived
legal_entrehermanos,Entre Hermanos,legal,Sotho,0,0,,False,none,0,,,https://entrehermanos.org,2026-09-06,,,EH,derived
legal_entrehermanos,Entre Hermanos,legal,Spanish,0,0,,False,none,0,,,https://entrehermanos.org,2026-09-06,,,EH,derived
legal_entrehermanos,Entre Hermanos,legal,Swahili,0,0,,False,none,0,,,https://entrehermanos.org,2026-09-06,,,EH,derived
legal_entrehermanos,Entre Hermanos,legal,Tagalog,0,0,,False,none,0,,,https://entrehermanos.org,2026-09-06,,,EH,derived
legal_entrehermanos,Entre Hermanos,legal,Taishanese,0,0,,False,none,0,,,https://entrehermanos.org,2026-09-06,,,EH,derived
legal_entrehermanos,Entre Hermanos,legal,Tajiki,0,0,,False,none,0,,,https://entrehermanos.org,2026-09-06,,,EH,derived
legal_entrehermanos,Entre Hermanos,legal,Tamil,0,0,,False,none,0,,,https://entrehermanos.org,2026-09-06,,,EH,derived
legal_entrehermanos,Entre Hermanos,legal,Tarasco,0,0,,False,none,0,,,https://entrehermanos.org,2026-09-06,,,EH,derived
legal_entrehermanos,Entre Hermanos,legal,Tedim,0,0,,False,none,0,,,https://entrehermanos.org,2026-09-06,,,EH,derived
legal_entrehermanos,Entre Hermanos,legal,Telugu,0,0,,False,none,0,,,https://entrehermanos.org,2026-09-06,,,EH,derived
legal_entrehermanos,Entre Hermanos,legal,Thai,0,0,,False,none,0,,,https://entrehermanos.org,2026-09-06,,,EH,derived
legal_entrehermanos,Entre Hermanos,legal,Tibetan,0,0,,False,none,0,,,https://entrehermanos.org,2026-09-06,,,EH,derived
legal_entrehermanos,Entre Hermanos,legal,Tigrinya,0,0,,False,none,0,,,https://entrehermanos.org,2026-09-06,,,EH,derived
legal_entrehermanos,Entre Hermanos,legal,Tongan,0,0,,False,none,0,,,https://entrehermanos.org,2026-09-06,,,EH,derived
legal_entrehermanos,Entre Hermanos,legal,Turkish,0,0,,False,none,0,,,https://entrehermanos.org,2026-09-06,,,EH,derived
legal_entrehermanos,Entre Hermanos,legal,Twi,0,0,,False,none,0,,,https://entrehermanos.org,2026-09-06,,,EH,derived
legal_entrehermanos,Entre Hermanos,legal,Ukrainian,0,0,,False,none,0,,,https://entrehermanos.org,2026-09-06,,,EH,derived
legal_entrehermanos,Entre Hermanos,legal,Urdu,0,0,,False,none,0,,,https://entrehermanos.org,2026-09-06,,,EH,derived
legal_entrehermanos,Entre Hermanos,legal,Uzbek,0,0,,False,none,0,,,https://entrehermanos.org,2026-09-06,,,EH,derived
legal_entrehermanos,Entre Hermanos,legal,Vietnamese,0,0,,False,none,0,,,https://entrehermanos.org,2026-09-06,,,EH,derived
legal_entrehermanos,Entre Hermanos,legal,Wolof,0,0,,False,none,0,,,https://entrehermanos.org,2026-09-06,,,EH,derived
legal_entrehermanos,Entre Hermanos,legal,Yap,0,0,,False,none,0,,,https://entrehermanos.org,2026-09-06,,,EH,derived
legal_entrehermanos,Entre Hermanos,legal,Yoruba,0,0,,False,none,0,,,https://entrehermanos.org,2026-09-06,,,EH,derived
legal_ccsww,Catholic Community Services of Western Washington,legal,Acholi,,,,,not_assessed,,,,https://ccsww.org,2026-09-06,,"Site returned HTTP 403 to every request. Not assessed. Tiers are blank, not zero",EH,unreachable
legal_ccsww,Catholic Community Services of Western Washington,legal,Aguacateco,,,,,not_assessed,,,,https://ccsww.org,2026-09-06,,"Site returned HTTP 403 to every request. Not assessed. Tiers are blank, not zero",EH,unreachable
legal_ccsww,Catholic Community Services of Western Washington,legal,Akateko,,,,,not_assessed,,,,https://ccsww.org,2026-09-06,,"Site returned HTTP 403 to every request. Not assessed. Tiers are blank, not zero",EH,unreachable
legal_ccsww,Catholic Community Services of Western Washington,legal,Albanian,,,,,not_assessed,,,,https://ccsww.org,2026-09-06,,"Site returned HTTP 403 to every request. Not assessed. Tiers are blank, not zero",EH,unreachable
legal_ccsww,Catholic Community Services of Western Washington,legal,American Sign Language,,,,,not_assessed,,,,https://ccsww.org,2026-09-06,,"Site returned HTTP 403 to every request. Not assessed. Tiers are blank, not zero",EH,unreachable
legal_ccsww,Catholic Community Services of Western Washington,legal,Amharic,,,,,not_assessed,,,,https://ccsww.org,2026-09-06,,"Site returned HTTP 403 to every request. Not assessed. Tiers are blank, not zero",EH,unreachable
legal_ccsww,Catholic Community Services of Western Washington,legal,Arabic,,,,,not_assessed,,,,https://ccsww.org,2026-09-06,,"Site returned HTTP 403 to every request. Not assessed. Tiers are blank, not zero",EH,unreachable
legal_ccsww,Catholic Community Services of Western Washington,legal,Armenian,,,,,not_assessed,,,,https://ccsww.org,2026-09-06,,"Site returned HTTP 403 to every request. Not assessed. Tiers are blank, not zero",EH,unreachable
legal_ccsww,Catholic Community Services of Western Washington,legal,Ayula-Bambara,,,,,not_assessed,,,,https://ccsww.org,2026-09-06,,"Site returned HTTP 403 to every request. Not assessed. Tiers are blank, not zero",EH,unreachable
legal_ccsww,Catholic Community Services of Western Washington,legal,Azerbaijani,,,,,not_assessed,,,,https://ccsww.org,2026-09-06,,"Site returned HTTP 403 to every request. Not assessed. Tiers are blank, not zero",EH,unreachable
legal_ccsww,Catholic Community Services of Western Washington,legal,Bambara,,,,,not_assessed,,,,https://ccsww.org,2026-09-06,,"Site returned HTTP 403 to every request. Not assessed. Tiers are blank, not zero",EH,unreachable
legal_ccsww,Catholic Community Services of Western Washington,legal,Bangala,,,,,not_assessed,,,,https://ccsww.org,2026-09-06,,"Site returned HTTP 403 to every request. Not assessed. Tiers are blank, not zero",EH,unreachable
legal_ccsww,Catholic Community Services of Western Washington,legal,Bassa,,,,,not_assessed,,,,https://ccsww.org,2026-09-06,,"Site returned HTTP 403 to every request. Not assessed. Tiers are blank, not zero",EH,unreachable
legal_ccsww,Catholic Community Services of Western Washington,legal,Bengali,,,,,not_assessed,,,,https://ccsww.org,2026-09-06,,"Site returned HTTP 403 to every request. Not assessed. Tiers are blank, not zero",EH,unreachable
legal_ccsww,Catholic Community Services of Western Washington,legal,Bosnian,,,,,not_assessed,,,,https://ccsww.org,2026-09-06,,"Site returned HTTP 403 to every request. Not assessed. Tiers are blank, not zero",EH,unreachable
legal_ccsww,Catholic Community Services of Western Washington,legal,Bulgarian,,,,,not_assessed,,,,https://ccsww.org,2026-09-06,,"Site returned HTTP 403 to every request. Not assessed. Tiers are blank, not zero",EH,unreachable
legal_ccsww,Catholic Community Services of Western Washington,legal,Burmese,,,,,not_assessed,,,,https://ccsww.org,2026-09-06,,"Site returned HTTP 403 to every request. Not assessed. Tiers are blank, not zero",EH,unreachable
legal_ccsww,Catholic Community Services of Western Washington,legal,Carolinian,,,,,not_assessed,,,,https://ccsww.org,2026-09-06,,"Site returned HTTP 403 to every request. Not assessed. Tiers are blank, not zero",EH,unreachable
legal_ccsww,Catholic Community Services of Western Washington,legal,Catalan,,,,,not_assessed,,,,https://ccsww.org,2026-09-06,,"Site returned HTTP 403 to every request. Not assessed. Tiers are blank, not zero",EH,unreachable
legal_ccsww,Catholic Community Services of Western Washington,legal,Cebuano,,,,,not_assessed,,,,https://ccsww.org,2026-09-06,,"Site returned HTTP 403 to every request. Not assessed. Tiers are blank, not zero",EH,unreachable
legal_ccsww,Catholic Community Services of Western Washington,legal,Cham,,,,,not_assessed,,,,https://ccsww.org,2026-09-06,,"Site returned HTTP 403 to every request. Not assessed. Tiers are blank, not zero",EH,unreachable
legal_ccsww,Catholic Community Services of Western Washington,legal,Chamorro,,,,,not_assessed,,,,https://ccsww.org,2026-09-06,,"Site returned HTTP 403 to every request. Not assessed. Tiers are blank, not zero",EH,unreachable
legal_ccsww,Catholic Community Services of Western Washington,legal,Chin,,,,,not_assessed,,,,https://ccsww.org,2026-09-06,,"Site returned HTTP 403 to every request. Not assessed. Tiers are blank, not zero",EH,unreachable
legal_ccsww,Catholic Community Services of Western Washington,legal,Chinese-Cantonese,,,,,not_assessed,,,,https://ccsww.org,2026-09-06,,"Site returned HTTP 403 to every request. Not assessed. Tiers are blank, not zero",EH,unreachable
legal_ccsww,Catholic Community Services of Western Washington,legal,Chinese-Fukienese,,,,,not_assessed,,,,https://ccsww.org,2026-09-06,,"Site returned HTTP 403 to every request. Not assessed. Tiers are blank, not zero",EH,unreachable
legal_ccsww,Catholic Community Services of Western Washington,legal,Chinese-Mandarin,,,,,not_assessed,,,,https://ccsww.org,2026-09-06,,"Site returned HTTP 403 to every request. Not assessed. Tiers are blank, not zero",EH,unreachable
legal_ccsww,Catholic Community Services of Western Washington,legal,Chinese-Taiwanese,,,,,not_assessed,,,,https://ccsww.org,2026-09-06,,"Site returned HTTP 403 to every request. Not assessed. Tiers are blank, not zero",EH,unreachable
legal_ccsww,Catholic Community Services of Western Washington,legal,Chuukese,,,,,not_assessed,,,,https://ccsww.org,2026-09-06,,"Site returned HTTP 403 to every request. Not assessed. Tiers are blank, not zero",EH,unreachable
legal_ccsww,Catholic Community Services of Western Washington,legal,Dari,,,,,not_assessed,,,,https://ccsww.org,2026-09-06,,"Site returned HTTP 403 to every request. Not assessed. Tiers are blank, not zero",EH,unreachable
legal_ccsww,Catholic Community Services of Western Washington,legal,Dinka,,,,,not_assessed,,,,https://ccsww.org,2026-09-06,,"Site returned HTTP 403 to every request. Not assessed. Tiers are blank, not zero",EH,unreachable
legal_ccsww,Catholic Community Services of Western Washington,legal,Dutch,,,,,not_assessed,,,,https://ccsww.org,2026-09-06,,"Site returned HTTP 403 to every request. Not assessed. Tiers are blank, not zero",EH,unreachable
legal_ccsww,Catholic Community Services of Western Washington,legal,Egyptian-Arabic,,,,,not_assessed,,,,https://ccsww.org,2026-09-06,,"Site returned HTTP 403 to every request. Not assessed. Tiers are blank, not zero",EH,unreachable
legal_ccsww,Catholic Community Services of Western Washington,legal,Eritai,,,,,not_assessed,,,,https://ccsww.org,2026-09-06,,"Site returned HTTP 403 to every request. Not assessed. Tiers are blank, not zero",EH,unreachable
legal_ccsww,Catholic Community Services of Western Washington,legal,Estonian,,,,,not_assessed,,,,https://ccsww.org,2026-09-06,,"Site returned HTTP 403 to every request. Not assessed. Tiers are blank, not zero",EH,unreachable
legal_ccsww,Catholic Community Services of Western Washington,legal,Ewe,,,,,not_assessed,,,,https://ccsww.org,2026-09-06,,"Site returned HTTP 403 to every request. Not assessed. Tiers are blank, not zero",EH,unreachable
legal_ccsww,Catholic Community Services of Western Washington,legal,Fallani,,,,,not_assessed,,,,https://ccsww.org,2026-09-06,,"Site returned HTTP 403 to every request. Not assessed. Tiers are blank, not zero",EH,unreachable
legal_ccsww,Catholic Community Services of Western Washington,legal,Farsi,,,,,not_assessed,,,,https://ccsww.org,2026-09-06,,"Site returned HTTP 403 to every request. Not assessed. Tiers are blank, not zero",EH,unreachable
legal_ccsww,Catholic Community Services of Western Washington,legal,French,,,,,not_assessed,,,,https://ccsww.org,2026-09-06,,"Site returned HTTP 403 to every request. Not assessed. Tiers are blank, not zero",EH,unreachable
legal_ccsww,Catholic Community Services of Western Washington,legal,Fula,,,,,not_assessed,,,,https://ccsww.org,2026-09-06,,"Site returned HTTP 403 to every request. Not assessed. Tiers are blank, not zero",EH,unreachable
legal_ccsww,Catholic Community Services of Western Washington,legal,Ga,,,,,not_assessed,,,,https://ccsww.org,2026-09-06,,"Site returned HTTP 403 to every request. Not assessed. Tiers are blank, not zero",EH,unreachable
legal_ccsww,Catholic Community Services of Western Washington,legal,German,,,,,not_assessed,,,,https://ccsww.org,2026-09-06,,"Site returned HTTP 403 to every request. Not assessed. Tiers are blank, not zero",EH,unreachable
legal_ccsww,Catholic Community Services of Western Washington,legal,"Greek, Modern",,,,,not_assessed,,,,https://ccsww.org,2026-09-06,,"Site returned HTTP 403 to every request. Not assessed. Tiers are blank, not zero",EH,unreachable
legal_ccsww,Catholic Community Services of Western Washington,legal,Gujarati,,,,,not_assessed,,,,https://ccsww.org,2026-09-06,,"Site returned HTTP 403 to every request. Not assessed. Tiers are blank, not zero",EH,unreachable
legal_ccsww,Catholic Community Services of Western Washington,legal,Haitian Creole,,,,,not_assessed,,,,https://ccsww.org,2026-09-06,,"Site returned HTTP 403 to every request. Not assessed. Tiers are blank, not zero",EH,unreachable
legal_ccsww,Catholic Community Services of Western Washington,legal,Hausa,,,,,not_assessed,,,,https://ccsww.org,2026-09-06,,"Site returned HTTP 403 to every request. Not assessed. Tiers are blank, not zero",EH,unreachable
legal_ccsww,Catholic Community Services of Western Washington,legal,Hawaiian,,,,,not_assessed,,,,https://ccsww.org,2026-09-06,,"Site returned HTTP 403 to every request. Not assessed. Tiers are blank, not zero",EH,unreachable
legal_ccsww,Catholic Community Services of Western Washington,legal,Herero,,,,,not_assessed,,,,https://ccsww.org,2026-09-06,,"Site returned HTTP 403 to every request. Not assessed. Tiers are blank, not zero",EH,unreachable
legal_ccsww,Catholic Community Services of Western Washington,legal,Hindi,,,,,not_assessed,,,,https://ccsww.org,2026-09-06,,"Site returned HTTP 403 to every request. Not assessed. Tiers are blank, not zero",EH,unreachable
legal_ccsww,Catholic Community Services of Western Washington,legal,Hmong,,,,,not_assessed,,,,https://ccsww.org,2026-09-06,,"Site returned HTTP 403 to every request. Not assessed. Tiers are blank, not zero",EH,unreachable
legal_ccsww,Catholic Community Services of Western Washington,legal,Hungarian,,,,,not_assessed,,,,https://ccsww.org,2026-09-06,,"Site returned HTTP 403 to every request. Not assessed. Tiers are blank, not zero",EH,unreachable
legal_ccsww,Catholic Community Services of Western Washington,legal,Igbo,,,,,not_assessed,,,,https://ccsww.org,2026-09-06,,"Site returned HTTP 403 to every request. Not assessed. Tiers are blank, not zero",EH,unreachable
legal_ccsww,Catholic Community Services of Western Washington,legal,Ilokano,,,,,not_assessed,,,,https://ccsww.org,2026-09-06,,"Site returned HTTP 403 to every request. Not assessed. Tiers are blank, not zero",EH,unreachable
legal_ccsww,Catholic Community Services of Western Washington,legal,Indonesian,,,,,not_assessed,,,,https://ccsww.org,2026-09-06,,"Site returned HTTP 403 to every request. Not assessed. Tiers are blank, not zero",EH,unreachable
legal_ccsww,Catholic Community Services of Western Washington,legal,Italian,,,,,not_assessed,,,,https://ccsww.org,2026-09-06,,"Site returned HTTP 403 to every request. Not assessed. Tiers are blank, not zero",EH,unreachable
legal_ccsww,Catholic Community Services of Western Washington,legal,Japanese,,,,,not_assessed,,,,https://ccsww.org,2026-09-06,,"Site returned HTTP 403 to every request. Not assessed. Tiers are blank, not zero",EH,unreachable
legal_ccsww,Catholic Community Services of Western Washington,legal,Kakwa,,,,,not_assessed,,,,https://ccsww.org,2026-09-06,,"Site returned HTTP 403 to every request. Not assessed. Tiers are blank, not zero",EH,unreachable
legal_ccsww,Catholic Community Services of Western Washington,legal,Kannada,,,,,not_assessed,,,,https://ccsww.org,2026-09-06,,"Site returned HTTP 403 to every request. Not assessed. Tiers are blank, not zero",EH,unreachable
legal_ccsww,Catholic Community Services of Western Washington,legal,Karen,,,,,not_assessed,,,,https://ccsww.org,2026-09-06,,"Site returned HTTP 403 to every request. Not assessed. Tiers are blank, not zero",EH,unreachable
legal_ccsww,Catholic Community Services of Western Washington,legal,Karenni,,,,,not_assessed,,,,https://ccsww.org,2026-09-06,,"Site returned HTTP 403 to every request. Not assessed. Tiers are blank, not zero",EH,unreachable
legal_ccsww,Catholic Community Services of Western Washington,legal,Kazakh,,,,,not_assessed,,,,https://ccsww.org,2026-09-06,,"Site returned HTTP 403 to every request. Not assessed. Tiers are blank, not zero",EH,unreachable
legal_ccsww,Catholic Community Services of Western Washington,legal,Khmer,,,,,not_assessed,,,,https://ccsww.org,2026-09-06,,"Site returned HTTP 403 to every request. Not assessed. Tiers are blank, not zero",EH,unreachable
legal_ccsww,Catholic Community Services of Western Washington,legal,Kikuyu,,,,,not_assessed,,,,https://ccsww.org,2026-09-06,,"Site returned HTTP 403 to every request. Not assessed. Tiers are blank, not zero",EH,unreachable
legal_ccsww,Catholic Community Services of Western Washington,legal,Kinyarwanda,,,,,not_assessed,,,,https://ccsww.org,2026-09-06,,"Site returned HTTP 403 to every request. Not assessed. Tiers are blank, not zero",EH,unreachable
legal_ccsww,Catholic Community Services of Western Washington,legal,Kirgiz,,,,,not_assessed,,,,https://ccsww.org,2026-09-06,,"Site returned HTTP 403 to every request. Not assessed. Tiers are blank, not zero",EH,unreachable
legal_ccsww,Catholic Community Services of Western Washington,legal,Kirundi,,,,,not_assessed,,,,https://ccsww.org,2026-09-06,,"Site returned HTTP 403 to every request. Not assessed. Tiers are blank, not zero",EH,unreachable
legal_ccsww,Catholic Community Services of Western Washington,legal,Kmhmu,,,,,not_assessed,,,,https://ccsww.org,2026-09-06,,"Site returned HTTP 403 to every request. Not assessed. Tiers are blank, not zero",EH,unreachable
legal_ccsww,Catholic Community Services of Western Washington,legal,Kongo,,,,,not_assessed,,,,https://ccsww.org,2026-09-06,,"Site returned HTTP 403 to every request. Not assessed. Tiers are blank, not zero",EH,unreachable
legal_ccsww,Catholic Community Services of Western Washington,legal,Korean,,,,,not_assessed,,,,https://ccsww.org,2026-09-06,,"Site returned HTTP 403 to every request. Not assessed. Tiers are blank, not zero",EH,unreachable
legal_ccsww,Catholic Community Services of Western Washington,legal,Kosraean,,,,,not_assessed,,,,https://ccsww.org,2026-09-06,,"Site returned HTTP 403 to every request. Not assessed. Tiers are blank, not zero",EH,unreachable
legal_ccsww,Catholic Community Services of Western Washington,legal,Krahn,,,,,not_assessed,,,,https://ccsww.org,2026-09-06,,"Site returned HTTP 403 to every request. Not assessed. Tiers are blank, not zero",EH,unreachable
legal_ccsww,Catholic Community Services of Western Washington,legal,Krio,,,,,not_assessed,,,,https://ccsww.org,2026-09-06,,"Site returned HTTP 403 to every request. Not assessed. Tiers are blank, not zero",EH,unreachable
legal_ccsww,Catholic Community Services of Western Washington,legal,Kru,,,,,not_assessed,,,,https://ccsww.org,2026-09-06,,"Site returned HTTP 403 to every request. Not assessed. Tiers are blank, not zero",EH,unreachable
legal_ccsww,Catholic Community Services of Western Washington,legal,Kurdish,,,,,not_assessed,,,,https://ccsww.org,2026-09-06,,"Site returned HTTP 403 to every request. Not assessed. Tiers are blank, not zero",EH,unreachable
legal_ccsww,Catholic Community Services of Western Washington,legal,Lao,,,,,not_assessed,,,,https://ccsww.org,2026-09-06,,"Site returned HTTP 403 to every request. Not assessed. Tiers are blank, not zero",EH,unreachable
legal_ccsww,Catholic Community Services of Western Washington,legal,Latvian,,,,,not_assessed,,,,https://ccsww.org,2026-09-06,,"Site returned HTTP 403 to every request. Not assessed. Tiers are blank, not zero",EH,unreachable
legal_ccsww,Catholic Community Services of Western Washington,legal,Lingala,,,,,not_assessed,,,,https://ccsww.org,2026-09-06,,"Site returned HTTP 403 to every request. Not assessed. Tiers are blank, not zero",EH,unreachable
legal_ccsww,Catholic Community Services of Western Washington,legal,Luganda,,,,,not_assessed,,,,https://ccsww.org,2026-09-06,,"Site returned HTTP 403 to every request. Not assessed. Tiers are blank, not zero",EH,unreachable
legal_ccsww,Catholic Community Services of Western Washington,legal,Maay Maay,,,,,not_assessed,,,,https://ccsww.org,2026-09-06,,"Site returned HTTP 403 to every request. Not assessed. Tiers are blank, not zero",EH,unreachable
legal_ccsww,Catholic Community Services of Western Washington,legal,Malay,,,,,not_assessed,,,,https://ccsww.org,2026-09-06,,"Site returned HTTP 403 to every request. Not assessed. Tiers are blank, not zero",EH,unreachable
legal_ccsww,Catholic Community Services of Western Washington,legal,Malayalam,,,,,not_assessed,,,,https://ccsww.org,2026-09-06,,"Site returned HTTP 403 to every request. Not assessed. Tiers are blank, not zero",EH,unreachable
legal_ccsww,Catholic Community Services of Western Washington,legal,Mam,,,,,not_assessed,,,,https://ccsww.org,2026-09-06,,"Site returned HTTP 403 to every request. Not assessed. Tiers are blank, not zero",EH,unreachable
legal_ccsww,Catholic Community Services of Western Washington,legal,Mandingo,,,,,not_assessed,,,,https://ccsww.org,2026-09-06,,"Site returned HTTP 403 to every request. Not assessed. Tiers are blank, not zero",EH,unreachable
legal_ccsww,Catholic Community Services of Western Washington,legal,Mandinka,,,,,not_assessed,,,,https://ccsww.org,2026-09-06,,"Site returned HTTP 403 to every request. Not assessed. Tiers are blank, not zero",EH,unreachable
legal_ccsww,Catholic Community Services of Western Washington,legal,Marathi,,,,,not_assessed,,,,https://ccsww.org,2026-09-06,,"Site returned HTTP 403 to every request. Not assessed. Tiers are blank, not zero",EH,unreachable
legal_ccsww,Catholic Community Services of Western Washington,legal,Marquesan,,,,,not_assessed,,,,https://ccsww.org,2026-09-06,,"Site returned HTTP 403 to every request. Not assessed. Tiers are blank, not zero",EH,unreachable
legal_ccsww,Catholic Community Services of Western Washington,legal,Marshallese,,,,,not_assessed,,,,https://ccsww.org,2026-09-06,,"Site returned HTTP 403 to every request. Not assessed. Tiers are blank, not zero",EH,unreachable
legal_ccsww,Catholic Community Services of Western Washington,legal,Maya-Quiche,,,,,not_assessed,,,,https://ccsww.org,2026-09-06,,"Site returned HTTP 403 to every request. Not assessed. Tiers are blank, not zero",EH,unreachable
legal_ccsww,Catholic Community Services of Western Washington,legal,Mien,,,,,not_assessed,,,,https://ccsww.org,2026-09-06,,"Site returned HTTP 403 to every request. Not assessed. Tiers are blank, not zero",EH,unreachable
legal_ccsww,Catholic Community Services of Western Washington,legal,Mixteco,,,,,not_assessed,,,,https://ccsww.org,2026-09-06,,"Site returned HTTP 403 to every request. Not assessed. Tiers are blank, not zero",EH,unreachable
legal_ccsww,Catholic Community Services of Western Washington,legal,Moldavian,,,,,not_assessed,,,,https://ccsww.org,2026-09-06,,"Site returned HTTP 403 to every request. Not assessed. Tiers are blank, not zero",EH,unreachable
legal_ccsww,Catholic Community Services of Western Washington,legal,Mongolian,,,,,not_assessed,,,,https://ccsww.org,2026-09-06,,"Site returned HTTP 403 to every request. Not assessed. Tiers are blank, not zero",EH,unreachable
legal_ccsww,Catholic Community Services of Western Washington,legal,Moore,,,,,not_assessed,,,,https://ccsww.org,2026-09-06,,"Site returned HTTP 403 to every request. Not assessed. Tiers are blank, not zero",EH,unreachable
legal_ccsww,Catholic Community Services of Western Washington,legal,"Nahuatl, Guerrero region",,,,,not_assessed,,,,https://ccsww.org,2026-09-06,,"Site returned HTTP 403 to every request. Not assessed. Tiers are blank, not zero",EH,unreachable
legal_ccsww,Catholic Community Services of Western Washington,legal,Nepali,,,,,not_assessed,,,,https://ccsww.org,2026-09-06,,"Site returned HTTP 403 to every request. Not assessed. Tiers are blank, not zero",EH,unreachable
legal_ccsww,Catholic Community Services of Western Washington,legal,Nuer,,,,,not_assessed,,,,https://ccsww.org,2026-09-06,,"Site returned HTTP 403 to every request. Not assessed. Tiers are blank, not zero",EH,unreachable
legal_ccsww,Catholic Community Services of Western Washington,legal,Oromo,,,,,not_assessed,,,,https://ccsww.org,2026-09-06,,"Site returned HTTP 403 to every request. Not assessed. Tiers are blank, not zero",EH,unreachable
legal_ccsww,Catholic Community Services of Western Washington,legal,Palau,,,,,not_assessed,,,,https://ccsww.org,2026-09-06,,"Site returned HTTP 403 to every request. Not assessed. Tiers are blank, not zero",EH,unreachable
legal_ccsww,Catholic Community Services of Western Washington,legal,Pashai,,,,,not_assessed,,,,https://ccsww.org,2026-09-06,,"Site returned HTTP 403 to every request. Not assessed. Tiers are blank, not zero",EH,unreachable
legal_ccsww,Catholic Community Services of Western Washington,legal,Pashto,,,,,not_assessed,,,,https://ccsww.org,2026-09-06,,"Site returned HTTP 403 to every request. Not assessed. Tiers are blank, not zero",EH,unreachable
legal_ccsww,Catholic Community Services of Western Washington,legal,Pere,,,,,not_assessed,,,,https://ccsww.org,2026-09-06,,"Site returned HTTP 403 to every request. Not assessed. Tiers are blank, not zero",EH,unreachable
legal_ccsww,Catholic Community Services of Western Washington,legal,Polish,,,,,not_assessed,,,,https://ccsww.org,2026-09-06,,"Site returned HTTP 403 to every request. Not assessed. Tiers are blank, not zero",EH,unreachable
legal_ccsww,Catholic Community Services of Western Washington,legal,Portuguese,,,,,not_assessed,,,,https://ccsww.org,2026-09-06,,"Site returned HTTP 403 to every request. Not assessed. Tiers are blank, not zero",EH,unreachable
legal_ccsww,Catholic Community Services of Western Washington,legal,Punjabi,,,,,not_assessed,,,,https://ccsww.org,2026-09-06,,"Site returned HTTP 403 to every request. Not assessed. Tiers are blank, not zero",EH,unreachable
legal_ccsww,Catholic Community Services of Western Washington,legal,Purepecha,,,,,not_assessed,,,,https://ccsww.org,2026-09-06,,"Site returned HTTP 403 to every request. Not assessed. Tiers are blank, not zero",EH,unreachable
legal_ccsww,Catholic Community Services of Western Washington,legal,Rohingya,,,,,not_assessed,,,,https://ccsww.org,2026-09-06,,"Site returned HTTP 403 to every request. Not assessed. Tiers are blank, not zero",EH,unreachable
legal_ccsww,Catholic Community Services of Western Washington,legal,Romanian,,,,,not_assessed,,,,https://ccsww.org,2026-09-06,,"Site returned HTTP 403 to every request. Not assessed. Tiers are blank, not zero",EH,unreachable
legal_ccsww,Catholic Community Services of Western Washington,legal,Russian,,,,,not_assessed,,,,https://ccsww.org,2026-09-06,,"Site returned HTTP 403 to every request. Not assessed. Tiers are blank, not zero",EH,unreachable
legal_ccsww,Catholic Community Services of Western Washington,legal,Samoan,,,,,not_assessed,,,,https://ccsww.org,2026-09-06,,"Site returned HTTP 403 to every request. Not assessed. Tiers are blank, not zero",EH,unreachable
legal_ccsww,Catholic Community Services of Western Washington,legal,Sao,,,,,not_assessed,,,,https://ccsww.org,2026-09-06,,"Site returned HTTP 403 to every request. Not assessed. Tiers are blank, not zero",EH,unreachable
legal_ccsww,Catholic Community Services of Western Washington,legal,Serbo-Croation,,,,,not_assessed,,,,https://ccsww.org,2026-09-06,,"Site returned HTTP 403 to every request. Not assessed. Tiers are blank, not zero",EH,unreachable
legal_ccsww,Catholic Community Services of Western Washington,legal,Shona,,,,,not_assessed,,,,https://ccsww.org,2026-09-06,,"Site returned HTTP 403 to every request. Not assessed. Tiers are blank, not zero",EH,unreachable
legal_ccsww,Catholic Community Services of Western Washington,legal,Sinhalese,,,,,not_assessed,,,,https://ccsww.org,2026-09-06,,"Site returned HTTP 403 to every request. Not assessed. Tiers are blank, not zero",EH,unreachable
legal_ccsww,Catholic Community Services of Western Washington,legal,Slovenian,,,,,not_assessed,,,,https://ccsww.org,2026-09-06,,"Site returned HTTP 403 to every request. Not assessed. Tiers are blank, not zero",EH,unreachable
legal_ccsww,Catholic Community Services of Western Washington,legal,Somali,,,,,not_assessed,,,,https://ccsww.org,2026-09-06,,"Site returned HTTP 403 to every request. Not assessed. Tiers are blank, not zero",EH,unreachable
legal_ccsww,Catholic Community Services of Western Washington,legal,Soninke,,,,,not_assessed,,,,https://ccsww.org,2026-09-06,,"Site returned HTTP 403 to every request. Not assessed. Tiers are blank, not zero",EH,unreachable
legal_ccsww,Catholic Community Services of Western Washington,legal,Sotho,,,,,not_assessed,,,,https://ccsww.org,2026-09-06,,"Site returned HTTP 403 to every request. Not assessed. Tiers are blank, not zero",EH,unreachable
legal_ccsww,Catholic Community Services of Western Washington,legal,Spanish,,,,,not_assessed,,,,https://ccsww.org,2026-09-06,,"Site returned HTTP 403 to every request. Not assessed. Tiers are blank, not zero",EH,unreachable
legal_ccsww,Catholic Community Services of Western Washington,legal,Swahili,,,,,not_assessed,,,,https://ccsww.org,2026-09-06,,"Site returned HTTP 403 to every request. Not assessed. Tiers are blank, not zero",EH,unreachable
legal_ccsww,Catholic Community Services of Western Washington,legal,Tagalog,,,,,not_assessed,,,,https://ccsww.org,2026-09-06,,"Site returned HTTP 403 to every request. Not assessed. Tiers are blank, not zero",EH,unreachable
legal_ccsww,Catholic Community Services of Western Washington,legal,Taishanese,,,,,not_assessed,,,,https://ccsww.org,2026-09-06,,"Site returned HTTP 403 to every request. Not assessed. Tiers are blank, not zero",EH,unreachable
legal_ccsww,Catholic Community Services of Western Washington,legal,Tajiki,,,,,not_assessed,,,,https://ccsww.org,2026-09-06,,"Site returned HTTP 403 to every request. Not assessed. Tiers are blank, not zero",EH,unreachable
legal_ccsww,Catholic Community Services of Western Washington,legal,Tamil,,,,,not_assessed,,,,https://ccsww.org,2026-09-06,,"Site returned HTTP 403 to every request. Not assessed. Tiers are blank, not zero",EH,unreachable
legal_ccsww,Catholic Community Services of Western Washington,legal,Tarasco,,,,,not_assessed,,,,https://ccsww.org,2026-09-06,,"Site returned HTTP 403 to every request. Not assessed. Tiers are blank, not zero",EH,unreachable
legal_ccsww,Catholic Community Services of Western Washington,legal,Tedim,,,,,not_assessed,,,,https://ccsww.org,2026-09-06,,"Site returned HTTP 403 to every request. Not assessed. Tiers are blank, not zero",EH,unreachable
legal_ccsww,Catholic Community Services of Western Washington,legal,Telugu,,,,,not_assessed,,,,https://ccsww.org,2026-09-06,,"Site returned HTTP 403 to every request. Not assessed. Tiers are blank, not zero",EH,unreachable
legal_ccsww,Catholic Community Services of Western Washington,legal,Thai,,,,,not_assessed,,,,https://ccsww.org,2026-09-06,,"Site returned HTTP 403 to every request. Not assessed. Tiers are blank, not zero",EH,unreachable
legal_ccsww,Catholic Community Services of Western Washington,legal,Tibetan,,,,,not_assessed,,,,https://ccsww.org,2026-09-06,,"Site returned HTTP 403 to every request. Not assessed. Tiers are blank, not zero",EH,unreachable
legal_ccsww,Catholic Community Services of Western Washington,legal,Tigrinya,,,,,not_assessed,,,,https://ccsww.org,2026-09-06,,"Site returned HTTP 403 to every request. Not assessed. Tiers are blank, not zero",EH,unreachable
legal_ccsww,Catholic Community Services of Western Washington,legal,Tongan,,,,,not_assessed,,,,https://ccsww.org,2026-09-06,,"Site returned HTTP 403 to every request. Not assessed. Tiers are blank, not zero",EH,unreachable
legal_ccsww,Catholic Community Services of Western Washington,legal,Turkish,,,,,not_assessed,,,,https://ccsww.org,2026-09-06,,"Site returned HTTP 403 to every request. Not assessed. Tiers are blank, not zero",EH,unreachable
legal_ccsww,Catholic Community Services of Western Washington,legal,Twi,,,,,not_assessed,,,,https://ccsww.org,2026-09-06,,"Site returned HTTP 403 to every request. Not assessed. Tiers are blank, not zero",EH,unreachable
legal_ccsww,Catholic Community Services of Western Washington,legal,Ukrainian,,,,,not_assessed,,,,https://ccsww.org,2026-09-06,,"Site returned HTTP 403 to every request. Not assessed. Tiers are blank, not zero",EH,unreachable
legal_ccsww,Catholic Community Services of Western Washington,legal,Urdu,,,,,not_assessed,,,,https://ccsww.org,2026-09-06,,"Site returned HTTP 403 to every request. Not assessed. Tiers are blank, not zero",EH,unreachable
legal_ccsww,Catholic Community Services of Western Washington,legal,Uzbek,,,,,not_assessed,,,,https://ccsww.org,2026-09-06,,"Site returned HTTP 403 to every request. Not assessed. Tiers are blank, not zero",EH,unreachable
legal_ccsww,Catholic Community Services of Western Washington,legal,Vietnamese,,,,,not_assessed,,,,https://ccsww.org,2026-09-06,,"Site returned HTTP 403 to every request. Not assessed. Tiers are blank, not zero",EH,unreachable
legal_ccsww,Catholic Community Services of Western Washington,legal,Wolof,,,,,not_assessed,,,,https://ccsww.org,2026-09-06,,"Site returned HTTP 403 to every request. Not assessed. Tiers are blank, not zero",EH,unreachable
legal_ccsww,Catholic Community Services of Western Washington,legal,Yap,,,,,not_assessed,,,,https://ccsww.org,2026-09-06,,"Site returned HTTP 403 to every request. Not assessed. Tiers are blank, not zero",EH,unreachable
legal_ccsww,Catholic Community Services of Western Washington,legal,Yoruba,,,,,not_assessed,,,,https://ccsww.org,2026-09-06,,"Site returned HTTP 403 to every request. Not assessed. Tiers are blank, not zero",EH,unreachable
