agency_id,agency_name,sector,language,written_tier,oral_tier,collection_tier,pathway_in_language,pathway_type,translated_page_count,translated_page_slugs,evidence_url,oral_availability,oral_hours,capture_date,notes,assigned_by,assignment_method
kcmetro,King County Metro,transit,Acholi,1,2,,True,machine_widget,0,,https://kingcounty.gov/en/dept/metro/contact-us,weekdays,"6am-6pm trip planning, 8am-5pm fares, closed weekends and holidays",2026-09-05,"Tier 2 rests entirely on the unrestricted Google Translate widget. The interpreter line instruction at 206-553-3000 is published in English only | The interpreter line is option 1 on the general call centre number and shares its hours: 6am-6pm trip planning, 8am-5pm fares, closed weekends and holidays",EH,derived
sound_transit,Sound Transit,transit,Acholi,1,2,,True,machine_widget,0,,https://www.soundtransit.org/get-to-know-us/office-civil-rights-equity-inclusion/title-vi-civil-rights/registering-complaint,,,2026-09-05,"Tier 2 rests entirely on the unrestricted Google Translate widget | Sound Transit's Title VI threshold is 25,000+ speakers and about 1% of a 1,087 sq mi three-county district. No language specific to South King County can reach it",EH,derived
kcmetro,King County Metro,transit,Aguacateco,0,0,,False,none,0,,https://kingcounty.gov/en/dept/metro/contact-us,,,2026-09-05,"Not covered by the widget and no in-language pathway, so there is no published route to the interpreter line in this language",EH,derived
sound_transit,Sound Transit,transit,Aguacateco,0,0,,False,none,0,,https://www.soundtransit.org/get-to-know-us/office-civil-rights-equity-inclusion/title-vi-civil-rights/registering-complaint,,,2026-09-05,"No widget coverage and not on the I Speak card | Sound Transit's Title VI threshold is 25,000+ speakers and about 1% of a 1,087 sq mi three-county district. No language specific to South King County can reach it",EH,derived
kcmetro,King County Metro,transit,Akateko,0,0,,False,none,0,,https://kingcounty.gov/en/dept/metro/contact-us,,,2026-09-05,"Not covered by the widget and no in-language pathway, so there is no published route to the interpreter line in this language",EH,derived
sound_transit,Sound Transit,transit,Akateko,0,0,,False,none,0,,https://www.soundtransit.org/get-to-know-us/office-civil-rights-equity-inclusion/title-vi-civil-rights/registering-complaint,,,2026-09-05,"No widget coverage and not on the I Speak card | Sound Transit's Title VI threshold is 25,000+ speakers and about 1% of a 1,087 sq mi three-county district. No language specific to South King County can reach it",EH,derived
kcmetro,King County Metro,transit,Albanian,1,2,,True,machine_widget,0,,https://kingcounty.gov/en/dept/metro/contact-us,weekdays,"6am-6pm trip planning, 8am-5pm fares, closed weekends and holidays",2026-09-05,"Tier 2 rests entirely on the unrestricted Google Translate widget. The interpreter line instruction at 206-553-3000 is published in English only | The interpreter line is option 1 on the general call centre number and shares its hours: 6am-6pm trip planning, 8am-5pm fares, closed weekends and holidays",EH,derived
sound_transit,Sound Transit,transit,Albanian,1,2,,True,machine_widget,0,,https://www.soundtransit.org/get-to-know-us/office-civil-rights-equity-inclusion/title-vi-civil-rights/registering-complaint,,,2026-09-05,"Tier 2 rests entirely on the unrestricted Google Translate widget | Sound Transit's Title VI threshold is 25,000+ speakers and about 1% of a 1,087 sq mi three-county district. No language specific to South King County can reach it",EH,derived
kcmetro,King County Metro,transit,American Sign Language,0,0,,False,none,0,,https://kingcounty.gov/en/dept/metro/contact-us,,,2026-09-05,"Not covered by the widget and no in-language pathway, so there is no published route to the interpreter line in this language",EH,derived
sound_transit,Sound Transit,transit,American Sign Language,0,0,,False,none,0,,https://www.soundtransit.org/get-to-know-us/office-civil-rights-equity-inclusion/title-vi-civil-rights/registering-complaint,,,2026-09-05,"No widget coverage and not on the I Speak card | Sound Transit's Title VI threshold is 25,000+ speakers and about 1% of a 1,087 sq mi three-county district. No language specific to South King County can reach it",EH,derived
kcmetro,King County Metro,transit,Amharic,1,2,,True,machine_widget,0,,https://kingcounty.gov/en/dept/metro/contact-us,weekdays,"6am-6pm trip planning, 8am-5pm fares, closed weekends and holidays",2026-09-05,"Tier 2 rests entirely on the unrestricted Google Translate widget. The interpreter line instruction at 206-553-3000 is published in English only | The interpreter line is option 1 on the general call centre number and shares its hours: 6am-6pm trip planning, 8am-5pm fares, closed weekends and holidays",EH,derived
sound_transit,Sound Transit,transit,Amharic,1,2,,True,machine_widget,0,,https://www.soundtransit.org/get-to-know-us/office-civil-rights-equity-inclusion/title-vi-civil-rights/registering-complaint,,,2026-09-05,"Tier 2 rests entirely on the unrestricted Google Translate widget | Sound Transit's Title VI threshold is 25,000+ speakers and about 1% of a 1,087 sq mi three-county district. No language specific to South King County can reach it",EH,derived
kcmetro,King County Metro,transit,Arabic,1,2,,True,machine_widget,0,,https://kingcounty.gov/en/dept/metro/contact-us,weekdays,"6am-6pm trip planning, 8am-5pm fares, closed weekends and holidays",2026-09-05,"EXCLUDED from tier 3: shareddata/right-to-left-languages component, a UI fragment, not rider content | Tier 2 rests entirely on the unrestricted Google Translate widget. The interpreter line instruction at 206-553-3000 is published in English only | The interpreter line is option 1 on the general call centre number and shares its hours: 6am-6pm trip planning, 8am-5pm fares, closed weekends and holidays",EH,derived
sound_transit,Sound Transit,transit,Arabic,1,2,,True,machine_widget,0,,https://www.soundtransit.org/get-to-know-us/office-civil-rights-equity-inclusion/title-vi-civil-rights/registering-complaint,,,2026-09-05,"Tier 2 rests entirely on the unrestricted Google Translate widget | Sound Transit's Title VI threshold is 25,000+ speakers and about 1% of a 1,087 sq mi three-county district. No language specific to South King County can reach it",EH,derived
kcmetro,King County Metro,transit,Armenian,1,2,,True,machine_widget,0,,https://kingcounty.gov/en/dept/metro/contact-us,weekdays,"6am-6pm trip planning, 8am-5pm fares, closed weekends and holidays",2026-09-05,"Tier 2 rests entirely on the unrestricted Google Translate widget. The interpreter line instruction at 206-553-3000 is published in English only | The interpreter line is option 1 on the general call centre number and shares its hours: 6am-6pm trip planning, 8am-5pm fares, closed weekends and holidays",EH,derived
sound_transit,Sound Transit,transit,Armenian,1,2,,True,machine_widget,0,,https://www.soundtransit.org/get-to-know-us/office-civil-rights-equity-inclusion/title-vi-civil-rights/registering-complaint,,,2026-09-05,"Tier 2 rests entirely on the unrestricted Google Translate widget | Sound Transit's Title VI threshold is 25,000+ speakers and about 1% of a 1,087 sq mi three-county district. No language specific to South King County can reach it",EH,derived
kcmetro,King County Metro,transit,Ayula-Bambara,0,0,,False,none,0,,https://kingcounty.gov/en/dept/metro/contact-us,,,2026-09-05,"Not covered by the widget and no in-language pathway, so there is no published route to the interpreter line in this language",EH,derived
sound_transit,Sound Transit,transit,Ayula-Bambara,0,0,,False,none,0,,https://www.soundtransit.org/get-to-know-us/office-civil-rights-equity-inclusion/title-vi-civil-rights/registering-complaint,,,2026-09-05,"No widget coverage and not on the I Speak card | Sound Transit's Title VI threshold is 25,000+ speakers and about 1% of a 1,087 sq mi three-county district. No language specific to South King County can reach it",EH,derived
kcmetro,King County Metro,transit,Azerbaijani,1,2,,True,machine_widget,0,,https://kingcounty.gov/en/dept/metro/contact-us,weekdays,"6am-6pm trip planning, 8am-5pm fares, closed weekends and holidays",2026-09-05,"Tier 2 rests entirely on the unrestricted Google Translate widget. The interpreter line instruction at 206-553-3000 is published in English only | The interpreter line is option 1 on the general call centre number and shares its hours: 6am-6pm trip planning, 8am-5pm fares, closed weekends and holidays",EH,derived
sound_transit,Sound Transit,transit,Azerbaijani,1,2,,True,machine_widget,0,,https://www.soundtransit.org/get-to-know-us/office-civil-rights-equity-inclusion/title-vi-civil-rights/registering-complaint,,,2026-09-05,"Tier 2 rests entirely on the unrestricted Google Translate widget | Sound Transit's Title VI threshold is 25,000+ speakers and about 1% of a 1,087 sq mi three-county district. No language specific to South King County can reach it",EH,derived
kcmetro,King County Metro,transit,Bambara,1,2,,True,machine_widget,0,,https://kingcounty.gov/en/dept/metro/contact-us,weekdays,"6am-6pm trip planning, 8am-5pm fares, closed weekends and holidays",2026-09-05,"Tier 2 rests entirely on the unrestricted Google Translate widget. The interpreter line instruction at 206-553-3000 is published in English only | The interpreter line is option 1 on the general call centre number and shares its hours: 6am-6pm trip planning, 8am-5pm fares, closed weekends and holidays",EH,derived
sound_transit,Sound Transit,transit,Bambara,1,2,,True,machine_widget,0,,https://www.soundtransit.org/get-to-know-us/office-civil-rights-equity-inclusion/title-vi-civil-rights/registering-complaint,,,2026-09-05,"Tier 2 rests entirely on the unrestricted Google Translate widget | Sound Transit's Title VI threshold is 25,000+ speakers and about 1% of a 1,087 sq mi three-county district. No language specific to South King County can reach it",EH,derived
kcmetro,King County Metro,transit,Bangala,0,0,,False,none,0,,https://kingcounty.gov/en/dept/metro/contact-us,,,2026-09-05,"Not covered by the widget and no in-language pathway, so there is no published route to the interpreter line in this language",EH,derived
sound_transit,Sound Transit,transit,Bangala,0,0,,False,none,0,,https://www.soundtransit.org/get-to-know-us/office-civil-rights-equity-inclusion/title-vi-civil-rights/registering-complaint,,,2026-09-05,"No widget coverage and not on the I Speak card | Sound Transit's Title VI threshold is 25,000+ speakers and about 1% of a 1,087 sq mi three-county district. No language specific to South King County can reach it",EH,derived
kcmetro,King County Metro,transit,Bassa,0,0,,False,none,0,,https://kingcounty.gov/en/dept/metro/contact-us,,,2026-09-05,"Not covered by the widget and no in-language pathway, so there is no published route to the interpreter line in this language",EH,derived
sound_transit,Sound Transit,transit,Bassa,0,0,,False,none,0,,https://www.soundtransit.org/get-to-know-us/office-civil-rights-equity-inclusion/title-vi-civil-rights/registering-complaint,,,2026-09-05,"No widget coverage and not on the I Speak card | Sound Transit's Title VI threshold is 25,000+ speakers and about 1% of a 1,087 sq mi three-county district. No language specific to South King County can reach it",EH,derived
kcmetro,King County Metro,transit,Bengali,1,2,,True,machine_widget,0,,https://kingcounty.gov/en/dept/metro/contact-us,weekdays,"6am-6pm trip planning, 8am-5pm fares, closed weekends and holidays",2026-09-05,"Tier 2 rests entirely on the unrestricted Google Translate widget. The interpreter line instruction at 206-553-3000 is published in English only | The interpreter line is option 1 on the general call centre number and shares its hours: 6am-6pm trip planning, 8am-5pm fares, closed weekends and holidays",EH,derived
sound_transit,Sound Transit,transit,Bengali,1,2,,True,machine_widget,0,,https://www.soundtransit.org/get-to-know-us/office-civil-rights-equity-inclusion/title-vi-civil-rights/registering-complaint,,,2026-09-05,"Tier 2 rests entirely on the unrestricted Google Translate widget | Sound Transit's Title VI threshold is 25,000+ speakers and about 1% of a 1,087 sq mi three-county district. No language specific to South King County can reach it",EH,derived
kcmetro,King County Metro,transit,Bosnian,1,2,,True,machine_widget,0,,https://kingcounty.gov/en/dept/metro/contact-us,weekdays,"6am-6pm trip planning, 8am-5pm fares, closed weekends and holidays",2026-09-05,"Tier 2 rests entirely on the unrestricted Google Translate widget. The interpreter line instruction at 206-553-3000 is published in English only | The interpreter line is option 1 on the general call centre number and shares its hours: 6am-6pm trip planning, 8am-5pm fares, closed weekends and holidays",EH,derived
sound_transit,Sound Transit,transit,Bosnian,1,2,,True,machine_widget,0,,https://www.soundtransit.org/get-to-know-us/office-civil-rights-equity-inclusion/title-vi-civil-rights/registering-complaint,,,2026-09-05,"Tier 2 rests entirely on the unrestricted Google Translate widget | Sound Transit's Title VI threshold is 25,000+ speakers and about 1% of a 1,087 sq mi three-county district. No language specific to South King County can reach it",EH,derived
kcmetro,King County Metro,transit,Bulgarian,1,2,,True,machine_widget,0,,https://kingcounty.gov/en/dept/metro/contact-us,weekdays,"6am-6pm trip planning, 8am-5pm fares, closed weekends and holidays",2026-09-05,"Tier 2 rests entirely on the unrestricted Google Translate widget. The interpreter line instruction at 206-553-3000 is published in English only | The interpreter line is option 1 on the general call centre number and shares its hours: 6am-6pm trip planning, 8am-5pm fares, closed weekends and holidays",EH,derived
sound_transit,Sound Transit,transit,Bulgarian,1,2,,True,machine_widget,0,,https://www.soundtransit.org/get-to-know-us/office-civil-rights-equity-inclusion/title-vi-civil-rights/registering-complaint,,,2026-09-05,"Tier 2 rests entirely on the unrestricted Google Translate widget | Sound Transit's Title VI threshold is 25,000+ speakers and about 1% of a 1,087 sq mi three-county district. No language specific to South King County can reach it",EH,derived
kcmetro,King County Metro,transit,Burmese,1,2,,True,machine_widget,0,,https://kingcounty.gov/en/dept/metro/contact-us,weekdays,"6am-6pm trip planning, 8am-5pm fares, closed weekends and holidays",2026-09-05,"Tier 2 rests entirely on the unrestricted Google Translate widget. The interpreter line instruction at 206-553-3000 is published in English only | The interpreter line is option 1 on the general call centre number and shares its hours: 6am-6pm trip planning, 8am-5pm fares, closed weekends and holidays",EH,derived
sound_transit,Sound Transit,transit,Burmese,1,2,,True,machine_widget,0,,https://www.soundtransit.org/get-to-know-us/office-civil-rights-equity-inclusion/title-vi-civil-rights/registering-complaint,,,2026-09-05,"Tier 2 rests entirely on the unrestricted Google Translate widget | Sound Transit's Title VI threshold is 25,000+ speakers and about 1% of a 1,087 sq mi three-county district. No language specific to South King County can reach it",EH,derived
kcmetro,King County Metro,transit,Carolinian,0,0,,False,none,0,,https://kingcounty.gov/en/dept/metro/contact-us,,,2026-09-05,"Not covered by the widget and no in-language pathway, so there is no published route to the interpreter line in this language",EH,derived
sound_transit,Sound Transit,transit,Carolinian,0,0,,False,none,0,,https://www.soundtransit.org/get-to-know-us/office-civil-rights-equity-inclusion/title-vi-civil-rights/registering-complaint,,,2026-09-05,"No widget coverage and not on the I Speak card | Sound Transit's Title VI threshold is 25,000+ speakers and about 1% of a 1,087 sq mi three-county district. No language specific to South King County can reach it",EH,derived
kcmetro,King County Metro,transit,Catalan,1,2,,True,machine_widget,0,,https://kingcounty.gov/en/dept/metro/contact-us,weekdays,"6am-6pm trip planning, 8am-5pm fares, closed weekends and holidays",2026-09-05,"Tier 2 rests entirely on the unrestricted Google Translate widget. The interpreter line instruction at 206-553-3000 is published in English only | The interpreter line is option 1 on the general call centre number and shares its hours: 6am-6pm trip planning, 8am-5pm fares, closed weekends and holidays",EH,derived
sound_transit,Sound Transit,transit,Catalan,1,2,,True,machine_widget,0,,https://www.soundtransit.org/get-to-know-us/office-civil-rights-equity-inclusion/title-vi-civil-rights/registering-complaint,,,2026-09-05,"Tier 2 rests entirely on the unrestricted Google Translate widget | Sound Transit's Title VI threshold is 25,000+ speakers and about 1% of a 1,087 sq mi three-county district. No language specific to South King County can reach it",EH,derived
kcmetro,King County Metro,transit,Cebuano,1,2,,True,machine_widget,0,,https://kingcounty.gov/en/dept/metro/contact-us,weekdays,"6am-6pm trip planning, 8am-5pm fares, closed weekends and holidays",2026-09-05,"Tier 2 rests entirely on the unrestricted Google Translate widget. The interpreter line instruction at 206-553-3000 is published in English only | The interpreter line is option 1 on the general call centre number and shares its hours: 6am-6pm trip planning, 8am-5pm fares, closed weekends and holidays",EH,derived
sound_transit,Sound Transit,transit,Cebuano,1,2,,True,machine_widget,0,,https://www.soundtransit.org/get-to-know-us/office-civil-rights-equity-inclusion/title-vi-civil-rights/registering-complaint,,,2026-09-05,"Tier 2 rests entirely on the unrestricted Google Translate widget | Sound Transit's Title VI threshold is 25,000+ speakers and about 1% of a 1,087 sq mi three-county district. No language specific to South King County can reach it",EH,derived
kcmetro,King County Metro,transit,Cham,0,0,,False,none,0,,https://kingcounty.gov/en/dept/metro/contact-us,,,2026-09-05,"Not covered by the widget and no in-language pathway, so there is no published route to the interpreter line in this language",EH,derived
sound_transit,Sound Transit,transit,Cham,0,0,,False,none,0,,https://www.soundtransit.org/get-to-know-us/office-civil-rights-equity-inclusion/title-vi-civil-rights/registering-complaint,,,2026-09-05,"No widget coverage and not on the I Speak card | Sound Transit's Title VI threshold is 25,000+ speakers and about 1% of a 1,087 sq mi three-county district. No language specific to South King County can reach it",EH,derived
kcmetro,King County Metro,transit,Chamorro,1,2,,True,machine_widget,0,,https://kingcounty.gov/en/dept/metro/contact-us,weekdays,"6am-6pm trip planning, 8am-5pm fares, closed weekends and holidays",2026-09-05,"Tier 2 rests entirely on the unrestricted Google Translate widget. The interpreter line instruction at 206-553-3000 is published in English only | The interpreter line is option 1 on the general call centre number and shares its hours: 6am-6pm trip planning, 8am-5pm fares, closed weekends and holidays",EH,derived
sound_transit,Sound Transit,transit,Chamorro,1,2,,True,machine_widget,0,,https://www.soundtransit.org/get-to-know-us/office-civil-rights-equity-inclusion/title-vi-civil-rights/registering-complaint,,,2026-09-05,"Tier 2 rests entirely on the unrestricted Google Translate widget | Sound Transit's Title VI threshold is 25,000+ speakers and about 1% of a 1,087 sq mi three-county district. No language specific to South King County can reach it",EH,derived
kcmetro,King County Metro,transit,Chin,0,0,,False,none,0,,https://kingcounty.gov/en/dept/metro/contact-us,,,2026-09-05,"Not covered by the widget and no in-language pathway, so there is no published route to the interpreter line in this language",EH,derived
sound_transit,Sound Transit,transit,Chin,0,0,,False,none,0,,https://www.soundtransit.org/get-to-know-us/office-civil-rights-equity-inclusion/title-vi-civil-rights/registering-complaint,,,2026-09-05,"No widget coverage and not on the I Speak card | Sound Transit's Title VI threshold is 25,000+ speakers and about 1% of a 1,087 sq mi three-county district. No language specific to South King County can reach it",EH,derived
kcmetro,King County Metro,transit,Chinese-Cantonese,1,2,,True,machine_widget,0,,https://kingcounty.gov/en/dept/metro/contact-us,weekdays,"6am-6pm trip planning, 8am-5pm fares, closed weekends and holidays",2026-09-05,"Tier 2 rests entirely on the unrestricted Google Translate widget. The interpreter line instruction at 206-553-3000 is published in English only | The interpreter line is option 1 on the general call centre number and shares its hours: 6am-6pm trip planning, 8am-5pm fares, closed weekends and holidays",EH,derived
sound_transit,Sound Transit,transit,Chinese-Cantonese,3,2,,True,in_language_document,2,i-speak-card; 2021-progress-report,https://www.soundtransit.org/sites/default/files/documents/i-speak-language-assistance-2019.pdf,,,2026-09-05,"On the 'I Speak' language assistance card, last updated 2019-07-05. Rule 4 accepts a point-to-your-language card as a pathway | Also has a 2021 system expansion progress report in this language | Sound Transit's Title VI threshold is 25,000+ speakers and about 1% of a 1,087 sq mi three-county district. No language specific to South King County can reach it",EH,derived
kcmetro,King County Metro,transit,Chinese-Fukienese,0,0,,False,none,0,,https://kingcounty.gov/en/dept/metro/contact-us,,,2026-09-05,"Not covered by the widget and no in-language pathway, so there is no published route to the interpreter line in this language",EH,derived
sound_transit,Sound Transit,transit,Chinese-Fukienese,0,0,,False,none,0,,https://www.soundtransit.org/get-to-know-us/office-civil-rights-equity-inclusion/title-vi-civil-rights/registering-complaint,,,2026-09-05,"No widget coverage and not on the I Speak card | Sound Transit's Title VI threshold is 25,000+ speakers and about 1% of a 1,087 sq mi three-county district. No language specific to South King County can reach it",EH,derived
kcmetro,King County Metro,transit,Chinese-Mandarin,1,2,,True,machine_widget,0,,https://kingcounty.gov/en/dept/metro/contact-us,weekdays,"6am-6pm trip planning, 8am-5pm fares, closed weekends and holidays",2026-09-05,"Tier 2 rests entirely on the unrestricted Google Translate widget. The interpreter line instruction at 206-553-3000 is published in English only | The interpreter line is option 1 on the general call centre number and shares its hours: 6am-6pm trip planning, 8am-5pm fares, closed weekends and holidays",EH,derived
sound_transit,Sound Transit,transit,Chinese-Mandarin,3,2,,True,in_language_document,2,i-speak-card; 2021-progress-report,https://www.soundtransit.org/sites/default/files/documents/i-speak-language-assistance-2019.pdf,,,2026-09-05,"On the 'I Speak' language assistance card, last updated 2019-07-05. Rule 4 accepts a point-to-your-language card as a pathway | Also has a 2021 system expansion progress report in this language | Sound Transit's Title VI threshold is 25,000+ speakers and about 1% of a 1,087 sq mi three-county district. No language specific to South King County can reach it",EH,derived
kcmetro,King County Metro,transit,Chinese-Taiwanese,0,0,,False,none,0,,https://kingcounty.gov/en/dept/metro/contact-us,,,2026-09-05,"Not covered by the widget and no in-language pathway, so there is no published route to the interpreter line in this language",EH,derived
sound_transit,Sound Transit,transit,Chinese-Taiwanese,0,0,,False,none,0,,https://www.soundtransit.org/get-to-know-us/office-civil-rights-equity-inclusion/title-vi-civil-rights/registering-complaint,,,2026-09-05,"No widget coverage and not on the I Speak card | Sound Transit's Title VI threshold is 25,000+ speakers and about 1% of a 1,087 sq mi three-county district. No language specific to South King County can reach it",EH,derived
kcmetro,King County Metro,transit,Chuukese,1,2,,True,machine_widget,0,,https://kingcounty.gov/en/dept/metro/contact-us,weekdays,"6am-6pm trip planning, 8am-5pm fares, closed weekends and holidays",2026-09-05,"Tier 2 rests entirely on the unrestricted Google Translate widget. The interpreter line instruction at 206-553-3000 is published in English only | The interpreter line is option 1 on the general call centre number and shares its hours: 6am-6pm trip planning, 8am-5pm fares, closed weekends and holidays",EH,derived
sound_transit,Sound Transit,transit,Chuukese,1,2,,True,machine_widget,0,,https://www.soundtransit.org/get-to-know-us/office-civil-rights-equity-inclusion/title-vi-civil-rights/registering-complaint,,,2026-09-05,"Tier 2 rests entirely on the unrestricted Google Translate widget | Sound Transit's Title VI threshold is 25,000+ speakers and about 1% of a 1,087 sq mi three-county district. No language specific to South King County can reach it",EH,derived
kcmetro,King County Metro,transit,Dari,1,2,,True,machine_widget,0,,https://kingcounty.gov/en/dept/metro/contact-us,weekdays,"6am-6pm trip planning, 8am-5pm fares, closed weekends and holidays",2026-09-05,"Tier 2 rests entirely on the unrestricted Google Translate widget. The interpreter line instruction at 206-553-3000 is published in English only | The interpreter line is option 1 on the general call centre number and shares its hours: 6am-6pm trip planning, 8am-5pm fares, closed weekends and holidays",EH,derived
sound_transit,Sound Transit,transit,Dari,1,2,,True,machine_widget,0,,https://www.soundtransit.org/get-to-know-us/office-civil-rights-equity-inclusion/title-vi-civil-rights/registering-complaint,,,2026-09-05,"Tier 2 rests entirely on the unrestricted Google Translate widget | Sound Transit's Title VI threshold is 25,000+ speakers and about 1% of a 1,087 sq mi three-county district. No language specific to South King County can reach it",EH,derived
kcmetro,King County Metro,transit,Dinka,1,2,,True,machine_widget,0,,https://kingcounty.gov/en/dept/metro/contact-us,weekdays,"6am-6pm trip planning, 8am-5pm fares, closed weekends and holidays",2026-09-05,"Tier 2 rests entirely on the unrestricted Google Translate widget. The interpreter line instruction at 206-553-3000 is published in English only | The interpreter line is option 1 on the general call centre number and shares its hours: 6am-6pm trip planning, 8am-5pm fares, closed weekends and holidays",EH,derived
sound_transit,Sound Transit,transit,Dinka,1,2,,True,machine_widget,0,,https://www.soundtransit.org/get-to-know-us/office-civil-rights-equity-inclusion/title-vi-civil-rights/registering-complaint,,,2026-09-05,"Tier 2 rests entirely on the unrestricted Google Translate widget | Sound Transit's Title VI threshold is 25,000+ speakers and about 1% of a 1,087 sq mi three-county district. No language specific to South King County can reach it",EH,derived
kcmetro,King County Metro,transit,Dutch,1,2,,True,machine_widget,0,,https://kingcounty.gov/en/dept/metro/contact-us,weekdays,"6am-6pm trip planning, 8am-5pm fares, closed weekends and holidays",2026-09-05,"Tier 2 rests entirely on the unrestricted Google Translate widget. The interpreter line instruction at 206-553-3000 is published in English only | The interpreter line is option 1 on the general call centre number and shares its hours: 6am-6pm trip planning, 8am-5pm fares, closed weekends and holidays",EH,derived
sound_transit,Sound Transit,transit,Dutch,1,2,,True,machine_widget,0,,https://www.soundtransit.org/get-to-know-us/office-civil-rights-equity-inclusion/title-vi-civil-rights/registering-complaint,,,2026-09-05,"Tier 2 rests entirely on the unrestricted Google Translate widget | Sound Transit's Title VI threshold is 25,000+ speakers and about 1% of a 1,087 sq mi three-county district. No language specific to South King County can reach it",EH,derived
kcmetro,King County Metro,transit,Egyptian-Arabic,0,0,,False,none,0,,https://kingcounty.gov/en/dept/metro/contact-us,,,2026-09-05,"Not covered by the widget and no in-language pathway, so there is no published route to the interpreter line in this language",EH,derived
sound_transit,Sound Transit,transit,Egyptian-Arabic,0,0,,False,none,0,,https://www.soundtransit.org/get-to-know-us/office-civil-rights-equity-inclusion/title-vi-civil-rights/registering-complaint,,,2026-09-05,"No widget coverage and not on the I Speak card | Sound Transit's Title VI threshold is 25,000+ speakers and about 1% of a 1,087 sq mi three-county district. No language specific to South King County can reach it",EH,derived
kcmetro,King County Metro,transit,Eritai,0,0,,False,none,0,,https://kingcounty.gov/en/dept/metro/contact-us,,,2026-09-05,"Not covered by the widget and no in-language pathway, so there is no published route to the interpreter line in this language",EH,derived
sound_transit,Sound Transit,transit,Eritai,0,0,,False,none,0,,https://www.soundtransit.org/get-to-know-us/office-civil-rights-equity-inclusion/title-vi-civil-rights/registering-complaint,,,2026-09-05,"No widget coverage and not on the I Speak card | Sound Transit's Title VI threshold is 25,000+ speakers and about 1% of a 1,087 sq mi three-county district. No language specific to South King County can reach it",EH,derived
kcmetro,King County Metro,transit,Estonian,1,2,,True,machine_widget,0,,https://kingcounty.gov/en/dept/metro/contact-us,weekdays,"6am-6pm trip planning, 8am-5pm fares, closed weekends and holidays",2026-09-05,"Tier 2 rests entirely on the unrestricted Google Translate widget. The interpreter line instruction at 206-553-3000 is published in English only | The interpreter line is option 1 on the general call centre number and shares its hours: 6am-6pm trip planning, 8am-5pm fares, closed weekends and holidays",EH,derived
sound_transit,Sound Transit,transit,Estonian,1,2,,True,machine_widget,0,,https://www.soundtransit.org/get-to-know-us/office-civil-rights-equity-inclusion/title-vi-civil-rights/registering-complaint,,,2026-09-05,"Tier 2 rests entirely on the unrestricted Google Translate widget | Sound Transit's Title VI threshold is 25,000+ speakers and about 1% of a 1,087 sq mi three-county district. No language specific to South King County can reach it",EH,derived
kcmetro,King County Metro,transit,Ewe,1,2,,True,machine_widget,0,,https://kingcounty.gov/en/dept/metro/contact-us,weekdays,"6am-6pm trip planning, 8am-5pm fares, closed weekends and holidays",2026-09-05,"Tier 2 rests entirely on the unrestricted Google Translate widget. The interpreter line instruction at 206-553-3000 is published in English only | The interpreter line is option 1 on the general call centre number and shares its hours: 6am-6pm trip planning, 8am-5pm fares, closed weekends and holidays",EH,derived
sound_transit,Sound Transit,transit,Ewe,1,2,,True,machine_widget,0,,https://www.soundtransit.org/get-to-know-us/office-civil-rights-equity-inclusion/title-vi-civil-rights/registering-complaint,,,2026-09-05,"Tier 2 rests entirely on the unrestricted Google Translate widget | Sound Transit's Title VI threshold is 25,000+ speakers and about 1% of a 1,087 sq mi three-county district. No language specific to South King County can reach it",EH,derived
kcmetro,King County Metro,transit,Fallani,0,0,,False,none,0,,https://kingcounty.gov/en/dept/metro/contact-us,,,2026-09-05,"Not covered by the widget and no in-language pathway, so there is no published route to the interpreter line in this language",EH,derived
sound_transit,Sound Transit,transit,Fallani,0,0,,False,none,0,,https://www.soundtransit.org/get-to-know-us/office-civil-rights-equity-inclusion/title-vi-civil-rights/registering-complaint,,,2026-09-05,"No widget coverage and not on the I Speak card | Sound Transit's Title VI threshold is 25,000+ speakers and about 1% of a 1,087 sq mi three-county district. No language specific to South King County can reach it",EH,derived
kcmetro,King County Metro,transit,Farsi,1,2,,True,machine_widget,0,,https://kingcounty.gov/en/dept/metro/contact-us,weekdays,"6am-6pm trip planning, 8am-5pm fares, closed weekends and holidays",2026-09-05,"Tier 2 rests entirely on the unrestricted Google Translate widget. The interpreter line instruction at 206-553-3000 is published in English only | The interpreter line is option 1 on the general call centre number and shares its hours: 6am-6pm trip planning, 8am-5pm fares, closed weekends and holidays",EH,derived
sound_transit,Sound Transit,transit,Farsi,1,2,,True,machine_widget,0,,https://www.soundtransit.org/get-to-know-us/office-civil-rights-equity-inclusion/title-vi-civil-rights/registering-complaint,,,2026-09-05,"Tier 2 rests entirely on the unrestricted Google Translate widget | Sound Transit's Title VI threshold is 25,000+ speakers and about 1% of a 1,087 sq mi three-county district. No language specific to South King County can reach it",EH,derived
kcmetro,King County Metro,transit,French,1,2,,True,machine_widget,0,,https://kingcounty.gov/en/dept/metro/contact-us,weekdays,"6am-6pm trip planning, 8am-5pm fares, closed weekends and holidays",2026-09-05,"Tier 2 rests entirely on the unrestricted Google Translate widget. The interpreter line instruction at 206-553-3000 is published in English only | The interpreter line is option 1 on the general call centre number and shares its hours: 6am-6pm trip planning, 8am-5pm fares, closed weekends and holidays",EH,derived
sound_transit,Sound Transit,transit,French,1,2,,True,machine_widget,0,,https://www.soundtransit.org/get-to-know-us/office-civil-rights-equity-inclusion/title-vi-civil-rights/registering-complaint,,,2026-09-05,"Tier 2 rests entirely on the unrestricted Google Translate widget | Sound Transit's Title VI threshold is 25,000+ speakers and about 1% of a 1,087 sq mi three-county district. No language specific to South King County can reach it",EH,derived
kcmetro,King County Metro,transit,Fula,0,0,,False,none,0,,https://kingcounty.gov/en/dept/metro/contact-us,,,2026-09-05,"Not covered by the widget and no in-language pathway, so there is no published route to the interpreter line in this language",EH,derived
sound_transit,Sound Transit,transit,Fula,0,0,,False,none,0,,https://www.soundtransit.org/get-to-know-us/office-civil-rights-equity-inclusion/title-vi-civil-rights/registering-complaint,,,2026-09-05,"No widget coverage and not on the I Speak card | Sound Transit's Title VI threshold is 25,000+ speakers and about 1% of a 1,087 sq mi three-county district. No language specific to South King County can reach it",EH,derived
kcmetro,King County Metro,transit,Ga,1,2,,True,machine_widget,0,,https://kingcounty.gov/en/dept/metro/contact-us,weekdays,"6am-6pm trip planning, 8am-5pm fares, closed weekends and holidays",2026-09-05,"Tier 2 rests entirely on the unrestricted Google Translate widget. The interpreter line instruction at 206-553-3000 is published in English only | The interpreter line is option 1 on the general call centre number and shares its hours: 6am-6pm trip planning, 8am-5pm fares, closed weekends and holidays",EH,derived
sound_transit,Sound Transit,transit,Ga,1,2,,True,machine_widget,0,,https://www.soundtransit.org/get-to-know-us/office-civil-rights-equity-inclusion/title-vi-civil-rights/registering-complaint,,,2026-09-05,"Tier 2 rests entirely on the unrestricted Google Translate widget | Sound Transit's Title VI threshold is 25,000+ speakers and about 1% of a 1,087 sq mi three-county district. No language specific to South King County can reach it",EH,derived
kcmetro,King County Metro,transit,German,1,2,,True,machine_widget,0,,https://kingcounty.gov/en/dept/metro/contact-us,weekdays,"6am-6pm trip planning, 8am-5pm fares, closed weekends and holidays",2026-09-05,"Tier 2 rests entirely on the unrestricted Google Translate widget. The interpreter line instruction at 206-553-3000 is published in English only | The interpreter line is option 1 on the general call centre number and shares its hours: 6am-6pm trip planning, 8am-5pm fares, closed weekends and holidays",EH,derived
sound_transit,Sound Transit,transit,German,1,2,,True,machine_widget,0,,https://www.soundtransit.org/get-to-know-us/office-civil-rights-equity-inclusion/title-vi-civil-rights/registering-complaint,,,2026-09-05,"Tier 2 rests entirely on the unrestricted Google Translate widget | Sound Transit's Title VI threshold is 25,000+ speakers and about 1% of a 1,087 sq mi three-county district. No language specific to South King County can reach it",EH,derived
kcmetro,King County Metro,transit,"Greek, Modern",0,0,,False,none,0,,https://kingcounty.gov/en/dept/metro/contact-us,,,2026-09-05,"Not covered by the widget and no in-language pathway, so there is no published route to the interpreter line in this language",EH,derived
sound_transit,Sound Transit,transit,"Greek, Modern",0,0,,False,none,0,,https://www.soundtransit.org/get-to-know-us/office-civil-rights-equity-inclusion/title-vi-civil-rights/registering-complaint,,,2026-09-05,"No widget coverage and not on the I Speak card | Sound Transit's Title VI threshold is 25,000+ speakers and about 1% of a 1,087 sq mi three-county district. No language specific to South King County can reach it",EH,derived
kcmetro,King County Metro,transit,Gujarati,1,2,,True,machine_widget,0,,https://kingcounty.gov/en/dept/metro/contact-us,weekdays,"6am-6pm trip planning, 8am-5pm fares, closed weekends and holidays",2026-09-05,"Tier 2 rests entirely on the unrestricted Google Translate widget. The interpreter line instruction at 206-553-3000 is published in English only | The interpreter line is option 1 on the general call centre number and shares its hours: 6am-6pm trip planning, 8am-5pm fares, closed weekends and holidays",EH,derived
sound_transit,Sound Transit,transit,Gujarati,1,2,,True,machine_widget,0,,https://www.soundtransit.org/get-to-know-us/office-civil-rights-equity-inclusion/title-vi-civil-rights/registering-complaint,,,2026-09-05,"Tier 2 rests entirely on the unrestricted Google Translate widget | Sound Transit's Title VI threshold is 25,000+ speakers and about 1% of a 1,087 sq mi three-county district. No language specific to South King County can reach it",EH,derived
kcmetro,King County Metro,transit,Haitian Creole,1,2,,True,machine_widget,0,,https://kingcounty.gov/en/dept/metro/contact-us,weekdays,"6am-6pm trip planning, 8am-5pm fares, closed weekends and holidays",2026-09-05,"Tier 2 rests entirely on the unrestricted Google Translate widget. The interpreter line instruction at 206-553-3000 is published in English only | The interpreter line is option 1 on the general call centre number and shares its hours: 6am-6pm trip planning, 8am-5pm fares, closed weekends and holidays",EH,derived
sound_transit,Sound Transit,transit,Haitian Creole,1,2,,True,machine_widget,0,,https://www.soundtransit.org/get-to-know-us/office-civil-rights-equity-inclusion/title-vi-civil-rights/registering-complaint,,,2026-09-05,"Tier 2 rests entirely on the unrestricted Google Translate widget | Sound Transit's Title VI threshold is 25,000+ speakers and about 1% of a 1,087 sq mi three-county district. No language specific to South King County can reach it",EH,derived
kcmetro,King County Metro,transit,Hausa,1,2,,True,machine_widget,0,,https://kingcounty.gov/en/dept/metro/contact-us,weekdays,"6am-6pm trip planning, 8am-5pm fares, closed weekends and holidays",2026-09-05,"Tier 2 rests entirely on the unrestricted Google Translate widget. The interpreter line instruction at 206-553-3000 is published in English only | The interpreter line is option 1 on the general call centre number and shares its hours: 6am-6pm trip planning, 8am-5pm fares, closed weekends and holidays",EH,derived
sound_transit,Sound Transit,transit,Hausa,1,2,,True,machine_widget,0,,https://www.soundtransit.org/get-to-know-us/office-civil-rights-equity-inclusion/title-vi-civil-rights/registering-complaint,,,2026-09-05,"Tier 2 rests entirely on the unrestricted Google Translate widget | Sound Transit's Title VI threshold is 25,000+ speakers and about 1% of a 1,087 sq mi three-county district. No language specific to South King County can reach it",EH,derived
kcmetro,King County Metro,transit,Hawaiian,1,2,,True,machine_widget,0,,https://kingcounty.gov/en/dept/metro/contact-us,weekdays,"6am-6pm trip planning, 8am-5pm fares, closed weekends and holidays",2026-09-05,"Tier 2 rests entirely on the unrestricted Google Translate widget. The interpreter line instruction at 206-553-3000 is published in English only | The interpreter line is option 1 on the general call centre number and shares its hours: 6am-6pm trip planning, 8am-5pm fares, closed weekends and holidays",EH,derived
sound_transit,Sound Transit,transit,Hawaiian,1,2,,True,machine_widget,0,,https://www.soundtransit.org/get-to-know-us/office-civil-rights-equity-inclusion/title-vi-civil-rights/registering-complaint,,,2026-09-05,"Tier 2 rests entirely on the unrestricted Google Translate widget | Sound Transit's Title VI threshold is 25,000+ speakers and about 1% of a 1,087 sq mi three-county district. No language specific to South King County can reach it",EH,derived
kcmetro,King County Metro,transit,Herero,0,0,,False,none,0,,https://kingcounty.gov/en/dept/metro/contact-us,,,2026-09-05,"Not covered by the widget and no in-language pathway, so there is no published route to the interpreter line in this language",EH,derived
sound_transit,Sound Transit,transit,Herero,0,0,,False,none,0,,https://www.soundtransit.org/get-to-know-us/office-civil-rights-equity-inclusion/title-vi-civil-rights/registering-complaint,,,2026-09-05,"No widget coverage and not on the I Speak card | Sound Transit's Title VI threshold is 25,000+ speakers and about 1% of a 1,087 sq mi three-county district. No language specific to South King County can reach it",EH,derived
kcmetro,King County Metro,transit,Hindi,1,2,,True,machine_widget,0,,https://kingcounty.gov/en/dept/metro/contact-us,weekdays,"6am-6pm trip planning, 8am-5pm fares, closed weekends and holidays",2026-09-05,"Tier 2 rests entirely on the unrestricted Google Translate widget. The interpreter line instruction at 206-553-3000 is published in English only | The interpreter line is option 1 on the general call centre number and shares its hours: 6am-6pm trip planning, 8am-5pm fares, closed weekends and holidays",EH,derived
sound_transit,Sound Transit,transit,Hindi,1,2,,True,machine_widget,0,,https://www.soundtransit.org/get-to-know-us/office-civil-rights-equity-inclusion/title-vi-civil-rights/registering-complaint,,,2026-09-05,"Tier 2 rests entirely on the unrestricted Google Translate widget | Sound Transit's Title VI threshold is 25,000+ speakers and about 1% of a 1,087 sq mi three-county district. No language specific to South King County can reach it",EH,derived
kcmetro,King County Metro,transit,Hmong,1,2,,True,machine_widget,0,,https://kingcounty.gov/en/dept/metro/contact-us,weekdays,"6am-6pm trip planning, 8am-5pm fares, closed weekends and holidays",2026-09-05,"Tier 2 rests entirely on the unrestricted Google Translate widget. The interpreter line instruction at 206-553-3000 is published in English only | The interpreter line is option 1 on the general call centre number and shares its hours: 6am-6pm trip planning, 8am-5pm fares, closed weekends and holidays",EH,derived
sound_transit,Sound Transit,transit,Hmong,1,2,,True,machine_widget,0,,https://www.soundtransit.org/get-to-know-us/office-civil-rights-equity-inclusion/title-vi-civil-rights/registering-complaint,,,2026-09-05,"Tier 2 rests entirely on the unrestricted Google Translate widget | Sound Transit's Title VI threshold is 25,000+ speakers and about 1% of a 1,087 sq mi three-county district. No language specific to South King County can reach it",EH,derived
kcmetro,King County Metro,transit,Hungarian,1,2,,True,machine_widget,0,,https://kingcounty.gov/en/dept/metro/contact-us,weekdays,"6am-6pm trip planning, 8am-5pm fares, closed weekends and holidays",2026-09-05,"Tier 2 rests entirely on the unrestricted Google Translate widget. The interpreter line instruction at 206-553-3000 is published in English only | The interpreter line is option 1 on the general call centre number and shares its hours: 6am-6pm trip planning, 8am-5pm fares, closed weekends and holidays",EH,derived
sound_transit,Sound Transit,transit,Hungarian,1,2,,True,machine_widget,0,,https://www.soundtransit.org/get-to-know-us/office-civil-rights-equity-inclusion/title-vi-civil-rights/registering-complaint,,,2026-09-05,"Tier 2 rests entirely on the unrestricted Google Translate widget | Sound Transit's Title VI threshold is 25,000+ speakers and about 1% of a 1,087 sq mi three-county district. No language specific to South King County can reach it",EH,derived
kcmetro,King County Metro,transit,Igbo,1,2,,True,machine_widget,0,,https://kingcounty.gov/en/dept/metro/contact-us,weekdays,"6am-6pm trip planning, 8am-5pm fares, closed weekends and holidays",2026-09-05,"Tier 2 rests entirely on the unrestricted Google Translate widget. The interpreter line instruction at 206-553-3000 is published in English only | The interpreter line is option 1 on the general call centre number and shares its hours: 6am-6pm trip planning, 8am-5pm fares, closed weekends and holidays",EH,derived
sound_transit,Sound Transit,transit,Igbo,1,2,,True,machine_widget,0,,https://www.soundtransit.org/get-to-know-us/office-civil-rights-equity-inclusion/title-vi-civil-rights/registering-complaint,,,2026-09-05,"Tier 2 rests entirely on the unrestricted Google Translate widget | Sound Transit's Title VI threshold is 25,000+ speakers and about 1% of a 1,087 sq mi three-county district. No language specific to South King County can reach it",EH,derived
kcmetro,King County Metro,transit,Ilokano,0,0,,False,none,0,,https://kingcounty.gov/en/dept/metro/contact-us,,,2026-09-05,"Not covered by the widget and no in-language pathway, so there is no published route to the interpreter line in this language",EH,derived
sound_transit,Sound Transit,transit,Ilokano,0,0,,False,none,0,,https://www.soundtransit.org/get-to-know-us/office-civil-rights-equity-inclusion/title-vi-civil-rights/registering-complaint,,,2026-09-05,"No widget coverage and not on the I Speak card | Sound Transit's Title VI threshold is 25,000+ speakers and about 1% of a 1,087 sq mi three-county district. No language specific to South King County can reach it",EH,derived
kcmetro,King County Metro,transit,Indonesian,1,2,,True,machine_widget,0,,https://kingcounty.gov/en/dept/metro/contact-us,weekdays,"6am-6pm trip planning, 8am-5pm fares, closed weekends and holidays",2026-09-05,"Tier 2 rests entirely on the unrestricted Google Translate widget. The interpreter line instruction at 206-553-3000 is published in English only | The interpreter line is option 1 on the general call centre number and shares its hours: 6am-6pm trip planning, 8am-5pm fares, closed weekends and holidays",EH,derived
sound_transit,Sound Transit,transit,Indonesian,1,2,,True,machine_widget,0,,https://www.soundtransit.org/get-to-know-us/office-civil-rights-equity-inclusion/title-vi-civil-rights/registering-complaint,,,2026-09-05,"Tier 2 rests entirely on the unrestricted Google Translate widget | Sound Transit's Title VI threshold is 25,000+ speakers and about 1% of a 1,087 sq mi three-county district. No language specific to South King County can reach it",EH,derived
kcmetro,King County Metro,transit,Italian,1,2,,True,machine_widget,0,,https://kingcounty.gov/en/dept/metro/contact-us,weekdays,"6am-6pm trip planning, 8am-5pm fares, closed weekends and holidays",2026-09-05,"Tier 2 rests entirely on the unrestricted Google Translate widget. The interpreter line instruction at 206-553-3000 is published in English only | The interpreter line is option 1 on the general call centre number and shares its hours: 6am-6pm trip planning, 8am-5pm fares, closed weekends and holidays",EH,derived
sound_transit,Sound Transit,transit,Italian,1,2,,True,machine_widget,0,,https://www.soundtransit.org/get-to-know-us/office-civil-rights-equity-inclusion/title-vi-civil-rights/registering-complaint,,,2026-09-05,"Tier 2 rests entirely on the unrestricted Google Translate widget | Sound Transit's Title VI threshold is 25,000+ speakers and about 1% of a 1,087 sq mi three-county district. No language specific to South King County can reach it",EH,derived
kcmetro,King County Metro,transit,Japanese,1,2,,True,machine_widget,0,,https://kingcounty.gov/en/dept/metro/contact-us,weekdays,"6am-6pm trip planning, 8am-5pm fares, closed weekends and holidays",2026-09-05,"Tier 2 rests entirely on the unrestricted Google Translate widget. The interpreter line instruction at 206-553-3000 is published in English only | The interpreter line is option 1 on the general call centre number and shares its hours: 6am-6pm trip planning, 8am-5pm fares, closed weekends and holidays",EH,derived
sound_transit,Sound Transit,transit,Japanese,1,2,,True,machine_widget,0,,https://www.soundtransit.org/get-to-know-us/office-civil-rights-equity-inclusion/title-vi-civil-rights/registering-complaint,,,2026-09-05,"Tier 2 rests entirely on the unrestricted Google Translate widget | Sound Transit's Title VI threshold is 25,000+ speakers and about 1% of a 1,087 sq mi three-county district. No language specific to South King County can reach it",EH,derived
kcmetro,King County Metro,transit,Kakwa,0,0,,False,none,0,,https://kingcounty.gov/en/dept/metro/contact-us,,,2026-09-05,"Not covered by the widget and no in-language pathway, so there is no published route to the interpreter line in this language",EH,derived
sound_transit,Sound Transit,transit,Kakwa,0,0,,False,none,0,,https://www.soundtransit.org/get-to-know-us/office-civil-rights-equity-inclusion/title-vi-civil-rights/registering-complaint,,,2026-09-05,"No widget coverage and not on the I Speak card | Sound Transit's Title VI threshold is 25,000+ speakers and about 1% of a 1,087 sq mi three-county district. No language specific to South King County can reach it",EH,derived
kcmetro,King County Metro,transit,Kannada,1,2,,True,machine_widget,0,,https://kingcounty.gov/en/dept/metro/contact-us,weekdays,"6am-6pm trip planning, 8am-5pm fares, closed weekends and holidays",2026-09-05,"Tier 2 rests entirely on the unrestricted Google Translate widget. The interpreter line instruction at 206-553-3000 is published in English only | The interpreter line is option 1 on the general call centre number and shares its hours: 6am-6pm trip planning, 8am-5pm fares, closed weekends and holidays",EH,derived
sound_transit,Sound Transit,transit,Kannada,1,2,,True,machine_widget,0,,https://www.soundtransit.org/get-to-know-us/office-civil-rights-equity-inclusion/title-vi-civil-rights/registering-complaint,,,2026-09-05,"Tier 2 rests entirely on the unrestricted Google Translate widget | Sound Transit's Title VI threshold is 25,000+ speakers and about 1% of a 1,087 sq mi three-county district. No language specific to South King County can reach it",EH,derived
kcmetro,King County Metro,transit,Karen,0,0,,False,none,0,,https://kingcounty.gov/en/dept/metro/contact-us,,,2026-09-05,"Not covered by the widget and no in-language pathway, so there is no published route to the interpreter line in this language",EH,derived
sound_transit,Sound Transit,transit,Karen,0,0,,False,none,0,,https://www.soundtransit.org/get-to-know-us/office-civil-rights-equity-inclusion/title-vi-civil-rights/registering-complaint,,,2026-09-05,"No widget coverage and not on the I Speak card | Sound Transit's Title VI threshold is 25,000+ speakers and about 1% of a 1,087 sq mi three-county district. No language specific to South King County can reach it",EH,derived
kcmetro,King County Metro,transit,Karenni,0,0,,False,none,0,,https://kingcounty.gov/en/dept/metro/contact-us,,,2026-09-05,"Not covered by the widget and no in-language pathway, so there is no published route to the interpreter line in this language",EH,derived
sound_transit,Sound Transit,transit,Karenni,0,0,,False,none,0,,https://www.soundtransit.org/get-to-know-us/office-civil-rights-equity-inclusion/title-vi-civil-rights/registering-complaint,,,2026-09-05,"No widget coverage and not on the I Speak card | Sound Transit's Title VI threshold is 25,000+ speakers and about 1% of a 1,087 sq mi three-county district. No language specific to South King County can reach it",EH,derived
kcmetro,King County Metro,transit,Kazakh,1,2,,True,machine_widget,0,,https://kingcounty.gov/en/dept/metro/contact-us,weekdays,"6am-6pm trip planning, 8am-5pm fares, closed weekends and holidays",2026-09-05,"Tier 2 rests entirely on the unrestricted Google Translate widget. The interpreter line instruction at 206-553-3000 is published in English only | The interpreter line is option 1 on the general call centre number and shares its hours: 6am-6pm trip planning, 8am-5pm fares, closed weekends and holidays",EH,derived
sound_transit,Sound Transit,transit,Kazakh,1,2,,True,machine_widget,0,,https://www.soundtransit.org/get-to-know-us/office-civil-rights-equity-inclusion/title-vi-civil-rights/registering-complaint,,,2026-09-05,"Tier 2 rests entirely on the unrestricted Google Translate widget | Sound Transit's Title VI threshold is 25,000+ speakers and about 1% of a 1,087 sq mi three-county district. No language specific to South King County can reach it",EH,derived
kcmetro,King County Metro,transit,Khmer,1,2,,True,machine_widget,0,,https://kingcounty.gov/en/dept/metro/contact-us,weekdays,"6am-6pm trip planning, 8am-5pm fares, closed weekends and holidays",2026-09-05,"Tier 2 rests entirely on the unrestricted Google Translate widget. The interpreter line instruction at 206-553-3000 is published in English only | The interpreter line is option 1 on the general call centre number and shares its hours: 6am-6pm trip planning, 8am-5pm fares, closed weekends and holidays",EH,derived
sound_transit,Sound Transit,transit,Khmer,1,2,,True,machine_widget,0,,https://www.soundtransit.org/get-to-know-us/office-civil-rights-equity-inclusion/title-vi-civil-rights/registering-complaint,,,2026-09-05,"Tier 2 rests entirely on the unrestricted Google Translate widget | Sound Transit's Title VI threshold is 25,000+ speakers and about 1% of a 1,087 sq mi three-county district. No language specific to South King County can reach it",EH,derived
kcmetro,King County Metro,transit,Kikuyu,0,0,,False,none,0,,https://kingcounty.gov/en/dept/metro/contact-us,,,2026-09-05,"Not covered by the widget and no in-language pathway, so there is no published route to the interpreter line in this language",EH,derived
sound_transit,Sound Transit,transit,Kikuyu,0,0,,False,none,0,,https://www.soundtransit.org/get-to-know-us/office-civil-rights-equity-inclusion/title-vi-civil-rights/registering-complaint,,,2026-09-05,"No widget coverage and not on the I Speak card | Sound Transit's Title VI threshold is 25,000+ speakers and about 1% of a 1,087 sq mi three-county district. No language specific to South King County can reach it",EH,derived
kcmetro,King County Metro,transit,Kinyarwanda,1,2,,True,machine_widget,0,,https://kingcounty.gov/en/dept/metro/contact-us,weekdays,"6am-6pm trip planning, 8am-5pm fares, closed weekends and holidays",2026-09-05,"Tier 2 rests entirely on the unrestricted Google Translate widget. The interpreter line instruction at 206-553-3000 is published in English only | The interpreter line is option 1 on the general call centre number and shares its hours: 6am-6pm trip planning, 8am-5pm fares, closed weekends and holidays",EH,derived
sound_transit,Sound Transit,transit,Kinyarwanda,1,2,,True,machine_widget,0,,https://www.soundtransit.org/get-to-know-us/office-civil-rights-equity-inclusion/title-vi-civil-rights/registering-complaint,,,2026-09-05,"Tier 2 rests entirely on the unrestricted Google Translate widget | Sound Transit's Title VI threshold is 25,000+ speakers and about 1% of a 1,087 sq mi three-county district. No language specific to South King County can reach it",EH,derived
kcmetro,King County Metro,transit,Kirgiz,0,0,,False,none,0,,https://kingcounty.gov/en/dept/metro/contact-us,,,2026-09-05,"Not covered by the widget and no in-language pathway, so there is no published route to the interpreter line in this language",EH,derived
sound_transit,Sound Transit,transit,Kirgiz,0,0,,False,none,0,,https://www.soundtransit.org/get-to-know-us/office-civil-rights-equity-inclusion/title-vi-civil-rights/registering-complaint,,,2026-09-05,"No widget coverage and not on the I Speak card | Sound Transit's Title VI threshold is 25,000+ speakers and about 1% of a 1,087 sq mi three-county district. No language specific to South King County can reach it",EH,derived
kcmetro,King County Metro,transit,Kirundi,0,0,,False,none,0,,https://kingcounty.gov/en/dept/metro/contact-us,,,2026-09-05,"Not covered by the widget and no in-language pathway, so there is no published route to the interpreter line in this language",EH,derived
sound_transit,Sound Transit,transit,Kirundi,0,0,,False,none,0,,https://www.soundtransit.org/get-to-know-us/office-civil-rights-equity-inclusion/title-vi-civil-rights/registering-complaint,,,2026-09-05,"No widget coverage and not on the I Speak card | Sound Transit's Title VI threshold is 25,000+ speakers and about 1% of a 1,087 sq mi three-county district. No language specific to South King County can reach it",EH,derived
kcmetro,King County Metro,transit,Kmhmu,0,0,,False,none,0,,https://kingcounty.gov/en/dept/metro/contact-us,,,2026-09-05,"Not covered by the widget and no in-language pathway, so there is no published route to the interpreter line in this language",EH,derived
sound_transit,Sound Transit,transit,Kmhmu,0,0,,False,none,0,,https://www.soundtransit.org/get-to-know-us/office-civil-rights-equity-inclusion/title-vi-civil-rights/registering-complaint,,,2026-09-05,"No widget coverage and not on the I Speak card | Sound Transit's Title VI threshold is 25,000+ speakers and about 1% of a 1,087 sq mi three-county district. No language specific to South King County can reach it",EH,derived
kcmetro,King County Metro,transit,Kongo,0,0,,False,none,0,,https://kingcounty.gov/en/dept/metro/contact-us,,,2026-09-05,"Not covered by the widget and no in-language pathway, so there is no published route to the interpreter line in this language",EH,derived
sound_transit,Sound Transit,transit,Kongo,0,0,,False,none,0,,https://www.soundtransit.org/get-to-know-us/office-civil-rights-equity-inclusion/title-vi-civil-rights/registering-complaint,,,2026-09-05,"No widget coverage and not on the I Speak card | Sound Transit's Title VI threshold is 25,000+ speakers and about 1% of a 1,087 sq mi three-county district. No language specific to South King County can reach it",EH,derived
kcmetro,King County Metro,transit,Korean,1,2,,True,machine_widget,0,,https://kingcounty.gov/en/dept/metro/contact-us,weekdays,"6am-6pm trip planning, 8am-5pm fares, closed weekends and holidays",2026-09-05,"Tier 2 rests entirely on the unrestricted Google Translate widget. The interpreter line instruction at 206-553-3000 is published in English only | The interpreter line is option 1 on the general call centre number and shares its hours: 6am-6pm trip planning, 8am-5pm fares, closed weekends and holidays",EH,derived
sound_transit,Sound Transit,transit,Korean,3,2,,True,in_language_document,2,i-speak-card; 2021-progress-report,https://www.soundtransit.org/sites/default/files/documents/i-speak-language-assistance-2019.pdf,,,2026-09-05,"On the 'I Speak' language assistance card, last updated 2019-07-05. Rule 4 accepts a point-to-your-language card as a pathway | Also has a 2021 system expansion progress report in this language | Sound Transit's Title VI threshold is 25,000+ speakers and about 1% of a 1,087 sq mi three-county district. No language specific to South King County can reach it",EH,derived
kcmetro,King County Metro,transit,Kosraean,0,0,,False,none,0,,https://kingcounty.gov/en/dept/metro/contact-us,,,2026-09-05,"Not covered by the widget and no in-language pathway, so there is no published route to the interpreter line in this language",EH,derived
sound_transit,Sound Transit,transit,Kosraean,0,0,,False,none,0,,https://www.soundtransit.org/get-to-know-us/office-civil-rights-equity-inclusion/title-vi-civil-rights/registering-complaint,,,2026-09-05,"No widget coverage and not on the I Speak card | Sound Transit's Title VI threshold is 25,000+ speakers and about 1% of a 1,087 sq mi three-county district. No language specific to South King County can reach it",EH,derived
kcmetro,King County Metro,transit,Krahn,0,0,,False,none,0,,https://kingcounty.gov/en/dept/metro/contact-us,,,2026-09-05,"Not covered by the widget and no in-language pathway, so there is no published route to the interpreter line in this language",EH,derived
sound_transit,Sound Transit,transit,Krahn,0,0,,False,none,0,,https://www.soundtransit.org/get-to-know-us/office-civil-rights-equity-inclusion/title-vi-civil-rights/registering-complaint,,,2026-09-05,"No widget coverage and not on the I Speak card | Sound Transit's Title VI threshold is 25,000+ speakers and about 1% of a 1,087 sq mi three-county district. No language specific to South King County can reach it",EH,derived
kcmetro,King County Metro,transit,Krio,1,2,,True,machine_widget,0,,https://kingcounty.gov/en/dept/metro/contact-us,weekdays,"6am-6pm trip planning, 8am-5pm fares, closed weekends and holidays",2026-09-05,"Tier 2 rests entirely on the unrestricted Google Translate widget. The interpreter line instruction at 206-553-3000 is published in English only | The interpreter line is option 1 on the general call centre number and shares its hours: 6am-6pm trip planning, 8am-5pm fares, closed weekends and holidays",EH,derived
sound_transit,Sound Transit,transit,Krio,1,2,,True,machine_widget,0,,https://www.soundtransit.org/get-to-know-us/office-civil-rights-equity-inclusion/title-vi-civil-rights/registering-complaint,,,2026-09-05,"Tier 2 rests entirely on the unrestricted Google Translate widget | Sound Transit's Title VI threshold is 25,000+ speakers and about 1% of a 1,087 sq mi three-county district. No language specific to South King County can reach it",EH,derived
kcmetro,King County Metro,transit,Kru,0,0,,False,none,0,,https://kingcounty.gov/en/dept/metro/contact-us,,,2026-09-05,"Not covered by the widget and no in-language pathway, so there is no published route to the interpreter line in this language",EH,derived
sound_transit,Sound Transit,transit,Kru,0,0,,False,none,0,,https://www.soundtransit.org/get-to-know-us/office-civil-rights-equity-inclusion/title-vi-civil-rights/registering-complaint,,,2026-09-05,"No widget coverage and not on the I Speak card | Sound Transit's Title VI threshold is 25,000+ speakers and about 1% of a 1,087 sq mi three-county district. No language specific to South King County can reach it",EH,derived
kcmetro,King County Metro,transit,Kurdish,0,0,,False,none,0,,https://kingcounty.gov/en/dept/metro/contact-us,,,2026-09-05,"Not covered by the widget and no in-language pathway, so there is no published route to the interpreter line in this language",EH,derived
sound_transit,Sound Transit,transit,Kurdish,0,0,,False,none,0,,https://www.soundtransit.org/get-to-know-us/office-civil-rights-equity-inclusion/title-vi-civil-rights/registering-complaint,,,2026-09-05,"No widget coverage and not on the I Speak card | Sound Transit's Title VI threshold is 25,000+ speakers and about 1% of a 1,087 sq mi three-county district. No language specific to South King County can reach it",EH,derived
kcmetro,King County Metro,transit,Lao,1,2,,True,machine_widget,0,,https://kingcounty.gov/en/dept/metro/contact-us,weekdays,"6am-6pm trip planning, 8am-5pm fares, closed weekends and holidays",2026-09-05,"Tier 2 rests entirely on the unrestricted Google Translate widget. The interpreter line instruction at 206-553-3000 is published in English only | The interpreter line is option 1 on the general call centre number and shares its hours: 6am-6pm trip planning, 8am-5pm fares, closed weekends and holidays",EH,derived
sound_transit,Sound Transit,transit,Lao,1,2,,True,machine_widget,0,,https://www.soundtransit.org/get-to-know-us/office-civil-rights-equity-inclusion/title-vi-civil-rights/registering-complaint,,,2026-09-05,"Tier 2 rests entirely on the unrestricted Google Translate widget | Sound Transit's Title VI threshold is 25,000+ speakers and about 1% of a 1,087 sq mi three-county district. No language specific to South King County can reach it",EH,derived
kcmetro,King County Metro,transit,Latvian,1,2,,True,machine_widget,0,,https://kingcounty.gov/en/dept/metro/contact-us,weekdays,"6am-6pm trip planning, 8am-5pm fares, closed weekends and holidays",2026-09-05,"Tier 2 rests entirely on the unrestricted Google Translate widget. The interpreter line instruction at 206-553-3000 is published in English only | The interpreter line is option 1 on the general call centre number and shares its hours: 6am-6pm trip planning, 8am-5pm fares, closed weekends and holidays",EH,derived
sound_transit,Sound Transit,transit,Latvian,1,2,,True,machine_widget,0,,https://www.soundtransit.org/get-to-know-us/office-civil-rights-equity-inclusion/title-vi-civil-rights/registering-complaint,,,2026-09-05,"Tier 2 rests entirely on the unrestricted Google Translate widget | Sound Transit's Title VI threshold is 25,000+ speakers and about 1% of a 1,087 sq mi three-county district. No language specific to South King County can reach it",EH,derived
kcmetro,King County Metro,transit,Lingala,1,2,,True,machine_widget,0,,https://kingcounty.gov/en/dept/metro/contact-us,weekdays,"6am-6pm trip planning, 8am-5pm fares, closed weekends and holidays",2026-09-05,"Tier 2 rests entirely on the unrestricted Google Translate widget. The interpreter line instruction at 206-553-3000 is published in English only | The interpreter line is option 1 on the general call centre number and shares its hours: 6am-6pm trip planning, 8am-5pm fares, closed weekends and holidays",EH,derived
sound_transit,Sound Transit,transit,Lingala,1,2,,True,machine_widget,0,,https://www.soundtransit.org/get-to-know-us/office-civil-rights-equity-inclusion/title-vi-civil-rights/registering-complaint,,,2026-09-05,"Tier 2 rests entirely on the unrestricted Google Translate widget | Sound Transit's Title VI threshold is 25,000+ speakers and about 1% of a 1,087 sq mi three-county district. No language specific to South King County can reach it",EH,derived
kcmetro,King County Metro,transit,Luganda,1,2,,True,machine_widget,0,,https://kingcounty.gov/en/dept/metro/contact-us,weekdays,"6am-6pm trip planning, 8am-5pm fares, closed weekends and holidays",2026-09-05,"Tier 2 rests entirely on the unrestricted Google Translate widget. The interpreter line instruction at 206-553-3000 is published in English only | The interpreter line is option 1 on the general call centre number and shares its hours: 6am-6pm trip planning, 8am-5pm fares, closed weekends and holidays",EH,derived
sound_transit,Sound Transit,transit,Luganda,1,2,,True,machine_widget,0,,https://www.soundtransit.org/get-to-know-us/office-civil-rights-equity-inclusion/title-vi-civil-rights/registering-complaint,,,2026-09-05,"Tier 2 rests entirely on the unrestricted Google Translate widget | Sound Transit's Title VI threshold is 25,000+ speakers and about 1% of a 1,087 sq mi three-county district. No language specific to South King County can reach it",EH,derived
kcmetro,King County Metro,transit,Maay Maay,0,0,,False,none,0,,https://kingcounty.gov/en/dept/metro/contact-us,,,2026-09-05,"Not covered by the widget and no in-language pathway, so there is no published route to the interpreter line in this language",EH,derived
sound_transit,Sound Transit,transit,Maay Maay,0,0,,False,none,0,,https://www.soundtransit.org/get-to-know-us/office-civil-rights-equity-inclusion/title-vi-civil-rights/registering-complaint,,,2026-09-05,"No widget coverage and not on the I Speak card | Sound Transit's Title VI threshold is 25,000+ speakers and about 1% of a 1,087 sq mi three-county district. No language specific to South King County can reach it",EH,derived
kcmetro,King County Metro,transit,Malay,1,2,,True,machine_widget,0,,https://kingcounty.gov/en/dept/metro/contact-us,weekdays,"6am-6pm trip planning, 8am-5pm fares, closed weekends and holidays",2026-09-05,"Tier 2 rests entirely on the unrestricted Google Translate widget. The interpreter line instruction at 206-553-3000 is published in English only | The interpreter line is option 1 on the general call centre number and shares its hours: 6am-6pm trip planning, 8am-5pm fares, closed weekends and holidays",EH,derived
sound_transit,Sound Transit,transit,Malay,1,2,,True,machine_widget,0,,https://www.soundtransit.org/get-to-know-us/office-civil-rights-equity-inclusion/title-vi-civil-rights/registering-complaint,,,2026-09-05,"Tier 2 rests entirely on the unrestricted Google Translate widget | Sound Transit's Title VI threshold is 25,000+ speakers and about 1% of a 1,087 sq mi three-county district. No language specific to South King County can reach it",EH,derived
kcmetro,King County Metro,transit,Malayalam,1,2,,True,machine_widget,0,,https://kingcounty.gov/en/dept/metro/contact-us,weekdays,"6am-6pm trip planning, 8am-5pm fares, closed weekends and holidays",2026-09-05,"Tier 2 rests entirely on the unrestricted Google Translate widget. The interpreter line instruction at 206-553-3000 is published in English only | The interpreter line is option 1 on the general call centre number and shares its hours: 6am-6pm trip planning, 8am-5pm fares, closed weekends and holidays",EH,derived
sound_transit,Sound Transit,transit,Malayalam,1,2,,True,machine_widget,0,,https://www.soundtransit.org/get-to-know-us/office-civil-rights-equity-inclusion/title-vi-civil-rights/registering-complaint,,,2026-09-05,"Tier 2 rests entirely on the unrestricted Google Translate widget | Sound Transit's Title VI threshold is 25,000+ speakers and about 1% of a 1,087 sq mi three-county district. No language specific to South King County can reach it",EH,derived
kcmetro,King County Metro,transit,Mam,1,2,,True,machine_widget,0,,https://kingcounty.gov/en/dept/metro/contact-us,weekdays,"6am-6pm trip planning, 8am-5pm fares, closed weekends and holidays",2026-09-05,"Tier 2 rests entirely on the unrestricted Google Translate widget. The interpreter line instruction at 206-553-3000 is published in English only | The interpreter line is option 1 on the general call centre number and shares its hours: 6am-6pm trip planning, 8am-5pm fares, closed weekends and holidays",EH,derived
sound_transit,Sound Transit,transit,Mam,1,2,,True,machine_widget,0,,https://www.soundtransit.org/get-to-know-us/office-civil-rights-equity-inclusion/title-vi-civil-rights/registering-complaint,,,2026-09-05,"Tier 2 rests entirely on the unrestricted Google Translate widget | Sound Transit's Title VI threshold is 25,000+ speakers and about 1% of a 1,087 sq mi three-county district. No language specific to South King County can reach it",EH,derived
kcmetro,King County Metro,transit,Mandingo,0,0,,False,none,0,,https://kingcounty.gov/en/dept/metro/contact-us,,,2026-09-05,"Not covered by the widget and no in-language pathway, so there is no published route to the interpreter line in this language",EH,derived
sound_transit,Sound Transit,transit,Mandingo,0,0,,False,none,0,,https://www.soundtransit.org/get-to-know-us/office-civil-rights-equity-inclusion/title-vi-civil-rights/registering-complaint,,,2026-09-05,"No widget coverage and not on the I Speak card | Sound Transit's Title VI threshold is 25,000+ speakers and about 1% of a 1,087 sq mi three-county district. No language specific to South King County can reach it",EH,derived
kcmetro,King County Metro,transit,Mandinka,0,0,,False,none,0,,https://kingcounty.gov/en/dept/metro/contact-us,,,2026-09-05,"Not covered by the widget and no in-language pathway, so there is no published route to the interpreter line in this language",EH,derived
sound_transit,Sound Transit,transit,Mandinka,0,0,,False,none,0,,https://www.soundtransit.org/get-to-know-us/office-civil-rights-equity-inclusion/title-vi-civil-rights/registering-complaint,,,2026-09-05,"No widget coverage and not on the I Speak card | Sound Transit's Title VI threshold is 25,000+ speakers and about 1% of a 1,087 sq mi three-county district. No language specific to South King County can reach it",EH,derived
kcmetro,King County Metro,transit,Marathi,1,2,,True,machine_widget,0,,https://kingcounty.gov/en/dept/metro/contact-us,weekdays,"6am-6pm trip planning, 8am-5pm fares, closed weekends and holidays",2026-09-05,"Tier 2 rests entirely on the unrestricted Google Translate widget. The interpreter line instruction at 206-553-3000 is published in English only | The interpreter line is option 1 on the general call centre number and shares its hours: 6am-6pm trip planning, 8am-5pm fares, closed weekends and holidays",EH,derived
sound_transit,Sound Transit,transit,Marathi,1,2,,True,machine_widget,0,,https://www.soundtransit.org/get-to-know-us/office-civil-rights-equity-inclusion/title-vi-civil-rights/registering-complaint,,,2026-09-05,"Tier 2 rests entirely on the unrestricted Google Translate widget | Sound Transit's Title VI threshold is 25,000+ speakers and about 1% of a 1,087 sq mi three-county district. No language specific to South King County can reach it",EH,derived
kcmetro,King County Metro,transit,Marquesan,0,0,,False,none,0,,https://kingcounty.gov/en/dept/metro/contact-us,,,2026-09-05,"Not covered by the widget and no in-language pathway, so there is no published route to the interpreter line in this language",EH,derived
sound_transit,Sound Transit,transit,Marquesan,0,0,,False,none,0,,https://www.soundtransit.org/get-to-know-us/office-civil-rights-equity-inclusion/title-vi-civil-rights/registering-complaint,,,2026-09-05,"No widget coverage and not on the I Speak card | Sound Transit's Title VI threshold is 25,000+ speakers and about 1% of a 1,087 sq mi three-county district. No language specific to South King County can reach it",EH,derived
kcmetro,King County Metro,transit,Marshallese,1,2,,True,machine_widget,0,,https://kingcounty.gov/en/dept/metro/contact-us,weekdays,"6am-6pm trip planning, 8am-5pm fares, closed weekends and holidays",2026-09-05,"Tier 2 rests entirely on the unrestricted Google Translate widget. The interpreter line instruction at 206-553-3000 is published in English only | The interpreter line is option 1 on the general call centre number and shares its hours: 6am-6pm trip planning, 8am-5pm fares, closed weekends and holidays",EH,derived
sound_transit,Sound Transit,transit,Marshallese,1,2,,True,machine_widget,0,,https://www.soundtransit.org/get-to-know-us/office-civil-rights-equity-inclusion/title-vi-civil-rights/registering-complaint,,,2026-09-05,"Tier 2 rests entirely on the unrestricted Google Translate widget | Sound Transit's Title VI threshold is 25,000+ speakers and about 1% of a 1,087 sq mi three-county district. No language specific to South King County can reach it",EH,derived
kcmetro,King County Metro,transit,Maya-Quiche,0,0,,False,none,0,,https://kingcounty.gov/en/dept/metro/contact-us,,,2026-09-05,"Not covered by the widget and no in-language pathway, so there is no published route to the interpreter line in this language",EH,derived
sound_transit,Sound Transit,transit,Maya-Quiche,0,0,,False,none,0,,https://www.soundtransit.org/get-to-know-us/office-civil-rights-equity-inclusion/title-vi-civil-rights/registering-complaint,,,2026-09-05,"No widget coverage and not on the I Speak card | Sound Transit's Title VI threshold is 25,000+ speakers and about 1% of a 1,087 sq mi three-county district. No language specific to South King County can reach it",EH,derived
kcmetro,King County Metro,transit,Mien,0,0,,False,none,0,,https://kingcounty.gov/en/dept/metro/contact-us,,,2026-09-05,"Not covered by the widget and no in-language pathway, so there is no published route to the interpreter line in this language",EH,derived
sound_transit,Sound Transit,transit,Mien,0,0,,False,none,0,,https://www.soundtransit.org/get-to-know-us/office-civil-rights-equity-inclusion/title-vi-civil-rights/registering-complaint,,,2026-09-05,"No widget coverage and not on the I Speak card | Sound Transit's Title VI threshold is 25,000+ speakers and about 1% of a 1,087 sq mi three-county district. No language specific to South King County can reach it",EH,derived
kcmetro,King County Metro,transit,Mixteco,0,0,,False,none,0,,https://kingcounty.gov/en/dept/metro/contact-us,,,2026-09-05,"Not covered by the widget and no in-language pathway, so there is no published route to the interpreter line in this language",EH,derived
sound_transit,Sound Transit,transit,Mixteco,0,0,,False,none,0,,https://www.soundtransit.org/get-to-know-us/office-civil-rights-equity-inclusion/title-vi-civil-rights/registering-complaint,,,2026-09-05,"No widget coverage and not on the I Speak card | Sound Transit's Title VI threshold is 25,000+ speakers and about 1% of a 1,087 sq mi three-county district. No language specific to South King County can reach it",EH,derived
kcmetro,King County Metro,transit,Moldavian,0,0,,False,none,0,,https://kingcounty.gov/en/dept/metro/contact-us,,,2026-09-05,"Not covered by the widget and no in-language pathway, so there is no published route to the interpreter line in this language",EH,derived
sound_transit,Sound Transit,transit,Moldavian,0,0,,False,none,0,,https://www.soundtransit.org/get-to-know-us/office-civil-rights-equity-inclusion/title-vi-civil-rights/registering-complaint,,,2026-09-05,"No widget coverage and not on the I Speak card | Sound Transit's Title VI threshold is 25,000+ speakers and about 1% of a 1,087 sq mi three-county district. No language specific to South King County can reach it",EH,derived
kcmetro,King County Metro,transit,Mongolian,1,2,,True,machine_widget,0,,https://kingcounty.gov/en/dept/metro/contact-us,weekdays,"6am-6pm trip planning, 8am-5pm fares, closed weekends and holidays",2026-09-05,"Tier 2 rests entirely on the unrestricted Google Translate widget. The interpreter line instruction at 206-553-3000 is published in English only | The interpreter line is option 1 on the general call centre number and shares its hours: 6am-6pm trip planning, 8am-5pm fares, closed weekends and holidays",EH,derived
sound_transit,Sound Transit,transit,Mongolian,1,2,,True,machine_widget,0,,https://www.soundtransit.org/get-to-know-us/office-civil-rights-equity-inclusion/title-vi-civil-rights/registering-complaint,,,2026-09-05,"Tier 2 rests entirely on the unrestricted Google Translate widget | Sound Transit's Title VI threshold is 25,000+ speakers and about 1% of a 1,087 sq mi three-county district. No language specific to South King County can reach it",EH,derived
kcmetro,King County Metro,transit,Moore,0,0,,False,none,0,,https://kingcounty.gov/en/dept/metro/contact-us,,,2026-09-05,"Not covered by the widget and no in-language pathway, so there is no published route to the interpreter line in this language",EH,derived
sound_transit,Sound Transit,transit,Moore,0,0,,False,none,0,,https://www.soundtransit.org/get-to-know-us/office-civil-rights-equity-inclusion/title-vi-civil-rights/registering-complaint,,,2026-09-05,"No widget coverage and not on the I Speak card | Sound Transit's Title VI threshold is 25,000+ speakers and about 1% of a 1,087 sq mi three-county district. No language specific to South King County can reach it",EH,derived
kcmetro,King County Metro,transit,"Nahuatl, Guerrero region",0,0,,False,none,0,,https://kingcounty.gov/en/dept/metro/contact-us,,,2026-09-05,"Not covered by the widget and no in-language pathway, so there is no published route to the interpreter line in this language",EH,derived
sound_transit,Sound Transit,transit,"Nahuatl, Guerrero region",0,0,,False,none,0,,https://www.soundtransit.org/get-to-know-us/office-civil-rights-equity-inclusion/title-vi-civil-rights/registering-complaint,,,2026-09-05,"No widget coverage and not on the I Speak card | Sound Transit's Title VI threshold is 25,000+ speakers and about 1% of a 1,087 sq mi three-county district. No language specific to South King County can reach it",EH,derived
kcmetro,King County Metro,transit,Nepali,1,2,,True,machine_widget,0,,https://kingcounty.gov/en/dept/metro/contact-us,weekdays,"6am-6pm trip planning, 8am-5pm fares, closed weekends and holidays",2026-09-05,"Tier 2 rests entirely on the unrestricted Google Translate widget. The interpreter line instruction at 206-553-3000 is published in English only | The interpreter line is option 1 on the general call centre number and shares its hours: 6am-6pm trip planning, 8am-5pm fares, closed weekends and holidays",EH,derived
sound_transit,Sound Transit,transit,Nepali,1,2,,True,machine_widget,0,,https://www.soundtransit.org/get-to-know-us/office-civil-rights-equity-inclusion/title-vi-civil-rights/registering-complaint,,,2026-09-05,"Tier 2 rests entirely on the unrestricted Google Translate widget | Sound Transit's Title VI threshold is 25,000+ speakers and about 1% of a 1,087 sq mi three-county district. No language specific to South King County can reach it",EH,derived
kcmetro,King County Metro,transit,Nuer,1,2,,True,machine_widget,0,,https://kingcounty.gov/en/dept/metro/contact-us,weekdays,"6am-6pm trip planning, 8am-5pm fares, closed weekends and holidays",2026-09-05,"Tier 2 rests entirely on the unrestricted Google Translate widget. The interpreter line instruction at 206-553-3000 is published in English only | The interpreter line is option 1 on the general call centre number and shares its hours: 6am-6pm trip planning, 8am-5pm fares, closed weekends and holidays",EH,derived
sound_transit,Sound Transit,transit,Nuer,1,2,,True,machine_widget,0,,https://www.soundtransit.org/get-to-know-us/office-civil-rights-equity-inclusion/title-vi-civil-rights/registering-complaint,,,2026-09-05,"Tier 2 rests entirely on the unrestricted Google Translate widget | Sound Transit's Title VI threshold is 25,000+ speakers and about 1% of a 1,087 sq mi three-county district. No language specific to South King County can reach it",EH,derived
kcmetro,King County Metro,transit,Oromo,1,2,,True,machine_widget,0,,https://kingcounty.gov/en/dept/metro/contact-us,weekdays,"6am-6pm trip planning, 8am-5pm fares, closed weekends and holidays",2026-09-05,"Tier 2 rests entirely on the unrestricted Google Translate widget. The interpreter line instruction at 206-553-3000 is published in English only | The interpreter line is option 1 on the general call centre number and shares its hours: 6am-6pm trip planning, 8am-5pm fares, closed weekends and holidays",EH,derived
sound_transit,Sound Transit,transit,Oromo,1,2,,True,machine_widget,0,,https://www.soundtransit.org/get-to-know-us/office-civil-rights-equity-inclusion/title-vi-civil-rights/registering-complaint,,,2026-09-05,"Tier 2 rests entirely on the unrestricted Google Translate widget | Sound Transit's Title VI threshold is 25,000+ speakers and about 1% of a 1,087 sq mi three-county district. No language specific to South King County can reach it",EH,derived
kcmetro,King County Metro,transit,Palau,0,0,,False,none,0,,https://kingcounty.gov/en/dept/metro/contact-us,,,2026-09-05,"Not covered by the widget and no in-language pathway, so there is no published route to the interpreter line in this language",EH,derived
sound_transit,Sound Transit,transit,Palau,0,0,,False,none,0,,https://www.soundtransit.org/get-to-know-us/office-civil-rights-equity-inclusion/title-vi-civil-rights/registering-complaint,,,2026-09-05,"No widget coverage and not on the I Speak card | Sound Transit's Title VI threshold is 25,000+ speakers and about 1% of a 1,087 sq mi three-county district. No language specific to South King County can reach it",EH,derived
kcmetro,King County Metro,transit,Pashai,0,0,,False,none,0,,https://kingcounty.gov/en/dept/metro/contact-us,,,2026-09-05,"Not covered by the widget and no in-language pathway, so there is no published route to the interpreter line in this language",EH,derived
sound_transit,Sound Transit,transit,Pashai,0,0,,False,none,0,,https://www.soundtransit.org/get-to-know-us/office-civil-rights-equity-inclusion/title-vi-civil-rights/registering-complaint,,,2026-09-05,"No widget coverage and not on the I Speak card | Sound Transit's Title VI threshold is 25,000+ speakers and about 1% of a 1,087 sq mi three-county district. No language specific to South King County can reach it",EH,derived
kcmetro,King County Metro,transit,Pashto,1,2,,True,machine_widget,0,,https://kingcounty.gov/en/dept/metro/contact-us,weekdays,"6am-6pm trip planning, 8am-5pm fares, closed weekends and holidays",2026-09-05,"Tier 2 rests entirely on the unrestricted Google Translate widget. The interpreter line instruction at 206-553-3000 is published in English only | The interpreter line is option 1 on the general call centre number and shares its hours: 6am-6pm trip planning, 8am-5pm fares, closed weekends and holidays",EH,derived
sound_transit,Sound Transit,transit,Pashto,1,2,,True,machine_widget,0,,https://www.soundtransit.org/get-to-know-us/office-civil-rights-equity-inclusion/title-vi-civil-rights/registering-complaint,,,2026-09-05,"Tier 2 rests entirely on the unrestricted Google Translate widget | Sound Transit's Title VI threshold is 25,000+ speakers and about 1% of a 1,087 sq mi three-county district. No language specific to South King County can reach it",EH,derived
kcmetro,King County Metro,transit,Pere,0,0,,False,none,0,,https://kingcounty.gov/en/dept/metro/contact-us,,,2026-09-05,"Not covered by the widget and no in-language pathway, so there is no published route to the interpreter line in this language",EH,derived
sound_transit,Sound Transit,transit,Pere,0,0,,False,none,0,,https://www.soundtransit.org/get-to-know-us/office-civil-rights-equity-inclusion/title-vi-civil-rights/registering-complaint,,,2026-09-05,"No widget coverage and not on the I Speak card | Sound Transit's Title VI threshold is 25,000+ speakers and about 1% of a 1,087 sq mi three-county district. No language specific to South King County can reach it",EH,derived
kcmetro,King County Metro,transit,Polish,1,2,,True,machine_widget,0,,https://kingcounty.gov/en/dept/metro/contact-us,weekdays,"6am-6pm trip planning, 8am-5pm fares, closed weekends and holidays",2026-09-05,"Tier 2 rests entirely on the unrestricted Google Translate widget. The interpreter line instruction at 206-553-3000 is published in English only | The interpreter line is option 1 on the general call centre number and shares its hours: 6am-6pm trip planning, 8am-5pm fares, closed weekends and holidays",EH,derived
sound_transit,Sound Transit,transit,Polish,1,2,,True,machine_widget,0,,https://www.soundtransit.org/get-to-know-us/office-civil-rights-equity-inclusion/title-vi-civil-rights/registering-complaint,,,2026-09-05,"Tier 2 rests entirely on the unrestricted Google Translate widget | Sound Transit's Title VI threshold is 25,000+ speakers and about 1% of a 1,087 sq mi three-county district. No language specific to South King County can reach it",EH,derived
kcmetro,King County Metro,transit,Portuguese,1,2,,True,machine_widget,0,,https://kingcounty.gov/en/dept/metro/contact-us,weekdays,"6am-6pm trip planning, 8am-5pm fares, closed weekends and holidays",2026-09-05,"Tier 2 rests entirely on the unrestricted Google Translate widget. The interpreter line instruction at 206-553-3000 is published in English only | The interpreter line is option 1 on the general call centre number and shares its hours: 6am-6pm trip planning, 8am-5pm fares, closed weekends and holidays",EH,derived
sound_transit,Sound Transit,transit,Portuguese,1,2,,True,machine_widget,0,,https://www.soundtransit.org/get-to-know-us/office-civil-rights-equity-inclusion/title-vi-civil-rights/registering-complaint,,,2026-09-05,"Tier 2 rests entirely on the unrestricted Google Translate widget | Sound Transit's Title VI threshold is 25,000+ speakers and about 1% of a 1,087 sq mi three-county district. No language specific to South King County can reach it",EH,derived
kcmetro,King County Metro,transit,Punjabi,1,2,,True,machine_widget,0,,https://kingcounty.gov/en/dept/metro/contact-us,weekdays,"6am-6pm trip planning, 8am-5pm fares, closed weekends and holidays",2026-09-05,"Tier 2 rests entirely on the unrestricted Google Translate widget. The interpreter line instruction at 206-553-3000 is published in English only | The interpreter line is option 1 on the general call centre number and shares its hours: 6am-6pm trip planning, 8am-5pm fares, closed weekends and holidays",EH,derived
sound_transit,Sound Transit,transit,Punjabi,1,2,,True,machine_widget,0,,https://www.soundtransit.org/get-to-know-us/office-civil-rights-equity-inclusion/title-vi-civil-rights/registering-complaint,,,2026-09-05,"Tier 2 rests entirely on the unrestricted Google Translate widget | Sound Transit's Title VI threshold is 25,000+ speakers and about 1% of a 1,087 sq mi three-county district. No language specific to South King County can reach it",EH,derived
kcmetro,King County Metro,transit,Purepecha,0,0,,False,none,0,,https://kingcounty.gov/en/dept/metro/contact-us,,,2026-09-05,"Not covered by the widget and no in-language pathway, so there is no published route to the interpreter line in this language",EH,derived
sound_transit,Sound Transit,transit,Purepecha,0,0,,False,none,0,,https://www.soundtransit.org/get-to-know-us/office-civil-rights-equity-inclusion/title-vi-civil-rights/registering-complaint,,,2026-09-05,"No widget coverage and not on the I Speak card | Sound Transit's Title VI threshold is 25,000+ speakers and about 1% of a 1,087 sq mi three-county district. No language specific to South King County can reach it",EH,derived
kcmetro,King County Metro,transit,Rohingya,0,0,,False,none,0,,https://kingcounty.gov/en/dept/metro/contact-us,,,2026-09-05,"Not covered by the widget and no in-language pathway, so there is no published route to the interpreter line in this language",EH,derived
sound_transit,Sound Transit,transit,Rohingya,0,0,,False,none,0,,https://www.soundtransit.org/get-to-know-us/office-civil-rights-equity-inclusion/title-vi-civil-rights/registering-complaint,,,2026-09-05,"No widget coverage and not on the I Speak card | Sound Transit's Title VI threshold is 25,000+ speakers and about 1% of a 1,087 sq mi three-county district. No language specific to South King County can reach it",EH,derived
kcmetro,King County Metro,transit,Romanian,1,2,,True,machine_widget,0,,https://kingcounty.gov/en/dept/metro/contact-us,weekdays,"6am-6pm trip planning, 8am-5pm fares, closed weekends and holidays",2026-09-05,"Tier 2 rests entirely on the unrestricted Google Translate widget. The interpreter line instruction at 206-553-3000 is published in English only | The interpreter line is option 1 on the general call centre number and shares its hours: 6am-6pm trip planning, 8am-5pm fares, closed weekends and holidays",EH,derived
sound_transit,Sound Transit,transit,Romanian,1,2,,True,machine_widget,0,,https://www.soundtransit.org/get-to-know-us/office-civil-rights-equity-inclusion/title-vi-civil-rights/registering-complaint,,,2026-09-05,"Tier 2 rests entirely on the unrestricted Google Translate widget | Sound Transit's Title VI threshold is 25,000+ speakers and about 1% of a 1,087 sq mi three-county district. No language specific to South King County can reach it",EH,derived
kcmetro,King County Metro,transit,Russian,1,2,,True,machine_widget,0,,https://kingcounty.gov/en/dept/metro/contact-us,weekdays,"6am-6pm trip planning, 8am-5pm fares, closed weekends and holidays",2026-09-05,"Tier 2 rests entirely on the unrestricted Google Translate widget. The interpreter line instruction at 206-553-3000 is published in English only | The interpreter line is option 1 on the general call centre number and shares its hours: 6am-6pm trip planning, 8am-5pm fares, closed weekends and holidays",EH,derived
sound_transit,Sound Transit,transit,Russian,3,2,,True,in_language_document,2,i-speak-card; 2021-progress-report,https://www.soundtransit.org/sites/default/files/documents/i-speak-language-assistance-2019.pdf,,,2026-09-05,"On the 'I Speak' language assistance card, last updated 2019-07-05. Rule 4 accepts a point-to-your-language card as a pathway | Also has a 2021 system expansion progress report in this language | Sound Transit's Title VI threshold is 25,000+ speakers and about 1% of a 1,087 sq mi three-county district. No language specific to South King County can reach it",EH,derived
kcmetro,King County Metro,transit,Samoan,1,2,,True,machine_widget,0,,https://kingcounty.gov/en/dept/metro/contact-us,weekdays,"6am-6pm trip planning, 8am-5pm fares, closed weekends and holidays",2026-09-05,"Tier 2 rests entirely on the unrestricted Google Translate widget. The interpreter line instruction at 206-553-3000 is published in English only | The interpreter line is option 1 on the general call centre number and shares its hours: 6am-6pm trip planning, 8am-5pm fares, closed weekends and holidays",EH,derived
sound_transit,Sound Transit,transit,Samoan,1,2,,True,machine_widget,0,,https://www.soundtransit.org/get-to-know-us/office-civil-rights-equity-inclusion/title-vi-civil-rights/registering-complaint,,,2026-09-05,"Tier 2 rests entirely on the unrestricted Google Translate widget | Sound Transit's Title VI threshold is 25,000+ speakers and about 1% of a 1,087 sq mi three-county district. No language specific to South King County can reach it",EH,derived
kcmetro,King County Metro,transit,Sao,0,0,,False,none,0,,https://kingcounty.gov/en/dept/metro/contact-us,,,2026-09-05,"Not covered by the widget and no in-language pathway, so there is no published route to the interpreter line in this language",EH,derived
sound_transit,Sound Transit,transit,Sao,0,0,,False,none,0,,https://www.soundtransit.org/get-to-know-us/office-civil-rights-equity-inclusion/title-vi-civil-rights/registering-complaint,,,2026-09-05,"No widget coverage and not on the I Speak card | Sound Transit's Title VI threshold is 25,000+ speakers and about 1% of a 1,087 sq mi three-county district. No language specific to South King County can reach it",EH,derived
kcmetro,King County Metro,transit,Serbo-Croation,0,0,,False,none,0,,https://kingcounty.gov/en/dept/metro/contact-us,,,2026-09-05,"Not covered by the widget and no in-language pathway, so there is no published route to the interpreter line in this language",EH,derived
sound_transit,Sound Transit,transit,Serbo-Croation,0,0,,False,none,0,,https://www.soundtransit.org/get-to-know-us/office-civil-rights-equity-inclusion/title-vi-civil-rights/registering-complaint,,,2026-09-05,"No widget coverage and not on the I Speak card | Sound Transit's Title VI threshold is 25,000+ speakers and about 1% of a 1,087 sq mi three-county district. No language specific to South King County can reach it",EH,derived
kcmetro,King County Metro,transit,Shona,1,2,,True,machine_widget,0,,https://kingcounty.gov/en/dept/metro/contact-us,weekdays,"6am-6pm trip planning, 8am-5pm fares, closed weekends and holidays",2026-09-05,"Tier 2 rests entirely on the unrestricted Google Translate widget. The interpreter line instruction at 206-553-3000 is published in English only | The interpreter line is option 1 on the general call centre number and shares its hours: 6am-6pm trip planning, 8am-5pm fares, closed weekends and holidays",EH,derived
sound_transit,Sound Transit,transit,Shona,1,2,,True,machine_widget,0,,https://www.soundtransit.org/get-to-know-us/office-civil-rights-equity-inclusion/title-vi-civil-rights/registering-complaint,,,2026-09-05,"Tier 2 rests entirely on the unrestricted Google Translate widget | Sound Transit's Title VI threshold is 25,000+ speakers and about 1% of a 1,087 sq mi three-county district. No language specific to South King County can reach it",EH,derived
kcmetro,King County Metro,transit,Sinhalese,0,0,,False,none,0,,https://kingcounty.gov/en/dept/metro/contact-us,,,2026-09-05,"Not covered by the widget and no in-language pathway, so there is no published route to the interpreter line in this language",EH,derived
sound_transit,Sound Transit,transit,Sinhalese,0,0,,False,none,0,,https://www.soundtransit.org/get-to-know-us/office-civil-rights-equity-inclusion/title-vi-civil-rights/registering-complaint,,,2026-09-05,"No widget coverage and not on the I Speak card | Sound Transit's Title VI threshold is 25,000+ speakers and about 1% of a 1,087 sq mi three-county district. No language specific to South King County can reach it",EH,derived
kcmetro,King County Metro,transit,Slovenian,1,2,,True,machine_widget,0,,https://kingcounty.gov/en/dept/metro/contact-us,weekdays,"6am-6pm trip planning, 8am-5pm fares, closed weekends and holidays",2026-09-05,"Tier 2 rests entirely on the unrestricted Google Translate widget. The interpreter line instruction at 206-553-3000 is published in English only | The interpreter line is option 1 on the general call centre number and shares its hours: 6am-6pm trip planning, 8am-5pm fares, closed weekends and holidays",EH,derived
sound_transit,Sound Transit,transit,Slovenian,1,2,,True,machine_widget,0,,https://www.soundtransit.org/get-to-know-us/office-civil-rights-equity-inclusion/title-vi-civil-rights/registering-complaint,,,2026-09-05,"Tier 2 rests entirely on the unrestricted Google Translate widget | Sound Transit's Title VI threshold is 25,000+ speakers and about 1% of a 1,087 sq mi three-county district. No language specific to South King County can reach it",EH,derived
kcmetro,King County Metro,transit,Somali,1,2,,True,machine_widget,0,,https://kingcounty.gov/en/dept/metro/contact-us,weekdays,"6am-6pm trip planning, 8am-5pm fares, closed weekends and holidays",2026-09-05,"Tier 2 rests entirely on the unrestricted Google Translate widget. The interpreter line instruction at 206-553-3000 is published in English only | The interpreter line is option 1 on the general call centre number and shares its hours: 6am-6pm trip planning, 8am-5pm fares, closed weekends and holidays",EH,derived
sound_transit,Sound Transit,transit,Somali,1,2,,True,machine_widget,0,,https://www.soundtransit.org/get-to-know-us/office-civil-rights-equity-inclusion/title-vi-civil-rights/registering-complaint,,,2026-09-05,"Tier 2 rests entirely on the unrestricted Google Translate widget | Sound Transit's Title VI threshold is 25,000+ speakers and about 1% of a 1,087 sq mi three-county district. No language specific to South King County can reach it",EH,derived
kcmetro,King County Metro,transit,Soninke,0,0,,False,none,0,,https://kingcounty.gov/en/dept/metro/contact-us,,,2026-09-05,"Not covered by the widget and no in-language pathway, so there is no published route to the interpreter line in this language",EH,derived
sound_transit,Sound Transit,transit,Soninke,0,0,,False,none,0,,https://www.soundtransit.org/get-to-know-us/office-civil-rights-equity-inclusion/title-vi-civil-rights/registering-complaint,,,2026-09-05,"No widget coverage and not on the I Speak card | Sound Transit's Title VI threshold is 25,000+ speakers and about 1% of a 1,087 sq mi three-county district. No language specific to South King County can reach it",EH,derived
kcmetro,King County Metro,transit,Sotho,0,0,,False,none,0,,https://kingcounty.gov/en/dept/metro/contact-us,,,2026-09-05,"Not covered by the widget and no in-language pathway, so there is no published route to the interpreter line in this language",EH,derived
sound_transit,Sound Transit,transit,Sotho,0,0,,False,none,0,,https://www.soundtransit.org/get-to-know-us/office-civil-rights-equity-inclusion/title-vi-civil-rights/registering-complaint,,,2026-09-05,"No widget coverage and not on the I Speak card | Sound Transit's Title VI threshold is 25,000+ speakers and about 1% of a 1,087 sq mi three-county district. No language specific to South King County can reach it",EH,derived
kcmetro,King County Metro,transit,Spanish,1,2,,True,machine_widget,0,,https://kingcounty.gov/en/dept/metro/contact-us,weekdays,"6am-6pm trip planning, 8am-5pm fares, closed weekends and holidays",2026-09-05,"Tier 2 rests entirely on the unrestricted Google Translate widget. The interpreter line instruction at 206-553-3000 is published in English only | The interpreter line is option 1 on the general call centre number and shares its hours: 6am-6pm trip planning, 8am-5pm fares, closed weekends and holidays",EH,derived
sound_transit,Sound Transit,transit,Spanish,3,2,,True,in_language_document,2,i-speak-card; 2021-progress-report,https://www.soundtransit.org/sites/default/files/documents/i-speak-language-assistance-2019.pdf,,,2026-09-05,"On the 'I Speak' language assistance card, last updated 2019-07-05. Rule 4 accepts a point-to-your-language card as a pathway | Also has a 2021 system expansion progress report in this language | Sound Transit's Title VI threshold is 25,000+ speakers and about 1% of a 1,087 sq mi three-county district. No language specific to South King County can reach it",EH,derived
kcmetro,King County Metro,transit,Swahili,1,2,,True,machine_widget,0,,https://kingcounty.gov/en/dept/metro/contact-us,weekdays,"6am-6pm trip planning, 8am-5pm fares, closed weekends and holidays",2026-09-05,"Tier 2 rests entirely on the unrestricted Google Translate widget. The interpreter line instruction at 206-553-3000 is published in English only | The interpreter line is option 1 on the general call centre number and shares its hours: 6am-6pm trip planning, 8am-5pm fares, closed weekends and holidays",EH,derived
sound_transit,Sound Transit,transit,Swahili,1,2,,True,machine_widget,0,,https://www.soundtransit.org/get-to-know-us/office-civil-rights-equity-inclusion/title-vi-civil-rights/registering-complaint,,,2026-09-05,"Tier 2 rests entirely on the unrestricted Google Translate widget | Sound Transit's Title VI threshold is 25,000+ speakers and about 1% of a 1,087 sq mi three-county district. No language specific to South King County can reach it",EH,derived
kcmetro,King County Metro,transit,Tagalog,3,2,,True,machine_widget,1,/dept/metro/programs-and-projects/future-of-paratransit/tagalog,https://kingcounty.gov/en/dept/metro/programs-and-projects/future-of-paratransit/tagalog,weekdays,"6am-6pm trip planning, 8am-5pm fares, closed weekends and holidays",2026-09-05,"Metro publishes one translated page in this language | Tier 2 rests entirely on the unrestricted Google Translate widget. The interpreter line instruction at 206-553-3000 is published in English only | The interpreter line is option 1 on the general call centre number and shares its hours: 6am-6pm trip planning, 8am-5pm fares, closed weekends and holidays",EH,derived
sound_transit,Sound Transit,transit,Tagalog,3,2,,True,in_language_document,2,i-speak-card; 2021-progress-report,https://www.soundtransit.org/sites/default/files/documents/i-speak-language-assistance-2019.pdf,,,2026-09-05,"On the 'I Speak' language assistance card, last updated 2019-07-05. Rule 4 accepts a point-to-your-language card as a pathway | Also has a 2021 system expansion progress report in this language | Sound Transit's Title VI threshold is 25,000+ speakers and about 1% of a 1,087 sq mi three-county district. No language specific to South King County can reach it",EH,derived
kcmetro,King County Metro,transit,Taishanese,0,0,,False,none,0,,https://kingcounty.gov/en/dept/metro/contact-us,,,2026-09-05,"Not covered by the widget and no in-language pathway, so there is no published route to the interpreter line in this language",EH,derived
sound_transit,Sound Transit,transit,Taishanese,0,0,,False,none,0,,https://www.soundtransit.org/get-to-know-us/office-civil-rights-equity-inclusion/title-vi-civil-rights/registering-complaint,,,2026-09-05,"No widget coverage and not on the I Speak card | Sound Transit's Title VI threshold is 25,000+ speakers and about 1% of a 1,087 sq mi three-county district. No language specific to South King County can reach it",EH,derived
kcmetro,King County Metro,transit,Tajiki,0,0,,False,none,0,,https://kingcounty.gov/en/dept/metro/contact-us,,,2026-09-05,"Not covered by the widget and no in-language pathway, so there is no published route to the interpreter line in this language",EH,derived
sound_transit,Sound Transit,transit,Tajiki,0,0,,False,none,0,,https://www.soundtransit.org/get-to-know-us/office-civil-rights-equity-inclusion/title-vi-civil-rights/registering-complaint,,,2026-09-05,"No widget coverage and not on the I Speak card | Sound Transit's Title VI threshold is 25,000+ speakers and about 1% of a 1,087 sq mi three-county district. No language specific to South King County can reach it",EH,derived
kcmetro,King County Metro,transit,Tamil,1,2,,True,machine_widget,0,,https://kingcounty.gov/en/dept/metro/contact-us,weekdays,"6am-6pm trip planning, 8am-5pm fares, closed weekends and holidays",2026-09-05,"Tier 2 rests entirely on the unrestricted Google Translate widget. The interpreter line instruction at 206-553-3000 is published in English only | The interpreter line is option 1 on the general call centre number and shares its hours: 6am-6pm trip planning, 8am-5pm fares, closed weekends and holidays",EH,derived
sound_transit,Sound Transit,transit,Tamil,1,2,,True,machine_widget,0,,https://www.soundtransit.org/get-to-know-us/office-civil-rights-equity-inclusion/title-vi-civil-rights/registering-complaint,,,2026-09-05,"Tier 2 rests entirely on the unrestricted Google Translate widget | Sound Transit's Title VI threshold is 25,000+ speakers and about 1% of a 1,087 sq mi three-county district. No language specific to South King County can reach it",EH,derived
kcmetro,King County Metro,transit,Tarasco,0,0,,False,none,0,,https://kingcounty.gov/en/dept/metro/contact-us,,,2026-09-05,"Not covered by the widget and no in-language pathway, so there is no published route to the interpreter line in this language",EH,derived
sound_transit,Sound Transit,transit,Tarasco,0,0,,False,none,0,,https://www.soundtransit.org/get-to-know-us/office-civil-rights-equity-inclusion/title-vi-civil-rights/registering-complaint,,,2026-09-05,"No widget coverage and not on the I Speak card | Sound Transit's Title VI threshold is 25,000+ speakers and about 1% of a 1,087 sq mi three-county district. No language specific to South King County can reach it",EH,derived
kcmetro,King County Metro,transit,Tedim,0,0,,False,none,0,,https://kingcounty.gov/en/dept/metro/contact-us,,,2026-09-05,"Not covered by the widget and no in-language pathway, so there is no published route to the interpreter line in this language",EH,derived
sound_transit,Sound Transit,transit,Tedim,0,0,,False,none,0,,https://www.soundtransit.org/get-to-know-us/office-civil-rights-equity-inclusion/title-vi-civil-rights/registering-complaint,,,2026-09-05,"No widget coverage and not on the I Speak card | Sound Transit's Title VI threshold is 25,000+ speakers and about 1% of a 1,087 sq mi three-county district. No language specific to South King County can reach it",EH,derived
kcmetro,King County Metro,transit,Telugu,1,2,,True,machine_widget,0,,https://kingcounty.gov/en/dept/metro/contact-us,weekdays,"6am-6pm trip planning, 8am-5pm fares, closed weekends and holidays",2026-09-05,"Tier 2 rests entirely on the unrestricted Google Translate widget. The interpreter line instruction at 206-553-3000 is published in English only | The interpreter line is option 1 on the general call centre number and shares its hours: 6am-6pm trip planning, 8am-5pm fares, closed weekends and holidays",EH,derived
sound_transit,Sound Transit,transit,Telugu,1,2,,True,machine_widget,0,,https://www.soundtransit.org/get-to-know-us/office-civil-rights-equity-inclusion/title-vi-civil-rights/registering-complaint,,,2026-09-05,"Tier 2 rests entirely on the unrestricted Google Translate widget | Sound Transit's Title VI threshold is 25,000+ speakers and about 1% of a 1,087 sq mi three-county district. No language specific to South King County can reach it",EH,derived
kcmetro,King County Metro,transit,Thai,1,2,,True,machine_widget,0,,https://kingcounty.gov/en/dept/metro/contact-us,weekdays,"6am-6pm trip planning, 8am-5pm fares, closed weekends and holidays",2026-09-05,"Tier 2 rests entirely on the unrestricted Google Translate widget. The interpreter line instruction at 206-553-3000 is published in English only | The interpreter line is option 1 on the general call centre number and shares its hours: 6am-6pm trip planning, 8am-5pm fares, closed weekends and holidays",EH,derived
sound_transit,Sound Transit,transit,Thai,1,2,,True,machine_widget,0,,https://www.soundtransit.org/get-to-know-us/office-civil-rights-equity-inclusion/title-vi-civil-rights/registering-complaint,,,2026-09-05,"Tier 2 rests entirely on the unrestricted Google Translate widget | Sound Transit's Title VI threshold is 25,000+ speakers and about 1% of a 1,087 sq mi three-county district. No language specific to South King County can reach it",EH,derived
kcmetro,King County Metro,transit,Tibetan,1,2,,True,machine_widget,0,,https://kingcounty.gov/en/dept/metro/contact-us,weekdays,"6am-6pm trip planning, 8am-5pm fares, closed weekends and holidays",2026-09-05,"Tier 2 rests entirely on the unrestricted Google Translate widget. The interpreter line instruction at 206-553-3000 is published in English only | The interpreter line is option 1 on the general call centre number and shares its hours: 6am-6pm trip planning, 8am-5pm fares, closed weekends and holidays",EH,derived
sound_transit,Sound Transit,transit,Tibetan,1,2,,True,machine_widget,0,,https://www.soundtransit.org/get-to-know-us/office-civil-rights-equity-inclusion/title-vi-civil-rights/registering-complaint,,,2026-09-05,"Tier 2 rests entirely on the unrestricted Google Translate widget | Sound Transit's Title VI threshold is 25,000+ speakers and about 1% of a 1,087 sq mi three-county district. No language specific to South King County can reach it",EH,derived
kcmetro,King County Metro,transit,Tigrinya,1,2,,True,machine_widget,0,,https://kingcounty.gov/en/dept/metro/contact-us,weekdays,"6am-6pm trip planning, 8am-5pm fares, closed weekends and holidays",2026-09-05,"Tier 2 rests entirely on the unrestricted Google Translate widget. The interpreter line instruction at 206-553-3000 is published in English only | The interpreter line is option 1 on the general call centre number and shares its hours: 6am-6pm trip planning, 8am-5pm fares, closed weekends and holidays",EH,derived
sound_transit,Sound Transit,transit,Tigrinya,1,2,,True,machine_widget,0,,https://www.soundtransit.org/get-to-know-us/office-civil-rights-equity-inclusion/title-vi-civil-rights/registering-complaint,,,2026-09-05,"Tier 2 rests entirely on the unrestricted Google Translate widget | Sound Transit's Title VI threshold is 25,000+ speakers and about 1% of a 1,087 sq mi three-county district. No language specific to South King County can reach it",EH,derived
kcmetro,King County Metro,transit,Tongan,1,2,,True,machine_widget,0,,https://kingcounty.gov/en/dept/metro/contact-us,weekdays,"6am-6pm trip planning, 8am-5pm fares, closed weekends and holidays",2026-09-05,"Tier 2 rests entirely on the unrestricted Google Translate widget. The interpreter line instruction at 206-553-3000 is published in English only | The interpreter line is option 1 on the general call centre number and shares its hours: 6am-6pm trip planning, 8am-5pm fares, closed weekends and holidays",EH,derived
sound_transit,Sound Transit,transit,Tongan,1,2,,True,machine_widget,0,,https://www.soundtransit.org/get-to-know-us/office-civil-rights-equity-inclusion/title-vi-civil-rights/registering-complaint,,,2026-09-05,"Tier 2 rests entirely on the unrestricted Google Translate widget | Sound Transit's Title VI threshold is 25,000+ speakers and about 1% of a 1,087 sq mi three-county district. No language specific to South King County can reach it",EH,derived
kcmetro,King County Metro,transit,Turkish,1,2,,True,machine_widget,0,,https://kingcounty.gov/en/dept/metro/contact-us,weekdays,"6am-6pm trip planning, 8am-5pm fares, closed weekends and holidays",2026-09-05,"Tier 2 rests entirely on the unrestricted Google Translate widget. The interpreter line instruction at 206-553-3000 is published in English only | The interpreter line is option 1 on the general call centre number and shares its hours: 6am-6pm trip planning, 8am-5pm fares, closed weekends and holidays",EH,derived
sound_transit,Sound Transit,transit,Turkish,1,2,,True,machine_widget,0,,https://www.soundtransit.org/get-to-know-us/office-civil-rights-equity-inclusion/title-vi-civil-rights/registering-complaint,,,2026-09-05,"Tier 2 rests entirely on the unrestricted Google Translate widget | Sound Transit's Title VI threshold is 25,000+ speakers and about 1% of a 1,087 sq mi three-county district. No language specific to South King County can reach it",EH,derived
kcmetro,King County Metro,transit,Twi,1,2,,True,machine_widget,0,,https://kingcounty.gov/en/dept/metro/contact-us,weekdays,"6am-6pm trip planning, 8am-5pm fares, closed weekends and holidays",2026-09-05,"Tier 2 rests entirely on the unrestricted Google Translate widget. The interpreter line instruction at 206-553-3000 is published in English only | The interpreter line is option 1 on the general call centre number and shares its hours: 6am-6pm trip planning, 8am-5pm fares, closed weekends and holidays",EH,derived
sound_transit,Sound Transit,transit,Twi,1,2,,True,machine_widget,0,,https://www.soundtransit.org/get-to-know-us/office-civil-rights-equity-inclusion/title-vi-civil-rights/registering-complaint,,,2026-09-05,"Tier 2 rests entirely on the unrestricted Google Translate widget | Sound Transit's Title VI threshold is 25,000+ speakers and about 1% of a 1,087 sq mi three-county district. No language specific to South King County can reach it",EH,derived
kcmetro,King County Metro,transit,Ukrainian,1,2,,True,machine_widget,0,,https://kingcounty.gov/en/dept/metro/contact-us,weekdays,"6am-6pm trip planning, 8am-5pm fares, closed weekends and holidays",2026-09-05,"Tier 2 rests entirely on the unrestricted Google Translate widget. The interpreter line instruction at 206-553-3000 is published in English only | The interpreter line is option 1 on the general call centre number and shares its hours: 6am-6pm trip planning, 8am-5pm fares, closed weekends and holidays",EH,derived
sound_transit,Sound Transit,transit,Ukrainian,1,2,,True,machine_widget,0,,https://www.soundtransit.org/get-to-know-us/office-civil-rights-equity-inclusion/title-vi-civil-rights/registering-complaint,,,2026-09-05,"Tier 2 rests entirely on the unrestricted Google Translate widget | Sound Transit's Title VI threshold is 25,000+ speakers and about 1% of a 1,087 sq mi three-county district. No language specific to South King County can reach it",EH,derived
kcmetro,King County Metro,transit,Urdu,1,2,,True,machine_widget,0,,https://kingcounty.gov/en/dept/metro/contact-us,weekdays,"6am-6pm trip planning, 8am-5pm fares, closed weekends and holidays",2026-09-05,"Tier 2 rests entirely on the unrestricted Google Translate widget. The interpreter line instruction at 206-553-3000 is published in English only | The interpreter line is option 1 on the general call centre number and shares its hours: 6am-6pm trip planning, 8am-5pm fares, closed weekends and holidays",EH,derived
sound_transit,Sound Transit,transit,Urdu,1,2,,True,machine_widget,0,,https://www.soundtransit.org/get-to-know-us/office-civil-rights-equity-inclusion/title-vi-civil-rights/registering-complaint,,,2026-09-05,"Tier 2 rests entirely on the unrestricted Google Translate widget | Sound Transit's Title VI threshold is 25,000+ speakers and about 1% of a 1,087 sq mi three-county district. No language specific to South King County can reach it",EH,derived
kcmetro,King County Metro,transit,Uzbek,1,2,,True,machine_widget,0,,https://kingcounty.gov/en/dept/metro/contact-us,weekdays,"6am-6pm trip planning, 8am-5pm fares, closed weekends and holidays",2026-09-05,"Tier 2 rests entirely on the unrestricted Google Translate widget. The interpreter line instruction at 206-553-3000 is published in English only | The interpreter line is option 1 on the general call centre number and shares its hours: 6am-6pm trip planning, 8am-5pm fares, closed weekends and holidays",EH,derived
sound_transit,Sound Transit,transit,Uzbek,1,2,,True,machine_widget,0,,https://www.soundtransit.org/get-to-know-us/office-civil-rights-equity-inclusion/title-vi-civil-rights/registering-complaint,,,2026-09-05,"Tier 2 rests entirely on the unrestricted Google Translate widget | Sound Transit's Title VI threshold is 25,000+ speakers and about 1% of a 1,087 sq mi three-county district. No language specific to South King County can reach it",EH,derived
kcmetro,King County Metro,transit,Vietnamese,1,2,,True,machine_widget,0,,https://kingcounty.gov/en/dept/metro/contact-us,weekdays,"6am-6pm trip planning, 8am-5pm fares, closed weekends and holidays",2026-09-05,"Tier 2 rests entirely on the unrestricted Google Translate widget. The interpreter line instruction at 206-553-3000 is published in English only | The interpreter line is option 1 on the general call centre number and shares its hours: 6am-6pm trip planning, 8am-5pm fares, closed weekends and holidays",EH,derived
sound_transit,Sound Transit,transit,Vietnamese,3,2,,True,in_language_document,2,i-speak-card; 2021-progress-report,https://www.soundtransit.org/sites/default/files/documents/i-speak-language-assistance-2019.pdf,,,2026-09-05,"On the 'I Speak' language assistance card, last updated 2019-07-05. Rule 4 accepts a point-to-your-language card as a pathway | Also has a 2021 system expansion progress report in this language | Sound Transit's Title VI threshold is 25,000+ speakers and about 1% of a 1,087 sq mi three-county district. No language specific to South King County can reach it",EH,derived
kcmetro,King County Metro,transit,Wolof,1,2,,True,machine_widget,0,,https://kingcounty.gov/en/dept/metro/contact-us,weekdays,"6am-6pm trip planning, 8am-5pm fares, closed weekends and holidays",2026-09-05,"Tier 2 rests entirely on the unrestricted Google Translate widget. The interpreter line instruction at 206-553-3000 is published in English only | The interpreter line is option 1 on the general call centre number and shares its hours: 6am-6pm trip planning, 8am-5pm fares, closed weekends and holidays",EH,derived
sound_transit,Sound Transit,transit,Wolof,1,2,,True,machine_widget,0,,https://www.soundtransit.org/get-to-know-us/office-civil-rights-equity-inclusion/title-vi-civil-rights/registering-complaint,,,2026-09-05,"Tier 2 rests entirely on the unrestricted Google Translate widget | Sound Transit's Title VI threshold is 25,000+ speakers and about 1% of a 1,087 sq mi three-county district. No language specific to South King County can reach it",EH,derived
kcmetro,King County Metro,transit,Yap,0,0,,False,none,0,,https://kingcounty.gov/en/dept/metro/contact-us,,,2026-09-05,"Not covered by the widget and no in-language pathway, so there is no published route to the interpreter line in this language",EH,derived
sound_transit,Sound Transit,transit,Yap,0,0,,False,none,0,,https://www.soundtransit.org/get-to-know-us/office-civil-rights-equity-inclusion/title-vi-civil-rights/registering-complaint,,,2026-09-05,"No widget coverage and not on the I Speak card | Sound Transit's Title VI threshold is 25,000+ speakers and about 1% of a 1,087 sq mi three-county district. No language specific to South King County can reach it",EH,derived
kcmetro,King County Metro,transit,Yoruba,1,2,,True,machine_widget,0,,https://kingcounty.gov/en/dept/metro/contact-us,weekdays,"6am-6pm trip planning, 8am-5pm fares, closed weekends and holidays",2026-09-05,"Tier 2 rests entirely on the unrestricted Google Translate widget. The interpreter line instruction at 206-553-3000 is published in English only | The interpreter line is option 1 on the general call centre number and shares its hours: 6am-6pm trip planning, 8am-5pm fares, closed weekends and holidays",EH,derived
sound_transit,Sound Transit,transit,Yoruba,1,2,,True,machine_widget,0,,https://www.soundtransit.org/get-to-know-us/office-civil-rights-equity-inclusion/title-vi-civil-rights/registering-complaint,,,2026-09-05,"Tier 2 rests entirely on the unrestricted Google Translate widget | Sound Transit's Title VI threshold is 25,000+ speakers and about 1% of a 1,087 sq mi three-county district. No language specific to South King County can reach it",EH,derived
